,m1_anger,m1_anger,m1_disgust,m1_disgust,m1_fear,m1_fear,m1_joy,m1_joy,m1_neutral,m1_neutral,m1_sadness,m1_sadness,m1_surprise,m1_surprise,m1m_anger,m1m_anger,m1m_disgust,m1m_disgust,m1m_fear,m1m_fear,m1m_joy,m1m_joy,m1m_neutral,m1m_neutral,m1m_sadness,m1m_sadness,m1m_surprise,m1m_surprise,m2_anger,m2_anger,m2_disgust,m2_disgust,m2_fear,m2_fear,m2_joy,m2_joy,m2_neutral,m2_neutral,m2_sadness,m2_sadness,m2_surprise,m2_surprise,m3_anger,m3_anger,m3_disgust,m3_disgust,m3_fear,m3_fear,m3_joy,m3_joy,m3_sadness,m3_sadness,m3_surprise,m3_surprise
group,ai,control,ai,control,ai,control,ai,control,ai,control,ai,control,ai,control,ai,control,ai,control,ai,control,ai,control,ai,control,ai,control,ai,control,ai,control,ai,control,ai,control,ai,control,ai,control,ai,control,ai,control,ai,control,ai,control,ai,control,ai,control,ai,control,ai,control
t,,,,,,,,,,,,,,,,,,,,,,,,,,,,,,,,,,,,,,,,,,,,,,,,,,,,,,
0,0.053028382,0.06053424,0.074765764,0.08422449,0.03821051,0.039744567,0.046119902,0.07677408,0.6384495,0.58022684,0.029535148,0.041203424,0.11989079,0.11729238,0.05367764,0.06053424,0.07349661,0.08422449,0.039952848,0.039744567,0.047563624,0.07677408,0.63440835,0.5802268,0.030611834,0.041203424,0.12028912,0.11729238,0.08516194,0.09056732,0.0032461784,0.0045578945,0.005089677,0.006873072,0.20730983,0.24579215,0.4794326,0.43627778,0.030423867,0.03783112,0.16760127,0.15920003,0.009343881358661581,0.009946090750753539,0.005503791835236982,0.005890652183357766,0.014447820792605365,0.01392681219571705,0.0170112028637925,0.014640320182755656,0.010861834467174892,0.012198303217570526,0.009833101073641513,0.008294511028541476
1,0.032153755,0.061940692,0.04352589,0.08910546,0.037234597,0.04289579,0.06884113,0.056841686,0.69036555,0.60507095,0.027814494,0.038870603,0.100064546,0.105274774,0.032798912,0.061938163,0.04358115,0.08911121,0.037926883,0.04289604,0.06921396,0.05684164,0.68720365,0.6050686,0.028259588,0.03886961,0.10101585,0.1052747,0.062603176,0.092003696,0.0026987751,0.0043955613,0.0058099567,0.0068469048,0.26127958,0.22671108,0.45109865,0.4530359,0.030217128,0.041126985,0.17377236,0.15153922,0.007950939125747961,0.013952389252767785,0.005761988417086195,0.008076651549820896,0.012461387266852328,0.016410938808360327,0.015224042147881601,0.01392058899555187,0.00788693753560684,0.01237761979183621,0.008646388116642461,0.009112072899941573
2,0.05443882,0.05801673,0.09688889,0.10802483,0.043029185,0.032173034,0.04725894,0.06145233,0.62861717,0.5791982,0.016254798,0.04022244,0.11351217,0.12091249,0.054513212,0.057998724,0.096719794,0.10800255,0.043093745,0.032184977,0.047492705,0.061452866,0.62849885,0.57921165,0.016419148,0.040239755,0.11326251,0.12090948,0.09635095,0.089083694,0.0032284996,0.0055271364,0.0069555957,0.0058625205,0.23153667,0.23986898,0.46748492,0.42447355,0.02001993,0.043989826,0.16253383,0.17555216,0.008883027361742202,0.01028132130241659,0.00733143042470308,0.008023650018451909,0.013509437781754252,0.014787612677916272,0.013629792342265567,0.013834981679576192,0.010603018836316098,0.01262353741848864,0.007050928807462987,0.008257028570403802
3,0.034940157,0.049420107,0.05248251,0.082838304,0.02955183,0.030576542,0.06866509,0.06912878,0.6534114,0.6161713,0.028823055,0.03332459,0.13212597,0.11854033,0.035336282,0.04942269,0.05219198,0.08284223,0.030766537,0.030577322,0.0698825,0.06909152,0.64964205,0.6161989,0.028969424,0.03332467,0.13321127,0.11854269,0.074230194,0.081505425,0.0025360568,0.0042422772,0.0054781884,0.0032436447,0.2701958,0.25442758,0.42471442,0.44695556,0.032570645,0.031985823,0.18561397,0.16948485,0.008212094551458934,0.010211977337534336,0.0050329401522592725,0.006717830849577094,0.012967093453816305,0.013194284342936086,0.014017550517383503,0.01439327545318556,0.011571273443286617,0.012012819686911813,0.008679749482279665,0.008858187653280645
4,0.039498627,0.05797492,0.0567145,0.095052876,0.041033406,0.040703587,0.05262311,0.042991314,0.63752437,0.61002976,0.030748965,0.045124885,0.14185703,0.10812265,0.039853413,0.057970203,0.056704782,0.094999634,0.040737104,0.04061679,0.05354681,0.04316512,0.6357997,0.6100274,0.03143466,0.045124613,0.14192356,0.10809625,0.07439549,0.09175484,0.00283884,0.0038474277,0.0077081663,0.005749791,0.22364926,0.21168467,0.47186548,0.4722914,0.024199134,0.040477507,0.18159923,0.15627015,0.005952988051669521,0.013243717665440918,0.00570683070291679,0.007911551106030684,0.011860909704122182,0.01891950374917306,0.01492643527356223,0.013022992742981961,0.008536056340142862,0.014922001622331862,0.006784358725785071,0.00945848059329087
5,0.051277105,0.06210846,0.08795122,0.08853591,0.033367954,0.02705372,0.07106182,0.060592316,0.5790139,0.5961676,0.017730612,0.03830327,0.15959738,0.12723866,0.05221403,0.06210825,0.0875383,0.08853435,0.033361696,0.027049748,0.07185685,0.06053691,0.5788517,0.59621394,0.017792538,0.038306348,0.15838493,0.12725046,0.083056465,0.084771104,0.0060905158,0.003392701,0.012955995,0.0037914338,0.2533569,0.24478544,0.43930203,0.4457494,0.025958207,0.04163202,0.16317166,0.16400279,0.010143302609784506,0.011602022522374054,0.008122074814349744,0.0073537897168550375,0.012653620077173492,0.014788054494293459,0.017706768997228898,0.015572360745782199,0.014301158018193563,0.015407397631539295,0.008891663131963034,0.009459980893871551
6,0.049484525,0.057023533,0.07590911,0.10282092,0.041279342,0.03958594,0.07042769,0.05332416,0.62112087,0.5797747,0.028344078,0.04556272,0.11343437,0.12190806,0.050543744,0.05702654,0.07533371,0.10284865,0.04171706,0.03958634,0.070775695,0.053322162,0.6191631,0.57976705,0.028517477,0.04556689,0.113949224,0.12188242,0.08204803,0.09338606,0.00271679,0.005721204,0.0038373384,0.005816432,0.2426497,0.2165799,0.45405576,0.45971084,0.029718392,0.045566395,0.1653332,0.151501,0.009686831236830055,0.010924348501519545,0.006092873301643306,0.00868996768083358,0.015554568424007868,0.01699932337287908,0.013201673059743676,0.014873499109237704,0.009989627337817676,0.015238144078302665,0.00797215252056269,0.008533197328513622
7,0.03542317,0.050059583,0.06249857,0.09870258,0.021059452,0.038187724,0.09407999,0.05518315,0.6405137,0.60198367,0.017995628,0.03545454,0.12842946,0.12042876,0.03589558,0.050027683,0.06271498,0.09861473,0.020867106,0.038189083,0.09498958,0.05518604,0.6384666,0.60204047,0.018121159,0.03545199,0.12894498,0.120489985,0.07533413,0.092782885,0.002241826,0.004483206,0.002638494,0.0056133117,0.29916382,0.23690636,0.41591325,0.45078647,0.02415444,0.03739137,0.16509709,0.15616955,0.005996179536670428,0.009677841033926889,0.005637935278843306,0.006940661015609069,0.008367399468777471,0.014776863769887186,0.017629120767922838,0.014337365136480484,0.00991794547363276,0.013509294982392126,0.008172133023505343,0.007775623504841397
8,0.042063188,0.057353575,0.07000638,0.09414906,0.03645067,0.02699927,0.06941526,0.061777394,0.61978763,0.5924522,0.022889199,0.0452801,0.13938765,0.12198838,0.041960727,0.05732778,0.06936024,0.09415203,0.03631759,0.026992269,0.06946295,0.061797943,0.6189833,0.59255785,0.023054546,0.04527714,0.14086063,0.12189497,0.07505047,0.08488891,0.0033754,0.005591151,0.009708072,0.004881927,0.2534375,0.22113459,0.4150103,0.44183564,0.029037643,0.04407901,0.19438954,0.17844303,0.011220048835510327,0.01035620849519891,0.007077758413924728,0.007030744504198358,0.014338681532581703,0.014521777504788218,0.018666163544690417,0.017009769722727035,0.010965758886165293,0.01285263504853884,0.00930766957786513,0.008847186494602817
9,0.03463772,0.05622961,0.063475594,0.10170753,0.019648958,0.03474984,0.05241638,0.03678634,0.66394854,0.62258023,0.030658562,0.03636472,0.13521424,0.1115817,0.034623086,0.056253754,0.06293347,0.10172307,0.01971657,0.03474654,0.052349668,0.03677259,0.6643583,0.6225631,0.0307217,0.036365304,0.13529718,0.11157558,0.06918077,0.091839045,0.0036140464,0.005382911,0.0023203038,0.005183399,0.2404602,0.21094836,0.4612868,0.4733484,0.03095382,0.03598005,0.17531024,0.16915415,0.006341912189630808,0.009092084887438043,0.004679800088115245,0.005927244454342333,0.009635101627627062,0.013993349308208121,0.012879138543430937,0.012702644015515083,0.009825182281364605,0.011733179381200453,0.0076548162996603174,0.00781001085864002
10,0.03441541,0.070100635,0.060092393,0.1153557,0.023754355,0.033757087,0.07615055,0.042257387,0.6332157,0.60061413,0.027485803,0.035500143,0.14488578,0.10241489,0.03523427,0.07009486,0.06077119,0.115335114,0.023560867,0.03366067,0.07429629,0.04215885,0.63419193,0.6007401,0.027590841,0.035561286,0.1443546,0.10244913,0.063428186,0.10339095,0.0045301425,0.0059036436,0.0032970014,0.0043638875,0.24734531,0.18531694,0.4469988,0.48046044,0.030509338,0.035934478,0.1804797,0.16894557,0.006929427090965062,0.013286709570217348,0.0059960652949579306,0.00865012759274343,0.010641606061494994,0.017734373333981267,0.015635735905094678,0.01559653505349149,0.009426978962238337,0.01594346268445469,0.009403998550433232,0.009699138531181647
11,0.04533199,0.060651336,0.07548205,0.08785625,0.044852406,0.037140872,0.053014684,0.04580838,0.63929206,0.6228504,0.027508987,0.040358566,0.11451784,0.10533422,0.046058882,0.0606515,0.07488991,0.08787067,0.046070207,0.037141588,0.053615544,0.04584614,0.63646257,0.62280357,0.028297925,0.04037297,0.11460497,0.10531353,0.093605414,0.0972902,0.0036345874,0.0049553844,0.0045444933,0.0047388067,0.21028152,0.19629268,0.47089678,0.49062657,0.031250693,0.03603709,0.17433852,0.1583813,0.008495166705714133,0.010773848210934,0.005600592337524558,0.007838666186382522,0.013458312473573715,0.014198008466114277,0.015086416980005927,0.01678595339039096,0.010321213491761506,0.012310477167066066,0.007555370652406925,0.009206085408986368
12,0.037674107,0.04879198,0.054231107,0.09551302,0.023538774,0.02588457,0.06667346,0.04648631,0.6563634,0.6480241,0.03530464,0.032735582,0.12621447,0.10256442,0.03800901,0.048792146,0.054219596,0.09551273,0.023473207,0.025884572,0.06697019,0.046496652,0.65521276,0.64798987,0.035672374,0.032736443,0.1264429,0.10258755,0.06664695,0.091659695,0.0036543654,0.004367777,0.0032080319,0.0065938127,0.24384229,0.2319245,0.4639833,0.46403286,0.03476483,0.03766755,0.16513182,0.15797578,0.007998246096753963,0.00923874596882979,0.004232555693355353,0.006288358385848772,0.010915838305234316,0.013043946916502937,0.012960891122587664,0.016424418937024825,0.010174387203311016,0.013156523936242814,0.007067452337168602,0.00932165389152383
13,0.053473007,0.056223914,0.075709686,0.094424754,0.036404487,0.047294926,0.057314884,0.0417195,0.6227882,0.595602,0.02706206,0.038905818,0.12724769,0.12582909,0.053967204,0.056215797,0.075972356,0.09442278,0.036723793,0.047291107,0.0579322,0.041716516,0.6198595,0.5956194,0.027087783,0.038905263,0.12845719,0.12582913,0.079551965,0.080226555,0.0037842065,0.0053758244,0.0059015662,0.007785989,0.23670542,0.2181259,0.44952586,0.47812238,0.034277767,0.036315884,0.17451277,0.15480605,0.008730061692075202,0.01196027053312941,0.005594379060149594,0.007524652710572487,0.012552763553492507,0.016634797968063306,0.015464367252236197,0.01372332601207917,0.011266037661100113,0.013609814438921185,0.00829192369749518,0.007488598452385358
14,0.045723632,0.055030465,0.07186547,0.077199735,0.024029113,0.029626768,0.061881464,0.048427805,0.63383234,0.63292235,0.033839714,0.035766218,0.1288283,0.12102666,0.045978874,0.054950193,0.07179451,0.07725447,0.024041062,0.029622387,0.063319825,0.048419923,0.63153714,0.6329769,0.03417157,0.03577123,0.12915702,0.12100493,0.08145452,0.07945383,0.0041733463,0.0037610838,0.0034810104,0.0041269767,0.23292576,0.21976495,0.46613994,0.47238225,0.03697204,0.033290546,0.16015334,0.17258073,0.009435441220398497,0.00978941714049549,0.0056379292339374,0.005480870876811325,0.012874185099957454,0.013246903541156024,0.01679084897692838,0.013813017614073445,0.011713737649106893,0.010778235443287456,0.009241633112665909,0.007602797191794164
15,0.03734754,0.06947616,0.064371824,0.11343184,0.023079053,0.02453939,0.06787986,0.04182482,0.6408806,0.5914908,0.040836908,0.04068817,0.12560421,0.1185488,0.037406363,0.069528885,0.06438286,0.11347364,0.023116931,0.024540737,0.06748846,0.04183784,0.6393072,0.59138167,0.04146679,0.040691208,0.12683137,0.11854602,0.07663026,0.09379439,0.0036163346,0.0037021341,0.0027240487,0.003208525,0.24672616,0.2039985,0.4402715,0.46850157,0.035378106,0.044845875,0.1768338,0.1712761,0.007368737904172946,0.012783775835280831,0.00478481525530976,0.008378170351903065,0.011814080905959895,0.015628490078720445,0.015205287129132982,0.014396762529983457,0.011688495049735839,0.013153289181532586,0.007521433988657951,0.008482208564620418
16,0.0433165,0.06557753,0.06943691,0.09753628,0.032607634,0.028319279,0.05027942,0.046596114,0.6536242,0.60524,0.030097852,0.047653876,0.1206375,0.10907698,0.044123173,0.06558236,0.0690657,0.0975303,0.032655004,0.028319454,0.050344694,0.046643298,0.6519127,0.6052064,0.030328298,0.04765513,0.12157039,0.1090631,0.08036651,0.10318234,0.0032774971,0.0047297496,0.004709239,0.0037128718,0.21579207,0.1996045,0.47160676,0.4800153,0.0325373,0.04380281,0.17842317,0.15560396,0.007009106754227307,0.011290660456141313,0.0054869449508808356,0.00846945008466301,0.013078561199620224,0.0145469445280973,0.01489538920571131,0.01362198919398202,0.010585127004827818,0.013005343426869088,0.008506302308863057,0.00918633157107155
17,0.04314718,0.059637636,0.0823658,0.09298649,0.033590477,0.040940844,0.054685153,0.027305083,0.6453451,0.6303391,0.028580232,0.030781712,0.112286046,0.11800918,0.043868445,0.059651244,0.08227604,0.092967324,0.033606637,0.04095269,0.05519859,0.027345814,0.64306027,0.6302689,0.028610937,0.030779375,0.11337909,0.11803468,0.0849802,0.08700688,0.0041895127,0.0040997425,0.0034360203,0.006262028,0.24230577,0.1808332,0.4571215,0.5228104,0.0339838,0.028560985,0.16078788,0.16393593,0.00930489089006161,0.011288188301135177,0.0064277824625141615,0.007304066982352631,0.01278723435313847,0.015890100326519135,0.016038242194536135,0.01016912626116508,0.011555503662893141,0.012425908762981825,0.007662882432245259,0.00775204120194018
18,0.038510405,0.05110655,0.059771586,0.0913087,0.025334526,0.020160591,0.046224438,0.05141348,0.68773615,0.61553216,0.025925077,0.037965715,0.11649781,0.1325128,0.03907637,0.05111575,0.059361007,0.09126644,0.025422245,0.02016418,0.046280976,0.051419035,0.68585217,0.6154206,0.026479414,0.03796598,0.11752783,0.132648,0.07483291,0.08792161,0.0034544647,0.0039595556,0.005212487,0.002806065,0.23641083,0.22285894,0.46342865,0.45716,0.028512364,0.03980509,0.18163343,0.1666773,0.007330762121728544,0.012282050341283914,0.004379449750424109,0.0068053624692850385,0.01013528543045379,0.015535660999787811,0.012603139941431625,0.014987134863832179,0.009189087024601717,0.012308137680451652,0.007990187408507458,0.009031556237499126
19,0.02681994,0.05957219,0.052847125,0.095380135,0.018707601,0.038490035,0.05880381,0.050071016,0.682048,0.59809995,0.025400283,0.046681676,0.13537319,0.111705,0.027017532,0.059597436,0.053088155,0.09540301,0.018715296,0.03849226,0.059253983,0.050069384,0.68033814,0.59797794,0.025989274,0.046700742,0.13559765,0.11175918,0.07504197,0.09368877,0.003575611,0.0043060128,0.0030017917,0.008246615,0.2348652,0.22690196,0.45968482,0.44765726,0.0297038,0.041058034,0.17780058,0.16570437,0.006516000906789991,0.011145607957350706,0.0054158173189770295,0.007022403858186718,0.010321187460794032,0.014950709497033152,0.01458354993531947,0.012289381298675807,0.009328981764054759,0.012369628670039053,0.007954626162274676,0.008100647172928657
20,0.04142659,0.0640134,0.07235175,0.094577804,0.031847205,0.04451615,0.03831376,0.04752407,0.67188895,0.6009592,0.025235545,0.0374191,0.11893623,0.1109903,0.041880287,0.064011574,0.07183986,0.09457602,0.03230403,0.044498175,0.038723983,0.047565978,0.67006856,0.60092026,0.025627134,0.037419777,0.11955615,0.11100824,0.072225384,0.087164834,0.0028208294,0.0049757827,0.0073606456,0.0059519387,0.20474347,0.19862737,0.49138537,0.49049053,0.027818797,0.039299604,0.17927253,0.1534224,0.008829129134522476,0.014159997870589082,0.005830502199542148,0.009638510408594902,0.013967436499219325,0.020716671803588427,0.014142162321806097,0.013028221460630013,0.009603765164886046,0.01493088995174871,0.007462379344417362,0.007691225843722662
21,0.0356362,0.0763353,0.067620866,0.104848266,0.04725731,0.029198043,0.066159755,0.052832518,0.6162683,0.5868365,0.032050215,0.04005553,0.13500737,0.10989387,0.035534296,0.076402,0.06778685,0.104795,0.04728947,0.029201154,0.06602486,0.052845057,0.61550397,0.58678794,0.032334197,0.040064838,0.13552636,0.10990402,0.06784712,0.095381595,0.0038096185,0.004603231,0.008906443,0.0055347937,0.24435754,0.22247328,0.4281852,0.44593433,0.03691622,0.036299203,0.18850785,0.18149918,0.008614337321738823,0.012749675630749076,0.005890304171472376,0.008514156913472104,0.0136895403785399,0.01582429977451823,0.015076840737041748,0.013845150619667602,0.010344425792365282,0.012369272424011072,0.006724885792331965,0.007941192370637434
22,0.04530986,0.05710891,0.07598756,0.08082159,0.028347371,0.02691087,0.05305027,0.054750383,0.63519615,0.63216263,0.027333258,0.033771805,0.13477552,0.11447379,0.04606621,0.05711666,0.07579818,0.080820814,0.028464016,0.026916668,0.053297453,0.05475806,0.6336162,0.63209933,0.027502345,0.033778146,0.13525553,0.11451029,0.076752394,0.08684964,0.003825965,0.0030496097,0.00503286,0.004661203,0.22972767,0.22422194,0.46771544,0.4644328,0.02725652,0.037681796,0.17548367,0.1579699,0.009397978900439334,0.011025196491632283,0.006494914011742324,0.00558296810160646,0.012152437567236933,0.012338050086972275,0.01258825991433655,0.015477540911582332,0.00952477397802345,0.010419439608609278,0.008001545762649059,0.009313886305953189
23,0.04484665,0.05635034,0.07797706,0.09992532,0.033294227,0.030005606,0.047718696,0.042050183,0.64002144,0.6264555,0.02704835,0.038808282,0.12909357,0.1064048,0.04548354,0.05635339,0.07799892,0.099928215,0.034218494,0.030005416,0.04794664,0.041948058,0.63719416,0.6265524,0.027624257,0.03881305,0.12953402,0.106399424,0.07549836,0.088122636,0.0044738236,0.004838953,0.0064359,0.0065233195,0.24398828,0.2097536,0.4554509,0.49339533,0.02982928,0.042817876,0.16307545,0.14595093,0.008765817692907704,0.009989179361933352,0.005592900114978412,0.007549627041982975,0.012166106315701012,0.01374712082358004,0.01582299814232205,0.014018184719938414,0.010905104038695185,0.01138194636821214,0.00901694267288054,0.00835487898508278
24,0.032960474,0.0626727,0.056694537,0.08390347,0.02674216,0.03375374,0.06388801,0.038982496,0.65457875,0.6312574,0.030175602,0.045548778,0.13496047,0.10388139,0.033508744,0.062649734,0.056648966,0.08390537,0.027084962,0.03391988,0.06486011,0.038969968,0.6516986,0.63112813,0.030577796,0.045548566,0.1356208,0.10387838,0.06689246,0.092482276,0.004355083,0.0037803776,0.0024035748,0.005136995,0.2511082,0.20017904,0.44542763,0.49624097,0.030643698,0.03672412,0.18812118,0.16312294,0.007448721934590099,0.010367613985389377,0.0053282282593803765,0.0074044340359260595,0.012210098883340112,0.015112722363393906,0.014969127268958264,0.011871455490570209,0.010170637082020447,0.011725740481754933,0.008914748284079423,0.00819638073040493
25,0.04552107,0.05604892,0.07511402,0.09237537,0.02797787,0.03664282,0.053708214,0.047723006,0.645997,0.6091156,0.027094038,0.041555483,0.1245878,0.11653877,0.045900278,0.056198653,0.07482392,0.09244993,0.027991762,0.03661056,0.054103326,0.04797282,0.64489937,0.6086746,0.027420096,0.041575946,0.12486126,0.11651749,0.086589,0.08697216,0.0028336768,0.0044844793,0.0045353477,0.004402041,0.22428842,0.21792226,0.459883,0.47294247,0.029887006,0.039748225,0.18440717,0.16304605,0.007603105122817894,0.009182660288948602,0.004641311699778061,0.0060929107725643345,0.010039926003334195,0.014573152759050315,0.014784311497704122,0.01528664964101121,0.009147059030822408,0.011360730841697605,0.009970908006637542,0.010019931809814161
26,0.045380708,0.06327766,0.074739575,0.11767118,0.029225832,0.044430636,0.047932062,0.042560138,0.6613937,0.5939417,0.023447126,0.041786674,0.11788099,0.09633203,0.045945484,0.06326494,0.074263714,0.11761008,0.029630665,0.044439603,0.048375353,0.04256291,0.65984267,0.59394574,0.023342507,0.04178878,0.11859962,0.09638795,0.096683346,0.1094135,0.0033024133,0.0054643005,0.0044068615,0.008986325,0.23325744,0.18514553,0.43815988,0.47381648,0.03058485,0.04033343,0.18763545,0.1700289,0.00820500730221146,0.011201314160006252,0.007323050523511213,0.007728014364863548,0.012457654732340926,0.015696300983840495,0.01488010716590457,0.013198673672605995,0.01155080913112521,0.013385948327771603,0.007754815568197831,0.008543176066755661
27,0.043507654,0.056240276,0.06747161,0.09207317,0.022631636,0.035998676,0.06835136,0.059513025,0.6481123,0.60095125,0.029959533,0.03566146,0.11996592,0.1195622,0.043950737,0.056240484,0.067058705,0.09207341,0.02237486,0.035998214,0.069645286,0.05951247,0.64524484,0.60094833,0.031071613,0.03566162,0.12065395,0.11956546,0.07517737,0.09051627,0.0036725155,0.004173112,0.0041265343,0.005510204,0.24344088,0.23269306,0.44860488,0.45985824,0.025832612,0.033742875,0.18186879,0.15219495,0.009419887384135218,0.009492227902436475,0.005998659252332321,0.007357833987253401,0.01217619106518099,0.012599055990525443,0.014867835489617218,0.015576568756267437,0.009851856329811035,0.013216591376559337,0.008539232754495408,0.00955713291048514
28,0.045917753,0.048513018,0.0741346,0.08591194,0.041019574,0.029114518,0.04529106,0.057098582,0.64638764,0.6208325,0.029151136,0.03649867,0.11809825,0.122030824,0.046197005,0.048499748,0.073808536,0.08591738,0.040874198,0.029111004,0.046299204,0.057239275,0.6445387,0.62069124,0.029499859,0.036501896,0.118782446,0.12203944,0.0841705,0.076718256,0.0033886842,0.006398744,0.0055467538,0.0045053866,0.21855089,0.23218387,0.4792058,0.45958754,0.028203366,0.038275994,0.16722484,0.1631393,0.008940244378373586,0.010422864167285726,0.006149833719269743,0.006812243533285614,0.013654829999268443,0.01366690579170827,0.015491068453807301,0.01684956887249387,0.011930456233013764,0.012022454418672106,0.00816491005597518,0.007908081540195469
29,0.041789576,0.06955906,0.06845004,0.10585475,0.029471625,0.044977725,0.04825441,0.040057924,0.65456593,0.59847605,0.03501784,0.031181755,0.12245056,0.10989275,0.041968003,0.06964018,0.06841958,0.105926916,0.029603727,0.045026954,0.048738662,0.040104035,0.65317,0.59813374,0.03536592,0.031203,0.12273413,0.10996523,0.077943765,0.09827558,0.004219336,0.0059892265,0.0046261256,0.008416688,0.22121921,0.19334073,0.4771646,0.4866037,0.032438006,0.0342878,0.16548859,0.15973072,0.008220176567105112,0.013946303025912203,0.005597156462314391,0.007930298886560569,0.012567995174878067,0.01687914347318183,0.013164914328294168,0.01428797168266037,0.011375266764789756,0.013964583317867993,0.007367515035076128,0.008818041305250603
30,0.042919382,0.051084243,0.06750696,0.07274142,0.030039825,0.028580884,0.06432102,0.0610998,0.64312875,0.6302412,0.029531034,0.042226344,0.122553036,0.11402609,0.043495025,0.05108537,0.06729359,0.07274622,0.03086772,0.028577628,0.06602352,0.061076783,0.6401122,0.6302706,0.029556174,0.04222746,0.12265168,0.11401593,0.074981675,0.0924379,0.002759513,0.0027631787,0.0031411033,0.0024765471,0.2484373,0.21925122,0.45446503,0.46345475,0.032490816,0.03653117,0.16772114,0.17412873,0.009461152166743455,0.009277349951682208,0.0058438452789160945,0.006458615747755551,0.012453940331309407,0.013455823117826496,0.015403324437383074,0.015624667404586526,0.011757101822903139,0.010935658749288842,0.008924859593261674,0.007416523252527742
31,0.045626573,0.07389929,0.07096154,0.103460744,0.036206927,0.0360673,0.05311956,0.047811158,0.6486467,0.59125185,0.031954918,0.035877828,0.1134838,0.11163182,0.046039626,0.07392821,0.071041,0.10346708,0.036594097,0.03607088,0.053004816,0.047811568,0.6468629,0.59121203,0.031972777,0.03586797,0.11448478,0.111642264,0.086918585,0.09693827,0.0028427197,0.0043785633,0.005820504,0.0047738967,0.21176869,0.21860602,0.4797432,0.48326164,0.031650055,0.034315333,0.17371476,0.14769821,0.008264803997560249,0.012787588487087631,0.00561522576766129,0.00772624919998145,0.012857099929606208,0.016133594361609882,0.015042128943423482,0.015320593429506146,0.01052279919654144,0.012321641706017602,0.008441804327032424,0.007784057257848234
32,0.051959045,0.06429189,0.08625862,0.098135315,0.040574368,0.026396492,0.039498597,0.04513784,0.64479035,0.6176139,0.02231433,0.03530459,0.114604674,0.11311998,0.052513883,0.064479776,0.08618844,0.09818013,0.041122545,0.026404489,0.0405648,0.0451437,0.640732,0.6172574,0.022727543,0.035320845,0.11615077,0.113213636,0.08934158,0.097834595,0.0031241009,0.003612136,0.005055642,0.0044779894,0.20721376,0.21574268,0.4799505,0.46939835,0.029281085,0.036952317,0.17081437,0.15923622,0.008818058906854899,0.011872003764336506,0.00513246967969332,0.007596998035941806,0.013159638952890185,0.014742970286381763,0.015225269086790465,0.017421608698448467,0.01008655206744199,0.013121281500928887,0.008760054068834698,0.008776806168921483
33,0.037104625,0.050488915,0.06917098,0.093107596,0.02587985,0.023145756,0.05890742,0.04045677,0.6509487,0.6542231,0.023921138,0.026714277,0.13406725,0.11186364,0.0373826,0.05051535,0.06949901,0.09306904,0.02590809,0.023148904,0.058708973,0.040473007,0.65009964,0.65402365,0.024106568,0.02672806,0.13429517,0.11204202,0.07663433,0.09340395,0.0034458365,0.0038194594,0.0037063458,0.0021799977,0.23695509,0.1957008,0.46468058,0.50336504,0.025163073,0.035233144,0.1793415,0.16572142,0.008959674690682177,0.010665050006890442,0.005556391483618982,0.006487918778172973,0.012669061048105378,0.016081425848735547,0.014789345428689161,0.01290417705380002,0.01080560618409252,0.012845085705150827,0.008256986348728481,0.008268932855796786
34,0.048678543,0.052063152,0.08186325,0.09854285,0.034207765,0.026099693,0.040346585,0.051929727,0.6506396,0.62860304,0.028246626,0.03762804,0.116017684,0.105133496,0.049580287,0.05206208,0.0816277,0.09854198,0.03429074,0.02608997,0.040762242,0.05192212,0.64802694,0.6286139,0.029037092,0.037627947,0.116675004,0.10514202,0.087836064,0.08848684,0.0033854612,0.0042765234,0.0071548,0.0074063777,0.22702096,0.2198861,0.45343375,0.47588217,0.02571052,0.040641084,0.18110967,0.15633887,0.009162356209922302,0.009840760292848673,0.005688518197407884,0.005999536307674234,0.01371635495452906,0.012679081672877533,0.013725205056648494,0.01349419452467665,0.012139980155905446,0.011551772061560921,0.007768500640437591,0.006878607003119247
35,0.03936768,0.055116825,0.07137642,0.08687188,0.038036894,0.030886352,0.05591392,0.04898859,0.63443226,0.63499737,0.028667921,0.038060755,0.13220489,0.10507823,0.040387962,0.05511169,0.071423456,0.08686498,0.03762144,0.030886874,0.057352133,0.048984643,0.63122416,0.6350312,0.028878229,0.03805886,0.13311262,0.10506179,0.07239121,0.08951613,0.0033161142,0.004067059,0.0050893663,0.00508223,0.2297009,0.21293606,0.46601614,0.50278,0.03055003,0.030933846,0.18208228,0.14125265,0.007630816568598367,0.011267393905645932,0.005769124869555927,0.0070268951904393934,0.012111507280287159,0.014759855005441105,0.014462874689062821,0.012408523355677603,0.010388535384065993,0.011892688973743478,0.00850688271223927,0.007083080282655638
36,0.047899768,0.052991536,0.08549327,0.0858611,0.046605088,0.03376129,0.06715636,0.0471917,0.6010589,0.64529544,0.026876193,0.030640507,0.124910414,0.10425843,0.04886986,0.053063683,0.085505284,0.08583315,0.046383403,0.033746656,0.067415535,0.047186106,0.5997016,0.6453965,0.026776332,0.03065973,0.12534799,0.10411422,0.073478244,0.087050624,0.0038424768,0.0039830776,0.01065348,0.0067370576,0.25104466,0.21169786,0.42455477,0.48250023,0.02809178,0.031036088,0.18344301,0.16146608,0.009482681231922814,0.01275178125354227,0.0068092351584005525,0.007191199044309781,0.012662272378875296,0.017191320871389585,0.014473192202206409,0.014288861757609066,0.010484765250476856,0.012755160009740064,0.007685158987992058,0.007899096839145012
37,0.055549327,0.054832634,0.09229336,0.07800692,0.028182857,0.03310121,0.050125726,0.03620324,0.62140846,0.6255993,0.029754287,0.039040532,0.12268601,0.1332161,0.05643826,0.054834098,0.09225114,0.07791008,0.028191438,0.033107676,0.051161427,0.036192734,0.61944276,0.6257456,0.029635243,0.03904402,0.12287971,0.13316579,0.087086685,0.08427831,0.0031888713,0.0029947045,0.0073628384,0.005869853,0.2272702,0.19966407,0.44409654,0.48522297,0.033149436,0.033943724,0.17821202,0.17850739,0.009733153149784516,0.00957858549194949,0.0066468027061850725,0.006146522849340752,0.013059580916794935,0.013143229201302186,0.017270035390218857,0.014138548476702484,0.014434318804319524,0.011361405084809179,0.01011107572889595,0.008795684308168947
38,0.046207037,0.06582257,0.069831945,0.09719045,0.028512603,0.0355912,0.054203678,0.040050756,0.6442819,0.6190126,0.028984597,0.034366757,0.12797822,0.10796567,0.046856795,0.065834425,0.0699018,0.097191304,0.028540613,0.035605323,0.055063844,0.040055726,0.64224124,0.61899805,0.02902209,0.03436926,0.12837361,0.10794593,0.07809105,0.097246416,0.0031751646,0.0038007647,0.0055582975,0.0061006597,0.23089503,0.20298938,0.45882678,0.47870857,0.029897425,0.03498749,0.17817925,0.16420329,0.007935138791988112,0.01205013938360616,0.005318257606589704,0.006939618674072404,0.011846526669945297,0.015172999096262043,0.01306736231008051,0.015212854736298622,0.009706211980391077,0.01404791073212851,0.008706431600306359,0.009895983710741315
39,0.047909636,0.06177148,0.07105116,0.097258925,0.027259206,0.02892476,0.053129498,0.06070294,0.6436035,0.6147016,0.0352638,0.032684106,0.12178319,0.103956185,0.048358373,0.061777428,0.07097978,0.097275004,0.028012518,0.028925803,0.053416837,0.060731668,0.6416607,0.6146434,0.035331745,0.032685183,0.12224006,0.10396148,0.075973034,0.094365515,0.0035562827,0.0035191686,0.0040284568,0.0031300418,0.22946955,0.23257688,0.46869016,0.45665702,0.036434043,0.036135573,0.17056127,0.16406725,0.00931662608823584,0.008514414828718982,0.005661016268896284,0.006420108943226073,0.013490826631064852,0.012655545118221083,0.014599687806087584,0.014352258368920534,0.010438551017721927,0.011141115081244034,0.008473528632330722,0.007486667568263799
40,0.048093945,0.049914084,0.07214351,0.09208742,0.030941902,0.03389094,0.06760497,0.055308886,0.6364518,0.6116615,0.021069441,0.036812335,0.12369443,0.12032481,0.04857669,0.049934093,0.07223508,0.09209555,0.031013079,0.033880766,0.069029056,0.055310573,0.63281226,0.61161524,0.021339867,0.03681387,0.12499392,0.12034989,0.08273239,0.0787655,0.0029160935,0.0035133895,0.0051697292,0.006854434,0.22156852,0.23113613,0.47301507,0.47293296,0.029215958,0.038232442,0.16499953,0.15334389,0.009208762509767187,0.010674982066693036,0.004395519767299057,0.007843326152194451,0.013950631357577872,0.013676354892360378,0.013720366338598128,0.014113260701108955,0.009798737911990115,0.013268674157529067,0.007148112945410653,0.009131539868902378
41,0.048955966,0.066889316,0.080102764,0.10184663,0.030678207,0.029115418,0.06300901,0.043694623,0.6372271,0.60206807,0.028244304,0.03373086,0.11178258,0.12265511,0.04986641,0.06693846,0.07999166,0.10184417,0.03139297,0.029188989,0.06294527,0.043753482,0.6345825,0.60187554,0.0290222,0.033743028,0.11219894,0.122656286,0.0758566,0.097224966,0.00269615,0.005960762,0.002726462,0.0030675908,0.23724765,0.20003945,0.47755995,0.45946068,0.027886134,0.03540196,0.16515605,0.18217085,0.012910900407264591,0.012960731128449643,0.008156426061204846,0.007254024728565104,0.017058719347734404,0.014248919596183482,0.014892811376390565,0.01485255491731998,0.012853522467398404,0.011498788288077568,0.00919407824175755,0.010087257116445909
42,0.055567466,0.0660139,0.08909489,0.09324573,0.029912334,0.025136646,0.03283916,0.039731655,0.65503204,0.636223,0.035029348,0.03897232,0.10252479,0.100676715,0.05681181,0.06601183,0.08924237,0.09324281,0.029640434,0.025136258,0.033020593,0.03973699,0.652852,0.63616645,0.035493597,0.03898005,0.10293924,0.10072563,0.09803178,0.09833132,0.0039670877,0.003911357,0.0050199353,0.0059006033,0.19313832,0.20380275,0.47756442,0.49721262,0.0346928,0.035073858,0.18778357,0.14271182,0.008225541809622774,0.011032291000746866,0.004785653020080282,0.008265209910149451,0.011885577309716778,0.014587861201502267,0.012647568817044774,0.015355816876738896,0.010091244229849642,0.012773942858817954,0.008052173444217173,0.0086104208588408
43,0.03287002,0.069060266,0.0626514,0.11225818,0.034686867,0.03181272,0.04475692,0.052312795,0.67702144,0.5973903,0.028849917,0.042359117,0.119163446,0.09480665,0.033894848,0.0690331,0.062094655,0.11218756,0.03509733,0.03181181,0.04547204,0.05231688,0.67470884,0.59745544,0.029397294,0.042363755,0.11933499,0.09483145,0.07361231,0.11205965,0.0029962198,0.0073950244,0.0053581037,0.0033721523,0.22422111,0.21841401,0.48391,0.46339682,0.029011792,0.042069793,0.17532709,0.14486262,0.009798911974083455,0.010685748175124625,0.005830793678611308,0.007642070248665931,0.011519021139670809,0.0163485114496702,0.014530039432411436,0.016139101251073713,0.012135997959715008,0.015036422110102842,0.008191774390928207,0.010128074656842252
44,0.039465725,0.05563357,0.07418373,0.08929051,0.023060264,0.029189419,0.061597038,0.03982596,0.6644704,0.6498564,0.03233257,0.03020479,0.10489032,0.10599937,0.03981438,0.055631313,0.07360282,0.089289345,0.022633636,0.029175978,0.061788816,0.039827302,0.66369444,0.64984554,0.032588396,0.030206231,0.10587748,0.10602427,0.08429774,0.09498184,0.0046943366,0.003436905,0.0030382848,0.0039027894,0.23755531,0.20301706,0.47026235,0.48368895,0.03866268,0.031252097,0.15569091,0.1644368,0.008716758060306138,0.0100624556269483,0.006393125673565588,0.006565050462659191,0.01207572628600234,0.014874115321540864,0.014756666701428342,0.013527731287477942,0.01159694975931912,0.012369616718459925,0.007575378230638396,0.008064980349831984
45,0.041119747,0.06558896,0.07866635,0.11522346,0.029835109,0.03339208,0.061752446,0.03391021,0.6475648,0.61107814,0.028534878,0.040900484,0.11252662,0.09990664,0.041630927,0.065592185,0.07857189,0.11521001,0.030165242,0.033417497,0.06213755,0.033914816,0.6456042,0.6109826,0.028818661,0.04092757,0.113071494,0.09995536,0.081692815,0.09271527,0.0031322509,0.005759105,0.0048586573,0.004961315,0.23433407,0.19696176,0.4521545,0.47492394,0.03310595,0.04101585,0.17931011,0.17050083,0.008191282838060069,0.01377223176017804,0.0054924482976623475,0.010042410602550417,0.010787055160588003,0.01672209943932398,0.014764650240520316,0.013227060276833081,0.008853709268225688,0.014699891305873456,0.007823589920824407,0.0075536447968243695
46,0.053986713,0.058536578,0.08302392,0.10346786,0.03042492,0.035053182,0.042212553,0.043354608,0.6395638,0.6112235,0.028333964,0.035233628,0.122454114,0.1131306,0.054591745,0.058541812,0.083296485,0.10350106,0.030338626,0.03507425,0.042945128,0.043364465,0.637402,0.6111651,0.028743235,0.035236705,0.12268275,0.11311662,0.08659006,0.09204254,0.0030640848,0.0057926322,0.0060436795,0.005562797,0.21906823,0.21407601,0.46098757,0.4760958,0.031685352,0.03364128,0.1811609,0.15719335,0.010018098750218465,0.011699799191396344,0.0061014203796030154,0.007786742188695748,0.015095761391933839,0.015908807296873332,0.014895708545150228,0.015162348497824881,0.012665807219645336,0.011863350854229755,0.008447960986009891,0.009371872954693588
47,0.047471307,0.057161264,0.06949046,0.085001044,0.02746909,0.033267137,0.046123855,0.03851116,0.6718618,0.65239334,0.022056725,0.0331265,0.11552669,0.10053957,0.047945634,0.05715787,0.06955081,0.084993385,0.027433904,0.03326651,0.046811655,0.038508948,0.6703627,0.65232235,0.022093832,0.03314214,0.1158014,0.10060882,0.07854074,0.086197354,0.0037050361,0.0034568142,0.0046319203,0.0045563946,0.23201673,0.1993552,0.4646884,0.50396043,0.024308199,0.030356942,0.1853772,0.16726018,0.008626149606913621,0.010551073420973939,0.005775012709412422,0.007533017730361291,0.01195529128672251,0.013052728306432263,0.013141731821399915,0.01396831904113653,0.010150161113825582,0.012129556292281506,0.008115076010810171,0.007904401277540366
48,0.045476556,0.057347756,0.07191368,0.100550175,0.025958385,0.03152257,0.051300507,0.054375656,0.65520906,0.6191307,0.025885962,0.03533753,0.124255836,0.10173567,0.045820404,0.057361785,0.07225696,0.100522935,0.02646449,0.031534776,0.05186614,0.054810237,0.653148,0.61873543,0.025800064,0.035343647,0.12464392,0.10169118,0.08798631,0.10017238,0.0033047234,0.0069382284,0.0030569327,0.0045162686,0.23536934,0.23316532,0.47960612,0.45262584,0.029245999,0.03543633,0.16028275,0.15224463,0.009252482274526897,0.011690338564305727,0.006310968028341954,0.008287353984258892,0.012677805529947702,0.015161090190337824,0.013118451167937686,0.015336041725305293,0.01019838133274802,0.013449307631469344,0.008485075658554763,0.009012088915676416
49,0.051261604,0.06305592,0.09224835,0.09713726,0.037077326,0.03049348,0.04211291,0.050437864,0.6466724,0.6244715,0.026369613,0.034026988,0.10425779,0.10037706,0.05170468,0.063059054,0.09261974,0.09713386,0.037059054,0.030493848,0.042270593,0.050437964,0.6455547,0.6244691,0.026611445,0.034026932,0.10417975,0.1003792,0.080821656,0.09416038,0.0043900725,0.004571454,0.0060228542,0.0030916508,0.2288057,0.22560295,0.47207305,0.46571904,0.02681674,0.036774762,0.16955826,0.14843956,0.00930324001735295,0.011673166768422212,0.006278020879370958,0.006866602239314773,0.014426743231562653,0.013252777506523218,0.013989341994107764,0.015760864962548273,0.011276855795022928,0.012409827778292352,0.008035068830034487,0.008397456252461081
50,0.05206411,0.05209974,0.08129912,0.08796058,0.04019943,0.040478263,0.050103918,0.043029062,0.64088565,0.61973804,0.024570227,0.03441782,0.110877596,0.12227654,0.05291197,0.052171204,0.08116677,0.0879383,0.040191855,0.040474027,0.0510733,0.04262327,0.6376034,0.6199353,0.025316928,0.03439773,0.1117358,0.12246024,0.08589324,0.09134402,0.0039884667,0.0042103436,0.0051795808,0.005897713,0.22855668,0.20953351,0.4574073,0.47504777,0.030137107,0.033616945,0.17640278,0.17158715,0.01035142024277151,0.010854741693661218,0.005650237806548282,0.007257085341687435,0.013017408197441066,0.017159256820656395,0.0156872405188899,0.015257151386684676,0.011924522059845285,0.013931818923056349,0.009858116196029365,0.00985150075856105
51,0.050034076,0.061097104,0.09328553,0.09600799,0.025326557,0.036540292,0.05181154,0.053487916,0.6380447,0.59538406,0.032902095,0.044353228,0.10859552,0.11312944,0.050607555,0.061137587,0.09295869,0.09603981,0.025688153,0.03653265,0.05247,0.053511962,0.635428,0.5952456,0.033452153,0.04435233,0.10939544,0.113180004,0.08905825,0.07953785,0.003686583,0.008213712,0.0035603985,0.005685367,0.22545065,0.2192398,0.46681753,0.4680119,0.03425401,0.04142724,0.16704404,0.15798359,0.00828339516333419,0.011347360239842749,0.006207862252274823,0.00673323894321885,0.011700905545814357,0.016207871854098378,0.015738176049548892,0.016451162664481968,0.009765759691578708,0.013094206217836768,0.007964654962969239,0.010132162549348603
52,0.03866964,0.057256926,0.074970745,0.080406345,0.02243712,0.038263716,0.052839573,0.041584488,0.63636255,0.63687986,0.02757141,0.03805666,0.14714895,0.10755198,0.038477615,0.057256926,0.07484425,0.080406345,0.022232486,0.038263716,0.053277474,0.041584488,0.634597,0.63687986,0.02793295,0.03805666,0.1486382,0.10755198,0.07448961,0.0880234,0.003256281,0.005572207,0.0050606797,0.006775859,0.22891125,0.21807273,0.4728591,0.47239354,0.024414616,0.035734057,0.17470458,0.15957156,0.007387229315209467,0.01073254753994824,0.00563409714049623,0.006386564451058371,0.009647151544963782,0.015311097276187671,0.013544676042985246,0.01417191132433378,0.00895549549307186,0.012525717050347078,0.007942488275635696,0.009100652395325308
53,0.05274048,0.052114666,0.08213799,0.08584216,0.031044599,0.033267364,0.056129903,0.05718321,0.6439014,0.61967593,0.021219889,0.036908783,0.11282575,0.11500787,0.053441744,0.05211447,0.0821658,0.08582814,0.031248,0.033269666,0.05685048,0.057183012,0.64185756,0.6195041,0.02160334,0.037020836,0.11283307,0.11507975,0.081955604,0.083217695,0.0034998192,0.0053651016,0.0050186026,0.0048666373,0.21896192,0.22886027,0.47233325,0.47162127,0.031047592,0.03555377,0.18084396,0.15531524,0.009517246285434067,0.010935406319822481,0.007393404446701697,0.007129482349993238,0.014445476780548739,0.01604355426158505,0.012988428865864864,0.016627180991076643,0.011581138557484839,0.012660127470069954,0.00827625334754815,0.009579469084065002
54,0.035289984,0.05654506,0.06713673,0.08619652,0.028525092,0.028345408,0.053972166,0.054169692,0.655157,0.61903316,0.027615646,0.036525227,0.13230334,0.11918493,0.03580887,0.056517195,0.067442596,0.08619552,0.028649375,0.028513314,0.054574706,0.054186128,0.6536117,0.61874825,0.027850194,0.036655962,0.13206257,0.11918363,0.07698672,0.094794504,0.003321182,0.0060851146,0.0028227328,0.0061886427,0.22006787,0.22961006,0.48911643,0.4612048,0.029437685,0.041079335,0.16963845,0.14875378,0.008040382838339601,0.01109552814677484,0.006001807708045793,0.007493702049099521,0.011182613393590859,0.014431091897862307,0.014940945712841712,0.015017151800037928,0.010693284568128972,0.013008432461300156,0.00903254823715367,0.009259487038083923
55,0.033801407,0.056064382,0.06828843,0.087292224,0.018875197,0.02704664,0.053286605,0.04705292,0.6717547,0.64438957,0.024336943,0.034532707,0.12965669,0.1036216,0.034756355,0.056067917,0.06826852,0.0872951,0.019224694,0.027049271,0.05459981,0.04705305,0.66844153,0.64437383,0.02431336,0.034536816,0.1303957,0.10362407,0.07182759,0.0871609,0.0031771068,0.0038348152,0.0024203013,0.0046417774,0.246461,0.21829432,0.46120477,0.49304426,0.026882732,0.033467453,0.17649832,0.15114689,0.006926673733663895,0.010332642828110269,0.00505523792577651,0.006442026777625166,0.011475529402744716,0.01502680261374899,0.015443418472832105,0.014369310063130566,0.009647861267150077,0.012080021257339313,0.011293799123361961,0.008252586112239313
56,0.05245548,0.07538775,0.08714181,0.11305142,0.036534514,0.04441013,0.06693356,0.042381063,0.60224676,0.59226453,0.026601335,0.035528295,0.12808654,0.09697677,0.05311804,0.07539177,0.086742856,0.11307526,0.03685156,0.04442705,0.06777306,0.04238331,0.59968114,0.59219587,0.026904186,0.0355452,0.12892918,0.09698154,0.087782554,0.09888578,0.0059122434,0.0057254964,0.010083254,0.0075839693,0.232859,0.1966745,0.4387868,0.4917003,0.031120243,0.03664008,0.1771414,0.1487089,0.010113096008990054,0.0138564282891575,0.006105973113378196,0.010026330042175909,0.013461154498179266,0.019126786171462854,0.015155440896388867,0.012804753606715123,0.010423414240024378,0.015531533405543543,0.008844914706787213,0.008584398620699445
57,0.052861955,0.047425274,0.08388336,0.09801973,0.039546832,0.03607401,0.054345917,0.045909826,0.6208102,0.62993926,0.03471578,0.037442885,0.11383596,0.105189025,0.05358785,0.047431458,0.08384344,0.09802387,0.039316267,0.03607387,0.05441046,0.045916304,0.61998916,0.6299144,0.034871653,0.037445184,0.113981135,0.105194874,0.09421434,0.085593015,0.004588625,0.004712057,0.007120206,0.0047753504,0.21016671,0.20039397,0.4616804,0.49769285,0.036765747,0.033586696,0.16775416,0.16256347,0.00937777798651257,0.01175034263344399,0.006023931010278741,0.008400760438503246,0.013841897363116803,0.016889327741640765,0.014702097590915963,0.014063912116964613,0.011015436513591674,0.014835273676470681,0.00835580593699264,0.007946876813732295
58,0.04440625,0.06660567,0.066888504,0.107899204,0.020921025,0.040707022,0.03937746,0.052058224,0.6864744,0.5906646,0.030209363,0.035954207,0.111723,0.10611109,0.045328576,0.06661374,0.066568635,0.107873484,0.020724256,0.04071241,0.039981335,0.052061584,0.68432885,0.59066767,0.030895533,0.035954285,0.11217281,0.10611677,0.08399018,0.08416973,0.0029009026,0.005075924,0.0036615636,0.0052978005,0.20797923,0.2288217,0.49036795,0.4733594,0.035794232,0.037710853,0.16447793,0.14736804,0.008373095129657832,0.0129415531077911,0.005645089104183528,0.00906480447615556,0.012635593868829047,0.01815820759483662,0.015209709020801055,0.014008184630090017,0.009470333097323114,0.014465452701896917,0.007829662647973868,0.00788499554986123
59,0.045735568,0.057848584,0.07529613,0.09093568,0.022956286,0.03133649,0.04919473,0.057018258,0.6462723,0.59531236,0.029166084,0.038292874,0.1313789,0.12925574,0.046577375,0.057835817,0.075402915,0.09092111,0.023561327,0.031350736,0.05075312,0.05701858,0.64225954,0.59531593,0.02977141,0.03829889,0.13167426,0.12925895,0.08925819,0.085060604,0.0032199677,0.0050652414,0.0033839538,0.0033355893,0.19985703,0.22811665,0.48326302,0.46372798,0.035467345,0.038032886,0.17011082,0.1470654,0.009304885697464085,0.010483104180132725,0.006204175078828515,0.007335384874229025,0.013979663005267966,0.01478349690994219,0.012536003795196309,0.015038133881749871,0.010524469494164329,0.011629304059113377,0.007773370464980943,0.009223463947447406
60,0.057067305,0.05361608,0.08881336,0.084272616,0.025492264,0.032554407,0.052310083,0.0411294,0.6511392,0.65541065,0.023911307,0.024328155,0.10126647,0.1086887,0.05795671,0.053668167,0.08897327,0.084396906,0.025522621,0.032570817,0.05182143,0.040973898,0.6500915,0.6553398,0.024154432,0.02436014,0.10148001,0.108690314,0.0968336,0.09082163,0.0039228783,0.0037933823,0.0037985991,0.005552176,0.23762998,0.18419902,0.45369768,0.49741995,0.025549218,0.0277075,0.16801445,0.17661259,0.010162282331865722,0.010421208175857358,0.006589375234614195,0.00688824769988872,0.01389471405321909,0.015479465421587285,0.015676459687962375,0.014297590419109085,0.011436700994515894,0.013953307849193556,0.008424280737126448,0.008158874976197506
61,0.03810364,0.05174537,0.07537043,0.09508745,0.023540407,0.03458871,0.05379608,0.043670867,0.6622836,0.627004,0.027630227,0.035026923,0.11927562,0.11287667,0.038514685,0.051745396,0.07525589,0.09510073,0.023798581,0.034588296,0.054368246,0.043644127,0.661154,0.6270407,0.027836263,0.035026852,0.11907236,0.11285397,0.076987475,0.09810433,0.003708333,0.0048954287,0.0039213756,0.005614461,0.2308196,0.1964188,0.4735806,0.47415724,0.028700082,0.036071483,0.17084193,0.17562106,0.00758345545963809,0.010428450043939991,0.004751943669473883,0.0076221736114555835,0.01123690962514222,0.014387165817244871,0.01566812338473173,0.014839359728938677,0.011114886605859756,0.013380969828925218,0.008697289119045175,0.009539477090027518
62,0.043725494,0.047387484,0.057682604,0.083486885,0.025762992,0.04721203,0.059906393,0.04126556,0.6622913,0.6062922,0.025056405,0.04641863,0.1255748,0.12793721,0.044099394,0.047388744,0.057701662,0.0834852,0.025752401,0.047212522,0.060340464,0.04126556,0.6613692,0.6062884,0.025290763,0.046418726,0.12544611,0.12794083,0.082209125,0.086995594,0.0028940693,0.006702536,0.0056210193,0.007824424,0.2290064,0.20658347,0.47043884,0.47294226,0.029200092,0.03892,0.17965314,0.16767767,0.00740659704616931,0.010745174421084636,0.0053551280022651375,0.008248916865372439,0.012295216649377622,0.017222308005211063,0.012335483164241531,0.014137441143523057,0.010295503538282352,0.014355017794121207,0.006188875196964723,0.00931028002197143
63,0.048953082,0.064775646,0.09271409,0.09378755,0.038277954,0.031603564,0.052094024,0.041278984,0.6308504,0.61814386,0.031342413,0.03870378,0.10576802,0.1117066,0.050888997,0.06479895,0.09129824,0.09380855,0.03829377,0.0316035,0.05250554,0.04127586,0.62789893,0.6180977,0.031790666,0.038708698,0.10732385,0.11170672,0.09881554,0.097431496,0.006298787,0.0038230317,0.007545715,0.0043159425,0.25249165,0.2051478,0.43665487,0.4708148,0.04078793,0.03985536,0.14288242,0.16741042,0.009189166889563203,0.009736762456405389,0.0065108148582309015,0.006040587210007578,0.01222756592473169,0.013714507094047246,0.01528527968218036,0.014254576027076754,0.01229698560780014,0.012451248850681195,0.008939881632297373,0.008632883142339455
64,0.03826284,0.052099716,0.07319504,0.07762624,0.023435513,0.020951113,0.052728117,0.056777775,0.6631714,0.63984746,0.0339522,0.038080923,0.1152549,0.11461675,0.038976554,0.05209532,0.07289388,0.0776457,0.023716139,0.020993251,0.05384423,0.056777995,0.65967506,0.6397793,0.03445316,0.038080804,0.11644102,0.1146276,0.07890691,0.092167154,0.0037239564,0.0038496812,0.0066679986,0.0028908637,0.23028561,0.23568672,0.45633137,0.466772,0.03498991,0.034872763,0.18483782,0.14794159,0.006965816189699093,0.008664166503345103,0.005182117399143499,0.005765622592448983,0.009743298567809781,0.011237300135335469,0.014355532371472397,0.014539409393310913,0.008965424177256688,0.010284629891174391,0.0078073413983413015,0.008352747874344467
65,0.042444944,0.051043067,0.07271743,0.09378349,0.024864273,0.02970695,0.051222313,0.04792909,0.64689034,0.62057436,0.033624288,0.03592865,0.12823646,0.1210344,0.043044396,0.051046174,0.07339653,0.09380086,0.02515425,0.02970594,0.05180836,0.047858037,0.6446478,0.6206302,0.0337835,0.03593139,0.12816517,0.12102738,0.07934762,0.09685338,0.004309552,0.0045502046,0.0041290717,0.0057113664,0.22673097,0.21615982,0.45530075,0.46715584,0.03646557,0.036042396,0.18527266,0.16480322,0.008313592735641938,0.009980369499220328,0.004964913167722076,0.006826147737968754,0.011066925055427562,0.013876822476065967,0.015239051240590116,0.015433369542167725,0.010894675529965044,0.011767521491214001,0.008237760482049357,0.009702198761123037
66,0.05185042,0.04656373,0.088029966,0.087672055,0.032479834,0.030597473,0.04719272,0.060272623,0.62306106,0.6289274,0.029641284,0.025424937,0.12774473,0.12054178,0.05239597,0.046577796,0.08866164,0.08766479,0.033007096,0.030599553,0.047206253,0.060271397,0.6201319,0.6289268,0.030081034,0.025427334,0.1285161,0.120532304,0.09543399,0.07651542,0.004697714,0.0032977287,0.005495457,0.004204405,0.22027643,0.22218011,0.44810444,0.47709924,0.031914927,0.033170477,0.17368746,0.16666678,0.010540746033325854,0.00927537438765012,0.0062768207979854084,0.0065502079629575155,0.013470696081290525,0.011988967477574258,0.014259357438513656,0.01362408345594503,0.010688549212492194,0.010255505820947782,0.0077467836685404246,0.008078055787689827
67,0.051614128,0.06298341,0.07709221,0.083638586,0.024151074,0.03487598,0.043499433,0.038294446,0.660157,0.61502695,0.023554264,0.040605996,0.11993186,0.12457463,0.051959064,0.0629856,0.07716541,0.08363932,0.02424847,0.03487518,0.04409308,0.038314234,0.65862036,0.6149943,0.023555215,0.040604673,0.120358355,0.12458667,0.08567834,0.09176674,0.0027349328,0.0038798423,0.0041745584,0.0057907733,0.2071929,0.18217063,0.4868578,0.5048341,0.0336021,0.040244974,0.16342159,0.16329758,0.008425250536924335,0.011879345310817586,0.005092235079352184,0.007267398770531678,0.013167984904596624,0.01673591397297559,0.014097808217377751,0.01181793125441174,0.010093036201170785,0.012882956808826411,0.008483955713967472,0.008369688426633031
68,0.055398427,0.06153863,0.071718805,0.092336364,0.016015531,0.029542575,0.04525706,0.031096464,0.6542058,0.6513111,0.032684904,0.035509635,0.12471949,0.09866521,0.056691457,0.06154276,0.0717605,0.09234335,0.01649243,0.029543247,0.045962237,0.031100955,0.65023184,0.6513134,0.032908708,0.0355088,0.12595281,0.0986475,0.075416185,0.10074723,0.0026747505,0.0044741635,0.00237042,0.003959531,0.20562801,0.19621481,0.48506233,0.5019515,0.031620547,0.031473715,0.18679236,0.1543153,0.007443090503687434,0.010512263735061818,0.004808304382386588,0.007459408130977348,0.011245351543330609,0.01652828158861534,0.01614751199865014,0.014182669385970351,0.008973672265440826,0.012228683372403713,0.008897485879659163,0.008334576652055645
69,0.04534833,0.056325972,0.07745915,0.08842825,0.029663837,0.034076326,0.051302616,0.04663447,0.65409935,0.6269284,0.022342304,0.03882207,0.11978446,0.10878448,0.04583419,0.056327235,0.07775204,0.088428535,0.030171197,0.034076102,0.051446803,0.04663523,0.6513269,0.62691796,0.023099339,0.038832143,0.1203695,0.10878278,0.08394867,0.09450602,0.003410721,0.004643994,0.006809326,0.004986921,0.21394794,0.21422258,0.4825902,0.47782183,0.025523577,0.036139987,0.17446877,0.15756766,0.009640881128732862,0.011098996118662238,0.005036177403795692,0.007193111898289657,0.013581123366337893,0.015093545700570093,0.013839103793427593,0.012691837328051117,0.011005403862317893,0.012187801434525355,0.009033536565046197,0.007665056080920911
70,0.045850225,0.048146605,0.07976188,0.08006171,0.025354784,0.03375105,0.05477013,0.05347436,0.6269967,0.6290885,0.036174048,0.03779673,0.13109224,0.11768105,0.047020454,0.048218343,0.07944812,0.0803161,0.025325276,0.033756178,0.05555397,0.05347843,0.62311745,0.62877923,0.036299076,0.037788533,0.13323568,0.11766318,0.08256098,0.086961076,0.0040841983,0.0046801316,0.0028618365,0.005489363,0.25182506,0.21163563,0.4335663,0.48352852,0.03773264,0.036199845,0.17978396,0.1597235,0.0070436988333943615,0.009786409774811539,0.005265409669263353,0.006653955766022946,0.011422483206102346,0.014636477108143534,0.015354556772471314,0.013442719570586563,0.010808738521496402,0.012037026133251475,0.008785457719173356,0.009276967002228215
71,0.08203298,0.056102723,0.10168149,0.103562854,0.027159203,0.03349649,0.034451384,0.05910622,0.6012816,0.6153515,0.042134307,0.03631414,0.11125904,0.096066065,0.08239239,0.05609816,0.10155235,0.103561796,0.027282655,0.033496127,0.03492466,0.0591063,0.59953,0.61535716,0.04267035,0.03631441,0.11164763,0.09606602,0.10479802,0.081046745,0.0037569408,0.005303418,0.006501669,0.0063354657,0.19369033,0.2460479,0.47882268,0.45263284,0.042939723,0.034757946,0.16177404,0.154943,0.011968602903667653,0.01108576692105511,0.0058113698774883635,0.008085217504054552,0.01380580848060609,0.015390950454081708,0.01374505618476084,0.017062070200626944,0.012912793150157278,0.012545092830063068,0.008123641042405462,0.008189411642250411
72,0.053076047,0.07284988,0.08624502,0.09958095,0.028097011,0.028675558,0.06148077,0.047335137,0.6235984,0.5959591,0.034432147,0.048337124,0.11307059,0.10726224,0.05340624,0.07285681,0.085588545,0.09957293,0.028266456,0.028691191,0.06227635,0.04731995,0.6218927,0.59590954,0.035135552,0.048339076,0.11343418,0.10731045,0.08682267,0.09923384,0.002529835,0.0043562814,0.0042208247,0.004720524,0.24131384,0.19770707,0.44556987,0.48192883,0.031635366,0.037786134,0.17457238,0.16696867,0.010115300325985389,0.011872340878071406,0.006360023861855566,0.00718772724460658,0.01382695612561951,0.013528922344852921,0.0136600159792866,0.015237966757087348,0.011349762234992691,0.012186667735346015,0.008205914332812717,0.008542270516190335
73,0.049207587,0.056867264,0.081538714,0.08776256,0.030651115,0.031144198,0.056655493,0.04808314,0.647846,0.6355113,0.024720782,0.027808147,0.10938033,0.11282339,0.05033182,0.056864925,0.08180085,0.08766351,0.030752866,0.030980907,0.056927398,0.048151232,0.6435167,0.635676,0.025008291,0.02783508,0.11166206,0.112828344,0.09314973,0.08718196,0.003034278,0.0043367133,0.007354655,0.0064894636,0.22589545,0.228134,0.45244557,0.4723874,0.033985734,0.02884514,0.17837068,0.16483073,0.006996249287923382,0.009963084914240828,0.004879180402910578,0.005787243050925405,0.011674729341862214,0.014671856306882327,0.012408903129100052,0.014230867605499234,0.009347459547111376,0.012067713013245373,0.00715743109759532,0.00839310421051903
74,0.05033888,0.059457242,0.07509176,0.09303165,0.02106765,0.031647086,0.041110657,0.061016295,0.6588009,0.60602206,0.03144255,0.042727437,0.12214762,0.10609818,0.05103317,0.059457242,0.07509613,0.09303165,0.021341706,0.031647086,0.041391153,0.061016295,0.6553768,0.60602206,0.0321679,0.042727433,0.12359311,0.10609818,0.08257123,0.08719268,0.0024286066,0.004614435,0.0025917497,0.004869776,0.21106696,0.22912206,0.4895614,0.46152365,0.026638696,0.037353065,0.17867534,0.16091043,0.009333981625363502,0.010789214385617881,0.006092314901706018,0.0062749148371269775,0.012735905249281167,0.01433617832434615,0.014304587475120884,0.01408645910873283,0.01011511041836252,0.011657397040463136,0.008403240427663845,0.008007577342766158
75,0.057337794,0.060404114,0.0905658,0.09717608,0.028862784,0.034605045,0.032172948,0.03147769,0.6402236,0.61754173,0.028580198,0.04083863,0.12225688,0.11795669,0.058115534,0.060383886,0.09041876,0.097198285,0.02910417,0.034599096,0.03184037,0.03146573,0.6390429,0.61759603,0.029066099,0.04080899,0.12241211,0.117947936,0.097425185,0.0926118,0.002754086,0.006240445,0.0034304783,0.008802008,0.18564048,0.18402833,0.5164492,0.50796187,0.028134154,0.035348486,0.16722938,0.1606886,0.009830248419110676,0.01135058546648105,0.006307291251034829,0.007749408037243691,0.014179557188429484,0.01604964015772671,0.013081529712644497,0.012976244848940893,0.01123590763324138,0.014455187421457202,0.008674702383194345,0.008747183102416652
76,0.049155984,0.06390116,0.08718528,0.09899023,0.027985072,0.03633529,0.048351057,0.05109546,0.6248129,0.60087645,0.027770517,0.040025037,0.13473922,0.10877634,0.04965486,0.0639004,0.087094754,0.09898828,0.028207172,0.036335226,0.048504896,0.051095996,0.62292933,0.60086894,0.028294329,0.040025607,0.13531469,0.10878556,0.09435979,0.10387062,0.004436856,0.005753758,0.004228175,0.006667821,0.21567188,0.21452934,0.45950502,0.4643264,0.033699665,0.037803635,0.17738016,0.1529738,0.010258188521848156,0.01345045930198576,0.006672459219934102,0.010389303202389653,0.014258554371642534,0.017352977893674404,0.015575922791463222,0.01527184199708615,0.010355071280205262,0.013569668173568864,0.008566623113625707,0.008670533248532874
77,0.052419685,0.05556417,0.08160826,0.103077605,0.020183388,0.03602505,0.060556456,0.047522265,0.6545076,0.6163502,0.025967708,0.03870632,0.10475691,0.10275441,0.053853195,0.055583548,0.08119002,0.10308292,0.020345768,0.03605103,0.061304457,0.047523078,0.6516541,0.6164359,0.026332052,0.03870963,0.10532041,0.102613896,0.08781683,0.10001479,0.0028079886,0.00396231,0.004531165,0.0061598644,0.23963559,0.21665643,0.45766535,0.45990992,0.028769718,0.038638964,0.16257276,0.15521196,0.008611312731693053,0.012201911043913853,0.006008628538191144,0.007742899751188769,0.011691973317161139,0.014727701261383324,0.013131307159558653,0.015937505591339007,0.010120865578569196,0.013283755572436705,0.007569435961388152,0.008872997599279255
78,0.061740786,0.0636631,0.09342527,0.09597505,0.03432673,0.038588505,0.04637753,0.0461656,0.6260139,0.60944694,0.026719643,0.04429021,0.11139619,0.101870574,0.06292344,0.06366179,0.094176486,0.095972836,0.034042954,0.03858869,0.048072793,0.046165965,0.62095755,0.6094503,0.027360952,0.04429063,0.11246581,0.1018698,0.09021427,0.09712752,0.0045559695,0.0036927285,0.0075378832,0.0061109103,0.21775459,0.21392721,0.47865757,0.47052422,0.030958416,0.03809719,0.16631499,0.16362737,0.010279527958746808,0.01189872941133299,0.006550493878337326,0.008304056471649002,0.014254034679676493,0.016696835873085,0.013753763917512953,0.016354171917957606,0.01044946494737283,0.014918693067161641,0.007988922415824903,0.009529046792789552
79,0.0592151,0.05535378,0.11624944,0.10875947,0.044624317,0.036122117,0.05232505,0.044224925,0.58498645,0.62073976,0.028175958,0.038008973,0.11442374,0.096791,0.059407495,0.055330105,0.11631574,0.10873408,0.044694815,0.036120754,0.0528826,0.044225037,0.5834867,0.62079495,0.028476119,0.038008116,0.11473653,0.09678692,0.09390679,0.0872426,0.005826598,0.0050929887,0.0072171018,0.0077061686,0.2228737,0.20987149,0.43584558,0.4839343,0.028123153,0.0385659,0.19549128,0.15047726,0.010216339991007746,0.012099536163317425,0.005722173202874386,0.007349209923117342,0.01460547425536133,0.0145699992598637,0.01467682813055016,0.015398635138919326,0.012806638909656979,0.013244169015425408,0.009112684998705987,0.008961310274875962
80,0.061801862,0.06371806,0.092399806,0.09439882,0.029939903,0.036170848,0.05492737,0.05898929,0.6086448,0.6006687,0.03090808,0.034678273,0.12137821,0.11137595,0.061994158,0.06371764,0.092855394,0.09440083,0.030067803,0.036171224,0.05556669,0.058992587,0.6073984,0.60065806,0.030418906,0.03468056,0.12169867,0.11137912,0.08816543,0.08485011,0.004289163,0.0033964515,0.0042571826,0.0050447667,0.22589599,0.22887991,0.4503188,0.4771817,0.035795763,0.031456593,0.1793111,0.15674941,0.011249003450658799,0.011838943413371883,0.007241470120956835,0.008768542735886257,0.014348989197090788,0.017673788586941006,0.017125544208218463,0.01303080245955196,0.012670771716020693,0.01282719427420891,0.009404374752043228,0.009160048266982024
81,0.047959443,0.063297525,0.092776895,0.10962812,0.025491307,0.029277641,0.041191865,0.036173884,0.6497058,0.61261034,0.023665885,0.035243545,0.119208775,0.11376899,0.048970263,0.06329995,0.09314965,0.109624304,0.025779957,0.02928458,0.04155133,0.03617101,0.64617467,0.6125992,0.023826336,0.035251163,0.1205478,0.113769814,0.097390525,0.09341586,0.0052235993,0.0046937848,0.00374241,0.0042862645,0.21577507,0.19423497,0.461062,0.48931763,0.029641898,0.033205293,0.17813791,0.17186579,0.007781751280552315,0.012600351106295309,0.004683702270669286,0.007941470864054029,0.010825911448630505,0.014119248879422024,0.01385088224867621,0.014574240693461787,0.010309392185406658,0.013317590093079862,0.008638983830806423,0.008942274870401655
82,0.06314799,0.07184961,0.10621168,0.1017931,0.026644258,0.025214143,0.038824055,0.05299088,0.61492455,0.60355276,0.030051844,0.03340331,0.120195605,0.11119624,0.06465178,0.071924,0.106089704,0.10185619,0.02645539,0.025223041,0.038731825,0.05303341,0.61238396,0.60325766,0.03099087,0.033493266,0.120696455,0.111212455,0.103877604,0.09578071,0.0065948176,0.0062608067,0.00556225,0.0026752448,0.19980691,0.21073593,0.4720451,0.4653342,0.030144824,0.036099963,0.17057382,0.16588645,0.01057440723775677,0.013221199912935314,0.008037526020076869,0.008326812952565146,0.014689052833792616,0.015640269068026295,0.015579944918170987,0.013523787630822931,0.010520943069183226,0.012874731519972475,0.00856145528521534,0.008214137711896783
83,0.054058902,0.05345384,0.07525258,0.10206675,0.028293101,0.025533771,0.053396083,0.06410304,0.62992364,0.6161276,0.02887079,0.0399701,0.13020492,0.09874486,0.054566655,0.053479843,0.07568728,0.10207158,0.028390056,0.025529258,0.053772118,0.0641065,0.6274974,0.61610067,0.028296027,0.039968375,0.1317905,0.098743804,0.07996347,0.08316433,0.003838948,0.0054292646,0.008018969,0.0029362934,0.20953305,0.23077577,0.46914336,0.48015895,0.033774972,0.03880944,0.17832173,0.13723648,0.008886120166338387,0.009474748440026165,0.005778730063753879,0.00705019336712339,0.013047304238570779,0.013491256244145431,0.013492520878479502,0.012829135732856302,0.010039704539253576,0.010903384448993022,0.008849843324132595,0.007209457912494208
84,0.042665377,0.055534653,0.07369474,0.09556646,0.023287397,0.03700392,0.054462202,0.05107636,0.64576197,0.6173073,0.031809837,0.03648975,0.12831846,0.10702153,0.04325054,0.05553424,0.07374696,0.095566645,0.023701051,0.037000768,0.056729205,0.051132534,0.6417459,0.6172562,0.031961612,0.036489714,0.12886475,0.107019894,0.08132911,0.09678877,0.0031577884,0.0038532284,0.003761494,0.0061774836,0.23107323,0.22145027,0.4530893,0.48228952,0.040734358,0.038797084,0.17443822,0.14629981,0.008779347654063697,0.009390275630004509,0.00538366501146713,0.005913315502656058,0.013781813271993546,0.013643072423908808,0.01326047084334321,0.013647652100061336,0.011215839848538712,0.010884571397422157,0.00786334428393334,0.008374768141960247
85,0.03956158,0.06480781,0.07453702,0.09328837,0.025702747,0.026765456,0.06342785,0.043175105,0.64695996,0.6256311,0.028603837,0.030435067,0.12120701,0.1158971,0.04026109,0.064807385,0.074362494,0.09328686,0.025664235,0.026765464,0.064633764,0.043174874,0.6443155,0.6256328,0.028794404,0.030435238,0.12196857,0.115897395,0.07923481,0.09091062,0.0030992972,0.004088779,0.0045686923,0.0037983865,0.25235915,0.21447648,0.4294009,0.48403007,0.028682044,0.033410843,0.1771516,0.15591738,0.0077929405087276615,0.010088585729906485,0.004290221092745517,0.006512610194794958,0.010566283120207706,0.01301196934528352,0.017287469354189944,0.014345726463091613,0.010613142684839197,0.010696352912533997,0.009359898881582342,0.00907528687650032
86,0.04232016,0.052704036,0.08346199,0.0812776,0.02601269,0.041537937,0.06595493,0.05149716,0.6220707,0.6123801,0.030606354,0.034886606,0.12957312,0.12571657,0.04285163,0.0527697,0.0843307,0.081239246,0.02618126,0.041548636,0.06655441,0.051522523,0.6190474,0.6120945,0.030855859,0.034929413,0.13017872,0.12589598,0.09060048,0.090375565,0.0047679245,0.0048201308,0.006054365,0.0063562943,0.24196865,0.21695222,0.43235302,0.46113265,0.03874301,0.0376542,0.17123155,0.17218399,0.008959710207858589,0.008562392499577631,0.0054521951088618605,0.0060138785644876114,0.011199015214582792,0.013969005936863996,0.01525564573770656,0.013535235040012486,0.0087075876733637,0.011253264428185668,0.007785379351544595,0.008175616737508261
87,0.056408312,0.0592439,0.081933245,0.085705094,0.030797387,0.032663785,0.059670508,0.04941994,0.61413926,0.60658556,0.02868035,0.04472188,0.12837093,0.121659845,0.057140473,0.05922507,0.082212396,0.08577514,0.031163525,0.03266453,0.060257405,0.049435847,0.6108737,0.60642576,0.029223949,0.044730205,0.12912852,0.121743426,0.079512395,0.09341944,0.0041218265,0.0055769123,0.009537551,0.005636578,0.2342806,0.21715954,0.46263853,0.46058345,0.028220361,0.044959847,0.16022436,0.15515015,0.009961373670295844,0.011978808899475757,0.0069597341937392455,0.007025471111165396,0.01249827065309718,0.014137997485416963,0.016518327403678177,0.012238221425199263,0.011711614647345252,0.011739952568826243,0.009630630299140864,0.008400335654120373
88,0.052857213,0.053500913,0.08577233,0.082488686,0.023414172,0.02798471,0.057499897,0.07037794,0.6323693,0.6048251,0.034581758,0.046456974,0.11350537,0.11436571,0.053378023,0.05355815,0.08578236,0.082504444,0.023393441,0.027984302,0.057830364,0.07043079,0.6303159,0.60465944,0.03546273,0.04647044,0.11383718,0.11439242,0.08556345,0.084153526,0.004497105,0.0052622342,0.0024860485,0.004683554,0.22872378,0.2334944,0.45381114,0.4546731,0.03203218,0.03843737,0.17187597,0.16046703,0.010139677096136007,0.010865833255795468,0.0070001465442419515,0.00823975652770943,0.012866613041861897,0.01401412492306385,0.017620227406923535,0.016262366077518003,0.012373095489354337,0.01330804356735761,0.00987003369971943,0.010494672279396721
89,0.061401736,0.07266171,0.102008685,0.111308746,0.031834245,0.033229377,0.041462164,0.040559974,0.617476,0.6000851,0.030625572,0.037119944,0.115191564,0.10503513,0.062200956,0.07267872,0.10275706,0.11130561,0.03177817,0.03322198,0.042007167,0.040562402,0.6145794,0.6000695,0.031072015,0.03711776,0.11560527,0.10504397,0.09178917,0.10365339,0.0031492866,0.00628069,0.004520195,0.0045109894,0.20291077,0.19735627,0.47868118,0.48832095,0.027373856,0.037146762,0.18179965,0.14401755,0.010655889269510296,0.010882793001056356,0.007551330393684352,0.008729634893840148,0.014032357953822308,0.016092471721043555,0.014687234145471628,0.01539100248928504,0.011074023427835865,0.012157221840032132,0.007957286330911154,0.009122478296529226
90,0.061308295,0.046502065,0.09216598,0.08345168,0.028513893,0.04444557,0.057288084,0.06475202,0.61206585,0.5927685,0.029964505,0.042783044,0.11869343,0.12529716,0.062338647,0.04651311,0.092419066,0.08334848,0.028688515,0.044445053,0.058020152,0.06475038,0.60889935,0.5927486,0.030059842,0.042782117,0.119574465,0.12541221,0.09290184,0.08415802,0.0047959993,0.0042271824,0.005702536,0.008757883,0.21551356,0.2189304,0.45834646,0.46222913,0.03542034,0.041039217,0.17833902,0.16155346,0.011429250843208219,0.010412565168411221,0.006990652515625876,0.006805334692106138,0.013648036460114078,0.01546876742531659,0.016776987167199445,0.015372752519300733,0.011368490742372925,0.011867620062698621,0.007956583158123223,0.008047124083385116
91,0.043757655,0.06295368,0.07685088,0.08285282,0.03555887,0.03404647,0.057147257,0.06015948,0.63225955,0.6082756,0.026624143,0.03658151,0.1278016,0.11513046,0.04417795,0.06295133,0.077424906,0.08285649,0.03592251,0.03404637,0.057910353,0.06015908,0.62847847,0.60825855,0.027088296,0.036592465,0.12899752,0.1151357,0.06897086,0.08773809,0.004201054,0.003894745,0.0075117843,0.0037453526,0.21854009,0.22229035,0.47961965,0.468736,0.023221472,0.034039527,0.1737468,0.15707918,0.010554324309913488,0.010190782409293215,0.007337700700973654,0.007260431385170232,0.011279871978465474,0.014728205753612415,0.014987648880392302,0.016460897726946422,0.011139020581654096,0.013701476200067238,0.008624992994965873,0.009042660575009132
92,0.04986342,0.05797731,0.07552826,0.09078169,0.027939685,0.023761775,0.046357535,0.051647805,0.6292616,0.61075604,0.028747272,0.037377544,0.14230223,0.12769784,0.050370995,0.057977878,0.07568548,0.09078275,0.02771711,0.023762159,0.046549406,0.0516257,0.62625843,0.61075145,0.029079253,0.03737811,0.14433934,0.127722,0.079444624,0.08827428,0.0030715894,0.0042028385,0.0038027412,0.003245994,0.21301913,0.21096602,0.48107532,0.48251057,0.027558038,0.037701037,0.16808379,0.16256198,0.008848323646075589,0.012404505840136274,0.006111980440508856,0.008022764275807821,0.012618023118115392,0.015020507983159367,0.015028371134809745,0.015699472850101346,0.01292978374137863,0.012671883764122717,0.009363982445978844,0.009796854752865345
93,0.05226383,0.0603265,0.08433472,0.096354544,0.030759487,0.03015433,0.054627694,0.06414213,0.6257415,0.59489584,0.028028296,0.046182062,0.12424449,0.10794458,0.053016573,0.060321964,0.08370417,0.09634655,0.031081352,0.030151345,0.055091266,0.064145744,0.6227957,0.59489155,0.02868088,0.046117082,0.12563007,0.10802574,0.084094994,0.0923803,0.0053239227,0.004736242,0.0038536817,0.005646927,0.233353,0.23343027,0.45581767,0.46242636,0.03118455,0.044356488,0.16597983,0.1430277,0.009037534186364474,0.011296815409323879,0.005921565057214812,0.00844443033811127,0.011006432605135936,0.013858439825749233,0.016191366679714585,0.015926133454356735,0.010181446754817794,0.013946340647962902,0.009539921757041958,0.009738030953331539
94,0.06478188,0.057807077,0.09459972,0.083985604,0.028218178,0.03195094,0.046492983,0.0604738,0.614232,0.6023623,0.035624065,0.035930064,0.11605115,0.12749024,0.06556342,0.057824604,0.09536665,0.084025204,0.028605001,0.03195603,0.046627615,0.06050718,0.6106065,0.60210824,0.036296394,0.035934675,0.1169344,0.1276441,0.08823592,0.088413626,0.0036916041,0.005321949,0.0043131933,0.006674151,0.21439268,0.21365324,0.47164464,0.4952153,0.036876794,0.03523401,0.17070286,0.1417916,0.01057941936986378,0.011028292820213791,0.007006362929807511,0.007333240083707071,0.013864884954831663,0.015897592041690597,0.01641975898071208,0.016388323662165145,0.01292957976750227,0.012262634956550769,0.008779764350157261,0.009687913153946853
95,0.043654576,0.06099758,0.071142115,0.10729582,0.037400547,0.027547661,0.050963946,0.047394123,0.64984965,0.6033288,0.02899319,0.036350377,0.11799595,0.11708564,0.044690978,0.06106349,0.07181763,0.10759402,0.036939822,0.027663046,0.052113105,0.04735208,0.64725024,0.6029627,0.029315028,0.03627384,0.11787318,0.11709085,0.08694332,0.094923824,0.0044555846,0.0053806114,0.006809564,0.0051357197,0.24354436,0.1988732,0.45120227,0.47385985,0.034247197,0.033298854,0.15748549,0.17663124,0.007966313720441959,0.01077413550567591,0.005609014930745625,0.007153345601365638,0.011320834507355547,0.015008866159608376,0.01265012110718258,0.013322965204435409,0.010502920837960984,0.012305209819117435,0.007456298054716895,0.007815928293163186
96,0.046499215,0.060940906,0.081418574,0.09128634,0.02805812,0.025799148,0.052646484,0.047631018,0.6298147,0.63514143,0.023578085,0.033238463,0.13798486,0.10596269,0.0485219,0.060945716,0.0825987,0.09128858,0.028410966,0.02579857,0.054044332,0.047628544,0.6235488,0.63509184,0.02323619,0.033249937,0.1396391,0.10599676,0.07922121,0.09223995,0.0038024394,0.003819979,0.0054705595,0.0047609103,0.21464616,0.18890046,0.48758927,0.51540476,0.029380547,0.035044316,0.16420731,0.14965212,0.009033854672812263,0.01303653724047326,0.005859842752673082,0.006792938552181134,0.011970723457288668,0.01686414262330606,0.015880729021869856,0.013828419037604449,0.00964124588068334,0.012458377369851416,0.00944815523199899,0.009025780492196551
97,0.055404034,0.054007795,0.097615115,0.09990389,0.023595931,0.029116279,0.042683654,0.052557267,0.6427672,0.6155919,0.027227478,0.04058954,0.110706635,0.10823334,0.056328546,0.054117292,0.09874939,0.09981961,0.0239649,0.0293374,0.043233898,0.05258962,0.6387872,0.6155439,0.027288498,0.040566243,0.111647606,0.10802596,0.093896985,0.08670789,0.0060808104,0.0055083907,0.0050596204,0.0046312874,0.20977475,0.22357081,0.49039987,0.47407517,0.03146544,0.038177114,0.14866671,0.15456213,0.0080615250348877,0.009642126285052628,0.007488556938287022,0.006705363259066402,0.012617251919984787,0.01389142764292242,0.018290676730661735,0.014527833840314473,0.011742162747730342,0.01210524666731082,0.00881360718777409,0.007532140931352031
98,0.063826956,0.059605006,0.08888301,0.10004583,0.035076056,0.0382863,0.054626923,0.056433305,0.59877604,0.5840541,0.029905204,0.043642778,0.12890585,0.11793268,0.064993866,0.059600443,0.09034911,0.10008211,0.035564035,0.03826719,0.056126576,0.056365192,0.59274465,0.5840182,0.030015869,0.04367746,0.13020588,0.11798941,0.09643879,0.08851131,0.005663708,0.004594944,0.0063625462,0.0065133544,0.2225026,0.22049488,0.4590952,0.48429468,0.03907863,0.03907202,0.15317059,0.13358882,0.010385424202214185,0.01077832112660427,0.007050848034282799,0.006656480266531425,0.01239600276454553,0.015162473485028973,0.01642448257753751,0.014599580291027467,0.010682749188257748,0.012996687672339935,0.009234475592878365,0.008605891384125491
99,0.047439326,0.05500012,0.07248969,0.08487281,0.034703583,0.034111675,0.045025375,0.055827275,0.6468962,0.59293735,0.029685434,0.055122424,0.123760395,0.12212834,0.049546193,0.055012774,0.07306212,0.08488414,0.03504143,0.03411291,0.046224263,0.055829167,0.6414835,0.5929129,0.029796379,0.055123206,0.12484614,0.122124895,0.08109926,0.08453082,0.0032870886,0.0048498143,0.0077525014,0.0047210692,0.20854442,0.22454408,0.4796749,0.48365322,0.028013656,0.045249462,0.17625387,0.14390531,0.008976048841628172,0.01043368768594353,0.00579928854450291,0.006737958443299155,0.01083099881161569,0.013593771126865639,0.01448469809089087,0.015376549168483846,0.009396333408536616,0.012207991693893408,0.007783949565868601,0.009132639151858723
100,0.057709258,0.05545002,0.0886193,0.092338815,0.036299177,0.033672277,0.047286704,0.053172324,0.6320295,0.6128186,0.02817282,0.032791127,0.10988326,0.1197568,0.058658488,0.05549918,0.08937314,0.092405215,0.036668893,0.033689443,0.047688283,0.053256374,0.62686265,0.6125041,0.02931028,0.03280236,0.11143827,0.11984333,0.08207811,0.09161149,0.0036931145,0.0048320317,0.004799256,0.003857002,0.20894885,0.21804003,0.49151132,0.48335817,0.029570397,0.031338908,0.16849296,0.15243004,0.010121387415991237,0.012254810452361719,0.008389210926179553,0.007005353796827889,0.013114541480398346,0.015380494557616869,0.013572213076721002,0.01502115591437254,0.010364779439872716,0.01126953736628327,0.007239666820467587,0.008260823016474409
101,0.069421336,0.06856399,0.09070554,0.09272461,0.033922255,0.030374348,0.03951006,0.046007395,0.61720973,0.61753666,0.033777576,0.03959587,0.115453556,0.105197094,0.07144985,0.06871726,0.09138891,0.09278413,0.0346383,0.03046391,0.040453356,0.04600845,0.61216426,0.61725783,0.033988785,0.039602123,0.115916505,0.105166346,0.093604244,0.09626618,0.004299316,0.0048937406,0.0072882604,0.005653126,0.20933115,0.18830062,0.46186766,0.5060095,0.033123337,0.035250954,0.17565933,0.15580517,0.010728800560617697,0.011886545549746138,0.008577330538599662,0.008121564585420835,0.014225426677789803,0.015006943845091566,0.014779075318462283,0.015218309372692274,0.012176185088615435,0.01290100976311918,0.008147133674515078,0.00866391906532069
102,0.06317124,0.05144641,0.09468771,0.08597321,0.041645207,0.035590325,0.04014638,0.036103446,0.60585594,0.6274224,0.03402885,0.04424518,0.120464675,0.119219035,0.06415231,0.05154418,0.09556952,0.08621677,0.041636307,0.035546646,0.04075562,0.036114905,0.6006971,0.62674576,0.03500177,0.044295076,0.12218741,0.11953666,0.10568681,0.09631029,0.004831056,0.003273527,0.0072085317,0.003253344,0.18956064,0.18693523,0.46770164,0.5071267,0.038032085,0.04176546,0.17517833,0.1528997,0.011357583981447794,0.011231032807704492,0.006397860970222037,0.007314123127525346,0.01490259314928651,0.015393772160198592,0.013941953142526985,0.013647276858743784,0.011773734801746115,0.012312424288945958,0.00807660685251818,0.00864295980637567
103,0.058866847,0.046050455,0.09941926,0.095281035,0.030518733,0.026604306,0.04154866,0.04359682,0.63262284,0.6401984,0.025692362,0.03667202,0.11133132,0.11159697,0.059851516,0.0460634,0.09941255,0.09523783,0.031127356,0.026552895,0.042374372,0.04412657,0.62882656,0.6395698,0.025801469,0.036673725,0.112606175,0.11177577,0.10372171,0.08259577,0.004591491,0.005391266,0.0069389543,0.0040547852,0.20589061,0.20879668,0.48119786,0.49484223,0.029658554,0.035537764,0.16393232,0.158663,0.010320828994236376,0.008615033798661832,0.00636231951059286,0.0070616778821439435,0.011102036050727947,0.013174292905434476,0.014410898759802195,0.01485473184513728,0.011022033702093922,0.01185239351544848,0.007558356148507262,0.00791785567657194
104,0.04930443,0.045840975,0.077905245,0.085227095,0.020119084,0.026278894,0.051833473,0.052036256,0.6546896,0.6315036,0.030448578,0.03681644,0.11569955,0.12229676,0.050548278,0.045915216,0.07903183,0.085319035,0.020394301,0.026314048,0.051804345,0.052138165,0.65150684,0.6313088,0.030783208,0.03679692,0.115931176,0.122207835,0.07768073,0.085690305,0.00288971,0.004645199,0.004077616,0.003793248,0.22848819,0.21047312,0.47862196,0.4952864,0.034881134,0.03631737,0.15846784,0.15829809,0.009282917518599762,0.009371060582633402,0.005533741658909852,0.006670498379207388,0.01217819495084952,0.014944496202463459,0.016521073377060266,0.013234597690739987,0.00992471604943066,0.011187007945424607,0.008064346741304181,0.007204410906077506
105,0.0684083,0.052677967,0.10227825,0.08751197,0.043018017,0.033946827,0.03409409,0.039332207,0.61593366,0.61391515,0.028334213,0.04708924,0.10793341,0.12552668,0.069529966,0.052664258,0.10346572,0.08750608,0.043498937,0.033985477,0.03425268,0.039353993,0.61290085,0.6138911,0.028322855,0.047089413,0.10802898,0.12550968,0.10193616,0.09231302,0.003866852,0.0053350055,0.008273122,0.005545597,0.19689001,0.2025127,0.48700255,0.4759387,0.03255185,0.04243659,0.15810704,0.16527072,0.011487191163274917,0.01101851931726909,0.008344522792049258,0.007880072296724277,0.014766518932585715,0.016631997225374888,0.012723069076154456,0.014478696655888725,0.011644452121733642,0.01345762411593281,0.007333779795023196,0.01037807723072448
106,0.06725008,0.0599145,0.09141534,0.09962707,0.046752665,0.030571952,0.036024593,0.04884741,0.61153454,0.6148558,0.031661514,0.04270541,0.11536129,0.10347785,0.06762595,0.059914887,0.09126867,0.09960859,0.047856353,0.0305816,0.03652699,0.048864454,0.6087821,0.6147682,0.031880468,0.042724017,0.11605942,0.10353826,0.08932315,0.09724517,0.004844692,0.005328806,0.0065451334,0.0058224606,0.190302,0.20441772,0.4998255,0.49195364,0.03238659,0.039568737,0.16594273,0.13970383,0.010629300540148037,0.011669931335313643,0.007084156584091102,0.008379233451537146,0.013108537175737098,0.016014787588874493,0.014876024559279633,0.013011349843972819,0.01013836455266716,0.013850325085623755,0.009079561798399576,0.007826821744917329
107,0.050248798,0.0553664,0.069806516,0.097937375,0.022116298,0.027204748,0.035816167,0.056405906,0.6735044,0.60397214,0.028586756,0.03291171,0.11992107,0.1262017,0.051813323,0.05538569,0.07020393,0.09775095,0.02245236,0.027190726,0.03620779,0.056393325,0.6694377,0.60399175,0.029488835,0.032899298,0.120396085,0.1263883,0.08676807,0.08618504,0.0043219426,0.0037159426,0.0024396726,0.0055734743,0.20764457,0.2076284,0.4970459,0.48891625,0.029316636,0.033748224,0.1693008,0.16337492,0.008243381418990642,0.010152692178875659,0.004709492008486362,0.007016293574960306,0.011747886512296279,0.014021570070319084,0.013383919911848303,0.015160924419308896,0.009385478873760872,0.012448052991573309,0.008000612128117373,0.009652308827876913
108,0.064914584,0.054488942,0.108179584,0.08193942,0.026010316,0.023184927,0.04017916,0.06139945,0.6149995,0.63184315,0.031180883,0.03507541,0.11453599,0.112068675,0.06696103,0.054501273,0.10934742,0.081883036,0.026016064,0.023171892,0.040836085,0.061394904,0.6099627,0.6319429,0.03182091,0.035065513,0.11505577,0.11204049,0.09958092,0.088976756,0.006578312,0.0030834775,0.004333844,0.0028230755,0.19987059,0.20771104,0.47160068,0.49738055,0.037925184,0.032754123,0.17093536,0.15349036,0.011639010591125596,0.00887374925820459,0.008350485869879323,0.006823904770082386,0.013884676072937236,0.01446059025682588,0.014246181828599635,0.01439331477780565,0.01305735902215301,0.012102659433458144,0.00884612162250267,0.0070325328787034245
109,0.07642883,0.043682292,0.11960499,0.083206065,0.0312352,0.023615992,0.055215433,0.05214809,0.5825365,0.63656163,0.036780916,0.03758477,0.09819814,0.12320113,0.077557534,0.043715455,0.12078522,0.08330909,0.03199258,0.023616977,0.056068625,0.052158862,0.5772987,0.63644606,0.037058927,0.037560962,0.09923837,0.1231926,0.11279835,0.07701644,0.0054403874,0.0038347645,0.0065964577,0.0035101546,0.21526954,0.21842274,0.44160345,0.47720098,0.03688227,0.034759674,0.16398396,0.16844647,0.011532192322153766,0.009908735455114106,0.008386605154735606,0.0071915749129547405,0.014749794204994357,0.01153130233943063,0.014895719938364282,0.013633177969942642,0.013031556823694878,0.011151112538761224,0.008553860246298756,0.007977527792228663
110,0.057753272,0.05771423,0.10628719,0.086349115,0.034657024,0.027621323,0.048447907,0.045071796,0.5983157,0.6330677,0.036273412,0.03581122,0.11826548,0.11436455,0.05958311,0.057676762,0.106868446,0.08625941,0.035014976,0.027628416,0.048869867,0.045138035,0.59388524,0.63286155,0.036871713,0.035801753,0.118906625,0.1146341,0.09564911,0.087034,0.006033314,0.0038030746,0.005084434,0.0046222894,0.21703352,0.21124904,0.45587438,0.48556063,0.03789069,0.03825349,0.16722468,0.15950653,0.010204355993165519,0.01006001096692225,0.00731598452841595,0.006011998550647001,0.011965282687079177,0.015093024724986543,0.01431835387522205,0.012962968976915033,0.011509277649667964,0.012509825959965826,0.007819648260252016,0.007355826546905713
111,0.054368928,0.06460452,0.073057495,0.10565239,0.033780973,0.028391099,0.04461863,0.053004097,0.65363705,0.6100955,0.027867833,0.033399656,0.11266907,0.10485277,0.055341493,0.06463152,0.07331533,0.10575106,0.033550255,0.028452767,0.04523874,0.052719675,0.6506049,0.6100149,0.028464489,0.033368215,0.11348478,0.10506188,0.08296853,0.08946775,0.0036664563,0.0043354253,0.005317717,0.004495626,0.21398726,0.21228768,0.48983598,0.47948128,0.033438396,0.034329187,0.16243856,0.16246203,0.008644515478520833,0.011854045367961826,0.005660037271236323,0.007643702968905047,0.012976083630656079,0.016728027785088907,0.014194792568347558,0.014261338764647262,0.009996180634411638,0.012641860330042033,0.007988179649445827,0.007881509600035558
112,0.07693286,0.05566103,0.11432611,0.08805462,0.038881697,0.029921256,0.031248549,0.04653419,0.5942985,0.6313554,0.03329698,0.038987424,0.11101533,0.10948602,0.07867726,0.05571532,0.1152577,0.08850255,0.039097585,0.029842721,0.031134356,0.046564285,0.5913189,0.6308776,0.033568572,0.038981915,0.11094566,0.10951563,0.10528708,0.09983954,0.0068065044,0.0037828851,0.007623324,0.0044695903,0.18136843,0.20175257,0.5033737,0.49721602,0.035983108,0.032962795,0.1482041,0.15388246,0.01206512962808499,0.009853074598651281,0.0072532874813079256,0.006245426933897046,0.016153925535130374,0.013520102892506998,0.013680274445729475,0.013945195052113196,0.013109578923579356,0.010794537189561524,0.00814153443332781,0.00857153091592683
113,0.05701532,0.05749961,0.08799602,0.10449415,0.03030379,0.03125818,0.061064653,0.045223325,0.6092823,0.61962336,0.02808843,0.03956515,0.12624942,0.10233623,0.0578426,0.057648033,0.08843505,0.10464292,0.03132043,0.031355288,0.062402334,0.045224514,0.6059252,0.6191227,0.027592188,0.039551128,0.12648222,0.10245539,0.09699471,0.100562796,0.0059657963,0.0059250807,0.005642476,0.0051395334,0.2082032,0.20573914,0.4697151,0.47317448,0.033176046,0.03678441,0.1634321,0.16251688,0.009790303885964972,0.011114409174987894,0.007006667843534471,0.008084467067724532,0.013105026247893213,0.014037183975661182,0.016532508565402174,0.013516936587348405,0.012543268010412856,0.01160987448715758,0.008727208512764453,0.007488961432224422
114,0.05718252,0.059816603,0.08173046,0.109281465,0.027488893,0.028825711,0.051832307,0.050463833,0.6433599,0.6071559,0.028529625,0.036354158,0.109876305,0.108102314,0.058822375,0.060049713,0.08221606,0.10935478,0.028084913,0.028795859,0.052754648,0.05054683,0.6397424,0.60664093,0.028606016,0.036497083,0.10977364,0.10811482,0.09280609,0.09885328,0.0028757805,0.0050589265,0.0036116843,0.003917744,0.22920734,0.19233303,0.48708957,0.48560646,0.026852336,0.033440437,0.14861055,0.17190464,0.01024652002775692,0.00993513265023701,0.006710546579830605,0.005967987081792528,0.01160637343107731,0.01573907673587893,0.014248151285187702,0.01408886638476109,0.010665951458671191,0.012003141969006413,0.007783886514784304,0.008490543560893371
115,0.05204245,0.06262738,0.083200574,0.100264385,0.031657908,0.034739472,0.05285656,0.04443246,0.63572735,0.6012499,0.029977232,0.03821469,0.11453798,0.11847173,0.053061817,0.06276786,0.08419467,0.10030001,0.031583343,0.034758996,0.053572282,0.04445159,0.6318671,0.6008083,0.030358978,0.038394634,0.11536182,0.11851858,0.09036072,0.1034721,0.0057498054,0.007411844,0.0047472077,0.007456742,0.20196803,0.19361019,0.4953142,0.47916996,0.028174654,0.04028719,0.16246593,0.1618295,0.009820679833690888,0.01245588929234064,0.006989735660243048,0.009073004601299993,0.01191583243006614,0.016912853172828788,0.014479465780334445,0.0128827724002351,0.010339454456509328,0.013553670058907497,0.007896934016220627,0.007738968842121999
116,0.069384366,0.06201892,0.0975238,0.10121232,0.034749255,0.028793462,0.046729166,0.05146213,0.60731804,0.60692626,0.026588457,0.040600218,0.11770691,0.1089867,0.070120506,0.062112037,0.098332815,0.10134097,0.035255693,0.028820174,0.04675801,0.051444672,0.60380816,0.6066746,0.027183492,0.04071045,0.11854129,0.1088971,0.10059919,0.09006613,0.004339259,0.0058422615,0.0073783463,0.004021493,0.2214015,0.20802668,0.46688962,0.4868465,0.03132631,0.039138075,0.15032434,0.15534198,0.010180315564066393,0.01030355728720345,0.007651079730207153,0.007841284549720945,0.014186776195321745,0.013231918544130871,0.01497472881379989,0.013165820862260914,0.013063531519529407,0.011202183940612618,0.0076709766045922915,0.007961464390985608
117,0.05575969,0.06069877,0.09933783,0.09840443,0.024304627,0.025584226,0.028733056,0.042033125,0.6508786,0.6455563,0.032880202,0.026490526,0.10810599,0.101232626,0.05743076,0.06074552,0.100615285,0.09851687,0.024603702,0.025536817,0.029456127,0.042108636,0.64603055,0.64527035,0.033519242,0.026479738,0.1083443,0.10134206,0.09446657,0.091149144,0.0061124573,0.0047462783,0.003845373,0.0032579862,0.19157349,0.19281557,0.4921933,0.5186866,0.037179533,0.025022676,0.16723023,0.15927196,0.01167990233891218,0.010566468902732684,0.008191718527226895,0.007380338618444055,0.014933959777301446,0.014446244485394055,0.01460923628991596,0.013184771855206105,0.013715629224719321,0.012023913970452084,0.0075844649733703695,0.0077240906865001565
118,0.056309786,0.058279455,0.086995214,0.08780828,0.027391022,0.038908087,0.03231392,0.049430892,0.6395795,0.6298754,0.031381022,0.03897015,0.12602958,0.0967277,0.056548215,0.05829696,0.08698511,0.08782084,0.027501909,0.03886515,0.03312413,0.049582362,0.63696235,0.62972367,0.031704083,0.038980186,0.12717418,0.09673082,0.098521516,0.07976852,0.0050738403,0.0054122973,0.0037096087,0.0063417903,0.20249914,0.22178891,0.49026665,0.47400105,0.0337101,0.04108932,0.15784931,0.14666665,0.008910421605335495,0.012184105237818998,0.006262392262257522,0.008294714785352202,0.011955814912904603,0.016709757726681543,0.013520736315613187,0.01385771050774209,0.009969112983809111,0.01425100832377021,0.007468354717894614,0.00884425787006434
119,0.064010106,0.06305771,0.094944246,0.12864599,0.022440365,0.028767996,0.064075135,0.044371143,0.59260464,0.58662426,0.04447814,0.03517383,0.11744735,0.11335906,0.06489767,0.06301139,0.09594971,0.12857577,0.022332378,0.028830506,0.06412111,0.04438886,0.5903311,0.5866979,0.04418943,0.035146907,0.118178606,0.11334863,0.08269471,0.117721975,0.005189248,0.0063272957,0.005013131,0.004795395,0.22043246,0.19733743,0.47607672,0.47141188,0.038600367,0.04083216,0.15781264,0.15207052,0.011371606151843013,0.011629629078087162,0.006957641569045559,0.007350662867301331,0.014361298051725938,0.01564967466808352,0.016215098169944778,0.016433378102197783,0.012362543483913255,0.014198582365545956,0.010020583737124363,0.00905437857134321
120,0.059882175,0.050113127,0.093522,0.08282257,0.035380505,0.031909782,0.042033944,0.062135193,0.6113752,0.6265973,0.031637628,0.034345143,0.12616847,0.112076946,0.06119356,0.05024472,0.09311101,0.08281377,0.03551282,0.03188261,0.042714987,0.062277224,0.6092178,0.62575525,0.031922475,0.034442086,0.12632737,0.11258432,0.10427465,0.07589906,0.0042026043,0.004084234,0.006411909,0.0041780323,0.20826454,0.2224097,0.4650146,0.49917752,0.03971012,0.03036898,0.15967807,0.1534872,0.009211243524805977,0.00895864544629123,0.0055237272278685365,0.0054658766270127,0.012162830819849497,0.015607961341681615,0.015776966093406213,0.014638912331870108,0.011718379918638167,0.011508016103717862,0.007943608964104223,0.007468801374123091
121,0.061729394,0.0645092,0.10027667,0.09542703,0.041724313,0.027298655,0.042303126,0.033704855,0.60946053,0.63150716,0.032685407,0.039515022,0.11182057,0.1080381,0.064733565,0.06470418,0.10043952,0.0954085,0.041532237,0.027301194,0.04323587,0.034864213,0.60528904,0.6300748,0.032800812,0.039684758,0.11196897,0.10796236,0.09024176,0.09564884,0.0038325277,0.004412351,0.005876,0.005135768,0.2199191,0.1780435,0.46516457,0.5237028,0.033813905,0.03350423,0.1653182,0.15519442,0.009956459884043206,0.012153881826823433,0.006482932903842045,0.00864824719283895,0.014074406774170205,0.014860858572279081,0.015069244919148161,0.013786598456292626,0.011175730611403808,0.012622396939620195,0.009028781796820382,0.009268230395495972
122,0.06614358,0.06421623,0.102158666,0.10845628,0.03278396,0.024457226,0.04471377,0.074722834,0.62415624,0.5744447,0.03156103,0.03733483,0.098482765,0.116367914,0.06669963,0.06415373,0.10287481,0.10869136,0.033259552,0.024705326,0.045939464,0.07491263,0.6198126,0.5735498,0.031874236,0.03751939,0.09953969,0.11646774,0.094028056,0.08735423,0.0037163913,0.008173894,0.0057775523,0.004028443,0.20928505,0.23609492,0.4789946,0.45720097,0.03953252,0.035681374,0.15968287,0.15370746,0.010604496440070695,0.012586499445586636,0.008118824842502594,0.009001105452857455,0.012802559778762572,0.015209644429125738,0.013793637596367675,0.014993217896498672,0.011907331634551937,0.012025340837489155,0.008651188284605347,0.009465762397045002
123,0.06342303,0.05170866,0.10884812,0.08577472,0.025151914,0.021773791,0.039237816,0.061012484,0.615743,0.62091726,0.035719696,0.036718253,0.111876436,0.12209477,0.064443454,0.05173337,0.109385855,0.085865885,0.025916532,0.021761013,0.04016603,0.060908023,0.6108212,0.6206175,0.036206003,0.036775142,0.1130609,0.122339055,0.10702488,0.083609305,0.0064157574,0.0035163253,0.0041475017,0.0032852823,0.20312384,0.21563171,0.46680692,0.4838714,0.040528677,0.03464594,0.1668515,0.16334762,0.010457049293785374,0.010403648356198999,0.006959373280669927,0.00682198098943373,0.011813442547051047,0.013144642670399302,0.016080832133804814,0.014310401197357776,0.010578804594658306,0.012706299600203827,0.009542423668142402,0.007605234127962313
124,0.05264237,0.047934078,0.089204386,0.08411386,0.027206317,0.02386389,0.05033343,0.06209097,0.6411955,0.6154929,0.026360858,0.04054888,0.11305716,0.12595539,0.05454714,0.048142016,0.09060615,0.08432904,0.027383637,0.023846095,0.05182139,0.062092967,0.6352646,0.6149994,0.026833659,0.04067404,0.11354346,0.12591638,0.089594856,0.081944786,0.003532235,0.006094106,0.0035320357,0.0041417503,0.21819676,0.22624362,0.47778848,0.47359446,0.033339735,0.041577354,0.16633706,0.15572347,0.01039455840629076,0.00956090574382644,0.006754920687718285,0.007293957341030132,0.012591593927801332,0.014584968128166472,0.014169942538030986,0.014070614053419864,0.010572526770364254,0.011488732510655532,0.008541200175744706,0.007980777871071307
125,0.06753663,0.048373893,0.092430234,0.08553594,0.029998833,0.024923239,0.048224572,0.05453553,0.60872704,0.6232537,0.02632635,0.03927996,0.12675634,0.1240977,0.070447184,0.048392784,0.0935142,0.08548698,0.030573403,0.024921032,0.049375992,0.054392163,0.60184187,0.6233353,0.026553648,0.039328724,0.12769373,0.12414304,0.09989541,0.08545369,0.004520632,0.0043880367,0.002653288,0.0057478347,0.22432804,0.21484797,0.46313924,0.4892679,0.028259296,0.034232818,0.1695083,0.1537315,0.010664488839795233,0.009096403574079816,0.006216704091873554,0.007707642422981999,0.013528431693516871,0.013184949609292099,0.015285331780687762,0.01445011950206675,0.011105827078602935,0.009844661414908772,0.009540154046414282,0.009241251714479336
126,0.05921967,0.057454284,0.08636697,0.08984824,0.03197243,0.035190847,0.0527944,0.04605945,0.6137773,0.620408,0.033160128,0.0434585,0.122709095,0.1075807,0.060756322,0.057674106,0.08703552,0.08987431,0.032042142,0.03518376,0.053229757,0.04685304,0.6093286,0.61928874,0.033932224,0.043538272,0.12367539,0.10758774,0.095951766,0.08966585,0.003139811,0.0037141577,0.0053129056,0.0047985353,0.22447394,0.20873746,0.46773332,0.4962116,0.035345778,0.03973664,0.15881461,0.14937854,0.009150378448351417,0.009947798076133274,0.006061464006916438,0.007053599145153419,0.011172047478615443,0.014300868538958497,0.014677625698585578,0.01372648315699008,0.010252770478536122,0.011643376916853474,0.00824978021603753,0.008357721460957649
127,0.07018362,0.058221396,0.10196525,0.091405064,0.029809698,0.03011448,0.032695487,0.05673244,0.62338275,0.6106185,0.03504198,0.038923915,0.10692125,0.11398423,0.07142298,0.058251552,0.10303643,0.091396235,0.029977797,0.030067012,0.03567393,0.0569587,0.6160299,0.61048234,0.035705604,0.038922448,0.10815334,0.11392175,0.11052823,0.09274654,0.0048498693,0.0043428037,0.002447185,0.0028408538,0.1923901,0.20802785,0.49005672,0.48558787,0.036162063,0.038073488,0.15565974,0.15980761,0.010739402339958539,0.010826560662650994,0.007630168460021195,0.006583640096857569,0.01393364713182193,0.015348437792568254,0.015799442902078117,0.013565474828029826,0.013072554974961893,0.010384243420238875,0.009706495057763767,0.008613255420390155
128,0.059654623,0.053732656,0.09214622,0.09156339,0.022481285,0.02664483,0.045608815,0.061549075,0.6363722,0.60431105,0.027894165,0.033413284,0.1158427,0.1287857,0.061110098,0.053741973,0.09270964,0.09156661,0.022711009,0.026679445,0.046565216,0.061546274,0.6316897,0.60422415,0.028564231,0.033427052,0.11665004,0.1288145,0.09585937,0.076070406,0.0048492616,0.004470944,0.002973216,0.006100707,0.2180896,0.22904775,0.48099306,0.48160437,0.03370251,0.034646817,0.15888211,0.15718774,0.009156451238412341,0.010426873851711182,0.0075292922142728,0.0065385113560922385,0.013368065694516422,0.013820399453538709,0.01442670504445603,0.01247346698899376,0.011344191478541368,0.011256810357840485,0.007822077343867992,0.0072881377093769505
129,0.06697785,0.060893606,0.1011425,0.0872144,0.027964551,0.031011572,0.034729693,0.053935062,0.6258087,0.6018919,0.031055707,0.04999879,0.112321004,0.11505471,0.06851801,0.060931757,0.10217809,0.08724287,0.028182201,0.031033207,0.03548119,0.054090206,0.6212862,0.6017082,0.031339508,0.049941197,0.11301473,0.115052626,0.09663746,0.08986272,0.0056785126,0.005118627,0.004666378,0.004074297,0.18805876,0.21175773,0.5022181,0.4778005,0.032777347,0.047452066,0.15549892,0.15314756,0.01045158426754458,0.01160225897059836,0.007539996345090832,0.007839353227160973,0.014150464211302791,0.015603665660538587,0.01416647995161255,0.0138123275848957,0.011569575349886183,0.01323074898118925,0.008350133605201515,0.009310183685749625
130,0.06054302,0.065739594,0.0973214,0.108514324,0.032653604,0.026567856,0.04094168,0.04763459,0.6119642,0.6078707,0.03288838,0.03789315,0.12368773,0.10577983,0.061874475,0.06579547,0.09843259,0.10820331,0.032727916,0.02666108,0.04101277,0.04779115,0.6087812,0.60781837,0.033447083,0.03794818,0.123723954,0.10578248,0.09970637,0.090949684,0.0061553316,0.0042989184,0.0065043946,0.003968075,0.19437422,0.19932723,0.47158083,0.49615666,0.037174527,0.034836583,0.16603294,0.15484054,0.010907020144683754,0.011176411661207046,0.006714914899387115,0.008051682222162272,0.013890584523755328,0.016163085309721433,0.013777292425127536,0.013656479521537607,0.011295918094671608,0.012693615572478103,0.00873713848384521,0.008852711486798115
131,0.07234302,0.06366645,0.11185215,0.1053231,0.041100096,0.02676274,0.037165336,0.049884487,0.5912496,0.5746988,0.038460527,0.0441304,0.10782929,0.13553402,0.07545168,0.063805796,0.11227099,0.104990736,0.041428644,0.026821163,0.038301535,0.050354455,0.58584523,0.5740944,0.039113615,0.044236835,0.10758828,0.13569658,0.1030313,0.093054615,0.0046667755,0.006429744,0.0060799834,0.0037983763,0.21204267,0.20901671,0.47018865,0.4715761,0.033826254,0.041453507,0.15929939,0.16146304,0.012473109427672872,0.008636293331313718,0.007529788477362917,0.0075400019228552325,0.014564554839118157,0.014457396831805924,0.013724859277007511,0.01456213074651966,0.012642142534382063,0.011889691161315339,0.008789716621611028,0.009045762009251584
132,0.06831274,0.07297155,0.11209403,0.09301571,0.023452107,0.028637383,0.041055433,0.052825935,0.6172315,0.5912986,0.025550544,0.038075384,0.11230363,0.123175435,0.06985329,0.07307753,0.11249771,0.0940157,0.023628214,0.028647168,0.041536953,0.05277225,0.61265785,0.5903179,0.026582204,0.038056515,0.11324379,0.123112924,0.10165316,0.08632998,0.004468355,0.0049102274,0.0034084767,0.0027566084,0.21040049,0.21504876,0.46179888,0.48699254,0.034158014,0.035221137,0.16953738,0.14574042,0.012176912401861816,0.012343579078675067,0.008982321837651694,0.008418659588377994,0.014921389816927106,0.017509283065488563,0.015115969146362866,0.014077019478719373,0.013100412607766579,0.012470560202649427,0.009071072591019504,0.008932594022728842
133,0.067996904,0.061127007,0.109209836,0.08826403,0.042923663,0.02490479,0.040422704,0.050176732,0.58253396,0.61845857,0.037838094,0.040107626,0.11907486,0.116961256,0.0698987,0.06162759,0.110717595,0.08847233,0.042894874,0.024867551,0.040065717,0.05042791,0.5768725,0.61694145,0.03922132,0.040282153,0.12032931,0.11738101,0.10105463,0.09286425,0.005466076,0.0055913427,0.0050059496,0.0036902735,0.20839281,0.2094746,0.46970114,0.4852312,0.036567397,0.03923793,0.1599524,0.14801301,0.01129957060106074,0.009823608988895748,0.008022324398806976,0.00704732059154297,0.015159289287616591,0.010900977320981636,0.013862921950044845,0.013864502538201061,0.012549064765615353,0.010808864267054975,0.008090912213019925,0.008193788905398604
134,0.071350016,0.07871014,0.08821358,0.11734156,0.036702365,0.04421072,0.03382033,0.052736104,0.63587874,0.5639286,0.03379389,0.037195727,0.100241065,0.10587712,0.07223522,0.07888285,0.088935874,0.11766446,0.036222503,0.04401478,0.034309,0.052753095,0.6342757,0.56338924,0.034000188,0.037296325,0.10002159,0.105999246,0.10311826,0.10694715,0.0038366725,0.0057902043,0.006455571,0.008584174,0.19218385,0.22375827,0.49371776,0.45083985,0.03356335,0.0415859,0.16203518,0.1396391,0.01093430313037581,0.014231210464595223,0.0072597126588117,0.009797255756062296,0.017581271725915136,0.01800776830841156,0.011622296034582296,0.015765329638654922,0.012476846860528764,0.014163167401423492,0.00708652108247627,0.00951538657130645
135,0.060401615,0.07167021,0.09472411,0.11368822,0.03309559,0.035660516,0.040580854,0.039604243,0.62444335,0.5892188,0.03637517,0.036240906,0.11037929,0.11391709,0.06108576,0.07216794,0.09491122,0.11364207,0.03303075,0.036048394,0.041002244,0.039744835,0.6206263,0.5880236,0.03652628,0.036437076,0.112817466,0.11393607,0.10068241,0.10943029,0.004197435,0.006821405,0.0041940315,0.005976371,0.20990607,0.2010187,0.4697008,0.4818858,0.03691066,0.037318233,0.15752777,0.15239148,0.009513084875419658,0.01214346087647387,0.007058303861732542,0.008668814426604176,0.012064001200549937,0.015335767045383888,0.012943674300779197,0.013180994000797497,0.011332717191047292,0.013154737520712527,0.008316938380715153,0.008474313867455638
136,0.07957229,0.058630656,0.11479048,0.089088425,0.03469537,0.031074766,0.040484868,0.062195934,0.575987,0.61167943,0.03744083,0.042931866,0.1170292,0.10439892,0.08141036,0.059190117,0.11468096,0.08949408,0.03592866,0.031170446,0.04204857,0.062765054,0.56995344,0.60910803,0.037805717,0.043657973,0.118172295,0.1046143,0.1062133,0.08731047,0.004163939,0.004913022,0.003906832,0.0052281423,0.19936442,0.21563143,0.49138117,0.48584044,0.039817937,0.038434863,0.1438023,0.15065998,0.01238671177123317,0.01129168270834479,0.008007357964646258,0.008922867688531816,0.014268241166956677,0.014405278591309379,0.01492404503772918,0.01393864335493226,0.01270501554806989,0.011963007801771246,0.008156757856347561,0.008908481112626444
137,0.065391205,0.07471441,0.10206199,0.11596737,0.03235803,0.029529149,0.035971627,0.04455228,0.61889124,0.5901145,0.035068393,0.04001441,0.11025754,0.10510795,0.067056224,0.07474419,0.10215636,0.11606365,0.03364739,0.030016672,0.036511738,0.044438396,0.6148253,0.5887669,0.03484898,0.040110923,0.11095399,0.10585932,0.09421395,0.099666096,0.006039174,0.0077671036,0.0048504374,0.003935674,0.20396689,0.21054798,0.48832604,0.4767898,0.035668198,0.03947381,0.15126881,0.15210545,0.011524977800566605,0.010338471482444904,0.007380819216022052,0.007917389331907955,0.015077862573652614,0.016461891456873677,0.015188542012664034,0.014330450903256674,0.011647134683694792,0.01247745784675587,0.009649357876746856,0.008018126906298221
