,m1_anger,m1_anger,m1_disgust,m1_disgust,m1_fear,m1_fear,m1_joy,m1_joy,m1_neutral,m1_neutral,m1_sadness,m1_sadness,m1_surprise,m1_surprise,m1m_anger,m1m_anger,m1m_disgust,m1m_disgust,m1m_fear,m1m_fear,m1m_joy,m1m_joy,m1m_neutral,m1m_neutral,m1m_sadness,m1m_sadness,m1m_surprise,m1m_surprise,m2_anger,m2_anger,m2_disgust,m2_disgust,m2_fear,m2_fear,m2_joy,m2_joy,m2_neutral,m2_neutral,m2_sadness,m2_sadness,m2_surprise,m2_surprise,m3_anger,m3_anger,m3_disgust,m3_disgust,m3_fear,m3_fear,m3_joy,m3_joy,m3_sadness,m3_sadness,m3_surprise,m3_surprise
group,ai,control,ai,control,ai,control,ai,control,ai,control,ai,control,ai,control,ai,control,ai,control,ai,control,ai,control,ai,control,ai,control,ai,control,ai,control,ai,control,ai,control,ai,control,ai,control,ai,control,ai,control,ai,control,ai,control,ai,control,ai,control,ai,control,ai,control
t,,,,,,,,,,,,,,,,,,,,,,,,,,,,,,,,,,,,,,,,,,,,,,,,,,,,,,
0,0.057247896,0.05436952,0.07841583,0.08513464,0.037966978,0.041073684,0.0490009,0.049231894,0.6251914,0.60749185,0.029855072,0.03445661,0.122321956,0.12824184,0.058042277,0.054369774,0.07700598,0.08513497,0.040651474,0.041076124,0.049997065,0.04923154,0.62064767,0.6074918,0.030959591,0.03445782,0.12269594,0.12823798,0.091736205,0.08424449,0.0033160946,0.0053698183,0.0051535997,0.0061297724,0.21013017,0.21692957,0.4629389,0.46705613,0.03318238,0.03558644,0.17212862,0.1685942,0.009145909212536732,0.012218525542693905,0.005470345211764042,0.007522254962510215,0.013951331964170009,0.01633069481382651,0.016380202526959174,0.01462593192207544,0.010761430186576217,0.012133141017438835,0.009713898161550027,0.009138377946736487
1,0.032153755,0.059452962,0.043525886,0.10327088,0.037234597,0.043581646,0.06884112,0.06314944,0.69036555,0.5936811,0.027814494,0.037390444,0.10006455,0.099473536,0.032798916,0.05946109,0.04358115,0.10325269,0.037926883,0.043589223,0.06921396,0.063149,0.68720365,0.59368175,0.028259587,0.03739278,0.10101585,0.09947347,0.062603176,0.082786694,0.0026987751,0.005343661,0.0058099525,0.006343124,0.26127958,0.23758703,0.45109865,0.45573363,0.030217128,0.035703138,0.17377236,0.15883754,0.007950939125747961,0.012127382258050682,0.005761988417086195,0.008288506350537657,0.012461387266852328,0.016391742189729313,0.015224042147881601,0.014776615656663127,0.00788693753560684,0.013707513917014101,0.008646388116642461,0.008520600809515565
2,0.051616415,0.05956563,0.079694554,0.097568825,0.041687634,0.042359054,0.052520227,0.049237035,0.648821,0.57980263,0.016835546,0.039817683,0.10882462,0.13164917,0.05184228,0.05956964,0.07950995,0.0975779,0.0414148,0.04235925,0.053347986,0.049237013,0.648461,0.5797897,0.016912613,0.0398179,0.10851135,0.13164863,0.0806589,0.08896597,0.003277719,0.0040302733,0.004666797,0.0068791755,0.24490486,0.22390105,0.4533538,0.4512594,0.018002352,0.042009596,0.1764326,0.16169356,0.0085402624829634,0.010149062675692041,0.006809632174585323,0.00587495798066618,0.013399648073703429,0.01530221174521456,0.013468393805781327,0.013443088269985522,0.01119596452475917,0.01284260064620695,0.007689960840876045,0.007715635988396697
3,0.03443172,0.063211754,0.06400219,0.09467969,0.038631238,0.022570731,0.06581136,0.044320356,0.63759726,0.6258822,0.025149284,0.032417223,0.13437696,0.116918065,0.034978885,0.06320643,0.06375486,0.09466823,0.03911019,0.022552676,0.06642818,0.044332057,0.6348253,0.6259136,0.02530555,0.032417707,0.13559704,0.116909295,0.07589285,0.09103617,0.0033222798,0.004837949,0.00952323,0.0030953027,0.26929188,0.2118747,0.42712626,0.48204088,0.032092657,0.03292952,0.17307033,0.16300519,0.007732690434248413,0.011199904276016023,0.0051792002071074554,0.0069911732260740074,0.013168562427948062,0.016285092630585855,0.014524607451589797,0.013019361529007937,0.011281268273721742,0.01137990370097892,0.007976064877991264,0.008930083180776453
4,0.032460175,0.05665122,0.05410151,0.09745137,0.042347144,0.030257126,0.048784345,0.051173925,0.649028,0.6032627,0.03147391,0.037389096,0.14180487,0.12381454,0.032896794,0.05665055,0.054161873,0.09745131,0.04226572,0.03027118,0.049284652,0.05117171,0.648038,0.603257,0.031710315,0.037389793,0.14164263,0.12380844,0.07322057,0.09130352,0.0036986864,0.0042699985,0.008851282,0.007001851,0.22681715,0.22556345,0.4812803,0.47037372,0.029892892,0.03553621,0.1659845,0.15122986,0.0061541184972141285,0.009330500999337629,0.00610122722869058,0.006052554771541319,0.010878968031304346,0.014002332815915126,0.015316537899817427,0.013582274870514827,0.007912567577266102,0.011701369862654697,0.006711971634658684,0.008230254116827465
5,0.05390447,0.044960488,0.09094647,0.076094225,0.030228663,0.043486174,0.062155597,0.059079174,0.59246045,0.62530154,0.020310365,0.03736757,0.14999399,0.1137108,0.054693326,0.044952795,0.09078687,0.07606787,0.03016057,0.04348884,0.06313603,0.059081435,0.59140974,0.6253085,0.019492783,0.037370935,0.15032068,0.113729626,0.07792786,0.07562184,0.004711433,0.0045355964,0.01034657,0.006982073,0.22980967,0.23661052,0.4585016,0.4701166,0.02974694,0.033631586,0.1811436,0.15668188,0.010028017288390872,0.01037680758999913,0.008076902599049102,0.006854974830342885,0.01181926812787436,0.015775958805585712,0.016954050472552763,0.015568304855690942,0.013567091851233408,0.011814058670562894,0.009179404337789965,0.00987114249474693
6,0.041061062,0.066959724,0.073038764,0.12007111,0.039860703,0.03378089,0.06866335,0.037969917,0.6345926,0.6003692,0.024366764,0.039976828,0.11841672,0.10087235,0.041673917,0.0669606,0.07276337,0.120074816,0.039962016,0.03378134,0.06889802,0.037969243,0.6336929,0.6003666,0.024625286,0.039977174,0.118384495,0.100870214,0.08222665,0.10230877,0.0032206273,0.0048352107,0.005570167,0.0053230785,0.24140823,0.21461599,0.4499125,0.47641358,0.026206098,0.04122263,0.16996433,0.1485054,0.008490362001202121,0.012224552124197052,0.006196344535908005,0.00867477108685484,0.014341401592993417,0.01569630231075938,0.012615150806669407,0.013236076520671047,0.010060918977374668,0.013363928988326564,0.007676916204175181,0.008388344889687493
7,0.033879437,0.056868084,0.06373947,0.09024018,0.020622939,0.02879546,0.09034243,0.048875216,0.6575535,0.6147037,0.019963037,0.03936272,0.11389917,0.12115463,0.034360602,0.056868084,0.06400672,0.09024017,0.020412153,0.02879546,0.09156677,0.048875224,0.6554121,0.6147037,0.020049877,0.03936272,0.11419182,0.12115463,0.07301096,0.086810775,0.0022284943,0.003972486,0.00244758,0.003569115,0.2806079,0.22013964,0.426727,0.48008004,0.022587871,0.039288852,0.17301649,0.14719836,0.00593749926668374,0.011218695901037638,0.005123411741479635,0.006763033495919126,0.007955453328470717,0.014168522920021359,0.01756980972288337,0.015189877410072767,0.010172677920703923,0.012755731461035652,0.0076852127977247555,0.009627607949182633
8,0.036283303,0.05653692,0.07107859,0.09678164,0.036019675,0.04412692,0.06745605,0.0340981,0.63488966,0.6143209,0.019125411,0.032806262,0.13514729,0.12132927,0.036374554,0.05653692,0.070543796,0.09678164,0.03583125,0.04412692,0.06762899,0.0340981,0.6338819,0.6143209,0.01922229,0.03280626,0.1365172,0.12132927,0.072670706,0.08700645,0.003494316,0.0062349862,0.00967479,0.008761832,0.2686976,0.19631705,0.41281623,0.49901938,0.023571137,0.035592094,0.19087589,0.15198515,0.010993575814320665,0.00999589409197122,0.006972147610962574,0.006736949464206192,0.014424248846278437,0.01239204295313492,0.019278492705177046,0.012382936865312374,0.01078450896551508,0.010383866233534152,0.009566258216961067,0.007906955620185407
9,0.03528401,0.07439924,0.062811576,0.12105597,0.023828967,0.033431977,0.05014486,0.050148945,0.6611327,0.5733735,0.03256071,0.03400306,0.13423714,0.1135873,0.03542102,0.07440114,0.06283748,0.1210503,0.02377297,0.033477794,0.050427943,0.050149307,0.66038257,0.5733655,0.032594264,0.034003366,0.13456377,0.113552585,0.06636655,0.10495186,0.003572622,0.0053328522,0.0032549144,0.0047629667,0.23915622,0.2324204,0.46512124,0.45093805,0.03163185,0.042501643,0.17642573,0.14898986,0.006848661728215514,0.01393396295819961,0.0044594972326547026,0.007944578933903042,0.010130304086963037,0.016480486588173505,0.013015034689270285,0.015720942000794786,0.010723105400975458,0.013402268858914032,0.00776063150036147,0.0077919025021938705
10,0.03429154,0.04842259,0.056229394,0.09946413,0.029815549,0.023759918,0.07321034,0.06576311,0.63986623,0.6153924,0.026160385,0.034748293,0.14042652,0.112449564,0.0350777,0.048428234,0.05688612,0.09945779,0.0297004,0.023759432,0.071370244,0.06576917,0.64069504,0.6153777,0.02627935,0.034750223,0.13999116,0.11245748,0.058541298,0.08593984,0.0045214836,0.004933045,0.005986815,0.00475192,0.24764234,0.22025275,0.45006427,0.46637928,0.02673573,0.04088364,0.18245085,0.16224463,0.006807964269339268,0.010250335510462326,0.005957048924982777,0.007146559803438348,0.009968413845739023,0.013257973794309826,0.015645417586944,0.013924545161556562,0.009416256709725738,0.010314288480607151,0.00907626627659363,0.0074649581984986045
11,0.04984648,0.069444284,0.08211145,0.10491888,0.04227131,0.033508103,0.05670511,0.0431477,0.6431632,0.60207283,0.02372293,0.03522087,0.10217952,0.11168732,0.050211094,0.06944333,0.082062446,0.10491854,0.043588553,0.033514425,0.057212297,0.04314785,0.64037114,0.60202825,0.024118919,0.035227355,0.10243555,0.11172023,0.09146085,0.09364681,0.0031102563,0.0036422482,0.003946649,0.0031665268,0.20830934,0.19789712,0.4708367,0.49273178,0.027624972,0.03209505,0.18220444,0.17000137,0.009343975405456317,0.011850134910027121,0.005986080302398451,0.007776517997480281,0.014526992702485003,0.01650369113479911,0.015329948884600623,0.013948677721214905,0.010712199656921663,0.014634508151677422,0.00774466654803252,0.009066262331311921
12,0.038334765,0.052214973,0.0560681,0.085920006,0.031549737,0.027287863,0.06564406,0.05790224,0.64554095,0.62358063,0.03528906,0.034110695,0.12757336,0.1189836,0.038910717,0.052214626,0.055790953,0.08591943,0.031846065,0.027287694,0.06608463,0.057902347,0.6434979,0.62358254,0.035541758,0.034110628,0.12832803,0.11898275,0.068688296,0.08874384,0.002908192,0.004849803,0.004453326,0.0046525095,0.25269398,0.22888911,0.453886,0.4511576,0.030091917,0.034950227,0.16404334,0.16873986,0.0074059918382978025,0.01070625870080962,0.004560743330914893,0.006399036468561325,0.011921017587937859,0.013133194172422738,0.014785053201625915,0.01758800739711817,0.010487741730773525,0.013703284013936886,0.007868089152414114,0.008333365943246403
13,0.05265135,0.072090946,0.07922003,0.09661409,0.04306062,0.038775392,0.05632281,0.056007914,0.6201691,0.5857216,0.021275235,0.03775023,0.12730087,0.11303976,0.05312621,0.07217755,0.07914981,0.09661534,0.04334332,0.038916063,0.056845397,0.05600956,0.6173436,0.5854873,0.021475067,0.037752062,0.12871659,0.1130421,0.08477967,0.09176614,0.0048651383,0.003610782,0.0074809887,0.0062279487,0.23567778,0.2076237,0.45570228,0.4707501,0.029612666,0.040329177,0.16838202,0.15933047,0.009004882828424854,0.012848512564282412,0.005174899869618622,0.007665874966626854,0.012417529510501263,0.015679611392918198,0.014858315018061969,0.016833783829876974,0.011367082835794202,0.012283139597947005,0.009162942272119869,0.0102762201337823
14,0.039570738,0.0471531,0.068017304,0.08090638,0.033112362,0.04478249,0.06000897,0.05797148,0.64690566,0.603717,0.027079469,0.039149467,0.12530553,0.12632002,0.03977191,0.047153108,0.067840815,0.0809056,0.03322468,0.04478221,0.060691345,0.05798587,0.64556307,0.60369694,0.027588358,0.039149426,0.12531981,0.12632684,0.077581495,0.0857515,0.0030991053,0.004493911,0.004778618,0.004265684,0.23778659,0.22162703,0.46529773,0.46440297,0.029924568,0.03714891,0.17081127,0.1730757,0.011084145402182085,0.011798610539600367,0.00629227951909409,0.007900234233344766,0.014102057985509958,0.017203916607785474,0.016647346595625806,0.011854087818272078,0.012571698516977666,0.01277926631910905,0.007666975881295605,0.008174336521632715
15,0.03704068,0.058811277,0.06300717,0.0866022,0.025126467,0.030334502,0.057652775,0.037163034,0.66365457,0.6306686,0.039836746,0.0474007,0.1136816,0.10901975,0.037130605,0.05881083,0.062832154,0.08660143,0.025177069,0.030335192,0.05761048,0.037170693,0.66249317,0.63064635,0.04041659,0.047400597,0.11433992,0.1090349,0.076020025,0.083433904,0.0026596996,0.0043688226,0.0025812252,0.006552849,0.23575766,0.21061549,0.45683965,0.48040852,0.03628505,0.040172912,0.16891399,0.16253738,0.007105123485186344,0.011400235852989472,0.005182264632075475,0.00692076312528237,0.011929915964431046,0.01420332461289595,0.014832424873726758,0.015073543025418192,0.010589516943667606,0.012220262790518603,0.008065194642215733,0.009175507239751947
16,0.042169835,0.057102762,0.06731017,0.08435701,0.029432878,0.03789438,0.05987243,0.06052576,0.6506571,0.6087784,0.033570632,0.0358153,0.116987,0.115526356,0.04307202,0.057100143,0.06758162,0.08437227,0.029530114,0.037913635,0.06022623,0.06052477,0.6480461,0.60869753,0.033805322,0.035864566,0.11773858,0.11552709,0.0823987,0.08767157,0.003201041,0.00518371,0.0024890949,0.006274713,0.22213353,0.22017545,0.4642295,0.4595323,0.030724771,0.03490536,0.1732347,0.16296835,0.007690595419321749,0.011803222094139849,0.005417312365498586,0.006104523293024485,0.012761812317540729,0.01481939180669443,0.014309140828586154,0.015239139895730471,0.009803602923910115,0.011718757085939037,0.008423025194660066,0.009154741251085528
17,0.047293592,0.05031516,0.0774848,0.08978663,0.034743182,0.030089756,0.053090047,0.045959625,0.64489037,0.63197225,0.03217997,0.037648283,0.110318,0.114228316,0.047790967,0.05029875,0.07758711,0.089824475,0.03516131,0.030056046,0.053413272,0.04599244,0.6430049,0.6318184,0.032185454,0.037831295,0.11085701,0.114178576,0.08685742,0.09117477,0.0038987552,0.0033940568,0.0033284647,0.0031769655,0.23933247,0.1949872,0.45842347,0.51234233,0.03588359,0.03962353,0.15847841,0.14497343,0.00946129663087408,0.010301604720719955,0.006230868980871664,0.006331247146701772,0.013942932391559516,0.01550099669500324,0.016140770636086408,0.014976533674523918,0.01203783504499983,0.012060317524722867,0.00800664068385565,0.008493810381502796
18,0.037828743,0.062032245,0.05652389,0.090224035,0.025664616,0.029703055,0.048090212,0.057135828,0.6773489,0.6041296,0.0267149,0.03880245,0.12782872,0.1179728,0.038338184,0.062047396,0.05602901,0.090205,0.025776956,0.029703116,0.048213392,0.057137314,0.6754302,0.6042021,0.027221583,0.038742576,0.12899068,0.117962524,0.068678975,0.08487719,0.003293835,0.0036652302,0.005671195,0.0042551616,0.24339247,0.2177554,0.46274272,0.47370088,0.0266529,0.037807077,0.18388332,0.16044363,0.0073851050377211165,0.011987848219049775,0.004253036267349592,0.007317929100886867,0.010622550755201826,0.015106143646958326,0.012351436491856969,0.015330147455869967,0.00942303283216462,0.01315844087276863,0.008966444548513381,0.008044192973910916
19,0.030993551,0.039035063,0.057926398,0.06733542,0.024668641,0.028677987,0.052321706,0.05337964,0.6660228,0.6516486,0.032897662,0.03731847,0.13516924,0.12260481,0.031644784,0.039023932,0.05811528,0.06734573,0.0247373,0.028697308,0.05286199,0.053401805,0.6632879,0.651613,0.03300755,0.037320144,0.13634528,0.122598074,0.075179584,0.07614007,0.0049083484,0.0032514844,0.003351725,0.006326659,0.23471832,0.21298297,0.46126306,0.47457045,0.036709312,0.034310184,0.1671236,0.17526098,0.007120442800114986,0.008716000558762625,0.005718783523392336,0.005386672270287665,0.01147350141712762,0.013015159044193123,0.013305071280650567,0.015310551559253857,0.010580990266615084,0.012962990892997735,0.008123102425750501,0.009701211017606336
20,0.037928883,0.05410413,0.07631274,0.09948358,0.028533215,0.0366704,0.044982277,0.05419636,0.65031904,0.6060429,0.0296662,0.03874988,0.13225767,0.110752694,0.038466662,0.05408721,0.07636501,0.09946601,0.028824229,0.036679644,0.045098573,0.05419895,0.6481928,0.6059926,0.030423446,0.03876299,0.13262929,0.11081259,0.07414873,0.09086182,0.0026998294,0.0042484566,0.005135107,0.0040959064,0.20483126,0.22252627,0.47954988,0.46570393,0.032440647,0.041067798,0.18629833,0.1549744,0.007418280191787206,0.010481462050397518,0.005571710447515174,0.007577143445093531,0.011324099475500279,0.015257629305071397,0.014862586710036511,0.016092120630468536,0.008894222286542705,0.011592639675432614,0.007201571830511835,0.00879363554637873
21,0.042413104,0.056788933,0.074727274,0.09141376,0.062364187,0.032464873,0.053433463,0.042510133,0.6118833,0.6173329,0.028827347,0.041335527,0.12635134,0.11815393,0.04289047,0.05679009,0.074570835,0.091414385,0.062648654,0.032464422,0.053488486,0.04251034,0.6100794,0.6173487,0.02934101,0.04133589,0.12698115,0.1181362,0.071258515,0.09450012,0.00466694,0.005418342,0.011912768,0.0046020797,0.22792646,0.20428672,0.43733707,0.48759666,0.031699516,0.033636756,0.19279267,0.15226601,0.00948930177994578,0.010966248507561846,0.007126544580942093,0.005953887584637825,0.01607708571052586,0.014085651122082123,0.01550653263027148,0.015540862688806516,0.012904327286184188,0.011400855823047064,0.007676971640261286,0.008216009480614343
22,0.043023005,0.062902965,0.07358084,0.09762889,0.026225444,0.032832038,0.052112017,0.040195443,0.64383906,0.6215564,0.031931233,0.03665303,0.12928838,0.108231224,0.043296885,0.06285512,0.07328296,0.0976768,0.026786325,0.032831587,0.052237995,0.040196165,0.642407,0.62156147,0.032165986,0.036657225,0.12982282,0.10822165,0.07645616,0.098453134,0.003357574,0.004307079,0.004271706,0.006474989,0.21815495,0.2070378,0.48179308,0.48187083,0.032277383,0.03698198,0.17290792,0.15102531,0.00886592631253443,0.011928103859858978,0.006361927062280701,0.007530350592005072,0.012098095044564576,0.015475528520516197,0.013093025939865345,0.013952669888910457,0.010336034145300342,0.012830174317308127,0.007451703188351702,0.009352404955427959
23,0.038815655,0.061550327,0.057366423,0.09345778,0.031177625,0.028129026,0.0574257,0.04481368,0.6530369,0.61769944,0.030387435,0.042744976,0.13179027,0.11160476,0.039152574,0.061558567,0.056834795,0.093473375,0.031120935,0.028138757,0.05776308,0.044849902,0.65031517,0.6176243,0.031540297,0.042745642,0.13327315,0.11160944,0.07864925,0.0953966,0.0027284387,0.0028053382,0.0044227815,0.0050243353,0.25039682,0.21472451,0.4475176,0.47716016,0.032932453,0.039744087,0.1717121,0.15381138,0.007676012216745872,0.011737348706404234,0.004611138765300583,0.0077051419123926965,0.010469977025361722,0.015484507141938537,0.014995867294083927,0.015811225795574754,0.011053227829292564,0.013931982019621978,0.008662111477613353,0.009379194690979845
24,0.04194636,0.06788047,0.061453182,0.0816393,0.023742424,0.039704043,0.06507896,0.046002876,0.66571045,0.6165812,0.023552278,0.04095941,0.118516326,0.10723272,0.04219955,0.0678708,0.061436065,0.08165133,0.023916401,0.039662674,0.065553285,0.04601613,0.6641523,0.6163205,0.023804294,0.04103729,0.11893808,0.10744128,0.07762126,0.091768876,0.0041398443,0.003978739,0.0016774579,0.0056479145,0.24364829,0.21003951,0.4613936,0.48604622,0.022280697,0.0368516,0.1771508,0.1568908,0.009022464861119427,0.010549521781043701,0.00604896847154488,0.00695534808690036,0.011490347655128094,0.013534575894931743,0.014501794520699671,0.012132228797017766,0.00955424362289134,0.01262313337772931,0.007797102892023126,0.008813610727446183
25,0.045138936,0.046468303,0.06769456,0.078386866,0.028217472,0.024032846,0.055093516,0.07711471,0.6543035,0.6316693,0.024851765,0.040331855,0.12470025,0.101996124,0.04567161,0.046473783,0.06751973,0.07838806,0.028196251,0.024035906,0.056263503,0.0771628,0.65169144,0.6315927,0.025110349,0.04033358,0.12554711,0.102013186,0.07811254,0.08547016,0.002770326,0.0031986686,0.008626038,0.004163632,0.23299244,0.25391755,0.45845976,0.45010683,0.02986847,0.03180599,0.17234287,0.15698239,0.00733363894302474,0.008430530663180969,0.004198704183306645,0.006418526752268978,0.010791764174331534,0.012264335010017228,0.014666090996125413,0.01538935243797015,0.010393817765675118,0.01050673107276802,0.009782968537202855,0.007787461344619249
26,0.04368382,0.05631075,0.071072996,0.09365561,0.030633727,0.035674185,0.050706595,0.056217525,0.6650108,0.5923644,0.025913443,0.0439002,0.112978645,0.12187735,0.044205762,0.056306973,0.07122602,0.09365741,0.031256635,0.03567315,0.050982997,0.05622211,0.66312367,0.5923732,0.025951011,0.04390181,0.1132539,0.12186534,0.08614181,0.081450425,0.0030311253,0.0039149937,0.004620046,0.0068547153,0.23526922,0.23455757,0.4616137,0.44964918,0.02744517,0.0382586,0.17635372,0.16897373,0.007153073300027554,0.009694307076100854,0.006700978439038845,0.006294398271397471,0.012098477588907695,0.013415824664301275,0.013430043237442514,0.01565743059671509,0.009906478079730194,0.01081845897910149,0.007180453499322672,0.008905459352420134
27,0.03429374,0.059685737,0.053785924,0.09680391,0.024944276,0.031237615,0.07520534,0.04523485,0.66757524,0.58652,0.02989636,0.045660537,0.1142991,0.13485733,0.034973364,0.059685815,0.053759106,0.09680389,0.02428848,0.031237587,0.07626233,0.045234285,0.66489905,0.5865186,0.031052373,0.045660734,0.114765294,0.13485911,0.06719311,0.08534642,0.0021058249,0.0042989873,0.002735545,0.0044517536,0.25034434,0.21347325,0.44315144,0.4790362,0.03180054,0.04259927,0.18282542,0.15761189,0.009011050908141065,0.010845711989792855,0.005427521928584289,0.008032836003168849,0.01299134123629065,0.013675850425286757,0.014935572042093401,0.013953524747686566,0.009852604276330109,0.01316738754008544,0.007970076052160937,0.007677162982848227
28,0.038829677,0.058323473,0.074053556,0.08245911,0.043679904,0.024671657,0.052531876,0.042663652,0.64083755,0.64860994,0.028201208,0.030034268,0.12186624,0.113237895,0.038995363,0.058488324,0.074048825,0.0823978,0.043711986,0.024687389,0.05313206,0.042662293,0.6392835,0.6484573,0.028599078,0.030076364,0.12222919,0.11323056,0.07464777,0.08695207,0.0034179823,0.003274426,0.008785322,0.005314593,0.21626112,0.20376217,0.48225492,0.4874501,0.029160306,0.028912898,0.17263658,0.1737323,0.007309782507375301,0.011618397591104043,0.0054045613825148085,0.0065517917166157,0.012233589997320878,0.013123887101354413,0.014413600876964416,0.01348200134456125,0.010932484395023317,0.01243135035121332,0.007995566700748417,0.008294851053998915
29,0.043641157,0.04674138,0.072311334,0.07894136,0.029879797,0.033556744,0.056201488,0.06301582,0.6427736,0.62868804,0.039188057,0.038490072,0.11600455,0.11056658,0.043920435,0.04685909,0.07236743,0.07883156,0.030261885,0.03355902,0.05629178,0.063054204,0.64073586,0.6286697,0.039699588,0.038492862,0.11672302,0.1105336,0.08742171,0.07517194,0.003067659,0.0040559913,0.004223207,0.0055710617,0.22560258,0.22395092,0.46578106,0.48266995,0.034997467,0.037460875,0.16865192,0.1565252,0.009689666283012741,0.008921611455509426,0.005356188182081941,0.006881500639882921,0.013392690915401066,0.012677109623862046,0.013435364572693325,0.014056981615615511,0.011483414204581942,0.00994686574851083,0.008219920730552962,0.007930037369798486
30,0.038748953,0.05676589,0.0724153,0.09167303,0.04276302,0.031545047,0.06451018,0.049740095,0.62994623,0.60413605,0.029815879,0.04302621,0.12180041,0.12311369,0.03915354,0.05676432,0.07242687,0.09166953,0.043514322,0.031554222,0.066090256,0.04973952,0.62677544,0.60413074,0.030111944,0.04302636,0.12192759,0.1231153,0.07637988,0.083997615,0.003693206,0.005340058,0.008856544,0.0055327783,0.23231602,0.20899442,0.45941454,0.4758242,0.033555284,0.035184927,0.16785985,0.16644968,0.01029403144649951,0.011500626923483819,0.006905569918093386,0.00882748849137467,0.014749818601350089,0.015854127935979418,0.016285402943728683,0.0163667368041704,0.013591411699241255,0.012419357304694019,0.009761676905912335,0.009761324870158117
31,0.04634858,0.06478135,0.08663408,0.09700483,0.033223443,0.030833283,0.05445917,0.05408773,0.62535286,0.6173152,0.024951553,0.043071616,0.12903033,0.09290599,0.046508834,0.06478005,0.08666879,0.09700348,0.033361197,0.030826716,0.05468065,0.054087143,0.62463343,0.6172725,0.025104366,0.04315823,0.12904279,0.09287191,0.08304584,0.09544799,0.0037338266,0.0038962415,0.0047081914,0.00466686,0.23334843,0.22509444,0.4673171,0.4569691,0.029824888,0.040728718,0.16365057,0.15906218,0.008417071777774983,0.012854352357143264,0.006590328639424848,0.008289477806934452,0.0118731228376494,0.015673955748674962,0.015661669483423676,0.014909051588562813,0.010746090151134037,0.012687061201024271,0.00876758233885953,0.009414410941974247
32,0.05093611,0.054927684,0.091051295,0.096349075,0.032968346,0.02734873,0.043098975,0.052839488,0.64830196,0.59687424,0.019598052,0.046247527,0.11404527,0.12541322,0.05112431,0.05497457,0.09107633,0.09635281,0.033334795,0.027349243,0.043348223,0.052845534,0.6457132,0.5968268,0.019741667,0.04624861,0.11566148,0.1254024,0.0839888,0.08433047,0.003453412,0.005694309,0.0047290744,0.0030376657,0.21897186,0.2271433,0.4777892,0.45098695,0.025229799,0.041808914,0.17051795,0.17245764,0.008782519323054018,0.010440607682483493,0.0053918632143162715,0.007409754367312915,0.0128159694081935,0.014815903334176646,0.014124400812313535,0.015982631214707964,0.010921201449777504,0.013015903449750161,0.007720589105132644,0.008835438856035015
33,0.03763897,0.058589227,0.076932535,0.08865372,0.028241128,0.032153077,0.05970268,0.036868926,0.6454432,0.6205986,0.02614003,0.033369202,0.1259015,0.12976718,0.038105253,0.05859273,0.077151366,0.08864957,0.028354477,0.032087483,0.05966002,0.036824647,0.6438103,0.6206478,0.02630199,0.033376127,0.1266166,0.12982169,0.08639166,0.09872014,0.004692758,0.003659201,0.0038998472,0.002639967,0.21335739,0.1904089,0.47026536,0.49212155,0.030989021,0.038197044,0.1802747,0.1647487,0.008439620671438304,0.011374436401008037,0.005140974682904036,0.005965729115329288,0.013336937780037507,0.014602261966359456,0.013980784918199894,0.013158364606616806,0.012469131023263044,0.010726787133637393,0.007514095989464459,0.0095815865536647
34,0.04420334,0.072272636,0.08042671,0.11477009,0.037573773,0.03677257,0.04687159,0.045257453,0.6503203,0.5899872,0.029651647,0.04050673,0.110952646,0.100433305,0.044952817,0.07227102,0.08032847,0.11476304,0.037906818,0.036785718,0.047653325,0.045259003,0.64763004,0.59001094,0.03043636,0.040497813,0.11109217,0.100412436,0.08605193,0.11594377,0.0034031249,0.00578144,0.0072124186,0.0058501805,0.22199674,0.20398694,0.4644525,0.45718488,0.027338376,0.040222876,0.17443056,0.1592689,0.008086214204146524,0.011999004043803923,0.005079606802038477,0.007521391652866151,0.012608192618560308,0.018629777121855318,0.01484932170640564,0.013702863512699294,0.010777551946223464,0.013949220727001374,0.007450941708473792,0.008122754844581677
35,0.04194345,0.06172873,0.07126478,0.08417454,0.03254516,0.027998995,0.0559773,0.045091603,0.6291203,0.6314745,0.033001,0.032174166,0.13614804,0.11735742,0.043215588,0.061729774,0.07160137,0.08417942,0.03269687,0.027998962,0.05680285,0.045093026,0.6265532,0.6314728,0.033353414,0.03216736,0.1357767,0.11735863,0.072313175,0.09839858,0.0033770194,0.0034898426,0.003699769,0.005030877,0.23023638,0.19917896,0.45132896,0.48931816,0.03365159,0.034087826,0.1854781,0.16203895,0.00951967973825846,0.010689525364155574,0.006447035476681734,0.006077696551458058,0.012634342001989984,0.014321538621599995,0.014999167129463418,0.014918669080399485,0.010904081804665865,0.012445436557470156,0.008817868956425754,0.009254075082307323
36,0.04113769,0.06620678,0.07561072,0.08827891,0.028846148,0.036011167,0.07178684,0.048631705,0.6364839,0.6045624,0.024691885,0.039552,0.1214428,0.11675705,0.04194106,0.06621104,0.075748675,0.08827926,0.028729813,0.036011636,0.072892815,0.048633028,0.6348574,0.6045523,0.024767386,0.039554764,0.121062845,0.116757944,0.066306874,0.084809266,0.004235482,0.0049722125,0.0053682085,0.006238956,0.26037866,0.20280159,0.45188645,0.4803531,0.027691238,0.034492236,0.16442847,0.1672893,0.0068877724488375066,0.011346285766311933,0.004985055319199831,0.007467659732388204,0.012079544203637422,0.01667443676671614,0.013944023864224307,0.012548917027345364,0.008712388801463244,0.013282654154098565,0.007000386847256191,0.008951287552163349
37,0.055675376,0.047215078,0.08834739,0.087032996,0.028625498,0.028649436,0.03944274,0.051290393,0.6539368,0.62318,0.026163789,0.038918514,0.10780846,0.123713665,0.056633532,0.047213774,0.08833477,0.087029405,0.02885915,0.02859484,0.040282395,0.05128219,0.6505648,0.623274,0.026429005,0.03891769,0.108896345,0.12368805,0.092545986,0.08350052,0.002997864,0.0047275503,0.0072500287,0.0048031933,0.20427316,0.21256872,0.47595173,0.47572568,0.02910849,0.03675598,0.17468184,0.17043345,0.008895520699439715,0.009077004114479885,0.006037582636616907,0.007123384881909744,0.011562581678243568,0.013283435776833592,0.015345330899367047,0.01370128012013782,0.013055988262197817,0.011419577054439967,0.009595514539762906,0.007011088704671571
38,0.051463045,0.06389225,0.0813072,0.094457105,0.03244512,0.045971908,0.059214436,0.045043822,0.6267044,0.6028664,0.028040642,0.041024633,0.12082513,0.10674387,0.05243479,0.06389225,0.08112028,0.094457105,0.032466557,0.045971904,0.05941519,0.045043822,0.6246919,0.6028664,0.028084533,0.041024633,0.12178679,0.10674388,0.077980675,0.09118072,0.0035316425,0.006081762,0.008347624,0.0057162144,0.23959127,0.21945147,0.4520562,0.45950156,0.029599402,0.03788737,0.17746429,0.16909316,0.010216413553850412,0.01348182263716132,0.007152978560898616,0.008507547872858224,0.014291254419978111,0.018031327130253114,0.01434111028959713,0.014167508930195577,0.012052725202419528,0.014588565677294045,0.009073565281604629,0.00782925949442822
39,0.047370233,0.040410288,0.07336533,0.07509543,0.032402962,0.02884961,0.05457494,0.07130856,0.64266807,0.62120056,0.029921386,0.042231776,0.11969704,0.120903775,0.047375437,0.040415924,0.07283155,0.07511517,0.032911208,0.028842423,0.05486238,0.07111132,0.64159584,0.6212273,0.030146506,0.042243995,0.120277084,0.12104383,0.078633055,0.073738866,0.003974272,0.00393759,0.005386056,0.002809577,0.23444988,0.24840517,0.46295935,0.45274803,0.033872936,0.03583319,0.17035118,0.15909196,0.008489698624889314,0.009809464685608078,0.005029771623912051,0.005871218679475999,0.012690451868315298,0.014195544526548589,0.013254017643798287,0.01641634449921326,0.009671099333538534,0.012112167784824665,0.008552731284126962,0.0100790269996616
40,0.054693572,0.064152405,0.07462757,0.10092185,0.02864207,0.030500432,0.068784714,0.057285495,0.6279104,0.60229844,0.021318216,0.036880065,0.12402349,0.10796137,0.055040404,0.06411498,0.07447075,0.10088979,0.028611872,0.030516224,0.06963218,0.057285763,0.6255689,0.6023418,0.02191082,0.036883995,0.12476508,0.10796749,0.08424414,0.08508851,0.0030756204,0.0045340196,0.004994878,0.007623452,0.22858702,0.21801223,0.4672224,0.46209356,0.029039457,0.036230758,0.16607332,0.1709307,0.009263828137597937,0.011794991739597364,0.0045400965536146285,0.0075976697895794795,0.013076933831857438,0.014974132041063995,0.014827852017911902,0.015826276396366523,0.009135282908665377,0.011861378658664783,0.0070260001198128915,0.007624220044907745
41,0.05696647,0.047378022,0.08608812,0.08633422,0.022999626,0.03652173,0.05391918,0.041136615,0.6222133,0.642566,0.030795304,0.04091484,0.12701797,0.105148494,0.058174033,0.04740122,0.08584482,0.08635826,0.023147777,0.03654808,0.05412854,0.041135475,0.61956954,0.64246327,0.03172272,0.040926605,0.12741257,0.10516708,0.086802214,0.08315013,0.0038626979,0.005034192,0.0031481104,0.005722316,0.22836493,0.20720237,0.47215915,0.48956853,0.032943033,0.03800759,0.16599244,0.16740507,0.011776599306898249,0.010372209173864957,0.007218779635178185,0.007604022899367386,0.01422196230587354,0.015241117364503903,0.013766938433903322,0.013891104453525321,0.012036032379175466,0.01284171053518289,0.008964516700412569,0.0089845849633464
42,0.04756878,0.058469992,0.074975885,0.09946988,0.028929425,0.028338714,0.044340026,0.05264548,0.6768671,0.62252426,0.02572333,0.03202384,0.10159541,0.106527835,0.048578292,0.058519073,0.075255245,0.09949018,0.02871064,0.028350867,0.04435271,0.052641872,0.6749029,0.62237465,0.026124613,0.032093514,0.102075554,0.10652987,0.08113228,0.09471579,0.0034801436,0.0042926017,0.003300778,0.0059783533,0.21621385,0.2266296,0.48592553,0.47151625,0.026926385,0.027079074,0.17816813,0.15573065,0.00794348556136984,0.011267253393328926,0.004982063071951784,0.006958997848772856,0.011636489488058939,0.015457465733481002,0.013846301818332374,0.016516680476745624,0.009318266483953024,0.013692112718032307,0.007585780767365667,0.008126157464601193
43,0.040190026,0.059943635,0.07615791,0.102506004,0.026686992,0.043345913,0.048636533,0.04615422,0.65361667,0.6016841,0.027869124,0.034088407,0.12684272,0.11227774,0.04142105,0.05990259,0.075493485,0.10253328,0.027022183,0.04332078,0.049556896,0.04614533,0.65067166,0.60155326,0.02832958,0.034407314,0.12750518,0.11213743,0.0732778,0.09519456,0.0030534777,0.0036356635,0.0059583834,0.006525481,0.22803266,0.20439003,0.4746483,0.4791694,0.030337416,0.037266847,0.16836995,0.16930255,0.010837565321024775,0.012255139967333873,0.006894204940673079,0.007024159475846753,0.014595187908414563,0.016443472396624942,0.01710026001575724,0.01360170237264803,0.012472796298494526,0.012609721819723224,0.009239900612932814,0.008594688840436982
44,0.040961076,0.06866283,0.07317584,0.10399444,0.0263584,0.0385572,0.06068532,0.043931037,0.6524813,0.5822173,0.034243923,0.03821424,0.11209416,0.12442301,0.041586395,0.06866127,0.07319141,0.10399261,0.02567841,0.038556628,0.06099244,0.043930788,0.65098524,0.58223885,0.03441758,0.038214643,0.11314848,0.12440521,0.08811731,0.08629655,0.0036664363,0.005241768,0.004539304,0.0053006355,0.23309487,0.20765436,0.4608086,0.48024383,0.040208295,0.036066454,0.16301273,0.16677368,0.007916465379291068,0.013546600637173481,0.005025220766434911,0.008140327259978621,0.011786112708298952,0.015249455536225429,0.014801275291248714,0.0134233543201494,0.011321500628460667,0.012962597822999387,0.007415419067981637,0.008586829886388642
45,0.047492564,0.06068934,0.081428885,0.11224497,0.024224825,0.037088323,0.061629966,0.054426085,0.6451836,0.56622946,0.022488045,0.041981954,0.11755211,0.12733988,0.048165653,0.06071046,0.08137148,0.11208548,0.02451782,0.037291482,0.062115435,0.054428075,0.6426957,0.56628126,0.02291619,0.04198565,0.118217655,0.12721762,0.08727772,0.09228652,0.004019754,0.0045718094,0.0037980406,0.006216082,0.23160937,0.21655013,0.45605952,0.46685833,0.02945646,0.038026698,0.17336583,0.16591129,0.009290216320749353,0.011652464539366964,0.006089211403053082,0.00889532302633315,0.011621607386305995,0.015482092822345942,0.015306626815367472,0.015525002578295902,0.010767011626753692,0.014184785620518808,0.00866159451303269,0.008747218498209775
46,0.052565448,0.05613393,0.08704272,0.090878986,0.026748331,0.03210621,0.04140295,0.048634436,0.6432139,0.62407625,0.024535073,0.038698666,0.12449157,0.10947153,0.05318438,0.05614192,0.08699737,0.090896204,0.026632294,0.03196198,0.042985637,0.04862497,0.6401642,0.6240621,0.024823165,0.038731083,0.12521298,0.10958173,0.09115536,0.08290447,0.0035042684,0.0039706226,0.004632781,0.00442801,0.2151987,0.2321451,0.47083896,0.4583868,0.028303877,0.036199555,0.17760915,0.16981164,0.010068534630806121,0.01366997404369818,0.005166896403544656,0.007913885962826347,0.014288790678515585,0.015954049413731915,0.014324576748665739,0.01448804255160832,0.012680984028509933,0.013653276883393677,0.008142449580488811,0.008300593635668582
47,0.044059776,0.067609034,0.06684146,0.10703227,0.030239474,0.03683318,0.048603166,0.036497038,0.67252433,0.6182843,0.020762969,0.03337253,0.1169688,0.10037168,0.04455573,0.067652926,0.0667168,0.1069923,0.030272197,0.036833987,0.04927472,0.036494456,0.6711723,0.6182256,0.020866778,0.033270672,0.11714145,0.10053006,0.06993338,0.10944905,0.0037593178,0.004259734,0.007831575,0.0047385865,0.23842354,0.18889214,0.46367377,0.48539102,0.022796385,0.034013353,0.1831253,0.16528314,0.009198656022544889,0.012420170321242074,0.006559686543636549,0.008346016904094951,0.012994962847658364,0.017760705562828136,0.012456927312991589,0.01556927761709174,0.010631257482472541,0.01404063591611503,0.008757938549042344,0.008310630326889683
48,0.041995622,0.054841246,0.062408086,0.09054651,0.026322803,0.03418629,0.051121786,0.05267192,0.66615707,0.61299354,0.02082965,0.039317366,0.13116501,0.115443125,0.042494483,0.054857213,0.061987944,0.09054438,0.026631838,0.03419495,0.0515952,0.052666426,0.66405886,0.61298007,0.021079743,0.039320145,0.13215192,0.115436845,0.073853455,0.09029535,0.0029799778,0.0040832297,0.0022464816,0.0056316904,0.23726183,0.22424643,0.48517027,0.47423863,0.026528297,0.038341444,0.17075029,0.15859286,0.00919423506658535,0.009461538877226124,0.005597204118531572,0.006749383803508488,0.013117945657985308,0.0136641449560487,0.011624432824830616,0.016028856386820976,0.00936641966269107,0.012637763060214321,0.00829371466317234,0.009091798820620478
49,0.04793515,0.059208065,0.08485453,0.09098492,0.031195112,0.02901808,0.04190484,0.053450048,0.6654212,0.6316699,0.028215209,0.03187888,0.10047398,0.10379012,0.04831871,0.059207182,0.085186236,0.090984635,0.030785024,0.029017625,0.04209607,0.05344927,0.6644242,0.6316743,0.028510215,0.031878736,0.10067956,0.10378823,0.07506118,0.088353336,0.003117047,0.0051515885,0.0054733483,0.0042333268,0.22271478,0.22257578,0.4834255,0.48427624,0.028967733,0.030179983,0.1730416,0.1558844,0.007891147229848948,0.010717757367849854,0.005068604184544822,0.007922554207325022,0.011027881147555143,0.015171523526355798,0.012814933341974487,0.01321599126711281,0.008743527808762376,0.013257805932563902,0.008006420632439374,0.007801570865148855
50,0.05324042,0.05692311,0.08043805,0.09248552,0.034077324,0.03366254,0.04963527,0.076843835,0.6479297,0.6034009,0.023403825,0.038714033,0.11127543,0.097970076,0.0541306,0.056936275,0.08056299,0.09249406,0.03399008,0.03367422,0.05033018,0.0768472,0.64554286,0.6032845,0.023821509,0.03871468,0.11162176,0.09804911,0.087056346,0.086886354,0.0029541154,0.004684621,0.0035196228,0.003800557,0.22999558,0.23469271,0.4532693,0.45959875,0.030538606,0.0388015,0.18168609,0.14203155,0.010896821696031013,0.01069583322723482,0.005741348190739298,0.006412101663940341,0.013733985845456754,0.014952466788872274,0.016049730389951743,0.015126427571609305,0.01100644020050371,0.011066524651832093,0.009706372133651884,0.007677200292600022
51,0.055970732,0.066094324,0.092964776,0.090613276,0.022964502,0.028968714,0.0541469,0.041237622,0.6280618,0.6307316,0.030476425,0.038995855,0.11541488,0.103358574,0.056419406,0.0660928,0.09263993,0.090612404,0.023413505,0.028966796,0.054406963,0.041304708,0.6267165,0.6307,0.030808661,0.03899556,0.11559502,0.10332774,0.09218842,0.09366738,0.004210331,0.0035012965,0.00393489,0.0037498898,0.23189525,0.20618652,0.47890368,0.4851082,0.027674679,0.03547218,0.15001822,0.15942548,0.010003109535611735,0.010920389657456038,0.0065789557641416155,0.006818488066962552,0.012886702038227804,0.012856401971527931,0.015932201599383067,0.013299171938982364,0.011349168642277273,0.012035874664127528,0.008231737452021683,0.007818999889304642
52,0.041769274,0.05676273,0.075048044,0.08805366,0.024308113,0.03466151,0.051678527,0.028239574,0.6314975,0.6425335,0.027269047,0.03392455,0.14842951,0.11582445,0.041532718,0.056753732,0.07533859,0.08802717,0.0242056,0.034657683,0.05217274,0.028253594,0.62978464,0.6425503,0.02760592,0.033938132,0.14935979,0.1158194,0.077733874,0.08731661,0.003272659,0.0056149135,0.00560086,0.0073114694,0.23147179,0.19260745,0.46327025,0.5048871,0.0273689,0.036589164,0.17557485,0.15905379,0.007518869870581787,0.011857693792744003,0.005741269883872283,0.006967845171035697,0.010504889739223533,0.01409994826938732,0.013837394459680383,0.01260441353406362,0.00929288132976589,0.011356819799316548,0.007914876802407295,0.008159945022292859
53,0.05171312,0.057113826,0.08183018,0.09466581,0.03224621,0.039707664,0.054044545,0.045497656,0.6419479,0.6194103,0.022537366,0.030933877,0.115680665,0.11267086,0.052515395,0.0571147,0.08162123,0.09466836,0.03248672,0.039706644,0.05440886,0.045499973,0.64029026,0.61936206,0.022699099,0.030937752,0.11597845,0.11271052,0.089518435,0.10149268,0.003420811,0.0044338442,0.003702507,0.007816721,0.21374768,0.19252528,0.47235417,0.49769717,0.030833732,0.02904025,0.17948563,0.16055313,0.00946396436165057,0.011181739677504078,0.00706767864727458,0.006926135080633158,0.014427964036808266,0.017219304139789105,0.013108447630316735,0.012696005916002916,0.011049696894394542,0.013882854259628779,0.007950350207275877,0.008067024555054259
54,0.031243298,0.06771759,0.064563096,0.10182862,0.03561386,0.035349153,0.054114204,0.04438689,0.65395164,0.6197864,0.02838667,0.04083138,0.13212729,0.090100005,0.0319116,0.06771848,0.064892344,0.10180835,0.035744842,0.035349276,0.054594684,0.0443559,0.65216506,0.6197954,0.02859502,0.04083272,0.13209645,0.0901399,0.07732094,0.09521771,0.0028447204,0.0038693342,0.0032519412,0.0043121916,0.2183397,0.21101338,0.4875527,0.48591873,0.030072445,0.032678317,0.16681461,0.15479279,0.008209062020942307,0.011998228566907665,0.006222419356445268,0.00806849183918061,0.01216492407506879,0.01612315392561487,0.014821950506189856,0.016198037701860374,0.011528750986116179,0.014632520758880234,0.008315537908945207,0.00851843103123543
55,0.038924538,0.06671796,0.06849558,0.11126219,0.018418271,0.03749804,0.053762864,0.0414614,0.66564757,0.6119826,0.023638766,0.03726118,0.13111243,0.09381668,0.0392466,0.06671836,0.06840124,0.11126196,0.019069484,0.037481982,0.05421855,0.041507445,0.66374856,0.6119362,0.023776416,0.03726763,0.13153915,0.09382644,0.07107616,0.090132944,0.003243643,0.004736088,0.0034158474,0.00627809,0.23553209,0.2109141,0.46865618,0.49563217,0.026470833,0.035481248,0.17065108,0.15167858,0.007493573584270633,0.012175638264906283,0.005224159716812828,0.007026909880594814,0.011243717751820025,0.01592211496117498,0.015592249697075044,0.013081406895580162,0.010014178485372251,0.012089876581559586,0.011393797901571499,0.008285623728512577
56,0.05548465,0.067113124,0.088481225,0.0988284,0.038395062,0.032245167,0.056107856,0.0454485,0.61778134,0.61429,0.025588106,0.029243194,0.1181618,0.11283163,0.05626762,0.06711617,0.08833909,0.09878173,0.038931932,0.032245956,0.056525126,0.045448214,0.6152199,0.61434287,0.025855007,0.029248478,0.11886134,0.112816624,0.086727776,0.09947137,0.004351819,0.0052051884,0.008296275,0.0047573936,0.22271655,0.22071262,0.4581633,0.46743026,0.03160939,0.032815896,0.17697941,0.15938745,0.010131250340040318,0.011340728468613222,0.005600965964930193,0.006943392361625992,0.014076255238516676,0.015182488172592799,0.013787871551347154,0.01373144135268081,0.010330137498918167,0.012169526076216103,0.008648680295989232,0.008019627499273638
57,0.051768932,0.05691834,0.0769875,0.094168454,0.036918197,0.03240759,0.055028375,0.03490292,0.62835944,0.6524178,0.03223192,0.034464274,0.118705675,0.09472065,0.052400637,0.056990325,0.07654764,0.09424689,0.03659875,0.032419052,0.055341482,0.034904253,0.6271705,0.65224093,0.03259151,0.034470532,0.11934949,0.09472805,0.086233675,0.08995488,0.0037658392,0.0048495834,0.006877835,0.0036580334,0.21379979,0.1945899,0.46355036,0.50395346,0.038046785,0.03712902,0.16961151,0.16006246,0.007913525699445844,0.010093845142455139,0.005052282231791461,0.006380464560436869,0.012392591036655605,0.014523205463957,0.014689122342563829,0.012876736175324543,0.010451338227315095,0.011372864385189767,0.00821052928228418,0.00806378788698876
58,0.049131706,0.06320889,0.06802036,0.08726809,0.021710912,0.039008547,0.03847967,0.047159556,0.6799106,0.61492133,0.031008735,0.03993021,0.11173805,0.10850343,0.049553912,0.063236676,0.06822333,0.08728497,0.021650301,0.03901118,0.038305037,0.04718108,0.6794177,0.6148654,0.031240199,0.039932765,0.11160946,0.108487904,0.08351751,0.08064673,0.0025576581,0.0047728443,0.004693546,0.004709525,0.18764876,0.2051799,0.50447553,0.49363276,0.033315565,0.037028354,0.17275319,0.15347122,0.00996406749164685,0.013682325142342256,0.006017665052489464,0.00926091417344056,0.01378982505416727,0.016955824809456798,0.0167971863881942,0.01516098060663821,0.011838885741342519,0.014027172670289764,0.009451769591715684,0.00982356065681592
59,0.050316203,0.05652768,0.08262633,0.095989496,0.027727978,0.029186517,0.043687187,0.051302984,0.6416922,0.6222095,0.030852744,0.032461636,0.12309737,0.11232218,0.05127892,0.05654712,0.08239549,0.09599919,0.028625846,0.029187163,0.044860505,0.051313452,0.6379103,0.62219834,0.031299468,0.03246345,0.12362949,0.11229132,0.08566535,0.08293149,0.0030665454,0.0058148243,0.0051308475,0.004614024,0.19255085,0.21452606,0.48625463,0.4868407,0.035512645,0.035557304,0.18012701,0.15740325,0.009032615973314286,0.009269882685991758,0.005832519942736955,0.0061706502980667715,0.012920262845678692,0.013578467765367754,0.01402738154881239,0.01260348359083482,0.00968370656547588,0.010444365524858452,0.007340792040502162,0.007495709232811933
60,0.05326082,0.044562295,0.08709336,0.08633432,0.019315887,0.021243677,0.0481518,0.051021777,0.64394903,0.64505774,0.022154115,0.028892124,0.12607495,0.12288806,0.054062,0.04462184,0.087189935,0.08627737,0.019297522,0.021294424,0.04794245,0.051049437,0.6427964,0.6449355,0.022462187,0.028895767,0.1262495,0.122925684,0.09697583,0.08542789,0.003395754,0.0036877114,0.00380578,0.0041167974,0.2224893,0.2147437,0.4587376,0.49274415,0.024742033,0.032658882,0.18170033,0.15420355,0.009651800042322113,0.008286963934995157,0.00647215160133934,0.005858021207219882,0.012621028757257017,0.011314327285957174,0.01472116859809327,0.013274698468889956,0.010666557180841566,0.010049435154912181,0.007982253181538094,0.007883553282599372
61,0.04139123,0.052976966,0.09013857,0.093904555,0.02422961,0.03348244,0.050705567,0.05559986,0.6512546,0.6077597,0.027893255,0.041780345,0.11438719,0.11449612,0.0418446,0.052977275,0.0898364,0.09390392,0.024485383,0.033482093,0.052023746,0.05559765,0.6494334,0.6077414,0.02820767,0.04178501,0.114168875,0.11451263,0.08265338,0.08888309,0.004670843,0.004687399,0.0028763968,0.004042932,0.22657739,0.20742293,0.47387034,0.48927954,0.027026145,0.037606966,0.17298569,0.15116465,0.007516592463965397,0.009602311479409101,0.0049855821296285385,0.006626937976897639,0.01130450166412665,0.014132498424473202,0.015461743710833375,0.012711808403334687,0.009975832232068622,0.012210766131630801,0.008294137913961896,0.007047517768362817
62,0.050614078,0.04957669,0.058844656,0.08356059,0.024649827,0.039283622,0.061866518,0.038663857,0.64298856,0.6395589,0.029440833,0.038152125,0.13159552,0.11120422,0.051075865,0.049575627,0.05894305,0.08356473,0.02464354,0.039294157,0.062321465,0.038665444,0.6419984,0.6396566,0.029599732,0.038223844,0.13141796,0.11101958,0.0807175,0.087550186,0.0029973807,0.004465253,0.003779342,0.0072373184,0.23637556,0.20530692,0.46609318,0.49421096,0.029866938,0.038961906,0.1720693,0.1536258,0.007088243065109629,0.011195534169456027,0.004436432360050236,0.007473468030323621,0.012157543701877629,0.01616936848625806,0.012500889896764308,0.013813902729483334,0.01000900928296674,0.013525960297290598,0.006516604158436396,0.008908136846282604
63,0.051665742,0.060854357,0.09781838,0.09407978,0.037270915,0.033845793,0.041194033,0.04923602,0.62617135,0.61422026,0.032950472,0.037854522,0.11292912,0.10990929,0.05365467,0.06085713,0.096511304,0.09407584,0.037299562,0.03384441,0.041704934,0.049258526,0.62286526,0.6141677,0.033368137,0.03786515,0.11459611,0.10993121,0.10499361,0.08675167,0.006365686,0.00492624,0.00615756,0.004803431,0.23760945,0.21941338,0.4415819,0.472484,0.04441023,0.036145203,0.15055293,0.16462167,0.00956134234817345,0.011601917372193422,0.006257315354141045,0.008141813818141297,0.011690857163683052,0.014447569553583223,0.016113101352848207,0.015971054615630413,0.012761581950089099,0.011899221160411842,0.009314915046792398,0.008011678752191248
64,0.03946724,0.078658804,0.07203493,0.10803808,0.018377254,0.038039017,0.055216927,0.0452587,0.66557425,0.5754795,0.027603524,0.043320082,0.12172588,0.111205794,0.04020119,0.07866098,0.071742766,0.10800623,0.018623386,0.038039587,0.056125823,0.045261163,0.6618015,0.5754978,0.02805791,0.043323606,0.12344741,0.11121062,0.077592626,0.10236878,0.0032799835,0.0063232034,0.0031603526,0.005813175,0.22607476,0.19936126,0.47161818,0.46345833,0.034471028,0.04179247,0.18462521,0.1693955,0.007764420181505432,0.011334074737259078,0.00521076566173954,0.008185809987936325,0.01032756476901351,0.016371180729533658,0.01413184363685922,0.013700919257698561,0.00946002308241283,0.013001443190401139,0.008893583089311895,0.007950063335900715
65,0.04268419,0.064824454,0.0682314,0.090605296,0.027034087,0.03487341,0.049435433,0.051573828,0.66235715,0.60427606,0.029663237,0.038227566,0.12059451,0.11561945,0.042654924,0.064819835,0.068764605,0.09062144,0.027076295,0.034888256,0.050031617,0.051575292,0.6603485,0.6042365,0.030019812,0.03823062,0.12110424,0.11562807,0.08110453,0.09458454,0.0033169468,0.0050271885,0.004224269,0.0037868465,0.22269239,0.19805792,0.47029957,0.47331345,0.034080222,0.04115206,0.17856425,0.16732822,0.008554466511592241,0.012598665215621007,0.004646075705774534,0.008474565994760938,0.011016109585803806,0.019881268867201415,0.015157997800979284,0.012860085639811425,0.011234558950864582,0.013755962957755878,0.007590912975838116,0.008405882569645251
66,0.050911907,0.064928934,0.07687206,0.085365616,0.030964233,0.03085764,0.045292236,0.040528268,0.64335495,0.6198992,0.02895874,0.033800323,0.123645864,0.12462001,0.051981952,0.06500259,0.076732606,0.08536877,0.031485654,0.030920912,0.045290664,0.0405199,0.6417358,0.61969924,0.028818224,0.03379499,0.12395512,0.124693625,0.08694139,0.08572115,0.003212018,0.0036204925,0.005203134,0.004289918,0.21719702,0.22129036,0.45978546,0.482802,0.029915476,0.034632962,0.18317345,0.1592579,0.008987364233351204,0.012028430728055704,0.005378599116197215,0.006759595437927382,0.011778906958987537,0.016802368980345792,0.013895373338406373,0.014939758819454911,0.009780424511760326,0.012748101026822443,0.00841773766132185,0.009491937201155811
67,0.046356145,0.04836041,0.07728396,0.07537555,0.02680257,0.025247075,0.047689643,0.07073197,0.64578557,0.62572503,0.02454802,0.034181617,0.13153408,0.12037839,0.046767853,0.048528854,0.077514276,0.07536219,0.027214801,0.025248026,0.048889104,0.07100213,0.6416933,0.6251551,0.024856336,0.034176707,0.13306431,0.120527,0.0872369,0.07556232,0.0030575797,0.0030010312,0.007817998,0.0020492924,0.21944444,0.24920474,0.45916,0.45993224,0.030413274,0.03025208,0.17460462,0.16213766,0.00908533980502901,0.009184668005208679,0.005234763629369083,0.006116239494315874,0.013227299107352236,0.011927577619585163,0.013877082986034382,0.013956282241296405,0.009987321088632454,0.010207467299129108,0.00846125123791784,0.0077287722568659435
68,0.048127808,0.051073283,0.07551921,0.08483589,0.0152124725,0.027250059,0.04500801,0.04951243,0.66629046,0.63433033,0.033180576,0.032547146,0.11666146,0.12045088,0.049746096,0.05107306,0.07589648,0.08483558,0.015745422,0.027250051,0.045730054,0.049511895,0.66127366,0.63432276,0.034063645,0.032547228,0.117544666,0.12045945,0.071684316,0.09124623,0.0026346145,0.0033799526,0.0030842067,0.005069987,0.20696512,0.20092411,0.49549723,0.48933294,0.028150754,0.031032223,0.17977975,0.17095369,0.008105020469265062,0.008961028972948561,0.005234646074797374,0.005757778126364492,0.01060657315064528,0.014168192538663492,0.014520765609626046,0.013395184474994434,0.009514174624377614,0.011344431852600558,0.009262863583964139,0.006789754863659198
69,0.052021045,0.056733545,0.09568925,0.09090992,0.024872072,0.033336166,0.053680316,0.04656904,0.6242454,0.6217407,0.02764324,0.033540096,0.121848695,0.11717055,0.05276635,0.0567368,0.09644181,0.09091742,0.025262654,0.03333705,0.05395895,0.04656844,0.6214975,0.6217279,0.028151346,0.033540662,0.121921405,0.117171735,0.09062919,0.085845396,0.003358253,0.00474509,0.0054594213,0.005490181,0.2152443,0.20304675,0.46389765,0.4926492,0.032343138,0.03179594,0.1753991,0.16101243,0.009835497226167453,0.011006283345159415,0.00567392459710894,0.007482775346133567,0.013203145951384623,0.015176419839777584,0.013858503301945005,0.014186802991515679,0.009748249324724931,0.012466069147763362,0.008181071008380688,0.00851934547290799
70,0.042918507,0.042469338,0.07557316,0.07539434,0.022368733,0.033936586,0.06063166,0.058582634,0.6359939,0.62563753,0.03164663,0.03942327,0.13086742,0.12455632,0.04437348,0.042572618,0.075863674,0.07542178,0.021517934,0.033937003,0.06168693,0.05858229,0.6317045,0.6255075,0.031933453,0.039426595,0.13292,0.12455223,0.07385595,0.08546107,0.003453426,0.004157391,0.0029545634,0.0062695397,0.2524724,0.22515112,0.43784142,0.4751795,0.034202054,0.034293585,0.18545763,0.1631627,0.007096875802563589,0.009110318336489212,0.005118210155422839,0.005799044200842333,0.011576578207641302,0.012585752322855484,0.015547235101253167,0.013478619301245576,0.010587466467595567,0.011523526576738182,0.010401339550319792,0.007839778342776467
71,0.08909907,0.055629436,0.10392712,0.096235424,0.03291498,0.027397143,0.03328594,0.05792486,0.6017409,0.6186911,0.038001064,0.03840504,0.10103092,0.10571696,0.08929879,0.05562483,0.10410573,0.096218556,0.032842446,0.027396059,0.034063652,0.057936624,0.59907454,0.618703,0.03896045,0.03840641,0.1016544,0.105714485,0.11282059,0.07942063,0.0038942727,0.004988596,0.0050474186,0.0037106357,0.19101171,0.21671213,0.48616254,0.49084076,0.037864104,0.03183063,0.16543579,0.15371396,0.012899893885869627,0.011452109399520228,0.007345893649619005,0.007067494227648529,0.015015310718160896,0.013694233151910158,0.013240659113962506,0.01555429179528982,0.013763775261189567,0.01168624187199861,0.008174737395438367,0.009360172959446467
72,0.05190442,0.06969863,0.083802395,0.09413625,0.028366847,0.034768373,0.060939666,0.044654198,0.627519,0.5985903,0.035324514,0.04286204,0.11214316,0.11529021,0.052239638,0.06969863,0.08345178,0.09413625,0.028767996,0.034768373,0.06186057,0.044654198,0.6252,0.5985903,0.035311412,0.04286204,0.1131686,0.11529021,0.084914126,0.09166872,0.0031503444,0.0041943747,0.0053688027,0.0062030083,0.24052827,0.20445411,0.44714603,0.46703655,0.031027347,0.041012645,0.16916989,0.17191638,0.010027152751750784,0.011010691899605445,0.0065280956132216204,0.006566167723116825,0.014001434912688713,0.015268008090960062,0.013269337017405996,0.01361245611595015,0.011062319648776594,0.011691220582245572,0.008131398160729488,0.009103011640340816
73,0.04569,0.055819683,0.078579724,0.09269839,0.031997684,0.031712662,0.05638089,0.06107533,0.65398335,0.61847144,0.025431653,0.03875462,0.107936725,0.10146786,0.04646392,0.055801068,0.079096496,0.09271596,0.03208887,0.0317133,0.056661353,0.06107617,0.6506709,0.61846995,0.025694571,0.038755212,0.1093239,0.10146837,0.08831715,0.100140326,0.003945338,0.0038897756,0.0073643397,0.0056609553,0.22775355,0.21503797,0.46146578,0.47201145,0.03279817,0.036011092,0.17290151,0.15752648,0.00864950965965096,0.010443398052326315,0.0052087610722140396,0.006299366932934858,0.012876715676392333,0.014948404955642655,0.012912534839865108,0.01382953145410807,0.011000089575543893,0.011535403753805674,0.007347656643612531,0.007517291778229052
74,0.04770324,0.0459478,0.067083634,0.09182488,0.02471046,0.02686553,0.046937108,0.069803394,0.6504891,0.62566847,0.03017151,0.031569865,0.13290493,0.10832007,0.048613925,0.04594749,0.06752825,0.091824815,0.024598375,0.026865259,0.04641057,0.06980369,0.64748025,0.62567234,0.030846711,0.031569958,0.1345219,0.10831641,0.07813805,0.08986051,0.0024148452,0.0046051745,0.0036358407,0.004091506,0.20904921,0.22972979,0.47683662,0.47096887,0.027658977,0.031388212,0.18909025,0.15285182,0.009780113673784755,0.008665532499664426,0.005168965310489811,0.006453036768730262,0.013001287249167751,0.013167752111024675,0.015704709282984446,0.01544272920159442,0.009845719319519997,0.010379106067448947,0.00992283575196542,0.007943228312715782
75,0.055885717,0.057830058,0.1063419,0.096486785,0.03631321,0.027193798,0.03445312,0.041035037,0.6163161,0.63234645,0.028462904,0.033978004,0.122227065,0.11112984,0.056651097,0.057856757,0.107161306,0.09641545,0.0369767,0.02720011,0.034322344,0.041027207,0.61344403,0.6323703,0.029056925,0.03398621,0.122387595,0.11114394,0.09139644,0.08988916,0.0035645533,0.0037728695,0.003583314,0.0040336233,0.19508412,0.20975131,0.5090028,0.49740586,0.026819663,0.034826893,0.16865063,0.15081055,0.009756797640589315,0.011656835362816365,0.0064877988300061674,0.007607639198563376,0.014010652667617914,0.015461898219444511,0.01265933385982589,0.016736965587375176,0.011105645896143811,0.014323297875303138,0.007617836755620565,0.009687688997210472
76,0.050403744,0.065233,0.08446116,0.09992931,0.029565932,0.028696345,0.050987218,0.0575816,0.6145114,0.6197085,0.034306888,0.032984644,0.13576372,0.09586659,0.05124057,0.06523944,0.08415399,0.099935256,0.03011087,0.028674737,0.051065076,0.05754482,0.61211866,0.6197332,0.034657016,0.032983337,0.13665383,0.09588919,0.08398867,0.09088951,0.00472322,0.003912325,0.006210806,0.004334863,0.2238315,0.22511302,0.45737824,0.47498816,0.037801728,0.033411354,0.17292176,0.15573919,0.011471631812423298,0.013518197809576743,0.007415536663608481,0.00752126971833877,0.01449021402838763,0.01745706441618732,0.016092788605763995,0.013964356927362365,0.010457625562569448,0.012907809368619006,0.008737870831398133,0.009537279475262431
77,0.046443556,0.060379248,0.085975565,0.101385176,0.021823654,0.035200696,0.055325493,0.051742453,0.64822245,0.5939411,0.03144221,0.038334623,0.11076712,0.119016714,0.047559407,0.06038801,0.08582343,0.10140449,0.021962328,0.0352022,0.056134574,0.05172133,0.64529926,0.5939063,0.031553026,0.0383427,0.111667976,0.11903497,0.08280445,0.08823733,0.0027321219,0.006106583,0.0027730698,0.004854469,0.23796308,0.2119467,0.46476313,0.46823123,0.031321656,0.038433317,0.16224657,0.16243558,0.009428982721479512,0.012420294865847586,0.006434806044438923,0.008852313495675822,0.013249950934833414,0.016660423046452124,0.013782956549140668,0.013166532305525655,0.010885056116967981,0.011844578786358542,0.008147778282856958,0.008356697865340039
78,0.058918115,0.058333267,0.08767456,0.099014856,0.03130818,0.03631898,0.042242408,0.04702673,0.6410473,0.5989869,0.027141623,0.032641873,0.111667834,0.12767738,0.05984905,0.058345072,0.08822185,0.09900963,0.03151974,0.03632454,0.043419033,0.047060806,0.63746196,0.59886515,0.02708616,0.032628328,0.11244218,0.12776649,0.09232921,0.09882484,0.0045943717,0.0053270166,0.0068272003,0.005733808,0.2089307,0.198172,0.4779746,0.48772624,0.032085262,0.03955802,0.17073596,0.15314315,0.008611732015583889,0.011209661791902423,0.006169724427290831,0.006634696375540416,0.01261883981633833,0.0176263365649669,0.012765190920363104,0.01391169464659616,0.009636671111834772,0.01237091533828766,0.00741543956888932,0.009465974407596658
79,0.052797735,0.06958781,0.11210306,0.10788413,0.043097436,0.026349576,0.0470124,0.04199293,0.58757746,0.62280506,0.036461584,0.034405544,0.12095028,0.096974984,0.052761536,0.069606364,0.112682484,0.107925534,0.042882957,0.026355844,0.04804283,0.0419903,0.58519554,0.62274486,0.036543287,0.03440256,0.121891364,0.09697456,0.09718398,0.09806871,0.0039509083,0.004275337,0.007823458,0.0023935195,0.2188906,0.20622662,0.43960676,0.4841669,0.033925943,0.04188169,0.18917826,0.15129219,0.009887429264885604,0.012806183394836695,0.006671304802923075,0.008039558607251203,0.012570658120294675,0.015653009471858766,0.01585309535637767,0.013886448875599247,0.013582871975490051,0.012425285509450214,0.010076386162066466,0.008636633626557689
80,0.06283762,0.071386576,0.08560642,0.10758804,0.030552167,0.039677713,0.042129558,0.052611418,0.6245056,0.5823534,0.026529172,0.037759107,0.12783943,0.10862371,0.06358196,0.071363345,0.0862325,0.107549585,0.030572347,0.039677374,0.042850018,0.052612737,0.62225795,0.58249116,0.02651046,0.03775743,0.12799473,0.10854838,0.08648254,0.09241348,0.004128443,0.004446303,0.0053577595,0.006230191,0.20746298,0.22302249,0.47109053,0.47098875,0.028633794,0.03821128,0.18644519,0.14957319,0.011578707217370712,0.012921771859526029,0.007859017966934662,0.008757117992866142,0.01443734652346133,0.0186813252508325,0.014398992740087515,0.01729572366695839,0.011185708156508404,0.0145955838777761,0.008687816091439485,0.009866708598398359
81,0.043930046,0.061992995,0.08503295,0.10096157,0.026380548,0.03943171,0.040453374,0.043703508,0.65956974,0.6164186,0.025485443,0.040254764,0.11914791,0.09723689,0.044622216,0.061999384,0.08504419,0.10097092,0.026410826,0.03943086,0.040779144,0.0436888,0.6565739,0.6164142,0.025631288,0.040255193,0.12093845,0.09724069,0.08785615,0.094272554,0.0042637615,0.0063882866,0.0045066685,0.005334348,0.19960314,0.19700493,0.4737951,0.49214798,0.029176034,0.03975377,0.19491015,0.15679815,0.00853055973574013,0.012929452502676074,0.005173944006043803,0.008750542671608921,0.012222830394594167,0.018412796464404864,0.013010980410496933,0.014278757356033032,0.009773683581971998,0.014192654446393052,0.00839001310526738,0.00858526481519632
82,0.061547104,0.071495414,0.10566697,0.09650756,0.024972389,0.034080137,0.03676576,0.053641886,0.6373575,0.5895552,0.024043936,0.04110314,0.109646335,0.11361667,0.062690444,0.071490996,0.105722144,0.096527494,0.024823848,0.03408851,0.036916323,0.0536695,0.63489866,0.58948547,0.02439907,0.041104876,0.1105495,0.11363319,0.09960555,0.09091961,0.0058387127,0.006043563,0.0055129468,0.0040949956,0.19164926,0.23235016,0.48207647,0.4587763,0.028064055,0.03711258,0.17728744,0.15319501,0.00983346815596571,0.013694053320480704,0.007333217787678945,0.00888313208975409,0.0136418133335043,0.017271274147634904,0.013932165018322834,0.014252669417092226,0.010182753122409152,0.014065611149357166,0.008244459532878983,0.008082044298077646
83,0.051173214,0.055441022,0.07878005,0.097177,0.030942772,0.029362189,0.044577103,0.046889298,0.6345995,0.6266577,0.025854252,0.035007305,0.13407308,0.109465435,0.05162024,0.055440325,0.07919913,0.097177595,0.031077946,0.029361667,0.045035444,0.046884574,0.6317615,0.6266646,0.025531583,0.035007253,0.13577418,0.10946397,0.0864241,0.09032549,0.003805726,0.0041726027,0.006018579,0.0032951252,0.20218925,0.2080962,0.48274416,0.48078492,0.030665137,0.035104696,0.17740422,0.16753063,0.00848976878794971,0.012417046157793616,0.005970829182078496,0.007621838319423768,0.01275284808698078,0.015902091500007886,0.01314660629974266,0.014633589118119857,0.010235311183087391,0.0125482615415728,0.008457847659356975,0.008989961820594179
84,0.049291153,0.061173365,0.07340032,0.10450497,0.025618792,0.029777925,0.051557608,0.055679668,0.6362508,0.5954647,0.029442886,0.040413085,0.13443846,0.1129863,0.049865074,0.0611698,0.073357195,0.1044992,0.026085606,0.029777525,0.052387096,0.055690624,0.6339547,0.5955207,0.029961174,0.040413253,0.13438912,0.11292888,0.09020439,0.09029248,0.0034187213,0.0045456346,0.0030617248,0.0059609716,0.23143046,0.22274901,0.4562385,0.46795687,0.032697108,0.043417938,0.17069924,0.1511141,0.008976692564395119,0.010220126871114123,0.005294659524698173,0.006820852969695335,0.013520403180036219,0.01444368765341864,0.013475297268364203,0.015234938211931443,0.010300105612818874,0.01136360190808561,0.008566568837627698,0.008878234181582928
85,0.046407428,0.055921186,0.082939446,0.10034504,0.023594439,0.029976202,0.061311323,0.044250403,0.63731253,0.6290542,0.027933722,0.03429827,0.12050107,0.10615467,0.046894584,0.055921186,0.082772166,0.10034504,0.023883017,0.029976204,0.06242003,0.0442504,0.6347208,0.6290542,0.028044736,0.03429827,0.12126462,0.10615467,0.08379427,0.098071754,0.003599335,0.0048789526,0.004814173,0.0052778195,0.24801578,0.19238597,0.43157616,0.48918197,0.029928936,0.03966451,0.1782299,0.15425256,0.009241752115585264,0.011547088307790825,0.004866908052987679,0.007004986471916984,0.010988635739482689,0.016692542857776868,0.016057991158497962,0.014584994043482312,0.010619914560612979,0.012729325088438416,0.008790214985814716,0.006945866863190829
86,0.043925293,0.049730998,0.089013085,0.086576045,0.02687751,0.03302786,0.06466803,0.050560508,0.62220037,0.6085974,0.031996973,0.044637512,0.12131878,0.12686965,0.04446879,0.049760792,0.08923071,0.086626865,0.027168885,0.033030484,0.06525066,0.050598767,0.6192049,0.60848,0.032306455,0.044648957,0.12236966,0.12685415,0.08270635,0.08891935,0.0052720252,0.003575967,0.003022287,0.0040650335,0.24670915,0.21655686,0.43388847,0.47812045,0.03587806,0.042117722,0.17283243,0.15478627,0.008854561254763107,0.0099397871570073,0.0056468569472572306,0.0070036999642862285,0.011394104900570756,0.01482401790298404,0.014979500006618818,0.013977131589137385,0.00908323512356794,0.012763385924457776,0.007617349360859832,0.007819168840592155
87,0.05037563,0.048930254,0.08426173,0.0935211,0.029142803,0.024381166,0.051423583,0.05270521,0.6212565,0.6257648,0.033520658,0.034149434,0.13001913,0.120548025,0.05057752,0.04892366,0.084526576,0.09347652,0.02928067,0.024375366,0.051987063,0.05276071,0.61871535,0.62577444,0.033464015,0.034148104,0.13144884,0.120541215,0.08041902,0.08654819,0.0042941184,0.0044537378,0.00836575,0.0033604796,0.21567221,0.2240597,0.47428948,0.46849546,0.028629841,0.031353135,0.17257111,0.17129958,0.008839414360494817,0.010936483866909336,0.005971544744351507,0.006245988981326393,0.012354077049384734,0.012851469369534876,0.01691562080610888,0.015600140669301226,0.01044936636723473,0.012018021584235889,0.009128664903118762,0.008794465012573738
88,0.04916714,0.057525616,0.08079962,0.09500309,0.028264355,0.032214984,0.05198246,0.060320623,0.6344463,0.61259055,0.035914104,0.03643167,0.119426034,0.105913475,0.04954679,0.05753983,0.08114242,0.09501334,0.028393488,0.032227065,0.052473567,0.06031729,0.6316543,0.6125485,0.036427032,0.03642448,0.12036239,0.10592953,0.08257373,0.08814064,0.0043710642,0.003907646,0.0035561712,0.0036135581,0.21038722,0.21908824,0.45908642,0.4767186,0.03355857,0.036738157,0.18627726,0.15822701,0.009478832292358188,0.010309182702817448,0.006599787623293519,0.006242181939971175,0.013982045768860349,0.014748414495878697,0.0178490583285705,0.013696094056180377,0.01203964378679537,0.010915280648402413,0.01004637845980411,0.00813802287560583
89,0.067437135,0.05300426,0.10634812,0.089995876,0.046110153,0.027757742,0.038211193,0.043841597,0.5990887,0.62151676,0.026493298,0.043045294,0.11631136,0.12083851,0.068361446,0.052988198,0.10656005,0.08988177,0.046253126,0.027745131,0.039272007,0.04383452,0.59546155,0.62113625,0.026635861,0.04304217,0.117455974,0.12137201,0.099452265,0.09324317,0.004275631,0.004362776,0.008746714,0.004242185,0.19927788,0.22079834,0.46085027,0.48241138,0.029903721,0.03324804,0.17815347,0.14849558,0.010709972297469172,0.009871658630684484,0.007203767370610673,0.006516702602609022,0.015307486475386607,0.012935991322109855,0.014227793078056267,0.014698968491510485,0.011518090149219142,0.011180239934349138,0.007611350396406625,0.008970806217064772
90,0.0605928,0.051553227,0.085273944,0.07755672,0.031270206,0.02814527,0.056752227,0.055491675,0.6176511,0.6226389,0.029055454,0.043854885,0.119404264,0.1207593,0.061767288,0.05155599,0.0858788,0.077561714,0.031491093,0.02814847,0.057372466,0.055499706,0.61434615,0.62258667,0.02915314,0.043859474,0.11999106,0.12078797,0.091628335,0.077850096,0.0043156245,0.0029366896,0.0047373963,0.0021958544,0.223566,0.21491103,0.45917362,0.48531675,0.035417713,0.03611261,0.1727471,0.1637468,0.010826336759138508,0.008685045528919438,0.006629366300178955,0.005963040197252914,0.013934242083602812,0.012762004211887588,0.016550707589179422,0.015033814815630594,0.010997019311803618,0.011447871182234504,0.007960384004678989,0.008261994724844094
91,0.051162194,0.049007956,0.0877619,0.092597924,0.03195421,0.033783883,0.047590528,0.047069345,0.61107767,0.6463276,0.02926323,0.035964046,0.14119025,0.095249206,0.05139233,0.049017776,0.08852111,0.09259297,0.03266552,0.033784896,0.049610704,0.04706902,0.6070939,0.6463388,0.029867603,0.03595538,0.14084886,0.095241174,0.08085489,0.0928883,0.003543884,0.0042336658,0.007444856,0.005516779,0.20969373,0.2209519,0.45988294,0.4916002,0.035944235,0.0389047,0.17906865,0.13775435,0.010836131179916412,0.01134628685823051,0.0070279100452757485,0.006653987103594717,0.013032430502096256,0.013673559898583862,0.016902063537399717,0.013817927465119301,0.012787735388746987,0.011961348775703836,0.011022421732877813,0.007517256041013357
92,0.043632273,0.050337777,0.07052168,0.0851053,0.02406974,0.019930484,0.05606498,0.059591576,0.6412131,0.64114827,0.034614384,0.041807257,0.12988387,0.10207933,0.044344954,0.05033445,0.07095705,0.08509969,0.023992606,0.019922122,0.056507386,0.05963376,0.6383843,0.6411034,0.03497916,0.041807204,0.13083455,0.10209941,0.0788415,0.079029165,0.004353589,0.0041084406,0.0051289652,0.0036632898,0.22997111,0.23732087,0.4655882,0.4741979,0.032540623,0.038363297,0.16449372,0.1430352,0.008818290979287024,0.010566267080825706,0.006573500430013858,0.00709407364204391,0.011370362784671085,0.013758208169482119,0.01427953832290342,0.016116680877460047,0.011252028203801168,0.011184021890819284,0.008772082485019398,0.008006962580626267
93,0.04945642,0.05978581,0.08034146,0.094822116,0.027133152,0.023553275,0.06615844,0.058673985,0.6168944,0.6265292,0.028004102,0.035899274,0.132012,0.10073629,0.049792197,0.059779424,0.080549814,0.094864964,0.027274167,0.02355279,0.06743973,0.058674067,0.6134922,0.6265212,0.02827797,0.035901032,0.13317394,0.100706466,0.08615451,0.09846727,0.00507746,0.005287345,0.0056103584,0.0035982647,0.23107946,0.21536103,0.45539498,0.4818442,0.028782783,0.038084514,0.17449345,0.14901967,0.008661657783802217,0.010736818442783595,0.00631761169229112,0.005867411279531344,0.0108497728328969,0.01383463088010483,0.016522651133892917,0.014658662867588669,0.009529923093621056,0.012043219655825717,0.009749814505050369,0.008279731998564358
94,0.052895825,0.062253512,0.07916864,0.111990765,0.029115971,0.04392544,0.07024712,0.037935857,0.6038081,0.6101702,0.0326501,0.03522818,0.1321142,0.09849605,0.053987272,0.062240727,0.07929824,0.11199747,0.029098472,0.04391503,0.07136966,0.03793567,0.60078377,0.6102046,0.032970425,0.035216525,0.13249213,0.09848997,0.081753545,0.09710142,0.0040957415,0.005053623,0.0045772525,0.00513543,0.24696633,0.19823335,0.45136517,0.49469393,0.029282061,0.04022099,0.16280466,0.14909086,0.010099081118886799,0.012135963130537115,0.006203988631159168,0.008777655680078282,0.012546642422296014,0.015817974225242833,0.016652923252555137,0.015634503289839723,0.013584403877593118,0.01194116361366072,0.008650471637895939,0.010078953122418537
95,0.043749824,0.05388421,0.07276336,0.085195355,0.043849025,0.034286097,0.050651584,0.054547116,0.61263806,0.6255034,0.03437712,0.038680747,0.14197105,0.10790303,0.044947285,0.053915776,0.07490581,0.08524873,0.043395694,0.034227252,0.051118907,0.05456584,0.6071961,0.6254848,0.034688387,0.03868007,0.1437478,0.107877485,0.08139903,0.0847173,0.0050668134,0.0042816703,0.012389668,0.006142278,0.22217922,0.22980428,0.45520657,0.46742362,0.033901062,0.037155647,0.16915752,0.1602732,0.008708580579694234,0.011268314057902646,0.00605836604113843,0.006686656320398011,0.011840560205013739,0.0153340628487249,0.015770722989993578,0.014415624621855975,0.00990383398314482,0.012881552230758247,0.008961180361119956,0.007852630157452287
96,0.051624652,0.05932982,0.08679796,0.09385748,0.028601876,0.038103733,0.037996154,0.059480865,0.6406948,0.5938553,0.025834829,0.038025986,0.12844977,0.11734684,0.053478066,0.059330277,0.08777252,0.09385068,0.028425904,0.038103722,0.03905761,0.059489325,0.6344494,0.5937823,0.02606031,0.038026743,0.1307562,0.11741699,0.082911655,0.08525515,0.0052763503,0.0049825143,0.00424128,0.006051535,0.20656852,0.237894,0.47986352,0.45959115,0.03183753,0.035029534,0.1663143,0.14422588,0.009439421816501177,0.009988525836545836,0.006640623955249043,0.006877336267284409,0.011572263242181321,0.014399813486722693,0.0156507934504442,0.017765134948916378,0.010989879207814064,0.013898970392394492,0.007854783002859793,0.008995136544596678
97,0.05807159,0.05526953,0.09721773,0.09324822,0.038366284,0.032118555,0.0459977,0.055925306,0.6124463,0.6088946,0.03219683,0.043693352,0.11570356,0.11085045,0.05923251,0.05532119,0.09766377,0.093371995,0.038419794,0.032053765,0.046265412,0.05663666,0.60947484,0.60798645,0.032600462,0.04370132,0.116343185,0.11092861,0.08715877,0.089824356,0.0038907207,0.0038554927,0.007965337,0.0046804277,0.20962293,0.2316343,0.4712861,0.46612373,0.035718206,0.038161416,0.1687799,0.15067433,0.009343091060061553,0.011693775823663941,0.0068143511023563445,0.00760892393369687,0.01180702188971394,0.01620754815099785,0.015804605616162294,0.01708453805264337,0.01078728591866991,0.013392673458749327,0.008587637992593471,0.00979710885256258
98,0.06014775,0.06756958,0.08710522,0.109821565,0.033097763,0.03960117,0.049951002,0.057080958,0.6130863,0.59831345,0.029671641,0.03609033,0.12694037,0.09152296,0.061736953,0.06757705,0.088611975,0.10983244,0.033017687,0.039691556,0.050461784,0.05708322,0.60821974,0.59819686,0.029670775,0.036108162,0.12828106,0.091510706,0.081025176,0.10395306,0.005890761,0.004828058,0.005695719,0.0076944553,0.21929148,0.21439235,0.46935847,0.46821076,0.033999257,0.038518224,0.16492513,0.14864008,0.010502885904711526,0.011600578191782488,0.007026494543660921,0.008657669526019459,0.014780654768664123,0.01738028634484888,0.014658160628237259,0.014545422053033958,0.010210555572031486,0.014066910194548043,0.009638534820932937,0.007469180254667049
99,0.05920909,0.061893225,0.08182711,0.093983725,0.025706558,0.024659263,0.067807965,0.043492097,0.6070952,0.62385875,0.028804228,0.040662732,0.12954988,0.11145017,0.060228657,0.061915632,0.0830229,0.09390469,0.024948832,0.024659043,0.06816664,0.043490384,0.60412943,0.6236832,0.028676255,0.040644396,0.13082731,0.11170262,0.09471557,0.093220845,0.0046768724,0.0049197813,0.0035268578,0.003920752,0.21976289,0.19339651,0.45743302,0.49427325,0.03373007,0.03818821,0.1705221,0.15900543,0.008819860820261437,0.009933385366213566,0.0058601528961526005,0.006437870934853313,0.011163195365011754,0.013365840224478958,0.013951122184888613,0.013803551860039738,0.00888208445215791,0.011907551303192815,0.008077101300141777,0.00821324222774125
100,0.05778407,0.047492635,0.082725234,0.08004122,0.031814203,0.030422447,0.03868654,0.052444227,0.6439361,0.6247807,0.037391264,0.043233093,0.107662566,0.12158565,0.058658477,0.04752463,0.08280476,0.080134995,0.03199607,0.030426832,0.03975349,0.05230296,0.63958526,0.624833,0.03802571,0.043216687,0.10917622,0.12156091,0.096685745,0.085427016,0.0036159605,0.003832147,0.006103727,0.006304335,0.1921538,0.21561544,0.5057389,0.48865953,0.03212972,0.03383578,0.15545294,0.15064101,0.008278336742567937,0.009003190342023477,0.0059885800973596024,0.006893170574537433,0.013651431309959924,0.014631328557113068,0.012492628217076297,0.01253900533406882,0.009654786747629695,0.01083395991930631,0.006942139551143324,0.007202765474073945
101,0.050171215,0.052590605,0.07854873,0.10193225,0.02874739,0.03318004,0.059302527,0.04343774,0.6433219,0.624559,0.030331187,0.03625891,0.109577104,0.108041525,0.051028598,0.052735243,0.07939004,0.10220561,0.02907751,0.03312315,0.06016211,0.043380998,0.63904345,0.62414986,0.030794194,0.036243882,0.11050411,0.10816125,0.07875969,0.08913825,0.005420611,0.003974777,0.005415842,0.005000391,0.23060943,0.19403408,0.45524746,0.49201152,0.029332345,0.03391486,0.17655087,0.17139871,0.009493994468941336,0.011109196689358121,0.006455876370646628,0.006977080141663249,0.013342606221696867,0.017077953137014653,0.013206774722639128,0.015516064652186511,0.011348352379205473,0.012765143196874702,0.008030146710452392,0.009150782653641956
102,0.06784914,0.05281087,0.10344184,0.09466169,0.030200318,0.034509588,0.033195373,0.051295433,0.6172297,0.6258679,0.034925718,0.036665667,0.11315795,0.10418885,0.06828041,0.05283211,0.10413629,0.09466358,0.030456774,0.034505162,0.033873804,0.05127964,0.6133646,0.625777,0.035164375,0.036701754,0.11472374,0.10424075,0.10983101,0.09617507,0.005934015,0.0046901717,0.005094963,0.006237335,0.17993996,0.22146818,0.49571759,0.4760569,0.03445553,0.03867218,0.16035528,0.15000695,0.012048413906606888,0.010288240772148363,0.0075006263504527985,0.006010974213600806,0.01540741130547433,0.01451351020703727,0.013724233304068394,0.012937490919671179,0.01200309749148946,0.011699907340310801,0.00852111983085029,0.007810186002710859
103,0.054444592,0.060911372,0.093161225,0.09642001,0.035253286,0.025724288,0.04726402,0.043678842,0.6190576,0.61501056,0.03535102,0.044789236,0.11546828,0.11346568,0.05520116,0.06090598,0.093869366,0.096422665,0.03538154,0.025728732,0.04796482,0.04367978,0.6167776,0.61497605,0.034951575,0.044791523,0.11585391,0.11349523,0.09518121,0.10335701,0.0051349415,0.004340032,0.005655205,0.003186962,0.21099833,0.20872945,0.46088767,0.47665924,0.03879091,0.03641634,0.17486398,0.15857774,0.008618218183189207,0.01186581138195001,0.006555240058226963,0.00801357480234558,0.012380422368698794,0.014246373356172182,0.015073497532177457,0.013204640293709394,0.010391387762132151,0.012239993897856787,0.008540449851751725,0.007638739933006986
104,0.05047238,0.061044816,0.0881657,0.098448455,0.032794565,0.029118754,0.045115728,0.045162797,0.62872547,0.6047046,0.028924048,0.033057164,0.12580207,0.12846339,0.051569674,0.06105014,0.088344105,0.09851465,0.033006843,0.029121319,0.04510941,0.045161847,0.6266702,0.60473925,0.02956881,0.032944284,0.12573095,0.12846857,0.08775837,0.09204177,0.0046570976,0.006346548,0.006087056,0.0030933572,0.20346805,0.2174398,0.49121228,0.47194213,0.02468254,0.03019508,0.17277865,0.17014582,0.00976453702508555,0.010803528204568357,0.005908420607613914,0.007407706955819939,0.01406109452324281,0.014462859747090575,0.01315295475229666,0.013600234388010269,0.010549215284527208,0.012082841725736839,0.00784173737911012,0.006271716733496266
105,0.056598574,0.05814938,0.08738858,0.09589911,0.025463628,0.02740615,0.04813705,0.04488252,0.6255776,0.623224,0.032316793,0.027926056,0.12451773,0.12251277,0.057808116,0.058257326,0.08754737,0.096119046,0.026182452,0.027181005,0.04871505,0.044291016,0.62255096,0.62354326,0.03226377,0.027951917,0.1249323,0.12265639,0.09372967,0.097570926,0.0038087082,0.0053875414,0.0036168383,0.0050577144,0.19970039,0.20523342,0.4843608,0.4904354,0.038237322,0.029004415,0.1688199,0.15522514,0.008961933298016337,0.010609056749320842,0.005882831331673292,0.0069726801025706804,0.011415495978861568,0.014100506398717948,0.015161430025174004,0.015314504196995125,0.009954680096686456,0.012455979783893805,0.008417861704014524,0.009581649179274477
106,0.06478397,0.061247982,0.095024,0.103012234,0.036991347,0.038819395,0.048756607,0.040353682,0.5839309,0.62145865,0.038227413,0.033506114,0.13228574,0.10160192,0.06578144,0.061376438,0.09491987,0.103288546,0.037592813,0.03882596,0.049257725,0.040167302,0.5815098,0.6211276,0.03888061,0.03367085,0.1320577,0.101543315,0.08306089,0.09937256,0.004955551,0.0071194656,0.0045133587,0.0064629083,0.20731194,0.19388308,0.47365654,0.48979256,0.03258677,0.0380417,0.17750958,0.15413564,0.012148075142557087,0.011103189307905537,0.007665720173697904,0.006784268395236054,0.014157678234273371,0.01547893067986368,0.017575210123671404,0.01278253314266292,0.011797115594780125,0.013018148268222807,0.009801961323349819,0.0078085379288953885
107,0.058591217,0.067290604,0.089703746,0.08967341,0.02934445,0.025584146,0.032633387,0.06317578,0.6438333,0.60347223,0.028800283,0.033948716,0.11709364,0.11685514,0.060128547,0.067326084,0.09013797,0.08971637,0.029713238,0.02559588,0.033695027,0.06293809,0.63887024,0.6035676,0.028819483,0.033976566,0.1186355,0.11687941,0.09182305,0.08622051,0.004738941,0.003687846,0.0073434175,0.0026756541,0.19276144,0.22457576,0.50542873,0.4880073,0.031502824,0.03455588,0.1595443,0.14706925,0.010889445773470917,0.010589178144516816,0.006698612171809712,0.007072211342588448,0.01251447432050521,0.013158934668650885,0.015042485910078937,0.013840798758916136,0.008938566386589663,0.011205250277394928,0.008532425638261952,0.008515842165690405
108,0.06330318,0.05763947,0.09543356,0.10032732,0.029224658,0.03467318,0.036761533,0.048602674,0.63177794,0.5986086,0.030573297,0.04122468,0.112925865,0.118924044,0.06543385,0.05770392,0.097125664,0.10033976,0.029961485,0.034670047,0.03688885,0.04859222,0.62612283,0.5982878,0.030937552,0.041263252,0.11352973,0.11914302,0.08803497,0.09278424,0.0038362476,0.0059423842,0.0037804712,0.004966879,0.203846,0.2041295,0.48409072,0.47424525,0.035052665,0.04576032,0.17072985,0.1558227,0.011045716222202762,0.012338573522250994,0.007771609528448278,0.007886772481490141,0.012822278487522456,0.015889144404645464,0.015223905424898041,0.016267086211116114,0.01059177346952029,0.01313194691258713,0.008726518929337613,0.008165103514062922
109,0.058295358,0.06371364,0.102467366,0.096023835,0.020807808,0.028131707,0.047343668,0.055462494,0.629606,0.5952614,0.029428044,0.046387915,0.11205175,0.11501899,0.058768585,0.063817576,0.10518556,0.09617899,0.021268312,0.02808957,0.04745119,0.05546202,0.62523603,0.5949776,0.029640852,0.046464816,0.11244947,0.115009375,0.093562566,0.08626421,0.0051801535,0.0052260016,0.004121136,0.005064245,0.19547735,0.19890718,0.49121884,0.47376856,0.02974729,0.0450237,0.17381871,0.16284621,0.010400349906514344,0.011243102001237388,0.007249633709288668,0.008349902478696741,0.011776933685340525,0.015385378394295136,0.013649384496024429,0.013941331546557762,0.01181341168169799,0.013142946917464298,0.008101368211900805,0.009176951162079554
110,0.06024663,0.054365672,0.0941156,0.07725114,0.03429313,0.028168201,0.0365556,0.051065885,0.6280519,0.6323182,0.025515167,0.03773132,0.12122199,0.119099595,0.061627034,0.054545943,0.0959448,0.07740155,0.03416515,0.028214533,0.03742132,0.0507374,0.6226711,0.6322236,0.026294742,0.03757301,0.12187585,0.11930394,0.09459269,0.08890134,0.0049414495,0.003920119,0.006940423,0.006088379,0.20367265,0.2147428,0.4663569,0.47205874,0.027066221,0.036514737,0.1772256,0.17048256,0.010314084573606906,0.012494950107804922,0.00674145925874194,0.006669746086549876,0.01207420379041443,0.015844665761435787,0.013868317276471344,0.015047875603613604,0.010682970546262924,0.012506947742898128,0.007588406651240903,0.009164861092510489
111,0.053070348,0.063803636,0.090068035,0.11254146,0.023441618,0.027194535,0.045376007,0.05037888,0.65019226,0.603692,0.030377882,0.035125162,0.10747383,0.10726435,0.054261286,0.06381918,0.09103455,0.1123563,0.023535699,0.027231934,0.04630712,0.05052793,0.6450401,0.60361874,0.031214867,0.03512444,0.10860634,0.107321486,0.091621816,0.09940441,0.004029887,0.0053620017,0.0033103728,0.0032678149,0.20980178,0.20834833,0.4755905,0.49283212,0.036804955,0.035810266,0.1604058,0.14642668,0.010128875805712263,0.013263482321511852,0.006236762092032669,0.009190475112400983,0.011679045573446796,0.01437849182189325,0.016334109046876336,0.01425988229861628,0.010513202067942715,0.013103420730217585,0.0086269822104303,0.008832602010593028
112,0.06302253,0.06469015,0.10728879,0.09054829,0.029083703,0.027973458,0.045280874,0.038280584,0.6086914,0.6201233,0.033043414,0.032802835,0.11358928,0.12558132,0.0643439,0.06455636,0.10702364,0.09075045,0.02967214,0.02791961,0.045662005,0.038582444,0.6054841,0.61935085,0.03322306,0.033066932,0.11459115,0.12577334,0.0937314,0.09664331,0.005952255,0.004074684,0.0036053294,0.0066081434,0.21351354,0.19750246,0.48445797,0.49852827,0.04061769,0.033941526,0.14950088,0.15814444,0.010553158270541433,0.010155794886131704,0.006421518182467557,0.007111018280347924,0.014287670982330022,0.014332003352483013,0.014388528428044374,0.013269954897061375,0.011742890030618788,0.011624648657029663,0.007647488092659073,0.008583866575787366
113,0.0644853,0.05984857,0.09503627,0.09475173,0.029509434,0.025439171,0.04204942,0.04040579,0.6282688,0.63058794,0.027229613,0.040545844,0.11342122,0.10842099,0.06652567,0.059919614,0.095208585,0.09486596,0.029821608,0.025364894,0.042788263,0.040401425,0.6237961,0.63050556,0.027841855,0.040566325,0.11401794,0.10837625,0.09858453,0.08422802,0.0040605436,0.0050233714,0.0033804476,0.004589464,0.19059785,0.2082394,0.49567676,0.4993689,0.02785872,0.0401785,0.17606826,0.14434357,0.010078713680793511,0.010521134538735075,0.006850680902568785,0.007265233933439838,0.014474171731000626,0.013755615386644235,0.014068767941815288,0.013565156463152707,0.011638597951656358,0.01199778983464826,0.007605452055616576,0.008825174212923807
114,0.04546247,0.048003424,0.073549576,0.091903076,0.03021053,0.025253028,0.04466576,0.05155745,0.6378537,0.6209712,0.0375601,0.035208862,0.13069785,0.12710297,0.0470596,0.048142444,0.07374397,0.0923489,0.031435903,0.025373124,0.04549358,0.05175787,0.6333106,0.62018967,0.037942722,0.03496353,0.13101366,0.12722446,0.08502103,0.0852466,0.005953067,0.0035663578,0.0049209096,0.0056747086,0.2070457,0.20731343,0.48155284,0.49361566,0.03279721,0.03180457,0.16758044,0.1614307,0.008345850090831773,0.010566284729504707,0.005100523797608504,0.007386470330087074,0.010386513909990354,0.01391481441182495,0.01456954603961339,0.015606127576663228,0.010475382060475928,0.012520708987913473,0.007872297314805838,0.009912459281266241
115,0.057943225,0.06114496,0.08948941,0.099662445,0.03411035,0.030507144,0.05365305,0.03847623,0.6172016,0.6138645,0.032111768,0.036497753,0.11549055,0.119847,0.05977246,0.06113383,0.08960125,0.09971092,0.03393117,0.030496245,0.05469645,0.038468737,0.6134779,0.61385715,0.032287654,0.036498457,0.11623317,0.11983466,0.08516868,0.10117311,0.0052317576,0.004998837,0.0059678988,0.0035263556,0.21874434,0.19210005,0.4733706,0.49791023,0.031543635,0.03954738,0.16610534,0.15709901,0.009662059127988534,0.012242254856236274,0.007324811907479866,0.009054213834202187,0.01378595390618032,0.01635606292300731,0.014517432807741109,0.012424904484256028,0.010828717888704776,0.014707410173779132,0.00979876673055944,0.008174120319474329
116,0.061596263,0.045188807,0.097124316,0.07121911,0.034844268,0.014947647,0.040929336,0.0743753,0.61089194,0.6351696,0.030879088,0.03537759,0.12373478,0.12372194,0.06254017,0.0451892,0.097776994,0.07125797,0.035048768,0.014939316,0.041549675,0.07428258,0.6060938,0.63515884,0.031485777,0.035389766,0.1255048,0.12378229,0.090566546,0.076542296,0.0051906775,0.0037181384,0.0058511267,0.0017186867,0.2151044,0.21954378,0.45201057,0.5006164,0.035601262,0.033346046,0.1781296,0.14715615,0.009758907451149676,0.008703666189175315,0.006486982210673817,0.005849977333983039,0.013870270783899338,0.011910218223574895,0.014744508353057328,0.01402139661076381,0.011118671797606235,0.009363142635505618,0.008402689906219207,0.008123359900509408
117,0.05987568,0.045051258,0.10628183,0.07495684,0.024565827,0.036569186,0.039349187,0.043520026,0.6213369,0.6412839,0.030366136,0.039532594,0.118224464,0.11908619,0.060911406,0.04504403,0.10674368,0.07496005,0.023982758,0.036614724,0.040147588,0.04355296,0.6191073,0.6412269,0.030692318,0.039542414,0.11841497,0.11905895,0.10187228,0.075425215,0.005501211,0.0026744474,0.0028093325,0.003903853,0.20365708,0.20427318,0.46670538,0.50172114,0.03702153,0.036819898,0.17343031,0.16330113,0.010282630099184419,0.010849345053388517,0.007252776057936538,0.00610995185664168,0.013602624230623113,0.014374116753061876,0.014189736014710104,0.013575331324782943,0.011793597993575709,0.011054334955152564,0.007686916029037224,0.008622061588744402
118,0.051869165,0.049768336,0.08568098,0.07216666,0.025712136,0.034054838,0.046246793,0.061920874,0.64486307,0.63614744,0.022911228,0.037290253,0.12271665,0.10865164,0.05357296,0.049760547,0.08625437,0.072084814,0.025887188,0.03409022,0.047724962,0.062026888,0.6393889,0.63606495,0.023568848,0.037249487,0.123602726,0.10872313,0.092427015,0.08804819,0.004375207,0.003815733,0.003723961,0.0063319,0.21877638,0.22748232,0.4654717,0.47778326,0.030232968,0.030695764,0.17050166,0.15495145,0.01025728776284221,0.009292658960571427,0.007629503069926862,0.006395240680612309,0.014005253524490857,0.015459485789178714,0.014845106462471567,0.015836314333919355,0.01213669500681645,0.010639315218758232,0.008970564085805394,0.007322585037635404
119,0.059511624,0.06758043,0.09363322,0.10008661,0.027948298,0.029362336,0.049376994,0.055743657,0.6311607,0.6104707,0.028694669,0.036641542,0.10967453,0.100114755,0.060013246,0.06763016,0.094237484,0.100130565,0.027881024,0.029454974,0.05026339,0.0558049,0.62768364,0.61014414,0.02946151,0.036714297,0.110459685,0.10012096,0.10410316,0.09491268,0.0040493337,0.004002648,0.0035808235,0.0029482713,0.20616423,0.21158342,0.47967225,0.48815873,0.034036823,0.036551274,0.15614776,0.15591785,0.009945056934784863,0.013260240677365651,0.006387779350209799,0.007874934805047317,0.013304404993725217,0.017477440782261003,0.014900820254931077,0.015255820720134304,0.009900439626392688,0.013618122128912225,0.00773656185582774,0.008600443907113989
120,0.060324457,0.06529594,0.0861439,0.09825701,0.04102263,0.03438426,0.041211605,0.042384036,0.6225994,0.62125427,0.028059939,0.037680786,0.12063805,0.100743674,0.06245659,0.0653907,0.086396545,0.09810508,0.04159351,0.03437132,0.04324133,0.042644467,0.6166557,0.62097466,0.02894074,0.037765462,0.120715566,0.100748315,0.08855817,0.09613436,0.0060073994,0.003793997,0.0053675817,0.005300676,0.20930713,0.21139403,0.49112418,0.4896736,0.030209137,0.036751322,0.16101313,0.14395925,0.009957464015193635,0.010626444019685013,0.005800651739313235,0.007113068752179855,0.013689480213344563,0.01583560486257816,0.012651046625380169,0.01408707970327888,0.01107499783562217,0.012515944579892744,0.008428519196081653,0.008674617179839781
121,0.05985468,0.06344493,0.101266645,0.10918874,0.033711832,0.031779904,0.057057373,0.048659436,0.61775285,0.586197,0.030265141,0.04503912,0.10009152,0.115690835,0.060887773,0.063551426,0.10184714,0.10930521,0.033990234,0.031810258,0.05867234,0.04866676,0.61323804,0.5856709,0.030800048,0.04514796,0.10056444,0.115847506,0.09598161,0.09884584,0.005323212,0.004846693,0.0072712684,0.0053521916,0.23037766,0.18694617,0.45532295,0.49171945,0.038472846,0.041294884,0.15783283,0.16576138,0.009216202787215747,0.012491654783525997,0.006628148795209535,0.008457903920943425,0.012708965038990808,0.016471314166477305,0.014808020849235336,0.01408409072467325,0.011062975778218178,0.014051003052741895,0.007785412534022194,0.008217375468984099
122,0.062126104,0.057567257,0.100432865,0.10185436,0.030371116,0.03245596,0.04964992,0.052079663,0.6207902,0.61678904,0.03141669,0.02913306,0.1052131,0.110120624,0.063098036,0.057761483,0.10112979,0.10171298,0.030615214,0.032426413,0.05051854,0.052758712,0.61653876,0.6158642,0.031758416,0.02913705,0.10634118,0.11033911,0.09704072,0.09905681,0.0046744775,0.004266905,0.004660679,0.0056787054,0.22577725,0.21429111,0.4710755,0.48516005,0.031809915,0.0334684,0.15827973,0.13778226,0.01179616641971011,0.012757857014556761,0.006713709803212807,0.007247209950929439,0.014476782860307891,0.014602953639813248,0.01562379805481868,0.013540047684117007,0.011010110331091005,0.011655458311814366,0.008990764462575764,0.008374634529433196
123,0.06019652,0.048623044,0.0993985,0.08019545,0.029345078,0.026193498,0.05234625,0.06013018,0.6059647,0.63552415,0.03607964,0.032661617,0.1166693,0.11667206,0.061306264,0.048789468,0.10018359,0.08017804,0.029868865,0.026331663,0.053649567,0.06017222,0.6005393,0.634831,0.036735456,0.032725886,0.117716886,0.116971724,0.099898286,0.08317553,0.0046148566,0.005580778,0.0043773963,0.0074962974,0.21179144,0.21976157,0.46226552,0.45318186,0.03922864,0.03959553,0.16406867,0.17182194,0.010858647496326273,0.00834672830852552,0.007297623224947948,0.006362463359106405,0.01386182664366299,0.011918328154762427,0.015331721320320362,0.015133082504243094,0.011951484435179287,0.010359061761172513,0.009065520582973512,0.008186881014020705
124,0.06307343,0.05163279,0.09523246,0.07931692,0.027339801,0.02842112,0.04925796,0.055458993,0.62600625,0.61588615,0.03449113,0.040625446,0.104598954,0.12865858,0.06410281,0.05181972,0.09597923,0.07962385,0.027740844,0.028652953,0.04962263,0.05547775,0.6219856,0.6148176,0.034926686,0.040765077,0.10564214,0.12884305,0.10613441,0.078492634,0.0039011312,0.004263652,0.0034195068,0.0039632944,0.19886084,0.22414929,0.48368487,0.4749465,0.037012514,0.034160387,0.1605697,0.16606325,0.010124157921747777,0.010021847907603545,0.007214925726958863,0.007364873714261811,0.01215558479154388,0.012815175198602265,0.015109768340617648,0.015300616134095987,0.010205439454502448,0.009328570645845913,0.0094269609241398,0.009442583460558268
125,0.060190536,0.046592586,0.08813399,0.06568066,0.03134079,0.021444065,0.050758395,0.06297364,0.6372991,0.64067364,0.023817599,0.033027716,0.108459555,0.12960774,0.06150817,0.046538327,0.088907406,0.06561117,0.031185757,0.021383565,0.051371682,0.06345374,0.63373667,0.64037097,0.024473805,0.03304874,0.108816504,0.12959349,0.09628367,0.082308844,0.004415087,0.003969701,0.0038675165,0.003273626,0.20994294,0.2236026,0.4934163,0.47504258,0.0291263,0.032041784,0.15527962,0.1615078,0.01020625460752279,0.009457705558741463,0.006520400348830224,0.0061730131255378785,0.012845213063598655,0.012251261728035569,0.013219094972233655,0.013704295074033227,0.010989053323501927,0.010162288221763979,0.008504114444527824,0.007427663400147611
126,0.074224554,0.06406793,0.093922205,0.102021515,0.027994504,0.031615816,0.03918536,0.05092045,0.62131274,0.5843695,0.03057304,0.04550249,0.11278759,0.121502325,0.075998455,0.06402571,0.0945614,0.10231086,0.028098695,0.031652898,0.03986468,0.05089999,0.61727345,0.58344185,0.030942312,0.04572691,0.113261014,0.12194175,0.10422456,0.08724896,0.0035472394,0.005876407,0.0024290762,0.004467809,0.2089111,0.21345417,0.4750235,0.48242247,0.037368014,0.045002118,0.15441504,0.14849539,0.010884585893145247,0.013086946644393827,0.006929152336176948,0.008273129729904405,0.013197662377943037,0.01678770179699384,0.014643064906405904,0.015104563546627476,0.012227259818539693,0.01455572818993643,0.008421717874651895,0.008302396667855646
127,0.06392125,0.0642944,0.11238911,0.087514974,0.039820697,0.023711456,0.03690236,0.044329055,0.57900345,0.6292758,0.0454285,0.03474113,0.122534625,0.11613323,0.06514509,0.0645286,0.11279198,0.08752856,0.040290046,0.023880348,0.037808448,0.044503935,0.57366353,0.6286364,0.046001405,0.034877673,0.12429949,0.11604447,0.1085801,0.09549629,0.0058757598,0.0041500037,0.006356804,0.002531157,0.19678442,0.18415539,0.4673768,0.51274973,0.044708204,0.03658604,0.1563443,0.16165972,0.012071203169721082,0.011460526886372937,0.008175933213530088,0.007897256449704258,0.016122450675163977,0.013126917814291155,0.01442485312452135,0.012738448291117855,0.011952815548273628,0.010439388742871017,0.008992381632346313,0.008253886971418604
128,0.05233062,0.055075374,0.085710846,0.09509748,0.025622116,0.034110237,0.04265031,0.058197785,0.6638269,0.59348565,0.027453689,0.046022814,0.10240551,0.11801066,0.05385092,0.055096257,0.08588158,0.095044024,0.025532277,0.033871386,0.04452236,0.059010543,0.65951276,0.5928864,0.027782416,0.045955785,0.102917664,0.118135616,0.09942829,0.08179263,0.004642589,0.0047085574,0.0030542072,0.00565032,0.22464307,0.21491419,0.4680896,0.48403805,0.028118104,0.03926703,0.16291755,0.15433101,0.009623468879918246,0.011216599607192478,0.007374463687806708,0.007929916816753726,0.01270744490909078,0.0164098610252276,0.01403248519140483,0.013166209426202126,0.011756177041017656,0.01411993019601827,0.008319427638623351,0.008488030116551564
129,0.066432595,0.04830052,0.10506442,0.09411967,0.036028434,0.033683084,0.045070756,0.05667051,0.5955985,0.61775035,0.030193599,0.031191505,0.12161167,0.11828442,0.06783673,0.048546545,0.104780264,0.09421276,0.036679562,0.033732638,0.045564186,0.05668222,0.59159493,0.61724406,0.03051077,0.031208199,0.12303359,0.11837356,0.100450255,0.09033455,0.0065801307,0.0046086637,0.006703826,0.0036481349,0.21118453,0.21626683,0.45919093,0.49147555,0.037192516,0.035048097,0.16445954,0.14727539,0.010888022408464619,0.010648353799416024,0.006808070472851198,0.007701376734714891,0.014822279454636359,0.014455140007645412,0.016511044379379985,0.014961608939789525,0.012094437542497637,0.011594805288014208,0.009570078313063047,0.00910745557692442
130,0.05709055,0.044511814,0.10186379,0.09447807,0.037378132,0.033507373,0.047711797,0.055122487,0.6070984,0.6052657,0.032452915,0.043567102,0.116404414,0.12354751,0.058990665,0.044664793,0.102281384,0.09395628,0.03756809,0.03344412,0.048110537,0.05562245,0.6038823,0.604152,0.032387726,0.04367197,0.1167793,0.12448837,0.09754634,0.09129537,0.006113643,0.0055347322,0.005234403,0.004820585,0.20779923,0.22073095,0.4564608,0.46693656,0.03974585,0.0398249,0.17509858,0.15746693,0.010014854161017004,0.009390995883720128,0.008426398267976332,0.007363308358713861,0.01409750146611584,0.012220195915700208,0.014437431638839114,0.013547285726962672,0.012823013006641147,0.011459999996468889,0.009518914072652788,0.009643349135788928
131,0.06530492,0.06539917,0.102063924,0.09425191,0.029068105,0.023978733,0.043959767,0.0621428,0.61319304,0.6128143,0.03403408,0.03325154,0.1123762,0.10816154,0.06745021,0.06551126,0.10219095,0.09422595,0.029334346,0.024048062,0.045901153,0.06188934,0.6077754,0.6124548,0.03478212,0.033072855,0.112565845,0.10879779,0.10057007,0.094007805,0.0051414967,0.0050122286,0.00660663,0.0057857875,0.2016893,0.22440222,0.48009467,0.47317776,0.038064912,0.034706086,0.15497589,0.14967002,0.009767797368966808,0.012178253108529309,0.0065703987426804595,0.007689405350045441,0.013820484352387615,0.015011909318721829,0.015391851902440223,0.013757867149756691,0.011380404246429133,0.012319405702332906,0.008578914536681163,0.0075500481892846515
132,0.075313,0.06017887,0.1159284,0.099353224,0.030280126,0.029076656,0.043917347,0.074334584,0.583072,0.58981574,0.037647318,0.04333873,0.11384182,0.10390218,0.07709987,0.060599748,0.11707686,0.09967438,0.030589035,0.029204395,0.045028552,0.074282765,0.5779912,0.58778095,0.037832752,0.04379778,0.11438173,0.10465997,0.102133684,0.09265865,0.0061607254,0.007246571,0.0038704055,0.0051509095,0.19804761,0.23735595,0.47756764,0.462822,0.044529755,0.038270168,0.156571,0.13753483,0.010605020595657643,0.011504240658610993,0.007963882693563455,0.008578676354794076,0.014646038798594604,0.014348149651068245,0.013864174988557786,0.016965068741035094,0.013321397805934335,0.012579396103342832,0.007735856252969863,0.010366976088401848
133,0.07677005,0.055615302,0.10534354,0.091342784,0.041360587,0.034472067,0.03428638,0.04917925,0.59652597,0.61070746,0.0336735,0.035688546,0.11204,0.122994594,0.079733156,0.055863623,0.105394386,0.09222629,0.042410992,0.034514967,0.03444977,0.0492165,0.5914487,0.6095309,0.034278877,0.03581389,0.11228412,0.122833826,0.10138786,0.08617392,0.0047540003,0.004036471,0.0067791627,0.008494183,0.19057167,0.21499461,0.48488277,0.47283673,0.03730641,0.040311754,0.15988879,0.1516263,0.011762622729603746,0.010902677831959126,0.007952872837083985,0.007233722896369045,0.015825320840133057,0.014959083964868253,0.013358660024363238,0.014981511861631911,0.0123688875454683,0.012375847095798378,0.009045892077732449,0.007342847354437283
134,0.061793346,0.05088358,0.09850377,0.08550742,0.025984623,0.03689144,0.034595072,0.061748616,0.6352918,0.60873276,0.036061127,0.03675282,0.10777025,0.11948332,0.06323041,0.051345915,0.09902454,0.085657544,0.026567476,0.03690437,0.034828942,0.061764125,0.6316776,0.60762054,0.03660067,0.03691755,0.10807033,0.119789936,0.09891693,0.0863492,0.0044295923,0.005224518,0.003752427,0.006457498,0.19690286,0.21646927,0.4846018,0.47011992,0.03699141,0.03470579,0.16605447,0.16820653,0.010919277432237131,0.010315069645598038,0.007123257896744961,0.006842211649120339,0.014287097509872466,0.01493671622733258,0.011983373304924135,0.014874982984606898,0.012139084412921632,0.012247221824475232,0.007239251608223191,0.007735716562819026
135,0.059525557,0.05697861,0.10218893,0.10746151,0.02866335,0.029113634,0.04281422,0.053471673,0.61435235,0.5864832,0.0321284,0.045268536,0.120327234,0.12122284,0.060557146,0.0577652,0.103830576,0.107852206,0.028664568,0.029526757,0.043663852,0.05362357,0.60897994,0.58427835,0.03265031,0.045582496,0.12165362,0.12137137,0.10224842,0.095090464,0.0051512853,0.004969898,0.004423254,0.0048811026,0.19591813,0.19853741,0.48578838,0.4712743,0.034634035,0.04156956,0.16023466,0.1640079,0.00985589800229988,0.011137155924906696,0.007231137164411649,0.007702879170218364,0.014260487293866697,0.015592108271899677,0.01484453190871205,0.014890093669662046,0.011574560607486978,0.012566458762841631,0.00872870379857602,0.009163010911770136
136,0.065322705,0.0697548,0.10071319,0.10736277,0.025997512,0.025891481,0.051168416,0.037370346,0.60793287,0.59750533,0.036807004,0.03424981,0.112058304,0.12786545,0.06754344,0.06989614,0.10179306,0.10753698,0.026321609,0.025902532,0.051864628,0.037753515,0.60302895,0.5962413,0.037016653,0.034628324,0.11243163,0.12804121,0.10403584,0.08873453,0.004428906,0.0046830145,0.004342275,0.0050586206,0.20624138,0.20853713,0.48027614,0.49121144,0.036326922,0.03259323,0.15099669,0.15555964,0.010376968321852614,0.01149330102717249,0.0064778150237779055,0.008980334480217749,0.013397953758976108,0.015412242308444325,0.014113151869212227,0.01365692639307689,0.011925843140662683,0.0132900301433518,0.007778430149737286,0.008968145256376164
137,0.076963924,0.05282538,0.10962657,0.08604737,0.037928138,0.033892617,0.039713405,0.059406836,0.58757967,0.5988237,0.039930385,0.041625828,0.10825792,0.12737826,0.07961628,0.05335482,0.10844185,0.086507045,0.039166886,0.033955462,0.04014225,0.059515636,0.5823635,0.59758556,0.040605854,0.041664355,0.10966339,0.12741718,0.11249417,0.07806751,0.004738562,0.004682235,0.007173914,0.00416001,0.19210315,0.21672769,0.4807258,0.47663537,0.036366254,0.041324414,0.15129296,0.15827514,0.012687108965301343,0.011254208278131644,0.008690694274186055,0.006895853639856603,0.016404471624077405,0.01364304034665026,0.015339428861355798,0.015357488889145818,0.01272069245707046,0.011043356475717693,0.00937796003082075,0.009414080015655706
