,m1_anger,m1_anger,m1_disgust,m1_disgust,m1_fear,m1_fear,m1_joy,m1_joy,m1_neutral,m1_neutral,m1_sadness,m1_sadness,m1_surprise,m1_surprise,m1m_anger,m1m_anger,m1m_disgust,m1m_disgust,m1m_fear,m1m_fear,m1m_joy,m1m_joy,m1m_neutral,m1m_neutral,m1m_sadness,m1m_sadness,m1m_surprise,m1m_surprise,m2_anger,m2_anger,m2_disgust,m2_disgust,m2_fear,m2_fear,m2_joy,m2_joy,m2_neutral,m2_neutral,m2_sadness,m2_sadness,m2_surprise,m2_surprise,m3_anger,m3_anger,m3_disgust,m3_disgust,m3_fear,m3_fear,m3_joy,m3_joy,m3_sadness,m3_sadness,m3_surprise,m3_surprise
group,ai,control,ai,control,ai,control,ai,control,ai,control,ai,control,ai,control,ai,control,ai,control,ai,control,ai,control,ai,control,ai,control,ai,control,ai,control,ai,control,ai,control,ai,control,ai,control,ai,control,ai,control,ai,control,ai,control,ai,control,ai,control,ai,control,ai,control
t,,,,,,,,,,,,,,,,,,,,,,,,,,,,,,,,,,,,,,,,,,,,,,,,,,,,,,
0,0.060943995,0.068489365,0.07954244,0.10020458,0.040889826,0.040840194,0.047882732,0.043916617,0.6183,0.595445,0.032016262,0.040273637,0.12042467,0.11083067,0.061362293,0.068491705,0.079142354,0.10022568,0.042335175,0.040840365,0.04866879,0.043916404,0.6146564,0.5954804,0.032878075,0.040274013,0.120956935,0.11077146,0.09326727,0.10254402,0.003266986,0.005067454,0.0052604326,0.007203415,0.20772578,0.2082628,0.4633004,0.46101975,0.03236533,0.045259494,0.17144096,0.1560468,0.009615218596656334,0.013577262303655276,0.005697381002084421,0.00961136076220763,0.014764908544966994,0.01604278308283166,0.016274585721769434,0.015458886504299156,0.011362153012566678,0.014764330527240457,0.00974348947634804,0.007761237450930662
1,0.03215375,0.048803058,0.043525886,0.08662538,0.037234597,0.031891037,0.068841115,0.042551767,0.6903656,0.6229834,0.027814494,0.033757567,0.100064546,0.13338776,0.03279892,0.04880404,0.04358115,0.08662135,0.03792688,0.03189461,0.06921395,0.04254515,0.68720365,0.622996,0.028259592,0.03375788,0.10101586,0.13338096,0.062603176,0.09247394,0.0026987751,0.003917141,0.0058099525,0.0050174985,0.26127958,0.19735269,0.45109865,0.4805891,0.030217128,0.037915397,0.17377235,0.17391565,0.007950939125747961,0.011245505603007426,0.005761988417086195,0.006913432719161228,0.012461387266852328,0.016057846957868056,0.015224042147881601,0.013637441956335941,0.00788693753560684,0.013132256645329448,0.008646388116642461,0.008229449563401704
2,0.05560404,0.050048072,0.09213469,0.09331263,0.039774243,0.030072834,0.05441063,0.057939265,0.6334631,0.61802506,0.017310385,0.03226577,0.107302934,0.11833634,0.056173943,0.050047018,0.09202254,0.0933202,0.039474383,0.030072527,0.054568324,0.057961565,0.63336796,0.61802334,0.017424364,0.032250047,0.10696846,0.118325315,0.10264342,0.08522396,0.0043504103,0.006078569,0.005480775,0.005812681,0.23392224,0.22989286,0.45765942,0.47173336,0.021640684,0.036948945,0.1556014,0.14416996,0.009351345756861496,0.010673841579517833,0.007280332967995008,0.007038243398914129,0.014871374277801889,0.014521030885651397,0.014605134900939834,0.015614262226899081,0.011054051497048193,0.012158946804706637,0.008265614993116056,0.008505285171562151
3,0.03329665,0.052094758,0.054111004,0.08190083,0.028045285,0.023028227,0.069776155,0.0612185,0.6529977,0.6358185,0.026301272,0.032180484,0.13547195,0.113758765,0.033685446,0.052097317,0.053864304,0.081886545,0.027819501,0.02303189,0.07098564,0.061217163,0.65053564,0.6357926,0.026496116,0.03219357,0.13661337,0.11378086,0.077526994,0.08801748,0.0025448962,0.0042507434,0.005227936,0.0033408676,0.2664159,0.22611445,0.4276606,0.47625014,0.030695157,0.029063607,0.18405297,0.1600283,0.006652832550461936,0.00782227938195965,0.004283279722978947,0.005373049662529893,0.012018424585411042,0.011271206231924744,0.014020055777701063,0.014170103986893036,0.009960838812031875,0.00936545321726885,0.008313112199973122,0.007842751132497461
4,0.035386045,0.056689948,0.0549417,0.101912476,0.041127697,0.0387493,0.052631218,0.047328036,0.6439308,0.6088714,0.03131928,0.03625327,0.1406633,0.110195555,0.035958115,0.05669006,0.054687962,0.101912946,0.040813603,0.038749292,0.05328543,0.047328096,0.6426376,0.6088709,0.031668432,0.036253322,0.14094885,0.11019535,0.071784444,0.09008997,0.0024695648,0.004117195,0.006358371,0.0069293254,0.24291767,0.23926704,0.46552163,0.44946787,0.028088963,0.036528606,0.16916735,0.15599269,0.0056984449982849655,0.009896170393230373,0.005881838315786353,0.007174122107200766,0.011168431130864919,0.013540951878087553,0.014383927061047467,0.013898835780317274,0.007739627776021662,0.01082136770426438,0.006490888322740138,0.008134495254650506
5,0.05144553,0.050939143,0.08813937,0.07249227,0.030986382,0.024522731,0.05612233,0.05051456,0.6059494,0.64868677,0.022753622,0.037813094,0.1446034,0.115031436,0.05211944,0.050939318,0.087694705,0.0724914,0.031341147,0.024522066,0.05729051,0.050515156,0.60441643,0.64868873,0.021914901,0.037813377,0.14522286,0.11502995,0.08092085,0.08433551,0.0032816771,0.00326241,0.009629532,0.0023805327,0.23172082,0.21722667,0.46335104,0.49004927,0.032683834,0.03253678,0.1680973,0.16547422,0.010412866595082889,0.010214804146469565,0.007818540521853629,0.006666343898085409,0.011846810729108112,0.013557324930139683,0.016563632967094597,0.014289932045291262,0.01268885738935228,0.011987078003965645,0.008304627388270572,0.008108558137295507
6,0.04628788,0.051238053,0.07217111,0.08930808,0.04399428,0.030273274,0.07322083,0.07033809,0.61701477,0.59365785,0.025867067,0.03874536,0.12144407,0.12643929,0.0472867,0.051238053,0.071329795,0.08930808,0.044727832,0.030273275,0.07378053,0.07033809,0.6153606,0.59365785,0.026013106,0.03874536,0.12150139,0.1264393,0.080120124,0.080297165,0.0030539355,0.004957867,0.004161247,0.004904877,0.253331,0.22873817,0.447876,0.4579488,0.026012378,0.03614136,0.1657545,0.1665398,0.008900700107258163,0.010678580985198645,0.00590556781900652,0.007256292995717741,0.014864298772343673,0.015585254011956769,0.013383648086456132,0.014167407020205221,0.010304517499663046,0.012202457228120132,0.007690671731447202,0.008989916436184115
7,0.03134506,0.054367337,0.06365441,0.0908835,0.021861902,0.022028271,0.08990227,0.042811286,0.64217556,0.6285984,0.02034214,0.037335835,0.13071865,0.12397537,0.031609498,0.054367337,0.06329675,0.09088351,0.021662984,0.022028273,0.091038786,0.042811282,0.64037436,0.6285984,0.020456672,0.037335835,0.13156092,0.123975374,0.069575705,0.09309513,0.003436104,0.005716187,0.0022951276,0.002405832,0.28557074,0.213996,0.42563117,0.4765343,0.022789098,0.036779795,0.17019598,0.16266973,0.006083705122082928,0.009342418710297099,0.005650404982581848,0.006291857066721101,0.008561210435505128,0.013565595095286693,0.01735636897032901,0.014736446953849269,0.010292069489439495,0.012294986277822627,0.007995218891479285,0.0082858376251606
8,0.037988793,0.060963698,0.07165644,0.09511712,0.035897497,0.030862508,0.065130025,0.054293316,0.6311295,0.6145733,0.018125668,0.029732337,0.1400721,0.114457704,0.03810082,0.060970295,0.07137208,0.095125005,0.0358242,0.030860834,0.06531877,0.054294948,0.6297098,0.61457807,0.018310845,0.029737707,0.1413635,0.11443317,0.07756248,0.08944872,0.0032810231,0.003850237,0.0111253755,0.0057022506,0.26274905,0.20613196,0.40727141,0.49099618,0.022217663,0.029738354,0.19724491,0.15532182,0.010879467263044068,0.010228309842816802,0.007515393664836428,0.006303169172476179,0.014876377466504519,0.013945267676826856,0.020135298674258468,0.014373356112864569,0.011148942097567803,0.011481403248048149,0.009645893568241292,0.0076677833965978015
9,0.036132224,0.048666112,0.060980827,0.083848976,0.024142548,0.031037688,0.05470848,0.04957415,0.6593373,0.63822126,0.03092469,0.034519237,0.13377394,0.11413253,0.03619096,0.048666112,0.060372364,0.083848976,0.02412066,0.031037688,0.054640688,0.049574148,0.6598969,0.63822126,0.030987909,0.034519237,0.13379054,0.11413252,0.069663934,0.079339,0.00332945,0.0034386036,0.0030192256,0.0077699344,0.23591387,0.22409308,0.46361718,0.4823756,0.030054696,0.029568769,0.17514487,0.15266038,0.006645058871740283,0.01020604402268863,0.004533897345857324,0.007926813589263813,0.009993222836009686,0.014861292876463825,0.013095132317521617,0.014867400356281979,0.009729082999511812,0.011607773494592468,0.007850745283074096,0.00801875029230911
10,0.035946935,0.057524666,0.057694323,0.07805381,0.023487052,0.033331443,0.07585215,0.04954214,0.63754076,0.63533086,0.026770437,0.04262903,0.14270836,0.10358804,0.036779996,0.057524316,0.058403347,0.07805364,0.023459198,0.033327196,0.07396488,0.04952205,0.63820434,0.6353526,0.026878767,0.04263058,0.14230944,0.10358961,0.06372092,0.09469366,0.0045179343,0.0036089467,0.003307076,0.0053485148,0.25646523,0.20954719,0.4416459,0.48175803,0.029633988,0.037181597,0.17567514,0.15983024,0.007080027331284369,0.010715110522244397,0.005543959101743229,0.006682035375708228,0.01040332165568377,0.01412363308088348,0.01565747675349998,0.013221281737673084,0.009068512053091603,0.012010980054625727,0.009537514175029068,0.007361554225824176
11,0.048849918,0.05684533,0.07127595,0.087390214,0.048634574,0.037994314,0.058219064,0.056165952,0.6376712,0.5873429,0.02302782,0.048295513,0.11232149,0.12596573,0.049639326,0.056845326,0.07097209,0.087390214,0.04966725,0.037994318,0.058938716,0.056165952,0.6346234,0.5873429,0.023537807,0.04829552,0.11262139,0.12596573,0.087285414,0.08640271,0.0030325416,0.004208674,0.0061159884,0.0057103937,0.22415869,0.22512735,0.4617868,0.44403052,0.025456721,0.048718493,0.1813429,0.16249135,0.009821930191467435,0.010197194054829628,0.006074459840379754,0.006260743238125293,0.01500261136297737,0.01374826473377015,0.014666208854652616,0.015423840977985354,0.010736263243425073,0.011452956161316832,0.007537948772775668,0.008657777917313918
12,0.038095087,0.054080103,0.058756597,0.08552252,0.03400136,0.059350822,0.05760789,0.049081035,0.64899063,0.59870434,0.02927937,0.034235053,0.13326906,0.119026124,0.038625374,0.05408254,0.058237728,0.08550164,0.034358393,0.059337825,0.058143094,0.049082648,0.6470248,0.5986915,0.029893612,0.03423632,0.133717,0.11906755,0.06975912,0.0787463,0.003336173,0.003729691,0.0046118903,0.008969485,0.23280054,0.21872307,0.46080482,0.46689767,0.0318483,0.032826137,0.1740048,0.17177308,0.007199675994799752,0.01101288226956692,0.004326220007928538,0.006558676454127524,0.012129668474182738,0.015459759480391064,0.014073158477645188,0.015877405461111334,0.011112638845580598,0.0124040118483431,0.007736901624444045,0.00868871571042657
13,0.050191205,0.04124406,0.0756164,0.07836941,0.036568593,0.029098734,0.063949645,0.05388083,0.61393106,0.62708586,0.02688274,0.037967972,0.13286035,0.13235311,0.050738003,0.04123293,0.075676315,0.07836232,0.036749084,0.029098038,0.06449138,0.053880706,0.6106249,0.62710565,0.027093623,0.03796734,0.13462663,0.13235296,0.08446333,0.07779449,0.00498153,0.0042378167,0.004394178,0.0041841133,0.2358225,0.21832228,0.451914,0.46380922,0.027379744,0.03797875,0.1717992,0.17284395,0.008781518657519945,0.010036745480906379,0.005305472987019151,0.006853436651513072,0.011861654634447294,0.013364836944900645,0.014472959937332875,0.016051116178136437,0.01051721803632651,0.01336492603903439,0.007991040794107243,0.008646297405014935
14,0.041211706,0.04413471,0.06967363,0.07866018,0.03454411,0.020827409,0.0674002,0.06301206,0.6222383,0.6124023,0.03513206,0.041188497,0.1298,0.1397748,0.041429903,0.04413101,0.06986692,0.07865663,0.035071,0.02082611,0.06844135,0.062962696,0.61920327,0.61232275,0.035877544,0.041185834,0.13010998,0.13991496,0.077645555,0.07952622,0.0032077304,0.0038905905,0.006125344,0.003952338,0.23989531,0.23798439,0.45667717,0.47070885,0.03497396,0.039621968,0.15938161,0.14499389,0.008983893214183105,0.009618079573677192,0.005461906114294356,0.006994017878626779,0.013381712574376047,0.013303424130485445,0.017422202512755277,0.014774988353966668,0.01081328065681213,0.012073877313131656,0.008715785275504113,0.007544468677868536
15,0.037593536,0.053018272,0.064807944,0.09409596,0.025144847,0.034444418,0.059837576,0.05133929,0.65143764,0.61029965,0.039770067,0.036608215,0.12140843,0.12019419,0.03773694,0.053025324,0.06469701,0.09411716,0.025309484,0.03444583,0.059825018,0.051343616,0.64932334,0.6102296,0.040369887,0.03661289,0.122738265,0.12022557,0.07962785,0.08720994,0.0027061661,0.0046139657,0.002470021,0.005911562,0.24917303,0.22636758,0.45018336,0.45859858,0.034943018,0.041828595,0.16404694,0.16199951,0.008068490831438579,0.010701967385963632,0.005460534681741325,0.006509934985838579,0.012409039782414229,0.01305995221236435,0.015925256609965577,0.017223118719625608,0.011235556864553726,0.012850879399300727,0.008236725753243223,0.0093506361380412
16,0.04040149,0.056376584,0.060226943,0.095237784,0.031135483,0.038632378,0.056890618,0.052963447,0.6647122,0.59286064,0.036111593,0.038356718,0.11052174,0.12557246,0.04108449,0.05637641,0.060359105,0.09523049,0.031180387,0.03863197,0.057305627,0.052964296,0.6626591,0.59285855,0.036386725,0.03837001,0.11102458,0.12556829,0.08330298,0.08288932,0.0028734258,0.0047094296,0.0035672013,0.0060364925,0.21523403,0.21449594,0.47553542,0.46555737,0.03335244,0.03525863,0.17275313,0.17601253,0.007941165408970413,0.01218655454999926,0.005542789388170499,0.007652372124316542,0.012992453271049812,0.015117353546853726,0.015876324921229115,0.014861917704118707,0.010054655918096046,0.013619865501485424,0.009362824261309013,0.009539713889902868
17,0.046011817,0.049572267,0.07629593,0.06917161,0.033426523,0.02737116,0.054010745,0.0630139,0.6504135,0.62237227,0.027622364,0.038233392,0.11221911,0.13026541,0.046206787,0.049572334,0.07612892,0.06917134,0.033167932,0.027371157,0.05453545,0.063015334,0.64920014,0.62236893,0.027595965,0.03823354,0.11316477,0.13026734,0.08323181,0.07314045,0.0033033849,0.00491119,0.004130176,0.00374676,0.23568618,0.22083417,0.46982682,0.48524424,0.031561136,0.03437715,0.15905231,0.16111125,0.009490659343987871,0.008306049846859094,0.0060005145325209295,0.005194740656435167,0.014265828015176335,0.011337085011171474,0.017114597735712753,0.014504983586758918,0.01248744652589621,0.009336844996456983,0.009838183501224613,0.008524945943772247
18,0.037845053,0.055623394,0.059229687,0.08365166,0.025989193,0.03284479,0.047658175,0.06518175,0.6818543,0.6080327,0.027773492,0.04673827,0.11965014,0.10792746,0.03849251,0.055626325,0.058774907,0.08366087,0.026072107,0.032858267,0.04793738,0.0651799,0.6800748,0.6080534,0.028270507,0.046723925,0.12037777,0.10789729,0.0738452,0.08668342,0.0036404287,0.003520922,0.0052196286,0.006580621,0.24035862,0.24785541,0.46453494,0.44167042,0.026719708,0.043793924,0.17978095,0.16588138,0.007554426086096884,0.011825238209736352,0.004671762673958116,0.007545748235484514,0.010681011504760569,0.015532990506615609,0.012262506042305108,0.015535996028821141,0.009615751346469258,0.01238269193688002,0.007881072575720023,0.008258960174976009
19,0.033986516,0.057922,0.06360584,0.09351824,0.023619007,0.032371458,0.052583836,0.04575691,0.66346496,0.6093605,0.030360186,0.03847288,0.13237967,0.122598015,0.034583617,0.057922,0.06340228,0.09351824,0.023705117,0.032371458,0.052804995,0.04575691,0.6623102,0.6093605,0.030363321,0.038472883,0.1328305,0.122598015,0.07339614,0.09067968,0.0046199793,0.0064261267,0.003620653,0.004959648,0.22796741,0.19368643,0.4607756,0.49670187,0.029084047,0.045226607,0.18154769,0.15350986,0.007110370217297676,0.008414506261192528,0.005381755626385071,0.00585149498222633,0.011409834839065146,0.014282647342126602,0.01582607178249261,0.01174534035362324,0.011261031037724654,0.011484779614646334,0.009409719302821648,0.006689533707826882
20,0.040132727,0.05677634,0.06645188,0.106786065,0.030364295,0.02549233,0.04656241,0.05455921,0.6714478,0.60235053,0.0217392,0.042190395,0.123301655,0.11184513,0.040690474,0.056773443,0.066163905,0.10677186,0.030476153,0.025490575,0.04695006,0.054559365,0.6693552,0.60236055,0.022405475,0.04221263,0.12395872,0.11183159,0.07490882,0.08939044,0.00232868,0.0054720063,0.0057256343,0.0044212523,0.2199545,0.21962439,0.47971871,0.4689736,0.025763921,0.034620643,0.18181516,0.16224124,0.0070046282909066535,0.010519219035395422,0.004669142176332025,0.008710280136522548,0.011835167144366268,0.015146066625915238,0.014758729042831419,0.01412829940644551,0.007623036201278285,0.012648222459458285,0.006911440899139569,0.008341322664628175
21,0.037915938,0.073509194,0.06867864,0.10177721,0.05990686,0.0347231,0.052437738,0.04768176,0.6106432,0.58895165,0.0360907,0.049161766,0.13432692,0.10419533,0.038436256,0.073511824,0.06896889,0.10176948,0.06028347,0.034741953,0.05296656,0.047730904,0.6081193,0.5888683,0.03649727,0.049163137,0.13472827,0.10421437,0.07342085,0.098942086,0.0048031705,0.0056801517,0.012139727,0.0053366455,0.23326845,0.2105186,0.43090898,0.44732162,0.040267233,0.04560288,0.18210231,0.17680304,0.010856174613779544,0.012786335076000048,0.006780474051317365,0.008056299069947825,0.01605671098283354,0.015612144139267599,0.014145586368953161,0.013813983040849154,0.01283258059633449,0.013537417750407182,0.008023627056951501,0.008773141765464537
22,0.04315323,0.06228902,0.070044294,0.1035278,0.023190593,0.02438814,0.06590788,0.04470043,0.6373773,0.60170865,0.03050876,0.032899216,0.1298179,0.13048673,0.04403008,0.06228705,0.07042784,0.10355255,0.023342354,0.024387421,0.0658978,0.0447028,0.6352286,0.6016676,0.03075106,0.032900047,0.13032234,0.13050254,0.078668736,0.098842345,0.004141973,0.0054742796,0.0044552344,0.002458737,0.23642506,0.20076211,0.46361858,0.47391334,0.027844897,0.034050565,0.17204812,0.16789919,0.008451215873038768,0.012786067861706683,0.00566646731051103,0.00773526100305355,0.011454282453456541,0.015089666071823611,0.012917392145924045,0.014521283468544482,0.010055378248920385,0.014076799459038865,0.00749600837185737,0.008063546565167662
23,0.035161316,0.056193683,0.07089876,0.09136596,0.038254347,0.023030655,0.052275185,0.052295186,0.6513088,0.6203272,0.024631916,0.039199933,0.1274697,0.11758739,0.035577726,0.05618453,0.0708811,0.09131154,0.039143227,0.023028145,0.052601364,0.052295495,0.64900947,0.6203898,0.025216907,0.0391962,0.12757018,0.117594324,0.07771638,0.089140266,0.0037967397,0.005253645,0.0053731757,0.0047534513,0.23673661,0.23219496,0.45333585,0.45848495,0.025610808,0.03763271,0.181265,0.1522628,0.009434846662472381,0.01211168770417386,0.005241828317718746,0.007041261687014065,0.01098543971155019,0.014952498066401362,0.015585365584237898,0.014115468943092426,0.010728285823413388,0.011407338129697792,0.008763466700312573,0.007431636609330612
24,0.034304924,0.05722907,0.05585802,0.10138627,0.023804817,0.028450716,0.0551289,0.042130254,0.68278766,0.61159074,0.024947328,0.0474629,0.12316836,0.11175008,0.034615997,0.05722497,0.055465117,0.10135599,0.023709536,0.028443692,0.055289183,0.04214273,0.6820825,0.6111789,0.02530558,0.04746075,0.123532124,0.11219295,0.08615754,0.0958327,0.0031846513,0.004352283,0.0027478172,0.0049034534,0.22595781,0.20207465,0.46667984,0.47197026,0.026864786,0.046273433,0.18655317,0.16400206,0.008007355096952003,0.010202596507089793,0.006134874503233746,0.006498207497368305,0.011301112718743183,0.015067879903967905,0.014497908306286044,0.015116779699051189,0.0106844096217174,0.012874876390628853,0.008066548477798138,0.007989689473263886
25,0.043979675,0.059837032,0.06827323,0.09511001,0.029015403,0.03577616,0.05774414,0.05352337,0.6606552,0.6013542,0.024440292,0.03400848,0.11589208,0.120390795,0.044514865,0.059933167,0.06809067,0.09519159,0.028955504,0.035782624,0.058354188,0.053860933,0.6592326,0.6006646,0.024690047,0.034037944,0.11616215,0.12052917,0.0865362,0.08706482,0.0025381893,0.0036224641,0.0078194225,0.0041525387,0.22849165,0.19007806,0.4691005,0.494291,0.029087333,0.034469966,0.16792385,0.17611496,0.007618437793671237,0.010344778756826262,0.004256383839203337,0.007138874570483624,0.010334429824891843,0.016229252295151115,0.015761239294111804,0.01370986708914458,0.010034834970509573,0.011627886645639641,0.008780684062175866,0.008074635805187275
26,0.037288304,0.058271136,0.065572254,0.0862912,0.027144002,0.023600865,0.05324605,0.05014713,0.6634489,0.62699896,0.025373662,0.04268488,0.12792683,0.112005815,0.037763596,0.058270328,0.0653491,0.08630524,0.027864782,0.023599576,0.05368668,0.05014717,0.661984,0.6269731,0.025424741,0.04268498,0.12792708,0.11201961,0.077326,0.07922968,0.0027100407,0.004419937,0.0053380523,0.0046529546,0.245195,0.23056754,0.4492234,0.46728608,0.030197721,0.03990798,0.18134136,0.16146955,0.00793860951597202,0.010955850391130449,0.0063644678284719034,0.0072288630829676365,0.01135855649998762,0.01466777252263134,0.01671963687199508,0.015142641892561426,0.011010168338102887,0.011639638893197067,0.00939631545190819,0.009772585774446074
27,0.039219026,0.03984589,0.0646223,0.0736894,0.02513702,0.022555556,0.07643193,0.054002877,0.65380836,0.64317966,0.030705146,0.031537022,0.11007624,0.13518962,0.03973064,0.03983515,0.06433514,0.0736938,0.025095604,0.022557722,0.07721118,0.053917106,0.651968,0.64321345,0.031067092,0.03154713,0.11059234,0.13523561,0.07486173,0.08458088,0.004102343,0.0030811478,0.0021772303,0.004347539,0.257462,0.23182581,0.4491733,0.48050198,0.033701863,0.031125262,0.1614491,0.15345599,0.009052283678929459,0.00797802561589353,0.005847856617740335,0.00529844176476084,0.013368524445573148,0.011026531817294868,0.015194079408510974,0.014661138280358055,0.01035963115202789,0.010118429358172391,0.008398654482539718,0.008187273501277433
28,0.04441286,0.066439874,0.07993618,0.09525202,0.030918144,0.044074517,0.041300744,0.050882492,0.6572434,0.5904494,0.031198027,0.04150732,0.11499069,0.11139437,0.044845235,0.066473514,0.08040585,0.09531051,0.031360485,0.044075835,0.04183527,0.05085683,0.6550223,0.59036005,0.031304505,0.041525308,0.11522631,0.111398004,0.08719559,0.084137425,0.0038035884,0.003511119,0.004560613,0.0068866424,0.22398804,0.21774633,0.4823979,0.46424654,0.029268181,0.036262944,0.16282614,0.15905452,0.008195074426934578,0.01206894539614452,0.006105999817418482,0.007913153574625367,0.011790132569660354,0.01738389915024949,0.014291718714500745,0.013373159604575987,0.010927567492924546,0.013561982924701581,0.007899256978268309,0.008842635249046186
29,0.043351714,0.04503996,0.079894684,0.085901126,0.025452988,0.02189708,0.047188606,0.05706124,0.66821295,0.653358,0.029066946,0.032177854,0.10683207,0.10456472,0.043669645,0.045042925,0.0798204,0.08590093,0.025629839,0.021895139,0.047361415,0.057056863,0.666409,0.6533734,0.02936266,0.03217754,0.107746966,0.1045532,0.0804899,0.08373279,0.004699992,0.0049561374,0.0035393646,0.0030722923,0.22944523,0.22446896,0.48591593,0.4912107,0.02961874,0.029751744,0.15432939,0.1482633,0.01019251620670021,0.009502034136308908,0.006600249476286083,0.006193035908571371,0.0138747445904849,0.013589660090892118,0.014421884608989405,0.01595188506903015,0.012497569505980886,0.013392265986128292,0.00828753417817095,0.008549302364254125
30,0.04293685,0.06035376,0.07019927,0.0915358,0.03206579,0.03191074,0.06547515,0.043999836,0.64539295,0.60774016,0.030852785,0.04353683,0.11307721,0.12092287,0.04339399,0.0603743,0.07020346,0.09156215,0.03259294,0.031912718,0.06640045,0.043981872,0.64317405,0.60766965,0.03131195,0.043554027,0.112923205,0.12094533,0.08574418,0.10035479,0.0030661079,0.0052928724,0.0049188803,0.0031082444,0.24423087,0.19664297,0.45238113,0.4820153,0.032118067,0.03977809,0.17011972,0.16332483,0.009226259378700643,0.011137962946706345,0.00546829884047962,0.006992984887856673,0.012525614695930169,0.01304700138555339,0.015477779420006403,0.01381041396034528,0.011563623028636092,0.011636789019721323,0.008675590505196278,0.008822516512303993
31,0.055092625,0.067544356,0.09157213,0.096745096,0.030213015,0.03215749,0.04995276,0.0402964,0.63070947,0.61457294,0.027377015,0.03840228,0.11508294,0.110281445,0.055273477,0.06755397,0.091663614,0.096761204,0.030484542,0.032147307,0.049866505,0.040296443,0.62960494,0.6145428,0.027312076,0.0384048,0.115794845,0.11029351,0.08862194,0.09539463,0.0050476384,0.003678093,0.0067233867,0.0058349557,0.21903601,0.21294792,0.46491915,0.47188368,0.030556792,0.033459876,0.17146057,0.16483164,0.009088478389052232,0.011269065917524254,0.006815614962996426,0.007974339093229508,0.013959412898480765,0.013956164479767578,0.014427725436309878,0.014969128797051817,0.011009077362109498,0.012545116801530644,0.00874564501275277,0.009210663987630256
32,0.05668727,0.05554521,0.09387585,0.089507625,0.04451497,0.030349933,0.042769227,0.0469329,0.62170017,0.6275093,0.024312695,0.036858797,0.11613985,0.11329626,0.057261456,0.055641703,0.0939886,0.08965878,0.04558539,0.030599058,0.04285714,0.046892405,0.6188573,0.62692463,0.024456318,0.036918648,0.11699375,0.11336478,0.08430622,0.091801435,0.0032766473,0.004815143,0.007041061,0.004894753,0.21178249,0.21867648,0.48336968,0.46297303,0.027430786,0.04040904,0.16396354,0.16363248,0.009349294682897101,0.011926795906532037,0.006350098338512089,0.0073119971389356865,0.014147674527446003,0.015264958092090249,0.01420774302816548,0.015044257601007367,0.011137436076746615,0.012902909857713835,0.007454698695183156,0.009235637419430886
33,0.037018783,0.051596284,0.0727455,0.08381094,0.031366557,0.030292494,0.04299182,0.050253365,0.66957414,0.62083304,0.023563959,0.03120395,0.12273923,0.1320099,0.037267894,0.051628254,0.07309498,0.083868,0.031549927,0.030284103,0.042927217,0.050322987,0.66827005,0.6205829,0.023572683,0.031220473,0.12331725,0.13209331,0.08492002,0.0798065,0.0032961154,0.003528149,0.0038296033,0.0033272342,0.21735199,0.22490588,0.47047642,0.46424916,0.024742316,0.028854331,0.18915501,0.185047,0.008632422125921748,0.010783753397437009,0.005758388143229275,0.006001284560755794,0.014582111989893037,0.013824590483521672,0.013078369178242028,0.012465446193573327,0.012060520497946932,0.010250839128273419,0.007850735044038968,0.009264553160066429
34,0.04645951,0.050988384,0.08082719,0.088484704,0.03952899,0.03117864,0.043225948,0.040807944,0.6422308,0.6328605,0.025127038,0.035586774,0.122600496,0.12009305,0.047013786,0.051026836,0.08079229,0.08843926,0.03979275,0.031160342,0.0437258,0.040907938,0.6400484,0.6328438,0.02587512,0.03559331,0.12275192,0.12002854,0.084311195,0.09014971,0.00400949,0.004958164,0.007884573,0.005203899,0.22205457,0.19858484,0.4664813,0.4957687,0.024500467,0.032381747,0.1783665,0.1650791,0.00950350411431937,0.00934402643080584,0.005621316554588098,0.0063897001386320216,0.013449089286825562,0.015234053628720672,0.014309270057267802,0.012997677352671553,0.01139135523479409,0.013636002685001593,0.0075671187147340856,0.008868597832380943
35,0.041283738,0.061797854,0.077577084,0.11832723,0.04520365,0.033246588,0.058213223,0.04489396,0.6225418,0.59841484,0.028701663,0.034481414,0.12647884,0.10883812,0.041323483,0.06184017,0.07707479,0.11833634,0.045354746,0.033245686,0.060081627,0.044969734,0.61991584,0.5980865,0.029060375,0.034483694,0.12718916,0.10903793,0.074073516,0.089032836,0.0035249107,0.005189299,0.0091802,0.0059306165,0.22844322,0.21134637,0.45762154,0.46092948,0.0304689,0.039518625,0.18472159,0.16708641,0.009142961776798183,0.01384787112375856,0.006871278581260685,0.007719782766583561,0.012820214498090787,0.01789475009587498,0.015673890097778836,0.015629017945560653,0.010726606622797242,0.013847794267066895,0.008436363123839179,0.009161057609628034
36,0.051685262,0.05515122,0.084024966,0.10521934,0.037557278,0.025858436,0.067763224,0.053415734,0.6004236,0.60346603,0.029786076,0.0340833,0.1287596,0.12280592,0.051873405,0.0551681,0.08385164,0.10524904,0.037665524,0.025856957,0.067877,0.05347944,0.5998743,0.60333914,0.029756809,0.034083497,0.12910129,0.1228238,0.07613695,0.098343566,0.0039159646,0.004737001,0.010341699,0.004070883,0.24335523,0.21846329,0.44343886,0.47062242,0.033386387,0.034678485,0.16815683,0.1554566,0.010777657188505518,0.011139927531548756,0.008005921608524364,0.00820833528652891,0.012486001419152097,0.01497088065519966,0.01349085565890084,0.016243677494242832,0.011146702645669348,0.013615687372132665,0.006940113110917767,0.008564255126531547
37,0.0533981,0.057547074,0.09619727,0.08719669,0.035621982,0.036734335,0.050079823,0.05924801,0.60942435,0.5953215,0.028803762,0.052615907,0.1264747,0.11133649,0.053667545,0.05764867,0.095655896,0.08712115,0.036090452,0.03674374,0.051198572,0.05925088,0.60725135,0.59526753,0.028582895,0.052615773,0.12755333,0.11135226,0.0801387,0.086583145,0.004463482,0.0058177197,0.008510504,0.0047541647,0.21885884,0.22004494,0.45438683,0.45795283,0.03303855,0.038079657,0.18248777,0.16458468,0.010290065931530227,0.010097182346165379,0.007053009147242143,0.00728612410577685,0.013468014632995249,0.014904016739113542,0.014357877673674812,0.017278240122377088,0.012073101196393548,0.012955415413932489,0.008447391985569317,0.009132572148431991
38,0.0464421,0.052616667,0.071769856,0.09766654,0.028578725,0.033717386,0.06501675,0.0585583,0.6291043,0.60195744,0.027447123,0.044754215,0.13164118,0.11072946,0.047197334,0.052747726,0.07172016,0.097678564,0.028491149,0.03390303,0.06586037,0.05856323,0.6267624,0.6016513,0.027510954,0.044760104,0.13245766,0.11069606,0.074795224,0.078675464,0.0035186117,0.0047362195,0.0064646257,0.006450852,0.2438527,0.23040666,0.45667008,0.46027347,0.02990279,0.041787095,0.17226732,0.15535492,0.009812352481165576,0.01056220103047988,0.006940249390281564,0.007512998618735294,0.013439331886215706,0.013927064023331872,0.014833512398853891,0.015472381552658006,0.012120162539807158,0.011659180459026983,0.00956711012965292,0.01002024891928463
39,0.044564992,0.050208814,0.067924395,0.079873584,0.03536135,0.03263191,0.057015337,0.051686514,0.6434669,0.63095564,0.030484473,0.03507319,0.121182606,0.11957037,0.044800296,0.05023094,0.067983955,0.079929285,0.035621606,0.032633454,0.05719775,0.051681753,0.64197254,0.63089496,0.030587267,0.03507755,0.12183663,0.11955205,0.0675635,0.082222074,0.002878464,0.0036557962,0.0064720386,0.0060866005,0.25461352,0.21661474,0.45295796,0.4790326,0.030051267,0.03268258,0.16974866,0.17091778,0.00816362074546356,0.01084005789080374,0.004942655844129293,0.006530002627546916,0.012217008241873956,0.01591750836023334,0.013743299314341643,0.01521901648732767,0.008958051658010334,0.01243890966763993,0.007836496900774516,0.009560770794816629
40,0.057095744,0.054137897,0.08551194,0.08884749,0.034950893,0.035970293,0.06032657,0.05084952,0.6096481,0.6012983,0.024120111,0.046131603,0.12834662,0.12276495,0.057828594,0.05412051,0.08551214,0.08885963,0.034594648,0.035974275,0.061257258,0.050834473,0.6077078,0.6012101,0.024389563,0.046129253,0.12870997,0.12287178,0.08822451,0.08232314,0.0039324234,0.005493464,0.0053143553,0.005664392,0.22966139,0.22836332,0.44980073,0.45165575,0.03316496,0.042974196,0.17594391,0.16254514,0.009762730837843741,0.011098832586445699,0.00507822160666029,0.006996583585442532,0.01478423562911908,0.014762541442716198,0.015600391292832813,0.015141197914847483,0.01043515258517413,0.012843653989322306,0.007883318615569259,0.008762035978144483
41,0.051347617,0.063217476,0.074057214,0.086106084,0.02317477,0.033679903,0.061696567,0.038004242,0.651346,0.61969084,0.023520676,0.03189297,0.1148571,0.12740849,0.05212072,0.063214846,0.073991604,0.08609719,0.02364984,0.03367422,0.06228941,0.03800542,0.6493098,0.6197328,0.024219362,0.031878635,0.11441921,0.12739687,0.07792319,0.08714374,0.003514638,0.0047001597,0.0028285924,0.004988845,0.21944626,0.19512211,0.4942538,0.49422836,0.022604575,0.02988649,0.17242236,0.16679323,0.010793393346370792,0.011363574781251313,0.007565048518651844,0.007910077144186881,0.013910525434856831,0.014437355060113349,0.013564431542904614,0.013110674833515574,0.011053307592039544,0.011696597265622081,0.008107874283120372,0.007953627655796642
42,0.048815567,0.060525,0.080833726,0.11292651,0.028535306,0.03124565,0.04120314,0.04122641,0.6651804,0.59893775,0.028292665,0.0416652,0.10713921,0.113473505,0.049865462,0.06045973,0.08056593,0.11281522,0.02855224,0.031385332,0.04175069,0.04130866,0.6627959,0.5989294,0.028566318,0.041671637,0.107903466,0.11343001,0.08967947,0.099075824,0.0034537432,0.0081875045,0.004301017,0.0063028657,0.2077894,0.2017909,0.4850094,0.47449595,0.02858718,0.039489247,0.17932184,0.16339035,0.007757816008195779,0.011569964680610355,0.00459825082638751,0.008344312624786214,0.010909227072303759,0.015145139518920457,0.013153013299876849,0.01627992987902062,0.009046837642619314,0.012853261195514639,0.008030883262959209,0.009070932639189903
43,0.041473176,0.054588776,0.060327984,0.09970739,0.027867394,0.037913263,0.045669705,0.047108136,0.666639,0.62290794,0.022713806,0.041173734,0.13530895,0.09660075,0.042381294,0.054590303,0.061033044,0.09969275,0.027932765,0.037914243,0.04685155,0.047106184,0.66318405,0.6229237,0.023352353,0.041175008,0.13526495,0.09659784,0.07682989,0.08718467,0.0027471147,0.007306935,0.0052718814,0.0055623394,0.22682717,0.21642333,0.46716633,0.47083646,0.025245927,0.044795282,0.17716338,0.15320466,0.010650459733302422,0.010421807928454445,0.005960564420723098,0.006940026338269563,0.014536641436334178,0.014693624018527323,0.017805587592791737,0.01567649584200205,0.013115755787502887,0.013390879899045381,0.009525975688561977,0.01003365004502471
44,0.042142402,0.07386578,0.067495674,0.09977718,0.023537613,0.04350333,0.06200218,0.042853475,0.6626884,0.6087892,0.031646814,0.03186873,0.110486984,0.099342264,0.042944264,0.073863484,0.06719887,0.09974303,0.022929708,0.043502077,0.0623017,0.042856585,0.6619749,0.60880184,0.03188531,0.031910013,0.11076522,0.09932295,0.08731166,0.08335012,0.004093699,0.0044412618,0.0034356578,0.0066338433,0.23243654,0.224779,0.46765837,0.4701608,0.036381762,0.029301602,0.16406494,0.16373716,0.008216029692974695,0.013690675969209365,0.005239357563526413,0.008378442396942905,0.012163995574679393,0.016401942269280722,0.014478581178539124,0.014631195041641492,0.011419048653904671,0.012613158987050314,0.0073610423006699455,0.009729464942496067
45,0.04287362,0.06915066,0.0794636,0.120293796,0.025991144,0.034271795,0.06673296,0.047350325,0.648135,0.5894224,0.025267994,0.035293773,0.11153573,0.10421721,0.043263804,0.06912948,0.07925427,0.12025142,0.026748475,0.034269676,0.06713899,0.04734521,0.6454126,0.58948314,0.026035843,0.035275858,0.11214599,0.1042452,0.086442746,0.09995586,0.0036144585,0.0036719139,0.004196094,0.0058713825,0.23591556,0.20770416,0.45528835,0.47252074,0.031082451,0.035305798,0.16949284,0.16500762,0.008503648125521717,0.013415558918082519,0.0057294548785010325,0.009852818483879542,0.011181438397995899,0.015547087986153951,0.0160818172230154,0.015301207377510513,0.010307527424375042,0.013795369171760637,0.008647716546157777,0.008265471709491662
46,0.05457193,0.057873003,0.08528773,0.09082124,0.031138208,0.03948868,0.041193508,0.035468813,0.6424041,0.6299873,0.027427686,0.034195703,0.11797687,0.112165265,0.055188213,0.05787372,0.08552097,0.090773344,0.030933503,0.039481804,0.042178255,0.03546746,0.63953745,0.6299671,0.028053887,0.034252483,0.11858776,0.11218406,0.080882326,0.093513764,0.0031296315,0.005429218,0.006098477,0.0059885676,0.22368406,0.19348894,0.464162,0.48233774,0.02911161,0.03151355,0.18406954,0.1766623,0.009978178324874331,0.01043851029322477,0.005492823967375517,0.006879666616215945,0.015733041592462485,0.01626696521331832,0.015176153260191299,0.016270993965637463,0.012392227510507493,0.012553709687076533,0.008290731133882456,0.006838237036496887
47,0.044089608,0.06918841,0.06402686,0.10839757,0.025952818,0.029290948,0.053694807,0.047883864,0.66725826,0.6168888,0.021361802,0.029843364,0.12361582,0.09850697,0.044299737,0.069186196,0.06376045,0.10839211,0.025988176,0.02929088,0.05449927,0.047883473,0.66521037,0.6168926,0.022379376,0.029843489,0.123862654,0.09851127,0.07285332,0.105593525,0.002744256,0.006239007,0.0034606883,0.0048738583,0.24231936,0.20954384,0.46441808,0.4782105,0.02199959,0.032726992,0.18274026,0.14731492,0.008317642403722425,0.01209988559992825,0.005477947701396425,0.00823617518492848,0.012831520344732351,0.01586740997327352,0.013011891463620178,0.016483677562345027,0.010331959459829239,0.012191030323774905,0.007956960113577457,0.008888327366346586
48,0.047321334,0.054614555,0.069319315,0.08400894,0.025660235,0.027565066,0.06512402,0.053221416,0.6438257,0.63452476,0.019838072,0.02962243,0.12891132,0.11644285,0.04792613,0.054631688,0.068507455,0.08404833,0.026222508,0.027565766,0.0658321,0.053215116,0.64231753,0.6344445,0.02011966,0.029643213,0.12907459,0.11645138,0.07792135,0.08461281,0.0031131408,0.0048587476,0.0040310305,0.0045961165,0.2377558,0.23016876,0.49176082,0.47196972,0.022912195,0.034618147,0.16152795,0.15192078,0.009633020882894052,0.009496584571271529,0.006450948540710816,0.0060919146510874395,0.01321778998149829,0.014275146847430887,0.014188733890678935,0.016955675658253056,0.010725352981619677,0.010112832199741802,0.00846325432031422,0.009282271414261875
49,0.044963744,0.063929014,0.08036628,0.08813695,0.023662366,0.040972885,0.046332438,0.04311226,0.65468305,0.6293923,0.029193716,0.038627695,0.120798394,0.09582884,0.0451237,0.06392929,0.07971302,0.08813739,0.023855064,0.04097289,0.04690648,0.043111723,0.6536843,0.62939864,0.03012696,0.038627747,0.12059047,0.09582231,0.08534734,0.10258746,0.0049798894,0.005123492,0.0036863906,0.007909032,0.22726116,0.21523435,0.46870118,0.47806635,0.027898766,0.03624444,0.17077972,0.15129636,0.008466725156682323,0.010903417727568782,0.005306297389381214,0.006812221735463994,0.012885797332709885,0.015992844712795096,0.014008470279072571,0.012328994016230764,0.010478606522261855,0.012550093092597829,0.00818071056746536,0.008040150025766555
50,0.054658886,0.049512107,0.09523511,0.0862924,0.03570263,0.029684681,0.043897327,0.045974992,0.6369981,0.62631077,0.02795826,0.03707377,0.10554971,0.12515128,0.054887976,0.049514003,0.09484622,0.086291805,0.03577999,0.029685201,0.044755228,0.04598704,0.63534296,0.6263093,0.028501483,0.0370742,0.10588617,0.12513849,0.10395151,0.08061176,0.0041946047,0.003537791,0.004036542,0.004943432,0.21362467,0.20257236,0.45516774,0.4862216,0.035728417,0.037491944,0.17473754,0.17386241,0.0109638751228916,0.01114283471433516,0.005866118184728814,0.005796560676557962,0.014242451300043275,0.013522648731739237,0.015500896819757169,0.01305931747802657,0.013567829155375341,0.011812539635143357,0.010555960838843186,0.007086786206138026
51,0.05923642,0.063925944,0.10159239,0.10272777,0.029169943,0.028274162,0.052810326,0.034668934,0.61130327,0.62189096,0.028713465,0.039121557,0.11717418,0.109390676,0.059439182,0.06393495,0.1019179,0.10280615,0.02937182,0.028276835,0.053299814,0.03466621,0.61000067,0.62173206,0.029047118,0.03914806,0.1169235,0.10943568,0.094946496,0.09709157,0.003940982,0.0050680726,0.0036206602,0.003547742,0.22428557,0.20373829,0.4645761,0.4778342,0.031443052,0.03659719,0.16598688,0.17572473,0.009656698359929442,0.0119708378197947,0.006831784687754089,0.0073789136824059945,0.0129815657601925,0.01565172665798103,0.014758733370527383,0.01182222812572646,0.011294226482389518,0.011229278917409024,0.007023614942164908,0.006927432061452811
52,0.03886412,0.057161752,0.07277926,0.08910405,0.023078306,0.027596906,0.04896219,0.041924175,0.64384913,0.6560498,0.027250797,0.03079566,0.14521617,0.097367704,0.038671438,0.05721954,0.07286181,0.08914479,0.022941355,0.027599169,0.04946378,0.04185384,0.6420679,0.65602183,0.027614899,0.030806817,0.14637879,0.09735402,0.07742449,0.09741143,0.0033232411,0.0044937073,0.005479475,0.0044459444,0.22528513,0.21278214,0.46468982,0.49853504,0.027045297,0.03228252,0.17998168,0.15100121,0.007193368370736068,0.011220482645274527,0.005586268353994336,0.006983680398951581,0.010583579218288407,0.014057332665696596,0.013251101163850655,0.01452344482004104,0.00943591676840615,0.01133967078487372,0.007799634310261407,0.007804272053159291
53,0.049354557,0.058720365,0.07969298,0.09140822,0.03398724,0.035105973,0.05408526,0.05625901,0.6505383,0.6311453,0.022212006,0.032169342,0.11012963,0.0951918,0.04977071,0.058720365,0.07977515,0.09140822,0.034099046,0.035105977,0.054268073,0.056259006,0.6494195,0.6311453,0.022457724,0.032169342,0.11020977,0.0951918,0.08463503,0.085605964,0.00373442,0.0034850212,0.0036680368,0.0058109974,0.22220671,0.2385722,0.47193614,0.47118726,0.02842089,0.031024214,0.17938472,0.14973044,0.009523536010023311,0.010844811515256502,0.006946819743824429,0.005557345039728456,0.014528698909924984,0.018363910871089392,0.01347560611791107,0.013257603492196214,0.011439203502191289,0.012691824613143518,0.008586708474068023,0.008750305743993398
54,0.032323338,0.06274747,0.069012515,0.07534658,0.03301758,0.02280749,0.05629899,0.047127426,0.64803314,0.6494683,0.02912374,0.032612827,0.13219072,0.10988995,0.032843918,0.062747575,0.06920552,0.075346544,0.03317357,0.02280741,0.056410186,0.04713255,0.64689976,0.6494584,0.029326893,0.032613605,0.13214014,0.10989389,0.07402039,0.08361972,0.0027986267,0.0038728337,0.0036240949,0.0034624303,0.22042258,0.22289735,0.48766124,0.4833666,0.030475294,0.02709219,0.1704368,0.15805411,0.008791668504459305,0.008814604642897015,0.006230440501134837,0.0061100276350216035,0.012605929492516153,0.011481511248173301,0.014000552040182315,0.014858995208642764,0.01161115451059261,0.0113596210528417,0.00838541093096857,0.007973331851000532
55,0.039005276,0.0600176,0.0649055,0.09633109,0.021979013,0.037341528,0.05434967,0.04793033,0.6734523,0.6029912,0.028814796,0.029040517,0.11749337,0.12634774,0.03920456,0.060016286,0.06484785,0.09630589,0.022705493,0.037342273,0.05551836,0.04795843,0.67100656,0.602978,0.02900322,0.02905118,0.117714,0.1263479,0.074098885,0.083062746,0.0027644942,0.0071547613,0.0037855082,0.0049599786,0.2409126,0.20670277,0.47816086,0.4820574,0.027695224,0.027817128,0.15544981,0.16511592,0.007028332036228366,0.011294639416123787,0.005188107526181369,0.006068510085292485,0.01056834007507824,0.01579232187904777,0.015512825339339155,0.01593688311997705,0.009330844898622513,0.013735040364732118,0.011047553279455431,0.009754422892930194
56,0.054267917,0.058814187,0.091441676,0.11162132,0.03510661,0.034448102,0.06044364,0.033557042,0.61262995,0.61630815,0.023240773,0.03316303,0.12286946,0.11208814,0.055080928,0.05892092,0.090872265,0.111607775,0.03552748,0.034443606,0.060743295,0.033561092,0.610455,0.61595196,0.023468712,0.033437226,0.12385232,0.112077475,0.08001105,0.08936228,0.0045840316,0.0077891666,0.0064034397,0.0051377504,0.22509263,0.18775688,0.45453092,0.50419897,0.029838046,0.029460121,0.18372674,0.16569819,0.010854783097239574,0.012440147459750759,0.0066969210297629245,0.007095822665281236,0.014212369672226145,0.01507065963141074,0.015293850148323724,0.01356786144209384,0.010447612142789725,0.014013064884536842,0.008773040836145414,0.010346539075805511
57,0.053926546,0.06690621,0.084788255,0.099516,0.033266548,0.035511978,0.057299014,0.045735516,0.6229252,0.6102407,0.032025963,0.032529138,0.11576845,0.10956048,0.05476626,0.066905506,0.08467019,0.09951251,0.033089418,0.03555433,0.057596512,0.04573641,0.6218943,0.61020124,0.032205593,0.032529976,0.11577767,0.109560005,0.09236158,0.092661664,0.0042454293,0.0054596676,0.005011601,0.005906934,0.21952605,0.20435654,0.46244097,0.4716923,0.035410896,0.03712536,0.1653942,0.17357814,0.008340899314238108,0.012080008112265414,0.005687290404282672,0.007317849262329254,0.01262602702910509,0.015386360993900533,0.01491274739072467,0.014204372064008597,0.01034719749180352,0.0112007941849739,0.008488504150189846,0.00819384196024083
58,0.044283338,0.057625685,0.07050272,0.09866959,0.024401538,0.02740996,0.048026502,0.03612838,0.67073494,0.63363445,0.035828475,0.03342396,0.106222466,0.11310795,0.044896584,0.057610154,0.07067034,0.09868596,0.024384785,0.027399678,0.047899496,0.03612255,0.66903037,0.6336735,0.03638672,0.03342891,0.10673175,0.113079235,0.09226224,0.09346104,0.0041318536,0.0043350128,0.0039067147,0.004124128,0.2133131,0.20178998,0.4821879,0.48066223,0.031793356,0.03415755,0.1674204,0.17112638,0.009357026957637639,0.011059550217803983,0.007290288126335713,0.006727868383021112,0.014044660121861396,0.013353760666261982,0.016730433469504945,0.014264028181382275,0.011464918502446818,0.011348097032207276,0.010534196808508449,0.007202867054990731
59,0.04513941,0.051944282,0.079260856,0.09924644,0.023952145,0.027433932,0.04335575,0.048273813,0.6462514,0.61399996,0.029528355,0.034048606,0.13251208,0.125053,0.0457481,0.051965665,0.07937437,0.09919711,0.02441872,0.027416961,0.044053342,0.048274282,0.64296013,0.6142075,0.030157387,0.033931788,0.13328792,0.12500674,0.08941247,0.09967893,0.0034145378,0.004783307,0.0049651437,0.0056681014,0.1980859,0.19990417,0.475244,0.48639408,0.035973478,0.038073763,0.18319552,0.15887071,0.008534082067394424,0.009981704185712304,0.00535672326289704,0.006817301725556134,0.013225378831836363,0.013973483206232252,0.013643606031189382,0.015206091681200608,0.010031481201263338,0.012863387437126575,0.007226157560237478,0.008536674519376314
60,0.054558866,0.058001906,0.08981434,0.08164209,0.025476431,0.029523367,0.059941534,0.06481639,0.6410611,0.6199805,0.024349757,0.037932415,0.10479791,0.10810332,0.054942165,0.058003634,0.08995142,0.08163924,0.02525804,0.029523734,0.059580524,0.06481656,0.64066666,0.61997366,0.02462883,0.037933994,0.104972325,0.108109176,0.09291198,0.08862032,0.0043638824,0.0040047425,0.005157356,0.003833781,0.23673423,0.22330286,0.46273884,0.4833191,0.026561774,0.036551878,0.16323985,0.14731319,0.00972214281326094,0.011210231827415797,0.005815190385849961,0.008923662521776532,0.013391012189408167,0.015539861958480082,0.014345502127053038,0.014519369430045453,0.01070621495687384,0.01321371256105038,0.007826362990409647,0.008254912354143846
61,0.042840153,0.05223784,0.080824114,0.08226665,0.021009421,0.025473423,0.049635552,0.05045129,0.6572863,0.62998366,0.029214922,0.046342425,0.11918949,0.11324467,0.043370437,0.052239235,0.08071922,0.0822686,0.021345178,0.025473591,0.050335225,0.05045716,0.65568763,0.6299512,0.02945431,0.046345893,0.11908795,0.113264345,0.07831639,0.09130337,0.0037836218,0.0036055627,0.0024912485,0.0034323335,0.22403778,0.21756403,0.47544655,0.48580062,0.029294183,0.037335824,0.17852047,0.1529878,0.0071620640944073544,0.010723455087449362,0.004906570773562911,0.006303358389971485,0.010372919555454814,0.014367726755082329,0.01433533045202638,0.015057603054308368,0.009892658293694111,0.013378710182880879,0.007807155141613903,0.008901742623644602
62,0.04706897,0.0400763,0.056654457,0.08522819,0.023536973,0.039528262,0.057884604,0.062874824,0.65773636,0.62442046,0.026462667,0.0398534,0.13065593,0.10801861,0.047493856,0.04007791,0.05671379,0.085214,0.023519816,0.039540775,0.058339518,0.06288513,0.65662456,0.6243511,0.026722748,0.039907034,0.13058573,0.10802406,0.08195108,0.08660877,0.0028339236,0.0040481933,0.00510015,0.0061594187,0.23271494,0.21697585,0.4666691,0.48087734,0.02985489,0.038439903,0.17609166,0.14440194,0.007614496002660627,0.008637307236884202,0.004555833515742101,0.007824823953625248,0.011536860641144252,0.014439630740585577,0.012661553566504702,0.01334911121369182,0.010056757265241132,0.012249099259308397,0.006595417775227726,0.0077315927976658715
63,0.049702834,0.061107628,0.09814558,0.09546784,0.033442743,0.027834877,0.04928547,0.057981346,0.62695026,0.6157171,0.03337064,0.036010597,0.10910251,0.1058806,0.05160711,0.061107874,0.09670857,0.09546569,0.033538364,0.027834836,0.04962031,0.05797946,0.62396723,0.6157211,0.033878952,0.036010694,0.11067949,0.10588033,0.10260092,0.09681165,0.006348533,0.0051680855,0.006415556,0.005987511,0.24078369,0.21516044,0.4346014,0.46448904,0.045391727,0.03828131,0.1509754,0.16356744,0.009184695865464807,0.01078962832129395,0.006126662148819619,0.008384960063800283,0.01116580423699606,0.015060564117943985,0.015763627469958234,0.01382633739459497,0.011901452696927177,0.012844894231263022,0.00926517697711374,0.009343797817692031
64,0.041146263,0.052151147,0.071263306,0.10676626,0.026057914,0.036724646,0.053931665,0.044229694,0.67390597,0.61431867,0.028658358,0.03911087,0.1050365,0.106698714,0.04155488,0.052151144,0.071108416,0.106765896,0.026134737,0.036724806,0.05488851,0.044229835,0.67112494,0.61431533,0.028965062,0.039112963,0.10622346,0.106699996,0.08247799,0.088315256,0.0041592256,0.0060591064,0.007016012,0.006250997,0.21789509,0.22844979,0.47070155,0.45673034,0.034028362,0.03698626,0.18204205,0.15250742,0.007413537171062672,0.009961890894639423,0.005446979669097423,0.00852769342015392,0.010364520209601644,0.014680650308626428,0.014014441542440097,0.01327152922152671,0.009419599380421695,0.011610431515564741,0.00818527034510645,0.007227057609689349
65,0.04696747,0.06267691,0.076009,0.091004305,0.030183837,0.027531063,0.04919117,0.040857587,0.64156556,0.6327323,0.032344013,0.03004527,0.12373894,0.11515261,0.047558513,0.06267704,0.076244496,0.09100085,0.030525923,0.027525406,0.049657166,0.04085757,0.63926625,0.6326859,0.03265282,0.030063903,0.12409483,0.11518933,0.085485995,0.08246633,0.003372187,0.0038719645,0.0062849857,0.0058510303,0.21826425,0.21939518,0.4542908,0.47940814,0.034627892,0.031344213,0.19049163,0.16005835,0.008033407344006257,0.011189187339643239,0.00462367416672956,0.006526296670217077,0.011018521870395743,0.016347805735581006,0.014751824163625785,0.013823258342024834,0.01055058662524076,0.013473171633304021,0.007563163827033629,0.009368819083977159
66,0.03786887,0.057753585,0.066773094,0.105620295,0.031079024,0.03640324,0.055233587,0.04677484,0.6533168,0.58297724,0.025324948,0.043219596,0.13040368,0.12725118,0.038087048,0.057753146,0.06708832,0.10562031,0.0312255,0.036403134,0.055398706,0.046774816,0.65133375,0.5829679,0.02550622,0.043219447,0.13136047,0.1272612,0.07331098,0.088863485,0.0031944136,0.0052370443,0.005789321,0.005751981,0.2474554,0.20765626,0.44819203,0.47780517,0.028194029,0.039684564,0.18017972,0.16379343,0.007900092845796512,0.010825521936609855,0.005194053599064925,0.0080531259403983,0.012093977936589752,0.015836359672234814,0.013201659247213284,0.014573257661571578,0.01018037525125123,0.012568226379025245,0.007110703658531276,0.009327005918891781
67,0.04955502,0.06337124,0.08740785,0.10939963,0.02698741,0.028078757,0.04362754,0.05684398,0.64883155,0.5957514,0.025977233,0.033155803,0.117613375,0.11339918,0.049952153,0.06355445,0.08742526,0.10934347,0.027071927,0.028078705,0.044039894,0.056851175,0.64739674,0.5956086,0.026083587,0.033165798,0.118030414,0.11339787,0.08645948,0.10337697,0.004961898,0.005883705,0.0058169835,0.004747789,0.20517349,0.21315019,0.47790667,0.45712328,0.033617817,0.04041043,0.17539623,0.15671782,0.009644158228669562,0.010167388039635796,0.005870168677583362,0.007178529063578692,0.013133434290938092,0.014379817046821935,0.014510401652723047,0.01663554233266072,0.011009699739692794,0.012098496724193906,0.00808173837889211,0.008991206539292557
68,0.04431336,0.053392068,0.07016697,0.08984467,0.018556653,0.034760296,0.058603283,0.052112605,0.6461106,0.6047013,0.032606952,0.035163336,0.12964222,0.13002573,0.045425456,0.053408824,0.06974396,0.08986068,0.018856518,0.034760628,0.059242595,0.052113228,0.64314044,0.6046684,0.032886997,0.03516413,0.13070403,0.13002415,0.079327576,0.082037546,0.00264025,0.005136324,0.0021618013,0.004423628,0.22421958,0.2121861,0.46756878,0.4766779,0.028181275,0.03973727,0.17532343,0.16765854,0.007677406814701364,0.010688213757164694,0.004828713117397344,0.007666770868862777,0.01085251880107828,0.015236420215326181,0.015651708171054088,0.012805167705876247,0.009785367748763013,0.01162214572233819,0.009147652874348974,0.007667917054138055
69,0.050541416,0.05184179,0.08717496,0.09449154,0.026168434,0.031184161,0.054553397,0.056974202,0.64563835,0.61484116,0.022956751,0.035692926,0.112966694,0.11497421,0.051499665,0.051827163,0.08769679,0.094470724,0.026686518,0.03116918,0.054663155,0.057038873,0.64201444,0.6148809,0.023690784,0.03569628,0.11374868,0.114916846,0.0844329,0.07949289,0.003659196,0.0049455357,0.0055856546,0.0043044155,0.22577327,0.23554313,0.4656318,0.46498707,0.027032923,0.039229494,0.17903854,0.15286374,0.008560524841156618,0.009679383985737583,0.005353973014333051,0.007636580329486836,0.014164745955748126,0.012729319143385081,0.013658184675169348,0.013788598784694532,0.010099600484758291,0.012023931606260335,0.007916153370897187,0.008934129605110348
70,0.042840645,0.058016818,0.084126726,0.086086355,0.026126502,0.03485685,0.06004612,0.05208124,0.62376493,0.6173301,0.030168623,0.037442837,0.13292646,0.114185855,0.04429446,0.058016818,0.0844553,0.08608636,0.02530709,0.034856845,0.061405648,0.05208124,0.6199595,0.6173301,0.03036504,0.037442837,0.13421297,0.114185855,0.08049638,0.09189018,0.004041229,0.0038154987,0.0047673373,0.0032994724,0.24788319,0.2042383,0.43775406,0.48912326,0.036797617,0.03440586,0.1812164,0.16434254,0.00753407115271312,0.011087414092206403,0.005542342539934687,0.005864734502722753,0.012281479228826594,0.014760992806124664,0.01620370179681468,0.0136362002844842,0.011854855175183069,0.010682435195437769,0.009716869778674113,0.007627819840163518
71,0.08891223,0.058248628,0.112115696,0.084617704,0.036999788,0.029992618,0.03133758,0.041618653,0.59692556,0.6303809,0.0369908,0.037906982,0.09671833,0.117234506,0.08942919,0.05825174,0.11229203,0.08461839,0.036925323,0.02999498,0.0321733,0.041619707,0.5940305,0.63037014,0.03776096,0.037906937,0.097388715,0.11723816,0.108051375,0.089934476,0.0050787996,0.004731306,0.0067104106,0.005401467,0.18380395,0.19794062,0.49059576,0.48827246,0.038002454,0.033120506,0.1658098,0.16668247,0.012249527697177758,0.01190345116776379,0.007593167822532496,0.008305406574164453,0.014179209086001603,0.017304924275475222,0.014176917006905,0.012073152530159354,0.013212434659211757,0.013325285333024382,0.008493296420665592,0.007796870626301483
72,0.049078837,0.067406185,0.08034561,0.09573209,0.029551774,0.03229915,0.06593103,0.039947562,0.6161632,0.6396603,0.03328054,0.030207234,0.12564902,0.09474743,0.049204595,0.06740809,0.07968161,0.0957319,0.029859783,0.032298286,0.06713431,0.039947633,0.6142068,0.6396573,0.03335048,0.030207884,0.12656243,0.09474883,0.08066318,0.09275413,0.0028814017,0.004408753,0.0051069236,0.0047851657,0.2504271,0.19864722,0.43381643,0.51364267,0.029500745,0.028270952,0.17922738,0.1521509,0.010122374350706441,0.012732280249418498,0.006656138527543046,0.007637151004879768,0.01402932009960681,0.016552074104366835,0.013766372194663463,0.014092403393129027,0.010819027933540228,0.013575922626975719,0.007751894418497755,0.007754820558532477
73,0.045495268,0.05662731,0.07799606,0.08849231,0.03479757,0.02781816,0.062288113,0.071607426,0.6510268,0.5877708,0.026269097,0.04176575,0.10212713,0.12591825,0.046363022,0.056625295,0.07829972,0.08848305,0.035114516,0.027817924,0.06306568,0.07163915,0.6480803,0.58776003,0.0265454,0.04176775,0.102531396,0.12590677,0.086618826,0.08676934,0.0036787435,0.0042173197,0.008833141,0.0044322163,0.23519844,0.23512875,0.45492178,0.45775235,0.03166934,0.03959078,0.16845576,0.15615189,0.008377630954328525,0.01019611887995392,0.005458594990754505,0.005999328447077817,0.012772250200963734,0.012050419917627815,0.012553711121658423,0.014158732324313387,0.010460056746800062,0.010286301519628326,0.007661246406914852,0.008307751593545578
74,0.05594628,0.056116045,0.07884384,0.08323749,0.022253495,0.025856221,0.04949454,0.052584317,0.6461479,0.62688833,0.028679032,0.0360553,0.11863492,0.11926228,0.05693147,0.056120377,0.07949805,0.08324109,0.022911884,0.025792303,0.050271254,0.052584615,0.64195156,0.6269393,0.028896552,0.036056213,0.11953918,0.11926609,0.08216698,0.07782936,0.0028888988,0.004169912,0.0030032543,0.003958004,0.21071668,0.23759463,0.47742292,0.46261302,0.026334384,0.033469655,0.18424463,0.16059029,0.00968189017562295,0.011487446537542271,0.005513046613675597,0.006797525496688409,0.01328560401389463,0.013894849474211072,0.015028008055558652,0.014546557249630315,0.009946245656463298,0.012012527539711654,0.008516435724187706,0.008135613704216072
75,0.057102673,0.06321093,0.09803746,0.09771934,0.03572997,0.038930625,0.033380534,0.050428603,0.627141,0.6056612,0.030785538,0.038794436,0.11782287,0.10525486,0.05768535,0.0632258,0.0984201,0.097791106,0.036082342,0.038907804,0.033345215,0.05046898,0.6251985,0.6056271,0.031202989,0.038786404,0.11806555,0.10519276,0.09269421,0.09170633,0.0029375742,0.0038125778,0.004085007,0.0053431317,0.18715854,0.21677637,0.50836515,0.48240575,0.02855658,0.0364327,0.17209658,0.15477039,0.009649487354880816,0.012314800292158893,0.006766318260876922,0.007576733137171376,0.014611256600200188,0.01660940153634625,0.012560452443998019,0.014419494212030412,0.011833991428977605,0.012871749280898966,0.007663358304171277,0.007890080964388514
76,0.05070222,0.05296091,0.08366404,0.09512415,0.028423177,0.033041276,0.04722459,0.043207485,0.6229424,0.62825984,0.031531602,0.035521947,0.13551201,0.111884415,0.051862806,0.052927665,0.08292898,0.09511045,0.02913749,0.033044197,0.047511883,0.043206397,0.6210055,0.6283147,0.032105252,0.035524033,0.13544808,0.1118726,0.090907484,0.09017021,0.0046004048,0.0039262227,0.0048770905,0.0037294535,0.22329761,0.21465628,0.45051128,0.47446114,0.03557623,0.03428502,0.18014151,0.16135089,0.01067460432504264,0.010585670813570413,0.007910210876689276,0.00772509583844495,0.014137783992606429,0.013919677736234192,0.01604814460496929,0.012671653067639082,0.010229313244870837,0.012469592205833543,0.008466342268513892,0.008163187852074805
77,0.04705935,0.056574404,0.089662686,0.10728384,0.02241134,0.028117178,0.055893376,0.048847914,0.6430674,0.6079567,0.031746037,0.036908448,0.11015979,0.11431148,0.048260283,0.056567974,0.089596346,0.10726881,0.022495613,0.028109787,0.056500077,0.04884747,0.6402505,0.60797817,0.031954885,0.036906738,0.11094231,0.11432104,0.0932063,0.089472115,0.0034171063,0.006134206,0.004355228,0.0048759026,0.23064432,0.2043896,0.46190047,0.48619798,0.033591468,0.038282868,0.15988104,0.156901,0.009838560097535585,0.009730469045254141,0.00680348759014642,0.0063944766108961545,0.013229588337577675,0.014188654611395745,0.012627487233124051,0.013933178847599138,0.011463115903314022,0.01363196327892235,0.007376022574218286,0.008581234810175028
78,0.068636514,0.058902208,0.093300864,0.09162903,0.03319112,0.03599552,0.034825742,0.047159594,0.63236827,0.6058193,0.026742524,0.047251374,0.11093501,0.113242954,0.068965755,0.058903176,0.093694374,0.091630936,0.03371665,0.035991065,0.03562328,0.04716085,0.6287765,0.6059048,0.027112572,0.04715241,0.112110846,0.113256685,0.104688585,0.09653555,0.0042644413,0.0032235489,0.0058664456,0.004430395,0.20722401,0.18968073,0.4706269,0.49686053,0.03214783,0.039326586,0.17024152,0.16384639,0.010370040626288999,0.011614747504451121,0.0072581162995462006,0.007085464831343968,0.014639686007926022,0.017936923836090617,0.012312504894948312,0.014902562837581844,0.011885377501475433,0.013214146076085181,0.007666813296745895,0.00864451233675868
79,0.059871085,0.058597855,0.1133356,0.088418804,0.04953393,0.036732357,0.055188283,0.049659085,0.56674504,0.6201965,0.033064228,0.0365626,0.12226182,0.10983279,0.060495924,0.058587573,0.1134913,0.08841533,0.049400862,0.036803976,0.05645243,0.049654905,0.56421566,0.62001705,0.033214804,0.03668209,0.12272905,0.10983907,0.103578836,0.08543425,0.005412462,0.0045398967,0.009117511,0.005701016,0.22749275,0.19691351,0.43077844,0.49087074,0.033220686,0.03233445,0.1784473,0.16298471,0.011436107062360657,0.010125786851017525,0.00670643606738014,0.007270875175270957,0.014941820935503173,0.013409065821906058,0.015621368945955427,0.012697573880978178,0.013321756197729765,0.011940050123950989,0.009160008268826354,0.007852389888569351
80,0.06484882,0.052407812,0.09567699,0.096702136,0.02287683,0.030758042,0.04998478,0.046070382,0.6265486,0.6307495,0.025906974,0.03443818,0.11415696,0.10887392,0.06503372,0.052407816,0.09518402,0.09670213,0.023018051,0.030758042,0.05058354,0.046070382,0.62538755,0.6307495,0.026053991,0.034438185,0.114739135,0.108873926,0.091613255,0.09128842,0.0033026135,0.005059305,0.0037455845,0.0049849343,0.21945333,0.21057633,0.46105075,0.49477643,0.031967636,0.03844621,0.17924562,0.1478368,0.01225379456506572,0.010732771346294903,0.006044708685424075,0.006076761254902941,0.013741210312116491,0.01433361350653295,0.0158038494789371,0.01390883121652963,0.011428937525092688,0.01174298772269281,0.009119499197913262,0.009416097640267922
81,0.048080124,0.067239836,0.08305109,0.11266014,0.026821459,0.027585192,0.04158115,0.047522202,0.6593577,0.61039346,0.023070762,0.035185933,0.118037656,0.09941322,0.04907393,0.06724338,0.08275596,0.11270665,0.02734208,0.027580306,0.04192021,0.047549892,0.6551529,0.61037457,0.023415973,0.035186704,0.12033891,0.09935851,0.09566632,0.085490555,0.0037152302,0.0035063506,0.004082242,0.0046412395,0.2058311,0.22395383,0.46233472,0.4747848,0.030744053,0.03580731,0.18784156,0.15143299,0.00810174298841509,0.011372804375769758,0.004679089015231698,0.008088965184310196,0.010750670816636741,0.014799527896941542,0.012683841809713192,0.015607405984954428,0.009528816118390904,0.0122024440870245,0.007706855962292987,0.008756050795914152
82,0.05810909,0.066804275,0.110025495,0.1075466,0.027538808,0.038149126,0.041237693,0.0393054,0.62176245,0.605063,0.024225518,0.038028926,0.1171009,0.10510265,0.059000805,0.06677929,0.110286586,0.1077719,0.027249346,0.038123302,0.04138591,0.039463785,0.61952174,0.6047648,0.024620414,0.03805494,0.11793516,0.10504198,0.09921267,0.0952966,0.004595704,0.0059594093,0.0054133525,0.0041929195,0.2018047,0.18944423,0.47686723,0.49253985,0.028493881,0.037484113,0.17540652,0.16307841,0.010811657486444573,0.011463393615423572,0.007254028412755263,0.007343378994416042,0.014910403331010241,0.016992179708072812,0.014368588292193429,0.013656757243483092,0.010579871455194106,0.012788787714394957,0.008547214528454925,0.008057990634669028
83,0.052717324,0.045303166,0.07322338,0.09638948,0.034732815,0.036490392,0.05075122,0.060421407,0.63790435,0.6053948,0.026520103,0.03463635,0.12415078,0.12136443,0.053062517,0.04530875,0.07330831,0.09639903,0.035013672,0.036491584,0.051144943,0.06033535,0.63546056,0.6053984,0.026652656,0.034640092,0.12535739,0.12142676,0.08600712,0.078032516,0.0038195848,0.0041570365,0.007143126,0.005786987,0.20492421,0.23265997,0.4796349,0.4701939,0.030396432,0.030034278,0.17651206,0.16418782,0.00895680351590609,0.009200343841467399,0.005620385872914682,0.0074712060462832595,0.01268046994528716,0.01558529085918027,0.014032392340466325,0.014556645318546094,0.00952476246469295,0.013542515443887619,0.009083237506733665,0.008483862885820625
84,0.04641766,0.043821838,0.082902946,0.08455289,0.022424445,0.028594062,0.05575018,0.07687302,0.6424956,0.61786646,0.027793685,0.038740613,0.12221547,0.10955112,0.04695468,0.043824036,0.08322648,0.08455006,0.023190929,0.02859226,0.056478214,0.07687765,0.6394675,0.6178772,0.028015878,0.0387341,0.122666344,0.10954468,0.08249641,0.06809997,0.00357509,0.003833224,0.0035691496,0.0065559163,0.23629859,0.24975078,0.46047595,0.46000123,0.032596786,0.030363908,0.16715796,0.15425877,0.009025705802225416,0.00961259694889956,0.006069007126672766,0.00653727259690521,0.013757318130272379,0.014399710015285488,0.013529742579703453,0.01729939087920558,0.011153758529015569,0.011009576721362416,0.008281805139051046,0.009750828778776288
85,0.044750575,0.05527422,0.08427912,0.08608256,0.025652274,0.03306381,0.06265174,0.058311645,0.64251274,0.62465626,0.025912357,0.032444805,0.11424121,0.11016668,0.04546988,0.055277213,0.084365256,0.0860838,0.026106602,0.03306456,0.06413377,0.058311887,0.63908035,0.62464917,0.026080187,0.032445606,0.11476393,0.11016777,0.083464555,0.093217656,0.003640018,0.0037977844,0.0047449702,0.0036117819,0.24782796,0.22748938,0.43788123,0.4601549,0.029201232,0.030250285,0.17079937,0.16340066,0.008467063766581955,0.01091801431050381,0.004326998394993036,0.0062256596995974595,0.010355827654621534,0.015861285004847465,0.01675756248210361,0.014538281957363687,0.010025441607518198,0.012264452230607348,0.008906569982982126,0.008057580051847665
86,0.04161282,0.05937155,0.08947975,0.09461824,0.02551945,0.0424858,0.059389934,0.05207473,0.6213795,0.59450513,0.030477228,0.03938691,0.13214132,0.11755762,0.042419605,0.059303127,0.08967017,0.09462147,0.025654022,0.042486437,0.05928433,0.05207403,0.6184324,0.5945587,0.03094785,0.039385926,0.13359162,0.11757026,0.08807941,0.08208748,0.0043020593,0.005744892,0.0041049947,0.0054081036,0.24355555,0.2261214,0.43720853,0.46757522,0.035892215,0.033993594,0.17147234,0.16494748,0.008429245622529693,0.01226330155255091,0.0057468416724038105,0.007495728449147644,0.010837540535746787,0.0170312243052441,0.01329523067221416,0.013729914371191969,0.008472268069927895,0.012780800031910407,0.0075159093924842615,0.008300694680444767
87,0.054830756,0.063690044,0.07952355,0.0932466,0.029944994,0.037048277,0.058308255,0.05024042,0.6198858,0.5862808,0.030591568,0.049915437,0.12691502,0.11957842,0.055691022,0.06376166,0.079638764,0.09322649,0.030265894,0.037049532,0.058943942,0.05024489,0.61597735,0.5862678,0.03078676,0.049921874,0.12869625,0.1195277,0.080798194,0.089328185,0.0045551346,0.002945228,0.008682577,0.005631697,0.22982728,0.2137137,0.46422607,0.46922186,0.02830933,0.046762835,0.16717172,0.16076344,0.009143010020850483,0.012954926457130568,0.006896862061381906,0.008329624716407082,0.012409824277307005,0.0169391551487914,0.017989013745079743,0.01617402361595073,0.011655430071771878,0.014410631910678644,0.009670543712375525,0.009223666143020622
88,0.0542933,0.048986096,0.08797421,0.08569316,0.028547531,0.03217776,0.05873189,0.04695682,0.61976427,0.635528,0.03597898,0.033348706,0.11470977,0.11730947,0.054936547,0.048987947,0.08868817,0.085696176,0.028812135,0.032177344,0.059018012,0.046956725,0.61684567,0.6355243,0.03666125,0.033348802,0.11503825,0.11730875,0.08624542,0.08811872,0.0045690807,0.003912891,0.003156348,0.004084441,0.21740362,0.20078331,0.45787096,0.50204384,0.03263432,0.033950225,0.17806119,0.16245349,0.009693366377048986,0.009323000127428555,0.006813252745123551,0.006348511107653813,0.013482775687427992,0.014739683470936798,0.016734445042384506,0.015434548711356471,0.01264665115365248,0.012345792303509207,0.009759503137722964,0.008602652473196732
89,0.0641024,0.058365703,0.09491879,0.084588975,0.04114494,0.03157558,0.041686334,0.049042556,0.61091685,0.6210161,0.02569787,0.03877931,0.1215328,0.11663174,0.06562974,0.05835153,0.09492895,0.08459577,0.04163997,0.03157244,0.042352982,0.04901835,0.6074428,0.6210382,0.025970463,0.038787674,0.12203509,0.116636075,0.09692778,0.08506134,0.0040753474,0.0033572884,0.0081300875,0.0032353275,0.2007788,0.20131318,0.47376475,0.48675326,0.027018737,0.033574354,0.17893957,0.1707942,0.010776843423503131,0.011473004669107965,0.00791658543376066,0.007007012072359188,0.014496901756854674,0.013666351131313191,0.014159278962723346,0.013566629880087633,0.01091175763665636,0.010996933139083261,0.008262612466242672,0.008129893537162931
90,0.059533894,0.04700847,0.08418288,0.09800003,0.031159466,0.03720581,0.060792077,0.06187485,0.6110195,0.58179176,0.02966545,0.042889886,0.12364672,0.1312292,0.06080431,0.04701025,0.084619366,0.09801891,0.031541344,0.03720785,0.061755773,0.06189482,0.60752976,0.58174634,0.029661449,0.042892177,0.124087974,0.13122964,0.091407,0.08003023,0.004107212,0.007154087,0.0048045735,0.005346194,0.22251473,0.23856992,0.45097744,0.45682594,0.034625743,0.039321247,0.17948264,0.15657617,0.011355470252533733,0.010806887112798487,0.006450275215501669,0.008199323704961386,0.014329049879650406,0.015154084372185173,0.01617015298247632,0.014904709440548503,0.011701887993078357,0.013555390016230011,0.008115359843313609,0.008618596829992917
91,0.051531825,0.06991862,0.07150789,0.10952838,0.032808065,0.03655331,0.05592468,0.045942735,0.628386,0.5713871,0.032409824,0.04051793,0.12743165,0.1261519,0.052660383,0.07009138,0.07172053,0.10932442,0.03302192,0.036619205,0.05680037,0.045945983,0.62501484,0.57134837,0.032506637,0.04052738,0.12827528,0.12614325,0.074651375,0.10214728,0.0030269348,0.0051619927,0.0066019543,0.004404921,0.21808186,0.20042191,0.46953914,0.46863618,0.028314654,0.03920609,0.16941033,0.16403991,0.008837893106233627,0.011878627839652843,0.006240736136562951,0.009120442739887134,0.01087793572067568,0.015477185870632067,0.01663167143531531,0.016744665792121225,0.011509923864704133,0.013964791950730452,0.009117668035065312,0.00871432307104311
92,0.050342247,0.07179228,0.0899913,0.12010953,0.029241653,0.03484046,0.067517884,0.037173796,0.5841782,0.58839405,0.031371202,0.04455041,0.14735748,0.103139505,0.050695155,0.07179221,0.09055779,0.12010942,0.029237352,0.034840446,0.067767136,0.037171163,0.5825566,0.58840287,0.03158422,0.044550356,0.14760175,0.10313355,0.08414226,0.109029576,0.005870504,0.005083298,0.0057240045,0.0044278866,0.2555094,0.21169883,0.42767704,0.45600933,0.033355873,0.042041667,0.16203366,0.15536363,0.009733493574629735,0.012895793342544357,0.007904869744428883,0.008509107595774666,0.01349737532044253,0.015668088189606924,0.020278487005054597,0.016268429314997664,0.014293161957493375,0.01349986083524884,0.011242221105440344,0.009447505524148591
93,0.04828234,0.060619526,0.0863554,0.0979707,0.025780894,0.03868706,0.05478027,0.04316875,0.64458185,0.600001,0.022646507,0.05061375,0.11757271,0.10893926,0.048477165,0.06061912,0.08608027,0.09797072,0.025814423,0.038687192,0.05594413,0.04316711,0.64197564,0.59998685,0.02297474,0.05061358,0.11873364,0.108955465,0.079205595,0.09375357,0.005167165,0.005132454,0.0039361725,0.0054634092,0.22236857,0.2133636,0.4691274,0.472621,0.026348958,0.04215319,0.17801377,0.14855334,0.008743464324035095,0.010865007540017423,0.0068738850302098795,0.008437877497579578,0.011318312026213353,0.015902132388298615,0.015388970358466304,0.013707621152417726,0.01045022263528843,0.011788368881871875,0.009046553532868507,0.008750667397965668
94,0.061746277,0.07462053,0.08082759,0.11741342,0.031417105,0.03466348,0.07720974,0.043297075,0.5927521,0.59013724,0.03545258,0.03215257,0.12059461,0.10771565,0.062481396,0.07463954,0.081195444,0.117448926,0.03144124,0.03467244,0.07792653,0.04329594,0.59025633,0.5900725,0.03577665,0.032162882,0.12092242,0.107707754,0.07711,0.104753084,0.0033280083,0.0061416975,0.004718956,0.0036338754,0.25342247,0.20157321,0.4493968,0.47773653,0.027978927,0.034327798,0.16663799,0.15791696,0.009983534950071378,0.012673788854299513,0.0078001407880379445,0.008585025452766848,0.01318341427724929,0.01606737684449126,0.016912753750791838,0.015571111880671189,0.012863392061667969,0.012510332041403407,0.010030940747985745,0.009167140222983625
95,0.046222672,0.053397667,0.07237754,0.09096762,0.02724278,0.033622015,0.04938979,0.059280116,0.6548887,0.60456467,0.026123056,0.053278565,0.12375545,0.10488937,0.04715444,0.053444214,0.07284226,0.09097382,0.027550092,0.0336224,0.05055002,0.05951744,0.6507568,0.6042809,0.026469411,0.053297404,0.12467701,0.10486383,0.080756664,0.100995146,0.0029094217,0.0062688948,0.005832215,0.0065306434,0.23803169,0.23062278,0.4585687,0.44220436,0.030879758,0.04823069,0.16287884,0.15504651,0.008212300317721181,0.00996600529702676,0.005488174382707303,0.00624520246463996,0.010985587280691282,0.01246590772401662,0.014428842411163127,0.01357626961759475,0.010012444145965742,0.0105859051500722,0.007679497565180828,0.007019406792920104
96,0.046861358,0.056440037,0.08730236,0.08657007,0.027685707,0.034953203,0.039761197,0.05190826,0.63924336,0.60959804,0.029706813,0.039209045,0.12943919,0.121321395,0.04825852,0.056459498,0.08888251,0.08656774,0.027817285,0.034990918,0.040134702,0.05190314,0.6346384,0.6095519,0.029888673,0.039213154,0.13037989,0.12131365,0.08790322,0.08799236,0.0038010357,0.003244323,0.0035859982,0.006879764,0.20117533,0.20863414,0.49141806,0.48603988,0.032386158,0.037415348,0.16773893,0.14861324,0.00900595228649329,0.012410204762434639,0.006118461753062138,0.007278810903092794,0.012960000982015002,0.014590703846048082,0.014750319538352104,0.016601656659464392,0.010440403160788005,0.01133573606804399,0.009499054906320723,0.010396743450218687
97,0.05036519,0.05847795,0.09002941,0.09450981,0.028270178,0.025225673,0.0480551,0.067029804,0.63640183,0.60132176,0.024313642,0.032726496,0.122564666,0.12070849,0.0512425,0.058550596,0.09059965,0.094405115,0.029007306,0.025221225,0.049304448,0.06689279,0.6309938,0.6012254,0.02468019,0.032750715,0.12417209,0.1209542,0.09031913,0.08957152,0.0045133876,0.0038457923,0.005281386,0.0038705622,0.22228679,0.23124696,0.46525246,0.45110255,0.031468544,0.03189091,0.16038263,0.16799104,0.009839695848442678,0.009438725182484817,0.006655854559824477,0.005370109449491319,0.012601637154917442,0.011761887272690164,0.01566560122136328,0.013832429123812403,0.010938129388270539,0.010875082388907185,0.008056024812021334,0.009134245194069465
98,0.05211522,0.054481097,0.08674166,0.08140762,0.03898836,0.034840904,0.03765999,0.053774923,0.6287366,0.6019865,0.034894638,0.04245833,0.12086351,0.13105062,0.053271126,0.05457257,0.088128544,0.081612766,0.038902726,0.034713537,0.03807136,0.05457522,0.62483037,0.6005648,0.03476236,0.042570356,0.1220335,0.13139072,0.085566305,0.092956156,0.0047907853,0.005512295,0.0067501287,0.0054217204,0.20483033,0.19752748,0.4704565,0.48089686,0.04285756,0.040374514,0.16832438,0.16040085,0.010641373205812085,0.011144839626417208,0.006140321349403781,0.006865817822079658,0.013902082482967665,0.01315776582000208,0.013586368239479726,0.01512582688960758,0.011220757040437273,0.011489106797152773,0.007876931675761244,0.008481340185287444
99,0.049053255,0.05952604,0.07664693,0.09826248,0.039329242,0.041633714,0.04005915,0.047474187,0.6359021,0.5859788,0.03006133,0.04085743,0.12894803,0.12626734,0.050190177,0.05970005,0.078301415,0.09847346,0.04020033,0.041660488,0.040530644,0.047384538,0.6299321,0.5846587,0.030680241,0.040936813,0.1301651,0.12718594,0.08567829,0.097398534,0.0031690265,0.0043997667,0.007242854,0.005345467,0.21005598,0.18305029,0.4782156,0.47776037,0.028959567,0.04376816,0.17109187,0.17521954,0.009889942568054306,0.011647225855156753,0.006661159812095856,0.008374023423884198,0.01327804877698897,0.014112376442901435,0.01603553007080057,0.013950573459954504,0.010247462892101768,0.012220025679115959,0.007696673379114228,0.007533672237742799
100,0.055788837,0.051891778,0.093525544,0.086544685,0.023089608,0.034062665,0.05359796,0.042265695,0.6336903,0.6308419,0.03449098,0.036200497,0.10581676,0.118192784,0.05629509,0.052134696,0.09488362,0.086594105,0.023441145,0.034156173,0.053953942,0.04224146,0.63160133,0.630103,0.03471577,0.03615944,0.10510911,0.118611164,0.090570286,0.09008347,0.004526759,0.006066551,0.0049657742,0.00384677,0.22181888,0.20568722,0.4708246,0.47275686,0.03306066,0.03691553,0.16129483,0.17302594,0.009900640228698741,0.010482213223229996,0.006971377337944179,0.006863421787083786,0.013044418677008686,0.015001556489215997,0.01444991713549189,0.013471158497886259,0.010968833591045056,0.012540396204892204,0.008311314022063107,0.008246181272730517
101,0.045708194,0.073497936,0.076286934,0.1110846,0.036790717,0.033563603,0.048430115,0.030093402,0.6458475,0.59784216,0.027972795,0.044404194,0.11896375,0.10951409,0.04722383,0.073494434,0.07721433,0.11109214,0.037299205,0.03354868,0.049299665,0.030146565,0.64071023,0.59764326,0.027819479,0.044420883,0.12043327,0.10965405,0.09360474,0.09936971,0.004504841,0.006768621,0.004831724,0.003422454,0.22693215,0.17556204,0.45774254,0.50988847,0.032410543,0.044006635,0.18082494,0.15341908,0.008612674490789793,0.010509010617696471,0.006042833444176204,0.007613778788253926,0.013182191274749908,0.01689983848227616,0.014641501905079034,0.01434423935970083,0.009694197141326731,0.012654492196093835,0.008325881727509863,0.008661183246783171
102,0.06483759,0.056702368,0.092303224,0.10084123,0.03885978,0.040070105,0.046487045,0.057062786,0.61877704,0.5834298,0.03204092,0.043093625,0.10669439,0.11880011,0.06624271,0.056820758,0.09335386,0.10086342,0.038928114,0.040072702,0.04643141,0.056940228,0.6153893,0.5833627,0.032486886,0.043092005,0.107167706,0.11884817,0.09854785,0.086176574,0.0063569588,0.0050412826,0.008925586,0.0061890176,0.20936908,0.20549709,0.47439915,0.45626608,0.03686472,0.039762825,0.15437637,0.1797401,0.010395236323575799,0.013822634971716364,0.0066772866438280535,0.009148993505403756,0.015813761295853615,0.017593050463068537,0.014479671080362794,0.015967260609495496,0.011007827305810328,0.015079300735499863,0.008106265320690106,0.010784977397953763
103,0.054164734,0.07438091,0.08762592,0.1057289,0.033049718,0.036176812,0.059915595,0.030502373,0.61736035,0.5975631,0.03070799,0.039246615,0.11717569,0.11640129,0.05547927,0.07432147,0.08843112,0.10568227,0.032847498,0.036154676,0.06185017,0.030626338,0.6131015,0.5978038,0.030880705,0.039251834,0.11740978,0.11615963,0.07928689,0.09979369,0.0053585893,0.005460049,0.008854885,0.0065309554,0.22881296,0.18258049,0.4556287,0.5033444,0.030569362,0.036459338,0.18081048,0.16032512,0.009893263830516674,0.012429632191055407,0.007296338804628644,0.008724300513850581,0.01262481536417685,0.01799764762360832,0.014275206897577039,0.013915174738332078,0.010081931429382615,0.014158145178421452,0.0075112288142501794,0.00949513484558545
104,0.065343335,0.057440557,0.10103078,0.085651375,0.029261885,0.031716127,0.04380007,0.04041172,0.62764895,0.63744164,0.02814209,0.030340515,0.104772896,0.116998054,0.06709514,0.05746384,0.10153491,0.08564862,0.029770762,0.03172237,0.043845214,0.040324196,0.6237105,0.63743126,0.028619096,0.030359387,0.105424345,0.117050335,0.09695579,0.09175388,0.0042798757,0.0054294793,0.004285332,0.0029482427,0.2065773,0.20034482,0.47105354,0.50984496,0.036053896,0.035674553,0.16669007,0.14914124,0.009829998790022058,0.010385200657011342,0.008087809651495508,0.006117370472914664,0.014437160439236835,0.01550728936557134,0.014363097920988931,0.011888341745840603,0.011292695496836412,0.011566925522406464,0.008597500453577354,0.007917614116233608
105,0.071338505,0.048841905,0.10498782,0.09160505,0.033727527,0.027364247,0.035926066,0.046706956,0.6124501,0.615287,0.031388175,0.045515124,0.110181764,0.124679685,0.0729197,0.0489236,0.10546619,0.09161361,0.033748973,0.027376663,0.036348708,0.046781532,0.6094124,0.61508995,0.031747878,0.045489624,0.110356204,0.124725,0.10809031,0.08992545,0.00534618,0.0043077674,0.0052229604,0.004771138,0.19869609,0.18850471,0.47660196,0.49508932,0.029954968,0.04250531,0.16150877,0.16316259,0.012542077482592342,0.009759903979103588,0.008321272971252814,0.007115328437565077,0.01366460943042241,0.01360471788613881,0.013673444385409208,0.015353494981810274,0.012580282410545734,0.012092273435445694,0.007953936875912913,0.008593331194946074
106,0.06411137,0.051086765,0.1062712,0.09350569,0.041785847,0.032949027,0.0450705,0.05479644,0.59155405,0.6288474,0.03175409,0.039821345,0.11945291,0.0989933,0.064787224,0.050859816,0.10729396,0.09347658,0.042052988,0.033031482,0.046274126,0.0548358,0.5875646,0.6286642,0.031938482,0.04001971,0.12008862,0.09911239,0.09742104,0.09003647,0.004646281,0.004548124,0.006781127,0.0035177858,0.19731246,0.21842426,0.4757016,0.49862307,0.03386992,0.03318722,0.16706416,0.14184855,0.011380994277534147,0.009821561782407373,0.008380156003109485,0.007282698052916258,0.015509559164808128,0.013735415249281851,0.014991181783999684,0.012788115525152789,0.012732155312119318,0.010705507413153644,0.008666118036569047,0.008541996729506568
107,0.03948098,0.052125495,0.070278056,0.097349904,0.02320986,0.029354502,0.047084186,0.0464573,0.67196375,0.6085201,0.027342597,0.044082016,0.12064055,0.12211066,0.040280186,0.0521247,0.07167573,0.09738726,0.023714669,0.029356696,0.047857106,0.04652002,0.66723096,0.6081497,0.027623424,0.044086482,0.12161791,0.122375086,0.08509782,0.10633221,0.004923136,0.0054189223,0.0032630542,0.003864975,0.21022108,0.19939762,0.47858593,0.47366717,0.02911474,0.04447746,0.18183209,0.16071808,0.0072106391053033785,0.010526652618386086,0.004737596720490002,0.006836234829254746,0.010087091534212878,0.01365162773030154,0.014506420370925815,0.013393806041726911,0.008101652021882908,0.011700132897827675,0.007831702008602824,0.008275078334401213
108,0.05606656,0.05967921,0.09225151,0.09674479,0.025984205,0.028224515,0.049170703,0.042397536,0.6218851,0.61964196,0.03590469,0.036780782,0.118737206,0.11653116,0.058002528,0.059701838,0.09415374,0.09676788,0.026316158,0.028202526,0.04998328,0.042290688,0.6163718,0.61955434,0.03651633,0.036800236,0.11865613,0.1166825,0.08618489,0.0929355,0.0052925935,0.005548451,0.005935495,0.004084944,0.21972121,0.19808136,0.47183615,0.4898742,0.039159525,0.0395234,0.16379517,0.16143575,0.01015992552424374,0.01233367317081047,0.007165642281277428,0.007165376134425409,0.013195424862779115,0.014103335346000187,0.015552018136566986,0.014582616179169661,0.011428493329957358,0.012226820834963991,0.008738916703043716,0.008039888731669253
109,0.054311287,0.057638455,0.10075279,0.09137292,0.020005824,0.032318413,0.04702271,0.04565292,0.63088185,0.61598253,0.030143939,0.032341406,0.11688164,0.124693304,0.05551516,0.05768989,0.10190859,0.09133379,0.020325063,0.032289438,0.048218306,0.04572753,0.62590355,0.61590797,0.030799396,0.032362998,0.11732996,0.1246884,0.10508595,0.092987694,0.004980733,0.0067928163,0.0025951476,0.0045119305,0.19753145,0.20032655,0.48564768,0.4952834,0.03635145,0.029536111,0.15249681,0.15796055,0.0086496210060552,0.008499360460411538,0.005776007165796931,0.0058818539494789645,0.011431378211339355,0.014501984938027904,0.015695680276209767,0.013532587930698422,0.009967750195631292,0.010570954155904394,0.008341799370842966,0.008013555366263055
110,0.06071709,0.050961208,0.10084723,0.0775659,0.032162663,0.028879877,0.04430705,0.068363264,0.5930365,0.6222797,0.031955868,0.03194401,0.13697359,0.12000601,0.062020585,0.05093861,0.10177711,0.077676624,0.032058243,0.0287918,0.044853672,0.06843249,0.5896682,0.62221485,0.032468546,0.031978752,0.1371536,0.11996692,0.093379006,0.08106124,0.005857196,0.0037403204,0.004145873,0.0052447612,0.21956056,0.24029702,0.45053858,0.46824798,0.0361305,0.03038356,0.17215215,0.15622975,0.009574850272243984,0.010727216718075002,0.0072901385310375,0.00694993880533953,0.013077832832436251,0.01477882111706837,0.015989105009629558,0.015206370236714447,0.011646317543628855,0.011312690354611037,0.008979875838671391,0.008571346473556132
111,0.064239874,0.046895236,0.10594968,0.08743039,0.040123038,0.025541803,0.037201937,0.059422832,0.5955949,0.62487113,0.030538032,0.035547208,0.1263526,0.120291375,0.06570369,0.0475319,0.10503744,0.087450914,0.041006446,0.025533225,0.037562367,0.059476208,0.5923419,0.6241097,0.031328082,0.03556045,0.12702014,0.1203376,0.10203391,0.07389025,0.003989485,0.004411559,0.006085334,0.0048594126,0.18279308,0.22708501,0.4959741,0.49578744,0.038275577,0.036946263,0.15461934,0.14186801,0.010118127597321471,0.010272749721660892,0.007722902974481904,0.006437482380707387,0.013018015905344136,0.014429657854606905,0.014791379317789179,0.01562907870907412,0.011148402078492657,0.011991414006615707,0.008851010054073462,0.00860803917157366
112,0.06868832,0.05820025,0.095439605,0.09102219,0.03591354,0.03301333,0.032412667,0.0767789,0.6103382,0.5805331,0.029169066,0.040431708,0.12803861,0.12002053,0.070827655,0.05817075,0.09466723,0.09088483,0.036467288,0.03300191,0.03398177,0.07694596,0.6053526,0.58067447,0.029668804,0.040321857,0.12903467,0.12000017,0.09419888,0.083387725,0.003898121,0.003868303,0.004903766,0.0036089509,0.19238639,0.23280177,0.48854595,0.47294053,0.035233315,0.03686832,0.1648308,0.14549693,0.011165902831786352,0.010026665472492535,0.00680864836943967,0.0065273150501725065,0.013802295109458585,0.014793496113090386,0.013225699989522265,0.015731503663337223,0.01030967245122985,0.011615134231771414,0.006987731066034001,0.009455252220859012
113,0.053307213,0.05358828,0.10389275,0.090558566,0.02831945,0.0256073,0.04810818,0.06673017,0.6193583,0.61372167,0.03306706,0.03223513,0.11394704,0.11755886,0.05479888,0.05368294,0.10407885,0.090667516,0.028847996,0.025610458,0.04968501,0.06673844,0.61504334,0.61346525,0.032801162,0.032262757,0.11474472,0.117572665,0.111373976,0.083509386,0.006319796,0.0039915103,0.006051857,0.0029997318,0.20306492,0.22681203,0.46187514,0.48267883,0.03837822,0.028842075,0.15137868,0.15829784,0.010524647599335418,0.011277268712991097,0.007066789741322399,0.007459879951008581,0.014378920273301989,0.015804985482822116,0.015327820044376087,0.01686891353483106,0.011887172368785228,0.012323449101195897,0.008455932305937287,0.008396003296025243
114,0.066069186,0.05595947,0.10230194,0.091956295,0.028587358,0.035375755,0.03854713,0.05531523,0.61378014,0.5999912,0.038638778,0.04297395,0.11207543,0.11842816,0.06670295,0.055983488,0.10345297,0.09193833,0.028720254,0.035457455,0.038844053,0.05531133,0.6102822,0.5999656,0.039364707,0.04293713,0.11263294,0.118406706,0.09922637,0.085983746,0.004005582,0.0041579762,0.0044240984,0.0067494973,0.20050149,0.20658095,0.48977557,0.48899117,0.036058363,0.03954444,0.16097394,0.15776326,0.010631755787068863,0.010488240672691032,0.006919565889885955,0.006717131391791602,0.012525048230509234,0.015556053425169126,0.014793056329504143,0.012583428960966214,0.011942882023066792,0.012614142535036142,0.008438851804624824,0.008468925602339713
115,0.05877565,0.04802401,0.09573496,0.08813903,0.02830788,0.026259132,0.04055383,0.06465199,0.6405382,0.6189288,0.030526143,0.03374427,0.105563305,0.12025272,0.05965902,0.04810078,0.09588399,0.08806868,0.02898068,0.026315901,0.04110424,0.06468242,0.63753664,0.618699,0.030480286,0.033776917,0.106355175,0.1203563,0.090737544,0.0885082,0.007813074,0.0045544063,0.0036262784,0.003679722,0.19316322,0.2167638,0.48971584,0.4983515,0.03450328,0.031513788,0.17157625,0.1437792,0.00917802165483258,0.009021627524484876,0.007110425996169182,0.006136894978946576,0.013512238817056816,0.01299977755336044,0.012843296473952425,0.014823984317723707,0.01105898083966987,0.010610617510613936,0.008664840218161924,0.00822287631602672
116,0.056834318,0.056433536,0.077783585,0.092794515,0.029331159,0.030243292,0.0590127,0.048715275,0.63895935,0.63067734,0.024758205,0.032073896,0.11332069,0.10906213,0.05771115,0.056559466,0.078174576,0.092935644,0.029724475,0.030297317,0.060022675,0.048750922,0.63490933,0.6303247,0.025121797,0.032114767,0.11433599,0.109017156,0.088206045,0.09083335,0.0038100714,0.0042164084,0.004065594,0.004049125,0.22645405,0.19036423,0.46734455,0.49389917,0.026150594,0.034113772,0.1685829,0.1729743,0.007940259071593373,0.011614002075146231,0.00564392828140795,0.005901060459960477,0.012027691695986109,0.013538564749354578,0.014351624861989236,0.015034805628899344,0.010210454548437293,0.01158387669785816,0.007004867012797668,0.008416445474105876
117,0.06840278,0.056688834,0.09881427,0.0768455,0.03005388,0.030427288,0.028519852,0.0541232,0.6152915,0.6261968,0.038747452,0.04373713,0.12017028,0.1119812,0.06960591,0.056878705,0.09936682,0.076815724,0.030153524,0.030466171,0.02907159,0.054144252,0.61217976,0.6256343,0.038905997,0.043678865,0.1207164,0.11238199,0.110253036,0.093395464,0.004863242,0.0042761653,0.0030644673,0.0030053314,0.19509073,0.21235052,0.4879459,0.4844163,0.03745205,0.04432923,0.15916196,0.15225747,0.011425194641274014,0.009859312758303684,0.006060309330020656,0.006841034343721574,0.014220374144423639,0.014199260994458712,0.013057473785804881,0.013661216106187129,0.01207565909145428,0.011979359432429334,0.007766245350495493,0.007931272427462974
118,0.06318116,0.06360353,0.10333885,0.11417165,0.02634286,0.029793309,0.038600273,0.0371529,0.6044841,0.62121826,0.033247042,0.030744396,0.13080576,0.103315905,0.06456617,0.06368938,0.10342255,0.11392411,0.026335716,0.030175142,0.040763076,0.037249852,0.5998342,0.6200866,0.0337024,0.030966334,0.13137585,0.10390854,0.10517204,0.10068772,0.0048696804,0.0048187277,0.0035220436,0.0035067925,0.20274575,0.19918898,0.47560397,0.48640242,0.036254384,0.0349245,0.15969513,0.1692616,0.01148191031723111,0.011211592738041247,0.007204165780250534,0.007332778343468534,0.015103026270712243,0.016085799259023172,0.013904020681965083,0.013480827683001911,0.011818002992040515,0.01257402677712814,0.009365599315026877,0.008032507675384213
119,0.058668893,0.047781065,0.09171935,0.090371415,0.029216511,0.029231776,0.05039954,0.049190007,0.6052431,0.6311222,0.030409865,0.038804702,0.13434277,0.11349888,0.05935373,0.04791607,0.091919445,0.09053126,0.029343687,0.029245388,0.050401077,0.04912209,0.6036669,0.63112825,0.030416282,0.038817164,0.13489887,0.113239765,0.09523044,0.07914128,0.0046381303,0.0036962172,0.0029291736,0.004253434,0.21539852,0.21646638,0.47839302,0.48764005,0.030236002,0.02667356,0.16949606,0.16947336,0.011028239329820841,0.009292533073077121,0.00721248334293973,0.006483919380063017,0.013527108955700019,0.014169300663153197,0.014132700893755125,0.012362751226330413,0.01201165415160438,0.01292110334826816,0.008847135929752907,0.007538038724074872
120,0.064562306,0.05776872,0.101785116,0.09747649,0.034302004,0.030855747,0.039501783,0.049297955,0.6096389,0.61143476,0.033894848,0.04375535,0.116314985,0.10941103,0.06644079,0.057753548,0.10246013,0.09722438,0.03455858,0.030842958,0.041265793,0.04929232,0.6049496,0.6116685,0.034041014,0.04376413,0.11628415,0.10945411,0.09464868,0.089568466,0.0046149557,0.007418812,0.0050558248,0.0047759223,0.19857892,0.19679233,0.48445493,0.49159855,0.036634777,0.04089972,0.1645159,0.15712026,0.010596169640241054,0.011843001650953543,0.007237221937147812,0.008021188625053943,0.013398498431586001,0.016126012379049197,0.014980207475486226,0.014672487380536222,0.012914453334218612,0.01243075544572039,0.008707014475362186,0.008367357233157393
121,0.066814646,0.06734881,0.09759869,0.107766815,0.025205156,0.022599136,0.051184714,0.05104297,0.6089667,0.5969185,0.028653832,0.03782365,0.121576294,0.11650011,0.068113424,0.06740539,0.09713835,0.10779038,0.02561552,0.02260856,0.052157313,0.05105562,0.60639286,0.5967549,0.0295242,0.03782693,0.12105835,0.11655826,0.09599178,0.08769831,0.003765784,0.0059294575,0.003919206,0.0052201683,0.22283494,0.19661488,0.4569665,0.48760524,0.038488355,0.036745448,0.16734196,0.16309544,0.010498984918530884,0.011130702935519467,0.0075401250317713,0.006660667296622247,0.014258109308720299,0.015496671722507682,0.01588202222817678,0.012618890680181788,0.00978981558116331,0.012886702420229277,0.009054061863836482,0.007839040515632969
122,0.06269817,0.06847094,0.09817552,0.09940255,0.03858202,0.032070905,0.035543922,0.047404926,0.6338055,0.599157,0.029461341,0.03852409,0.10173348,0.11496955,0.064126395,0.06857776,0.0986955,0.09922667,0.039241213,0.032077506,0.03592503,0.047517985,0.62894017,0.59911585,0.030254826,0.03853601,0.10281688,0.11494821,0.09801141,0.08670297,0.0049341624,0.004646498,0.0063157193,0.003408703,0.1846349,0.21501137,0.4970975,0.50210536,0.032756265,0.037743222,0.16665117,0.1352212,0.01035381419195611,0.011988521549400931,0.0077634680139386306,0.008508832917536756,0.015077329803542235,0.013927687829690217,0.013548022982900535,0.013647419031567647,0.011167543635262086,0.012078205733681308,0.008065846895279168,0.00782349999885191
123,0.07528858,0.07211328,0.09933987,0.12159841,0.036616784,0.03210924,0.0450441,0.046408255,0.5975954,0.600596,0.028418541,0.02812111,0.11769674,0.09905372,0.07664288,0.07219242,0.09984417,0.12159717,0.036813326,0.03211125,0.045977615,0.04649647,0.592972,0.60041106,0.028656479,0.028134562,0.11909355,0.09905706,0.10222488,0.084381126,0.0061346875,0.0045098355,0.0054181144,0.005287812,0.19297864,0.20858708,0.47859478,0.49793532,0.032895416,0.03359663,0.1686396,0.1562768,0.011626974942126557,0.01159764559067588,0.007885829595644938,0.008440308589565073,0.015544968761997225,0.014219502231614991,0.014013114797718494,0.01466759209416767,0.012555069162935823,0.012364385765927724,0.008031888804514985,0.007780445303999501
124,0.053922307,0.050776362,0.103710905,0.08485159,0.026875203,0.023609295,0.043539986,0.04879867,0.6203808,0.6222673,0.032015413,0.03726297,0.11955535,0.13243379,0.056048483,0.051198363,0.1039896,0.08501329,0.027838612,0.02387272,0.045149848,0.048752703,0.6146787,0.62085646,0.032407288,0.037289485,0.11988748,0.133017,0.108226165,0.08718651,0.0045036245,0.0041415603,0.003817115,0.003373632,0.19726743,0.20864755,0.46623465,0.47614342,0.034887288,0.035327334,0.17415689,0.16916046,0.009351840215602224,0.009258774969460202,0.0068110715271433465,0.007007167483397085,0.012346988855882316,0.012274544438753294,0.013181923145816657,0.013862649797275448,0.010769991877103183,0.011070803342988645,0.008468060537662237,0.007917752119603987
125,0.05449925,0.05025288,0.09198884,0.08701928,0.027164139,0.025298016,0.024220442,0.0645024,0.6481075,0.6229599,0.02897626,0.030193685,0.1250435,0.11977388,0.055330653,0.050276592,0.09298444,0.08698824,0.02752287,0.025307817,0.024232602,0.06430238,0.64319414,0.6231337,0.030115418,0.030214738,0.12661985,0.11977649,0.102547586,0.08854157,0.0044114715,0.0036527065,0.0033151347,0.0030689102,0.18511184,0.22140147,0.49006236,0.4866135,0.031668823,0.029636249,0.17588818,0.15979712,0.008665426338585521,0.00964530513362995,0.005869519508559134,0.006542230299973814,0.012484145771664706,0.012412346769186679,0.012609625597998112,0.014636395947458075,0.009809570785719668,0.010835134407066835,0.00701632560933639,0.007862537389869412
126,0.073495485,0.056820124,0.10107373,0.09483299,0.032021627,0.027101351,0.034002833,0.04524939,0.6154893,0.61720926,0.031829417,0.038866732,0.11208761,0.11992018,0.074796125,0.05694005,0.10173793,0.09461992,0.032525267,0.027103767,0.03445916,0.045405954,0.6117889,0.61664426,0.032318357,0.038971595,0.11237421,0.12031447,0.10086052,0.08888475,0.004406354,0.0052827797,0.0034155871,0.0030741685,0.18256246,0.21876554,0.50661963,0.48330164,0.038933102,0.032744423,0.14709772,0.1572911,0.011541014417535493,0.010348320774826595,0.0077206774056231085,0.0070864516230423665,0.014304558272463356,0.013622855984855542,0.012338747203739248,0.014317401339442877,0.012661676694145066,0.013176780081642381,0.007633630059932159,0.008069726942205648
127,0.059694845,0.06923518,0.078727715,0.10894573,0.026797337,0.02569942,0.051473342,0.0418411,0.6227144,0.6120538,0.030534279,0.043342933,0.13005807,0.098881826,0.060970794,0.06928939,0.07919257,0.10910579,0.02631952,0.025711808,0.05274949,0.042297013,0.61919713,0.61121637,0.030674513,0.043496992,0.13089596,0.09888259,0.08520268,0.107509844,0.00476381,0.006615904,0.0033110823,0.0031954662,0.2083595,0.19961017,0.4750078,0.4891315,0.035602063,0.043973286,0.17320754,0.13794237,0.01038291701094853,0.01250867762332425,0.006813320227278121,0.007651109240237623,0.011952673481581324,0.0161242754165478,0.013539626163971726,0.014682388016398651,0.010594771623862525,0.01300121526552892,0.008161664946262737,0.00811052280178633
128,0.05214288,0.07487238,0.07884897,0.106143005,0.030586148,0.037796676,0.044672385,0.04998005,0.65528965,0.59253377,0.022385592,0.037789673,0.11607434,0.100884445,0.053957447,0.074998416,0.07958597,0.106443234,0.031097049,0.03803482,0.04530289,0.050616637,0.650313,0.59132105,0.022602348,0.03779987,0.11714129,0.100786,0.08704084,0.095534876,0.0036466431,0.0047615855,0.0041174716,0.004746036,0.20373738,0.21673371,0.5049255,0.48880354,0.025019966,0.0389847,0.15923828,0.13974138,0.008842181010581499,0.011337082532013671,0.0057537953239341424,0.007730575126817123,0.015449715055354668,0.016062800654364398,0.013826111417847106,0.012597057152280416,0.010047778669491325,0.012813899988019363,0.006846502538843314,0.007621997132358106
129,0.061728876,0.057083827,0.10080366,0.09042364,0.027127234,0.02776019,0.04285065,0.046390038,0.6060498,0.62497187,0.03600654,0.037231687,0.12543328,0.11613876,0.062868714,0.057625104,0.101384155,0.09060814,0.027465872,0.028045433,0.043698624,0.046410244,0.6019355,0.62372094,0.03656518,0.03726646,0.12608196,0.11632366,0.09020133,0.098314725,0.004754229,0.0038531937,0.0043070572,0.002950217,0.19259344,0.21219186,0.49737504,0.48391956,0.03290846,0.03918126,0.17066206,0.15128696,0.010798803695898475,0.009318895174608027,0.006457890387352921,0.006494408049958201,0.012965875895762412,0.014439742140774167,0.012949634661953214,0.013731438471233433,0.011373716492052901,0.012858630839564967,0.007911546416126947,0.008991080107875546
130,0.063030764,0.057046942,0.096955314,0.101250894,0.032417867,0.0279855,0.040188994,0.044138785,0.62334305,0.58669704,0.029720223,0.050103042,0.11434381,0.13277781,0.06514175,0.05716609,0.098507255,0.10140732,0.033142947,0.028074764,0.04123104,0.044323526,0.61773145,0.5859304,0.030157177,0.050181527,0.1140884,0.13291638,0.101276234,0.089532875,0.003912926,0.0065475064,0.0054366854,0.005357952,0.19025818,0.2021333,0.4926826,0.4949738,0.03415593,0.045440543,0.15837426,0.14190693,0.011231016913897223,0.010548282250771469,0.007779344461348976,0.0076462739907697305,0.01351621231789726,0.014198145101973229,0.015132414892529015,0.013908873442249354,0.012056089152477415,0.011958327990596438,0.009297077788581316,0.007541842461283526
131,0.06197488,0.054603204,0.11535169,0.08744911,0.035612695,0.029806592,0.032991737,0.062129684,0.61331,0.60809565,0.033459086,0.045184124,0.1072999,0.1127316,0.06353218,0.054674894,0.116531014,0.08727779,0.036301542,0.029917233,0.033418406,0.062290687,0.6079918,0.6077661,0.03443605,0.045265112,0.10778899,0.112808235,0.11608691,0.092870764,0.006300636,0.0037505126,0.008285254,0.0039508655,0.18956786,0.22508392,0.47546163,0.4708684,0.038121626,0.037079237,0.15790819,0.1505106,0.01284078242685581,0.009973685319104331,0.008334183128470658,0.0072529894087244055,0.015876547786205907,0.01323600337067729,0.014635492917555112,0.014804407261765037,0.012220479327251482,0.012555175213254277,0.008900683783459425,0.008641638524040457
132,0.07307829,0.056789104,0.10799961,0.08981807,0.032716423,0.026180776,0.037937917,0.050751626,0.6124336,0.60516757,0.033782974,0.041054856,0.1020512,0.13023798,0.07533305,0.05716399,0.10853774,0.089972965,0.033380628,0.026302801,0.03875597,0.050871044,0.60710686,0.6041466,0.034935206,0.040921856,0.101950504,0.13062072,0.09804532,0.09032973,0.005200528,0.0042166514,0.004164735,0.005004453,0.19772542,0.21322381,0.49116844,0.47703922,0.038018983,0.038128193,0.15512426,0.1524592,0.010786726653140883,0.010288611998756449,0.008068835898373936,0.0066810062996642446,0.015687081302591895,0.012953916640685691,0.01255763798487283,0.014666003575962119,0.011730346209145464,0.012279468342577244,0.007752157242952899,0.00858853560803416
133,0.06746713,0.053375296,0.10302299,0.08252556,0.031077936,0.03389731,0.04599933,0.055363566,0.6160825,0.62239015,0.029374383,0.033631526,0.10697573,0.11881661,0.06934432,0.053754985,0.10361357,0.082501456,0.032099962,0.033898156,0.046200093,0.055877734,0.6117991,0.62127477,0.029641692,0.033701625,0.10730128,0.11899126,0.08994599,0.081033394,0.0054731914,0.0042731347,0.0046463464,0.00423538,0.20295063,0.21386448,0.4906701,0.49747023,0.031174686,0.0346435,0.15946126,0.15006897,0.010930146238774254,0.009183418377724609,0.007053016764071686,0.0064452705519706865,0.014285965833425618,0.013578493221852547,0.01265301961534875,0.014072226779806003,0.011532475671188654,0.010774708839053402,0.006288664132028441,0.007923683191789549
134,0.07188122,0.053088088,0.10335385,0.07689388,0.028993323,0.022081943,0.036475636,0.047044154,0.61467475,0.6420698,0.041420184,0.043142725,0.10320105,0.115679346,0.072616585,0.053689584,0.1039457,0.07714298,0.029762074,0.02220866,0.037577264,0.047989663,0.6103042,0.640059,0.04182524,0.04324903,0.10396895,0.1156611,0.10381961,0.08619628,0.007087436,0.0038902909,0.0044819736,0.0026072292,0.19697273,0.20685521,0.4759735,0.5150458,0.04350142,0.034993112,0.1593732,0.14209497,0.00998540336254672,0.008783601395672708,0.007106650029621642,0.006253006027277806,0.015302988943021017,0.012378555120158174,0.012040348200038272,0.01207251804710714,0.013413152223984362,0.010940856873586372,0.007846090198103122,0.007433212050581458
135,0.062132996,0.0694633,0.0926801,0.11512013,0.029813364,0.026800327,0.04432657,0.03569863,0.6117868,0.6037472,0.034473177,0.041222267,0.12478702,0.10794815,0.06316984,0.06997859,0.09303704,0.11494826,0.029974451,0.026867865,0.04484543,0.035830148,0.60762405,0.60277444,0.03446522,0.04136502,0.12688395,0.10823569,0.09102021,0.09611793,0.0040493133,0.004957899,0.0038350816,0.002950575,0.1953262,0.20197493,0.4800517,0.50658756,0.039165307,0.042227946,0.17230767,0.1373885,0.010268631472431533,0.011790587935143487,0.008486231578276087,0.009401501908742931,0.014437906876230802,0.016016634916263553,0.013647720478796371,0.013670206883538719,0.011702994100410844,0.012639357215410676,0.008184228819622882,0.008053543645022782
136,0.072067216,0.05585004,0.12359184,0.09971889,0.027943816,0.029231813,0.03504945,0.050056808,0.59563583,0.60803723,0.034271747,0.035665415,0.11144013,0.12143978,0.07444171,0.056140568,0.1231714,0.10051896,0.029189706,0.029294195,0.035841223,0.050256286,0.59093094,0.6063959,0.03452706,0.035747543,0.111898,0.12164651,0.10919508,0.088401966,0.006106773,0.006670325,0.0037276042,0.003247558,0.20050348,0.2072498,0.4701992,0.49268815,0.039039955,0.036645167,0.16006789,0.14611134,0.012038037012183655,0.012533373866490425,0.00806227719135254,0.00936470181491508,0.01674701892637185,0.014903440422640338,0.014282477674218098,0.012805143139436617,0.013992426754555445,0.014409160914870484,0.010050654471659672,0.007580228108270018
137,0.06449268,0.057760127,0.10638873,0.07988016,0.03294753,0.024813687,0.03408796,0.056721877,0.6105264,0.6148764,0.03468216,0.037501615,0.11687457,0.12844612,0.06650115,0.058123924,0.10670186,0.08000217,0.033346076,0.024938667,0.035364367,0.056520376,0.60526425,0.61419094,0.035524163,0.037550915,0.11729817,0.12867303,0.0997548,0.081659175,0.004155223,0.005467208,0.0058264444,0.0030556824,0.19176908,0.21793951,0.48972166,0.49594617,0.037644885,0.03303795,0.1598091,0.14433293,0.012267036427337993,0.008552816263261084,0.008021497695815795,0.006524825869907791,0.01424343813479326,0.014836511919315565,0.014379022699470282,0.013325974439199537,0.011777842763356547,0.012132760579814937,0.009124017174403283,0.008175881732708647
