,m1_anger,m1_anger,m1_disgust,m1_disgust,m1_fear,m1_fear,m1_joy,m1_joy,m1_neutral,m1_neutral,m1_sadness,m1_sadness,m1_surprise,m1_surprise,m1m_anger,m1m_anger,m1m_disgust,m1m_disgust,m1m_fear,m1m_fear,m1m_joy,m1m_joy,m1m_neutral,m1m_neutral,m1m_sadness,m1m_sadness,m1m_surprise,m1m_surprise,m2_anger,m2_anger,m2_disgust,m2_disgust,m2_fear,m2_fear,m2_joy,m2_joy,m2_neutral,m2_neutral,m2_sadness,m2_sadness,m2_surprise,m2_surprise,m3_anger,m3_anger,m3_disgust,m3_disgust,m3_fear,m3_fear,m3_joy,m3_joy,m3_sadness,m3_sadness,m3_surprise,m3_surprise
group,ai,control,ai,control,ai,control,ai,control,ai,control,ai,control,ai,control,ai,control,ai,control,ai,control,ai,control,ai,control,ai,control,ai,control,ai,control,ai,control,ai,control,ai,control,ai,control,ai,control,ai,control,ai,control,ai,control,ai,control,ai,control,ai,control,ai,control
t,,,,,,,,,,,,,,,,,,,,,,,,,,,,,,,,,,,,,,,,,,,,,,,,,,,,,,
0,0.05781458,0.061037753,0.07713434,0.08527369,0.035835523,0.04246783,0.047297373,0.057846736,0.63145334,0.5891708,0.02947862,0.04154012,0.12098626,0.12266305,0.058569804,0.061051838,0.07624406,0.08527417,0.037020866,0.04246527,0.04830296,0.057949882,0.6273209,0.58910406,0.03051351,0.04148709,0.122027926,0.122667715,0.09552026,0.09830048,0.0032713395,0.0043540807,0.0051183114,0.007974151,0.20986041,0.22209524,0.46751586,0.44917595,0.031308517,0.039082766,0.17034477,0.16641967,0.00944396788227532,0.011084674978970064,0.006176805699378024,0.007547343469070466,0.014499353917477833,0.01409839195323787,0.016181800377511678,0.014863055375971893,0.011528649713381339,0.01264764513192215,0.009340382382427029,0.007818366577924856
1,0.03215375,0.05554505,0.04352589,0.07976556,0.0372346,0.029250897,0.06884112,0.0639521,0.69036555,0.6206549,0.027814498,0.04639589,0.100064546,0.104435585,0.032798916,0.05554958,0.04358115,0.07977476,0.037926883,0.029255306,0.06921395,0.063952856,0.68720365,0.62065357,0.028259588,0.04639271,0.10101586,0.10442122,0.062603176,0.088890046,0.0026987751,0.0063757007,0.0058099567,0.0043796175,0.26127958,0.23298731,0.45109865,0.4619047,0.030217128,0.041354112,0.17377236,0.15272437,0.007950939125747961,0.007778263601978602,0.005761988417086195,0.00570457552224622,0.012461387266852328,0.011961257541310671,0.015224042147881601,0.017049466544108865,0.00788693753560684,0.012129651560584803,0.008646388116642461,0.01073979703542501
2,0.056330785,0.059764694,0.09083333,0.105202354,0.041931197,0.030000217,0.047957897,0.047328018,0.6424256,0.5968715,0.0136449,0.045640573,0.10687631,0.11519266,0.05663915,0.059782594,0.09055455,0.105252154,0.042128645,0.030000504,0.04810012,0.047392316,0.6424694,0.5966818,0.013742901,0.045651387,0.10636524,0.1152393,0.091997355,0.09414563,0.0051199594,0.0046909526,0.0044901567,0.0048399405,0.23169936,0.20944501,0.46240985,0.463008,0.02223104,0.05109376,0.1651842,0.1624944,0.008230297237119653,0.011335463611811453,0.007231834647545966,0.007098834322311394,0.013457451198334688,0.015126078485066701,0.013039791618626577,0.01501616840985518,0.011087323000220873,0.01270788812980197,0.006317039072215319,0.008538776154206763
3,0.029984364,0.058619767,0.05815347,0.098095015,0.032027688,0.032771673,0.070869744,0.04251744,0.656682,0.6190382,0.02241652,0.032022223,0.12986623,0.11693568,0.030298345,0.05862291,0.057976082,0.0980946,0.031932,0.03278274,0.072076015,0.042516824,0.65409863,0.61901134,0.02256783,0.0320224,0.1310511,0.11694919,0.07649676,0.08335431,0.0029085947,0.0047859913,0.008396794,0.003606836,0.2736278,0.20413119,0.42287007,0.49050477,0.028688239,0.03362056,0.18518941,0.16200913,0.006909793264333217,0.01134974843790186,0.004311114798934703,0.007491915502643605,0.012113849827630514,0.015205029004315413,0.013546835755056266,0.014119411181956814,0.01073443646566059,0.012667054275769724,0.008311013407670395,0.008108340699421845
4,0.032085586,0.06717274,0.048260663,0.08909819,0.043457367,0.032357313,0.052084487,0.044288687,0.66175807,0.6176939,0.034860145,0.03593904,0.12749368,0.11345016,0.03263075,0.06717301,0.048184715,0.08909828,0.04351796,0.032357283,0.052620728,0.044288754,0.659784,0.617693,0.03552957,0.035939127,0.12773226,0.113450505,0.07121261,0.103454255,0.002302152,0.004560901,0.008728891,0.0050540953,0.22188534,0.21725042,0.4935584,0.46994132,0.027561052,0.033262882,0.16957572,0.1536863,0.005607481679267225,0.012478797632453792,0.005921556442652105,0.007627266871627253,0.011343510543703977,0.017264723972689654,0.015597324055207723,0.013726901089413343,0.008260233597738809,0.014319441066147253,0.006251516371228296,0.008552413077568457
5,0.052511185,0.05457871,0.077908635,0.09235014,0.033878118,0.03492653,0.06764306,0.061109453,0.60303736,0.606122,0.019664561,0.042335857,0.14535707,0.108577296,0.05336554,0.054662798,0.07782214,0.092329435,0.033995032,0.034916606,0.06880897,0.061109897,0.6015996,0.6060715,0.019756338,0.042334218,0.14465243,0.1085756,0.07787685,0.083524555,0.0032394708,0.0034203308,0.011122626,0.0034586228,0.2436555,0.23611447,0.4488084,0.46477774,0.03049638,0.035178673,0.17298996,0.15035917,0.010658534727956272,0.01230320234612734,0.007596433486190632,0.007719882529721341,0.012379154729160994,0.01514337675788148,0.01790035536473603,0.01599125897253572,0.013181826509247846,0.011578426805962641,0.009359523797247242,0.008608616824866532
6,0.04642922,0.05445528,0.07047744,0.08256823,0.048354406,0.031863127,0.07564278,0.050144076,0.6128671,0.6230457,0.026668875,0.0294538,0.11956019,0.1284698,0.04764413,0.05444923,0.06994414,0.08257477,0.04943214,0.031901713,0.076207206,0.05013497,0.6102532,0.6230073,0.026940335,0.029568478,0.119578816,0.1283635,0.072079174,0.0888518,0.0031110141,0.006014764,0.009125675,0.003965108,0.24425955,0.20269413,0.45036763,0.48768574,0.025311425,0.034085564,0.17102607,0.16697383,0.009632228810015145,0.010574307927587864,0.006732292518447398,0.0074414158439468055,0.01517301171949741,0.014917056030953096,0.01318724648618854,0.013948303070834988,0.009871781171330564,0.012106740538255582,0.00793907287594939,0.008237536479565197
7,0.031045245,0.061133653,0.06491012,0.09757347,0.020467628,0.024242466,0.08594427,0.050260622,0.6467563,0.62303096,0.020642806,0.030089412,0.13023365,0.11366945,0.031576578,0.061128426,0.064525396,0.09753975,0.020240363,0.024238262,0.08687698,0.050343934,0.6449764,0.623006,0.020714385,0.030067287,0.13108994,0.1136763,0.072190225,0.09483089,0.0034540214,0.0055604046,0.0023461925,0.0031969256,0.28498155,0.21497554,0.4115518,0.49174297,0.025454292,0.028850952,0.17976534,0.15294181,0.006493070522222431,0.010607953484776597,0.005741164931067682,0.007005057861025362,0.008892752638120463,0.014491566233458767,0.017504042781743882,0.014108246136941774,0.010725242740559339,0.012279403754152,0.007917080684022203,0.008715068310519112
8,0.039044946,0.053509805,0.0672635,0.089064516,0.03225526,0.03529145,0.0642474,0.049334787,0.6366893,0.620402,0.023463342,0.0360907,0.13703625,0.11630681,0.039657295,0.053515818,0.06715706,0.08906284,0.03211754,0.035309788,0.06429196,0.049334448,0.6346024,0.620361,0.023745252,0.036089115,0.1384285,0.11632701,0.079872526,0.07850925,0.003028101,0.0039964467,0.009489384,0.005618541,0.24539572,0.19067363,0.42395335,0.5196837,0.025206797,0.0351512,0.20082523,0.14651768,0.009854819267378467,0.009657524160832657,0.006183903083142269,0.006443421418772216,0.012989079636849088,0.012684751763244786,0.01809067349140274,0.013883000947375223,0.009987958843377798,0.011701326808385629,0.009207915363143904,0.007723982507075812
9,0.036454458,0.070378214,0.05882303,0.103638306,0.0275728,0.036686134,0.05177566,0.037530206,0.656497,0.60956377,0.030458177,0.0378963,0.13841885,0.10430705,0.03667384,0.07037407,0.05841853,0.10368149,0.02750188,0.03668676,0.05225955,0.037650526,0.6561153,0.6093632,0.030539908,0.037951507,0.13849099,0.104292445,0.06405703,0.09565043,0.0032843389,0.0051246877,0.0033169964,0.0067619137,0.22986695,0.20010936,0.47185513,0.48570955,0.03222204,0.03790519,0.17594822,0.16172497,0.006278201003417773,0.012424598659530207,0.004312210386366473,0.007912931634075174,0.010070515813869979,0.017424959682845537,0.012881676838656013,0.013987027035101457,0.010508458178179655,0.014006968047673155,0.008265366689980732,0.009048011628761017
10,0.035555016,0.054841097,0.059138168,0.096071295,0.025171138,0.026187178,0.077504195,0.050084684,0.6329213,0.6245115,0.025162997,0.033346634,0.14454724,0.11495765,0.036436573,0.054842,0.059812047,0.09606685,0.024947587,0.026186762,0.0756516,0.05008505,0.633794,0.624534,0.025274241,0.033346314,0.14408393,0.11493897,0.060937233,0.08807387,0.0045795813,0.0039977147,0.004667697,0.003318117,0.24766687,0.20684896,0.4457951,0.48971733,0.028498504,0.036043864,0.18232514,0.16006583,0.007021260256805104,0.00994531078131637,0.005798884875249416,0.00827527584578274,0.010397568771292073,0.014796941460650947,0.01579649240632657,0.011285559053097038,0.009163144178297302,0.013238613739745799,0.009571479272846068,0.007551011583985347
11,0.044422895,0.05223936,0.07484441,0.08770181,0.0453532,0.029597571,0.054681916,0.052403614,0.6461525,0.6250127,0.02445729,0.0400942,0.110087804,0.11295073,0.04494191,0.05223199,0.07424677,0.08770586,0.046702728,0.029607538,0.05542326,0.05240513,0.64351934,0.6250521,0.02496434,0.0400466,0.11020165,0.1129508,0.089944735,0.08627032,0.0031875873,0.0036117346,0.005389828,0.006073367,0.21388574,0.20888263,0.4696438,0.47029948,0.028793005,0.03836709,0.17764665,0.17281786,0.00879721775300798,0.008838963645783163,0.005481485178201574,0.005765057129982861,0.013286556491913138,0.01273684850975312,0.015019103166019775,0.013711769645014821,0.010099204314900334,0.0098528339641122,0.007552081227968702,0.007360683280540134
12,0.04442913,0.066139854,0.06021638,0.10834778,0.03396892,0.043473683,0.061524466,0.06456895,0.6463941,0.5689339,0.03278826,0.04311054,0.120678745,0.10542526,0.045436177,0.06614677,0.060287528,0.1083496,0.034576315,0.043461926,0.061835296,0.06456491,0.64414585,0.56885356,0.0330701,0.043114975,0.120648734,0.10550825,0.071653344,0.09325834,0.0031898434,0.00452694,0.0052058054,0.0040623937,0.24386446,0.23626025,0.44827315,0.44413275,0.035439454,0.04115464,0.17071751,0.16059607,0.008650491964448252,0.011251642048572446,0.00441913890107258,0.006881837756887328,0.012254390473856652,0.015409026917596085,0.014539634887651868,0.016467228925045898,0.011246360146917154,0.014455089247801102,0.008519310270810274,0.009105288081137801
13,0.054734882,0.058291186,0.07734487,0.08852299,0.036943648,0.029733725,0.06268337,0.04440179,0.6164008,0.6393999,0.02630098,0.03246608,0.12559147,0.107184336,0.055273574,0.05826591,0.07742034,0.08847574,0.037291937,0.029743548,0.06328653,0.04441302,0.61308014,0.6394299,0.026413402,0.032489724,0.1272341,0.107182145,0.08251066,0.088285044,0.003739583,0.0048598,0.004783407,0.006125255,0.24042536,0.20393962,0.44939506,0.5036612,0.029872054,0.03406214,0.17108676,0.15058702,0.00951045116535658,0.01277837628594231,0.005596517428963747,0.006646833528743478,0.01271655379582781,0.015025945977834177,0.014768110716839143,0.014414740116003253,0.010953118715929064,0.012276640805833789,0.008974969054949303,0.008860717433940762
14,0.038427506,0.049460515,0.073394895,0.083676495,0.032298576,0.030897854,0.059266884,0.064290516,0.6287596,0.61247385,0.030076986,0.034514904,0.13777557,0.12468586,0.03869237,0.04946026,0.07321165,0.08364409,0.032768928,0.030899195,0.060008664,0.06428267,0.62647885,0.6124512,0.030780708,0.034521762,0.13805881,0.12474083,0.07579379,0.07733896,0.0032709152,0.004669463,0.006223356,0.0053227595,0.22898361,0.24050896,0.46640775,0.45322356,0.03218747,0.03398165,0.1685965,0.16698991,0.010163091824022492,0.010122857367302526,0.006076523938291183,0.0068693195893919975,0.013451423665661181,0.01533158070223426,0.015800385798077566,0.013253284754408755,0.011666726988044985,0.012797955853998032,0.007724574326673359,0.008493606945613144
15,0.0349224,0.050561868,0.06498049,0.09639767,0.020828633,0.03500509,0.058478683,0.053878214,0.6524013,0.60319835,0.04436193,0.04215458,0.124026485,0.118804246,0.034895223,0.050600316,0.064801574,0.09646647,0.021047646,0.03499177,0.05862694,0.053916354,0.65036666,0.6030985,0.0449593,0.042184632,0.12530264,0.11874193,0.074602045,0.09986231,0.002710874,0.004437883,0.00250505,0.006543104,0.22582208,0.21452492,0.46106276,0.48084632,0.03888501,0.037357125,0.17880937,0.14918517,0.007451985250214088,0.008878750323142755,0.005208725583401976,0.006209777890110574,0.011843901664328624,0.012113763460638163,0.01588089623888562,0.014239336692411557,0.010574018181303947,0.010751661962510504,0.0076822323154368665,0.006795690658126105
16,0.044464227,0.059032783,0.066276476,0.09541972,0.031255335,0.022453532,0.05146218,0.055077273,0.65671843,0.61428314,0.03254324,0.038931157,0.11728012,0.11480233,0.045147102,0.05903898,0.06652176,0.095437005,0.03135474,0.022450099,0.0519748,0.05507666,0.6545925,0.6143164,0.03274556,0.038937204,0.117663525,0.1147436,0.08071162,0.09182236,0.0029801792,0.0043424885,0.0043161097,0.003376982,0.20971635,0.2212074,0.4758832,0.45032963,0.03339306,0.04174616,0.17433736,0.17483954,0.007847888820872525,0.009827028022806725,0.00532370304561023,0.007182363444843882,0.013120205038496232,0.013893821315447353,0.01479281652751515,0.014256941269078886,0.01040894002184558,0.01220641425871655,0.009144015060875125,0.007054120414522775
17,0.04593249,0.05817252,0.079575,0.08608297,0.036099818,0.02626921,0.053357113,0.04997975,0.65429735,0.6342257,0.025985083,0.0370182,0.10475318,0.10825165,0.046430416,0.058171812,0.07933853,0.08607645,0.03661511,0.026269188,0.053967766,0.049979787,0.6524079,0.63422745,0.026035782,0.037023243,0.10520448,0.10825206,0.085652106,0.08128057,0.004421582,0.0033487545,0.004384267,0.006615796,0.2425982,0.21039726,0.4607125,0.48609033,0.0315071,0.037993643,0.15605216,0.15652499,0.009239104598361877,0.012094115688937753,0.006303193797289027,0.007683996944998157,0.014530411854470876,0.01489340972922763,0.015146598046632797,0.015951016685716052,0.011381663115229751,0.012208412154215073,0.00796958693496945,0.009072955816636967
18,0.0363151,0.06023718,0.054115485,0.09724825,0.024997808,0.02578232,0.046832822,0.071394846,0.68826437,0.5774337,0.027831819,0.04658888,0.121642604,0.12131485,0.03670446,0.06023745,0.05378577,0.09724698,0.025130622,0.02573899,0.047060978,0.0713901,0.68658054,0.57743233,0.02829291,0.0466479,0.12244473,0.12130625,0.068495,0.09265611,0.0026491538,0.0058540297,0.0053972374,0.002585943,0.24285018,0.22161981,0.46368492,0.4532598,0.02718976,0.045347057,0.18630596,0.16476932,0.006878527808170882,0.011653988907840734,0.004347710871036538,0.007286738521388851,0.01029757651826459,0.01691808893629564,0.01189646406578433,0.014636879157276721,0.009096938983267612,0.012143552409309779,0.007782974585034386,0.007544132534200395
19,0.03482068,0.053533852,0.06526927,0.08265808,0.023885615,0.022972062,0.059333783,0.037624344,0.66572744,0.65526664,0.026218269,0.038048506,0.12474498,0.10989647,0.035274185,0.053548012,0.06522926,0.082654305,0.023953423,0.022971367,0.059823737,0.0376245,0.6628353,0.6552544,0.026585516,0.038048636,0.12629853,0.10989872,0.08099914,0.08307788,0.0027137802,0.0035753502,0.005000534,0.0034392737,0.24664451,0.18608302,0.45161742,0.5087742,0.031339265,0.033907585,0.16229706,0.17358202,0.007391435301157218,0.011335084559946283,0.005346273633235386,0.005798048601257533,0.010962592680261313,0.013357034644620826,0.014017294624014591,0.012642452904356486,0.010677225895494635,0.010142482983731643,0.007465451400921836,0.008163216764632128
20,0.041345343,0.055538144,0.08069529,0.08859164,0.02593727,0.025224244,0.04448963,0.051092826,0.65583795,0.6422942,0.02719513,0.03601618,0.124499395,0.10124271,0.04209659,0.055538,0.08033016,0.08858825,0.02631351,0.025284592,0.045066457,0.051091008,0.65334225,0.6422381,0.027373025,0.03601664,0.12547798,0.10124341,0.07831219,0.09478263,0.0029724417,0.00305253,0.0033744795,0.0048263227,0.21720883,0.20979731,0.48036993,0.48506677,0.02880045,0.038154066,0.18066844,0.1564391,0.0074664112550885545,0.011496441314657364,0.005980853445643922,0.006823923094146378,0.011422238583803455,0.014234468721898846,0.01422697718252592,0.016436280548636956,0.00869394135732512,0.01200696584845234,0.007778377039088848,0.01021075140201767
21,0.03990945,0.071040906,0.06476942,0.10102416,0.05550945,0.028922977,0.06658263,0.06689053,0.6165645,0.57683724,0.030171428,0.035362735,0.12649316,0.11992148,0.0401036,0.07104484,0.06454657,0.10101376,0.055910755,0.028919905,0.06643005,0.06687898,0.6163927,0.576861,0.030295208,0.03536409,0.12632114,0.11991741,0.067628436,0.09699108,0.0060084807,0.005881811,0.012917644,0.006591986,0.24565761,0.24512395,0.43694493,0.43078682,0.029700443,0.036749396,0.17254698,0.1617341,0.009558081336707012,0.010243539847338872,0.005818090989386006,0.007281665194758853,0.015007459413698923,0.014966228615354526,0.016199197897342595,0.016333213261376395,0.010313975256877734,0.011229066994667908,0.00811538048017962,0.008470769663868559
22,0.042534504,0.048116345,0.07384865,0.08912186,0.030205548,0.0203324,0.05426516,0.046631835,0.6453257,0.6413455,0.028500568,0.040424313,0.12531982,0.114027716,0.042903084,0.04812015,0.07388731,0.08912161,0.03039773,0.020332297,0.05506243,0.046631914,0.6433037,0.6413433,0.028577305,0.040423688,0.12586842,0.11402707,0.075490505,0.08884733,0.004269688,0.0050046174,0.0055013006,0.002214136,0.22607112,0.20521219,0.47758764,0.49492118,0.024878267,0.039146893,0.17650248,0.15402272,0.011702233287642812,0.009038113238276562,0.007935937781730037,0.006022323942713746,0.01389160446132536,0.01371807763164632,0.013455394983453975,0.012292252083971392,0.011100566440364801,0.01233490753823326,0.00793233384380869,0.007620297184620827
23,0.04300311,0.052797943,0.072097495,0.092908815,0.03757216,0.018809814,0.046719514,0.051467143,0.65055656,0.6337666,0.033865333,0.037170365,0.11618588,0.113079295,0.04355109,0.052797943,0.07172468,0.092908815,0.038265422,0.018809814,0.047213264,0.05146714,0.6474975,0.6337666,0.034709685,0.037170365,0.11703838,0.113079295,0.072995536,0.09161025,0.0042516026,0.004323005,0.0049201767,0.00317304,0.24472089,0.22705267,0.45062187,0.45900285,0.034641862,0.03837162,0.16695614,0.16163453,0.009166097165301246,0.00938587985293167,0.00571785894786491,0.005802171320137774,0.01166347015690675,0.012433163021247924,0.014987482695209199,0.014928684676149084,0.01064304752131858,0.00987509343746826,0.008584152817266691,0.00793228250312896
24,0.04527204,0.052186638,0.057691187,0.07663367,0.026834656,0.022323398,0.05299857,0.068213426,0.6696854,0.61956537,0.026466737,0.035130642,0.121051386,0.12594688,0.04607851,0.052187666,0.057178095,0.07663317,0.027192786,0.022322664,0.053712312,0.06817624,0.66665405,0.61959916,0.026903637,0.035130408,0.12228064,0.12595071,0.073429935,0.083387144,0.0027387375,0.004580421,0.0027527134,0.0043746745,0.22174294,0.23796181,0.47401416,0.45677924,0.031386953,0.034322184,0.18813446,0.15711856,0.00777566974907463,0.007659786518554401,0.005598930685696603,0.005275381122680162,0.011672897725065062,0.011553110004105334,0.014263183890086647,0.014032521217869794,0.009753948687679414,0.009960668383569158,0.007563684010307529,0.007344952614362727
25,0.044209983,0.05768837,0.06569054,0.080619015,0.02594345,0.03528114,0.055882305,0.05060604,0.6607646,0.6215506,0.029813329,0.038071074,0.11769581,0.1161837,0.044611026,0.057684187,0.06552452,0.0806176,0.026321646,0.035275925,0.056623604,0.05059785,0.65878814,0.62156296,0.030040804,0.038068954,0.11809028,0.11619254,0.077967025,0.08708382,0.0023244056,0.0048143268,0.0061820657,0.004096356,0.22891244,0.21974118,0.46565172,0.4849616,0.031710077,0.03466484,0.17542045,0.1546782,0.008385021317425499,0.009403119414172174,0.005052740406548111,0.007229068326485164,0.010544989187278322,0.01307873807983928,0.016115709485189606,0.015609399470629998,0.009890543506223556,0.013638471604236079,0.009730403400802704,0.008095083752738914
26,0.04387991,0.0484216,0.077507235,0.078130536,0.022331549,0.024043735,0.05520086,0.046773724,0.6551553,0.64775044,0.029805442,0.037643895,0.116119735,0.11723607,0.044041026,0.04842473,0.077518776,0.07812597,0.022200739,0.024036258,0.05606068,0.046774834,0.65481967,0.6476203,0.029671926,0.037653554,0.1156872,0.11736431,0.08337356,0.0760497,0.003324866,0.004598995,0.0038520887,0.0037826356,0.24117233,0.21931091,0.45716658,0.48607427,0.031982344,0.035033,0.1693541,0.16106519,0.007892004611563717,0.009732950002149398,0.006235180601099544,0.007083690295655448,0.011902173122353619,0.01423626717965386,0.0139065755157286,0.014743946998364286,0.01042779563321236,0.012170572927404288,0.007986190730333404,0.009357369081126596
27,0.046618562,0.05970534,0.06611979,0.10142359,0.02854482,0.034687076,0.054092646,0.059592612,0.6586486,0.5898081,0.030414766,0.044007413,0.115560845,0.110775866,0.04717755,0.059703015,0.06524623,0.10142275,0.02819642,0.034627277,0.05553299,0.059593633,0.65603745,0.5898798,0.03149182,0.04400162,0.116317585,0.11077186,0.079329886,0.09519664,0.0041454993,0.00653046,0.0028380551,0.0051790113,0.24098827,0.23540837,0.45542863,0.448043,0.034361493,0.043113153,0.1713416,0.1433686,0.009934698426900474,0.010512971115923411,0.006096811830104898,0.007578697730855207,0.015149428983569073,0.014198039459449661,0.015403510824553369,0.015554767648523203,0.012499347168099513,0.013128637292902517,0.008504875218468622,0.009739438328549576
28,0.04509218,0.057405952,0.07928214,0.08123913,0.045238946,0.036911886,0.03502967,0.058359485,0.64493454,0.60280126,0.029419541,0.03514229,0.121003,0.12813997,0.045567587,0.05739291,0.07908856,0.08121098,0.04554416,0.03689923,0.035382386,0.05831382,0.64319974,0.60288846,0.029653063,0.0351328,0.12156447,0.1281618,0.09175564,0.08491739,0.003957289,0.004428095,0.0074476097,0.005079354,0.19663115,0.20479615,0.49753487,0.4959314,0.0322183,0.03355068,0.16677691,0.1486492,0.008783641271054908,0.012172630837386166,0.005509694794903281,0.0072257797838508,0.014145101944803909,0.016084928710646876,0.012930471778084662,0.014302294702030656,0.011175187540656065,0.01237584210884531,0.008278761144120177,0.00821170279941898
29,0.044833623,0.04887255,0.079257675,0.06623248,0.030342607,0.025253026,0.05393558,0.05644191,0.65563947,0.6392273,0.029573731,0.03515324,0.1064173,0.12881953,0.045070782,0.048877224,0.07884489,0.06624321,0.030485166,0.025260905,0.054594763,0.056465406,0.6540337,0.63920003,0.029683363,0.03513065,0.10728735,0.12882258,0.08749062,0.083039515,0.00402266,0.0026421966,0.0051503237,0.0023079829,0.22219105,0.22271112,0.48556617,0.47973388,0.032038666,0.034049924,0.15385857,0.17004561,0.010583345499099901,0.010710323009705829,0.006657946592590056,0.005021308588554959,0.013003685421461474,0.014551499425404438,0.012278469751264572,0.015144329037109975,0.011694673215301061,0.01189963841463099,0.007472790972413088,0.009925421526429149
30,0.040968362,0.05000304,0.062128466,0.07796146,0.03062279,0.025002405,0.056341726,0.06499546,0.6783898,0.6306962,0.024512598,0.033849943,0.107036285,0.11749149,0.04148627,0.050000887,0.06206824,0.07793797,0.031086998,0.025005793,0.05635928,0.06530323,0.67707306,0.6302595,0.024823228,0.03385665,0.10710294,0.11763593,0.08456826,0.08022785,0.0024161271,0.0032286209,0.0053357235,0.0051517366,0.23091216,0.21679932,0.48084375,0.4898163,0.026841788,0.0341193,0.16093302,0.15489686,0.00782098286954078,0.010508912595540204,0.005291676736699762,0.005522182993435769,0.01250656062776642,0.01370412066175533,0.014794425680013308,0.013879172255560413,0.00976514263220302,0.012263421784495151,0.00834083091102226,0.009187715598944594
31,0.04145608,0.082262896,0.06687027,0.11664895,0.030336624,0.04050007,0.066928245,0.031220049,0.6367796,0.5881788,0.027226176,0.04124798,0.13040297,0.099941276,0.041544408,0.082271636,0.06699424,0.11665098,0.030604549,0.04049778,0.06699169,0.031223364,0.6356033,0.5881656,0.026991893,0.041248538,0.13126996,0.09994211,0.08149779,0.0982538,0.002958251,0.005941014,0.005015669,0.005704829,0.23063444,0.1726243,0.47038993,0.5081424,0.030192077,0.038023483,0.16676174,0.16117764,0.0075467990711658006,0.015021200855264254,0.005108339140425631,0.008124749577581507,0.012021634153805243,0.02113897388758697,0.016238846093482102,0.01339994945197826,0.01003953525629979,0.01417737275744363,0.008938192772280848,0.008262722894694943
32,0.05670803,0.05221707,0.081252545,0.08903832,0.038978774,0.030391268,0.04358169,0.052136917,0.63800603,0.6134704,0.023331212,0.043470934,0.118141726,0.119275086,0.057064954,0.052219696,0.08113425,0.08908427,0.039536078,0.030382317,0.04374423,0.052205253,0.6352393,0.6133959,0.02354146,0.043461706,0.11973971,0.11925081,0.08463606,0.084019355,0.0028846953,0.0064247614,0.0060653025,0.0047533237,0.22126096,0.21175389,0.4891328,0.47041887,0.025885327,0.036627173,0.156924,0.16591904,0.009546637773870827,0.009067151592107714,0.005815014919509594,0.006138375048729088,0.013258649230804548,0.01280196917199307,0.015651276601456137,0.016458801446618196,0.011020661140300711,0.012545407533573548,0.00861825678322959,0.008996899925632419
33,0.04107872,0.04560792,0.067373246,0.08821552,0.029844118,0.02534289,0.049558204,0.06303884,0.64969254,0.61220896,0.03120934,0.04070969,0.13124387,0.12487622,0.041562274,0.04560915,0.06767865,0.08821659,0.02986815,0.025341041,0.049654234,0.06303825,0.6486719,0.61218464,0.031438865,0.04072632,0.13112587,0.124884,0.083095476,0.07670509,0.0042026653,0.0037290247,0.0034956574,0.0051422045,0.22327465,0.22951032,0.45290768,0.47462466,0.032170575,0.038705166,0.19060099,0.15576716,0.008300694651328908,0.008345469736947737,0.0058965474429032326,0.006959586739500132,0.013128752079562784,0.01168580778420129,0.01459987147660212,0.016105010504100833,0.011325336614510604,0.010159303527576567,0.007864881659195657,0.011228700334107866
34,0.042305756,0.06345202,0.07749659,0.09074863,0.038753908,0.033391498,0.04273872,0.039314415,0.6524591,0.6222259,0.027805267,0.03864032,0.11844065,0.11222725,0.043036867,0.063449085,0.07735382,0.09071582,0.038865525,0.03339273,0.043290645,0.039318666,0.65096635,0.62221897,0.027777923,0.038642965,0.11870884,0.11226175,0.08691224,0.09736246,0.0042726155,0.0038456237,0.006928213,0.005597896,0.22182843,0.19330949,0.45533133,0.48558897,0.02612183,0.03493953,0.18164739,0.17453374,0.009176511733605647,0.012673561573374622,0.004901682345521007,0.006976854968555152,0.013572620510180329,0.015519802977719733,0.014759280951234265,0.011632332443386807,0.011365895606888974,0.013070745465888082,0.008245651339958344,0.007533072875511328
35,0.042113002,0.05406988,0.06736489,0.07533355,0.036562074,0.034515887,0.070469946,0.06751114,0.620724,0.6203943,0.03299177,0.043478094,0.12977432,0.10469714,0.04276224,0.05407015,0.06746725,0.0753326,0.036765505,0.03451578,0.07185909,0.067475714,0.6188668,0.6204328,0.033142712,0.043480862,0.12913643,0.10469212,0.07416685,0.07417329,0.0041966513,0.004712667,0.0070372154,0.0043023378,0.23520885,0.2359721,0.4584041,0.4637763,0.03261222,0.03971227,0.17778613,0.15974788,0.007851363157676027,0.009797763298794828,0.005505234141377854,0.0056122893329255226,0.011910103565138141,0.014517453903650746,0.015998168663103395,0.015449775621424378,0.009497924981743159,0.011045560327984255,0.009132410240014528,0.008667312239769425
36,0.050646197,0.055369586,0.08255379,0.07988557,0.042633217,0.025324946,0.060996454,0.03689211,0.60487676,0.6463356,0.02699428,0.040126123,0.1312993,0.11606602,0.05151677,0.055365298,0.082973376,0.07988623,0.04265657,0.02532309,0.06154753,0.036888722,0.6022753,0.6463459,0.027137516,0.040130343,0.13189295,0.11606042,0.07176874,0.096308485,0.004104195,0.0044498225,0.01147856,0.0045857504,0.25145513,0.18683586,0.44613028,0.49600893,0.025795974,0.0386132,0.17027582,0.16332644,0.009249516177368364,0.011660122975124412,0.007310208106099536,0.006066013753715364,0.012655978039780762,0.014950437220932039,0.013806747995917362,0.014379412377518273,0.010791500519152014,0.012469879371889968,0.008570659142882603,0.007829108930364136
37,0.058574397,0.057276312,0.095529005,0.07674366,0.032228697,0.03710952,0.038026907,0.04700015,0.64286435,0.6093977,0.02256124,0.038898025,0.11021536,0.13357462,0.059749644,0.0572796,0.09487952,0.07664372,0.032693364,0.03711861,0.039207086,0.04701586,0.6402312,0.6093863,0.022575714,0.03895267,0.11066348,0.1336032,0.08986712,0.08057545,0.00404763,0.0036739563,0.008369425,0.0063971765,0.21398452,0.21095352,0.46600586,0.48099846,0.026279086,0.03963627,0.17932557,0.16197199,0.009670341668678606,0.010412070571089813,0.006124861931174983,0.006398985040092344,0.012372588436578132,0.014516372708455043,0.015116128343684903,0.014491631980385415,0.013144270789624832,0.01183870345796794,0.009275142878577737,0.008632756032481039
38,0.049474347,0.05865554,0.081268094,0.0852038,0.026639765,0.036278855,0.059044976,0.068514004,0.6391505,0.6097963,0.027416648,0.040607773,0.117005706,0.10094375,0.050419398,0.05865469,0.080998614,0.08520763,0.026657727,0.036258046,0.059969056,0.06851405,0.63670886,0.6097889,0.02752209,0.040631857,0.11772424,0.10094482,0.082098775,0.07655555,0.0034183206,0.0034826868,0.0042765955,0.005383706,0.23465556,0.24027833,0.46424994,0.46751168,0.031684987,0.039227787,0.16543818,0.14724791,0.009746895786426063,0.01092641144626613,0.00641816099002062,0.007048003649090181,0.01352331491127373,0.014654305334918091,0.015004845612882902,0.018233453227906555,0.011611333289200967,0.011131389395384349,0.00969670178961333,0.008908777836941979
39,0.045822397,0.04970282,0.06522222,0.08530737,0.022302719,0.03637033,0.061855145,0.038034633,0.647805,0.63628554,0.03220498,0.038262386,0.12478756,0.11603689,0.046185933,0.049688548,0.06512633,0.08524321,0.022891529,0.03637249,0.06202792,0.038035918,0.6461652,0.6363561,0.032339416,0.038263727,0.12526369,0.11604004,0.07578687,0.09381243,0.0032628493,0.005058643,0.0035492247,0.00740129,0.25251988,0.18726343,0.45705304,0.4954298,0.03142822,0.032486733,0.16617529,0.17060369,0.007933462461060968,0.01103281595181911,0.005260750970149039,0.007458807702286192,0.011968179010405844,0.015064552700819215,0.01411175823637701,0.014650730822834229,0.009494001568403998,0.014633973353730843,0.008889933568871865,0.008831873821447745
40,0.055324763,0.05878322,0.07570504,0.102372244,0.034131654,0.026002068,0.04661802,0.036394127,0.6491751,0.6379146,0.020975517,0.03702684,0.118069924,0.101506874,0.055805076,0.058824677,0.0757989,0.10236845,0.033937994,0.026003392,0.047424275,0.03638516,0.64674705,0.63788617,0.021575904,0.037027385,0.11871075,0.10150482,0.08885207,0.09609708,0.0044578994,0.0042981934,0.006142386,0.0046548136,0.20512052,0.197874,0.48766658,0.50903344,0.027869133,0.03719805,0.16676015,0.14386556,0.008031318945451114,0.011700921682934837,0.0046672598872632845,0.008206065908993046,0.012747480062542357,0.016296015660523643,0.01573407803722143,0.012451321947681756,0.008727590128196587,0.011890378764653707,0.007553837159527699,0.007720380371316311
41,0.052097995,0.06302317,0.08704423,0.104013756,0.022622397,0.036177065,0.0660214,0.03450028,0.6348747,0.62201965,0.03324976,0.040969603,0.10408953,0.099296495,0.05240564,0.062978126,0.08700933,0.104024164,0.022656763,0.03615518,0.0658029,0.034500577,0.6333707,0.62204653,0.0339453,0.040969893,0.10480933,0.0993255,0.07923381,0.09824065,0.0034524256,0.003964808,0.0019501408,0.005048842,0.23068994,0.19107662,0.47776994,0.4998128,0.03391982,0.035462465,0.16192664,0.1589276,0.010183569203321852,0.011240379656901188,0.0072822684794607,0.007171900751260157,0.01638730756083027,0.015442427394750938,0.015101956076625261,0.013750004448139334,0.013004209280503913,0.012846940208260047,0.008544351371848953,0.007458190200843978
42,0.05103156,0.05801332,0.08647483,0.09029961,0.031674188,0.023798669,0.044380393,0.050833467,0.6516606,0.6184025,0.033293564,0.031493735,0.10148489,0.1271587,0.051975895,0.05801431,0.08648229,0.090301104,0.031954456,0.023800664,0.044598207,0.050833493,0.6496237,0.61839473,0.03337738,0.0314956,0.101988055,0.12716012,0.08882313,0.10405918,0.0049416465,0.003053676,0.004215273,0.004101002,0.2144477,0.20726581,0.4690835,0.47860286,0.031137832,0.03646699,0.18021686,0.15324628,0.008909187858960627,0.010706983838771883,0.005150446920724301,0.006421847823578994,0.012973707384049394,0.013181228375742612,0.012997931493103498,0.015461349566764015,0.009249338925422314,0.01207313554937022,0.007955582656810536,0.008323956550048998
43,0.03911831,0.053895596,0.0658814,0.104608476,0.032633882,0.03522638,0.047394387,0.044968594,0.67341447,0.6119321,0.029102786,0.037777327,0.112454765,0.11159155,0.040195838,0.053886082,0.065277874,0.10460935,0.03302495,0.0352306,0.047843423,0.044998575,0.67119175,0.6119811,0.029664204,0.037716858,0.11280194,0.111577444,0.07485575,0.08880634,0.00284322,0.005307465,0.004623488,0.0047863154,0.2309973,0.20884635,0.47978723,0.48161587,0.02948024,0.041840907,0.16695942,0.16427076,0.0100639674883685,0.010526513045165687,0.0060409180485747165,0.006936328748094799,0.014851496931195227,0.014163527151902352,0.01551394816699443,0.014400386824529935,0.012505031033639582,0.013059257611735979,0.008569157448895883,0.008387616066347468
44,0.0416294,0.069473915,0.07049193,0.10059926,0.024067553,0.03771379,0.063720934,0.057502985,0.66268325,0.5818821,0.02725953,0.03246326,0.11014742,0.12036471,0.042662203,0.06946292,0.06990115,0.10063329,0.023495022,0.03770914,0.064204894,0.057502948,0.6611973,0.58185697,0.027404768,0.032464102,0.11113467,0.120370656,0.08713592,0.08609027,0.0036681716,0.0057303403,0.003314516,0.005562825,0.24130635,0.22164062,0.45992744,0.46389008,0.03387698,0.03802374,0.16560869,0.16661897,0.009014677971923377,0.011691483631614707,0.005800065989399479,0.008008199189872686,0.012526704011309049,0.01595003694437286,0.015283588561309316,0.013717998829907922,0.012079682426187122,0.012052556021037397,0.007661796489992448,0.007820319954170771
45,0.03916519,0.06554193,0.072206445,0.10233044,0.024886537,0.031896174,0.06503922,0.045195714,0.6607435,0.6014576,0.023424597,0.035751577,0.11453455,0.11782658,0.040310983,0.06554239,0.07237235,0.10233058,0.025054244,0.03189716,0.06572385,0.045147605,0.65702164,0.6015026,0.02402574,0.03575287,0.11549117,0.117826775,0.07746385,0.10145033,0.0027286268,0.0044275466,0.0036248714,0.0035599042,0.24631429,0.21155158,0.45353672,0.47705904,0.027188256,0.039159685,0.1759112,0.15220411,0.007665933462382518,0.01249495677645429,0.006059313523622553,0.007334154916250355,0.010804791613273615,0.016099081260020666,0.01586451660589606,0.011746471690645674,0.008952199608886059,0.012978314456751763,0.008350019288500949,0.008163662604060467
46,0.06269922,0.0526579,0.09091099,0.0864805,0.040502813,0.055232953,0.04218495,0.059055638,0.621463,0.5914333,0.025001036,0.040252626,0.117237955,0.11488714,0.06311458,0.052667942,0.09047528,0.08649389,0.040912546,0.055192024,0.043030545,0.059059817,0.6187768,0.5914139,0.02567225,0.04025946,0.11801802,0.11491297,0.08783274,0.07702227,0.0034940771,0.0037512768,0.009537249,0.01077654,0.2192628,0.2291961,0.47208384,0.44718963,0.0314038,0.042784344,0.16489881,0.17178005,0.0122498186964722,0.009711522981955663,0.007321330338318652,0.0067993123760989324,0.015496573863283408,0.015161026410049277,0.015392598611865755,0.015123409886938293,0.012840092174212855,0.011427601983707274,0.008729706810526145,0.008332681169911994
47,0.04399529,0.06670764,0.06439549,0.101564325,0.025201242,0.026509421,0.055577572,0.045544747,0.652142,0.60890156,0.024308631,0.031591415,0.13437979,0.119180836,0.044426538,0.066697605,0.06424185,0.101445965,0.025186958,0.026571063,0.055666335,0.045531906,0.6511793,0.60897887,0.024430174,0.03159234,0.13486886,0.11918227,0.07113751,0.09006689,0.0023827374,0.006482009,0.0049800063,0.005445744,0.23356445,0.20853932,0.46895155,0.4838874,0.025096102,0.03169018,0.18484624,0.16179319,0.007683440434628598,0.011255057157255997,0.005517685968998545,0.008044277911759757,0.011567193187505815,0.016232324090700946,0.012878175212046605,0.013764194372400097,0.01012010135117239,0.01366008174953358,0.00810464915892835,0.00815113443693596
48,0.051325377,0.065705165,0.07899813,0.099931225,0.024866123,0.037052363,0.046377555,0.04863707,0.6491088,0.6168964,0.026064636,0.031206053,0.12325937,0.10057175,0.052386586,0.06570264,0.078652434,0.099921696,0.025160562,0.03705625,0.0466374,0.04869396,0.6469372,0.6168389,0.026032897,0.031208409,0.124192916,0.10057818,0.087686315,0.09259788,0.002811342,0.005515349,0.0027403953,0.007936649,0.21480781,0.22688827,0.48306733,0.46512413,0.031015964,0.03007201,0.17285854,0.16458383,0.009842982249557559,0.013589081939785417,0.00646657236874363,0.0075148888856768166,0.013168501647919391,0.017666877297548265,0.01442804420082614,0.014443517653866022,0.011651977062187374,0.013968361008333244,0.00887471652390236,0.00796893607391194
49,0.052362405,0.05784907,0.09406294,0.10627327,0.02975417,0.033492036,0.03675598,0.04156885,0.6575653,0.62585986,0.02678129,0.028163427,0.10271786,0.10679352,0.052721977,0.057853036,0.09387548,0.10626944,0.03003986,0.0334718,0.037001036,0.041625626,0.6558423,0.6258226,0.027675357,0.02816561,0.10284402,0.10679189,0.08770697,0.09464377,0.0054050665,0.0044884584,0.0046991426,0.0040662675,0.22681156,0.19762112,0.46896246,0.49308622,0.030279469,0.029324858,0.1668762,0.16580425,0.009236990668629852,0.012078465338657154,0.005365766086029296,0.00820956972162038,0.012128546238355912,0.016887555842496432,0.01280058980301322,0.01738484840542417,0.010042722421962219,0.013247560661364746,0.006977170935545102,0.010111134659959066
50,0.057276998,0.061084963,0.07886836,0.10131236,0.038645297,0.031452134,0.05017925,0.0461181,0.6371704,0.6204601,0.024621226,0.033860493,0.11323853,0.10571185,0.058185056,0.061360437,0.07918826,0.101267345,0.03852107,0.031444106,0.050721873,0.046220034,0.6335613,0.6200947,0.025490198,0.033872124,0.114332296,0.10574124,0.09014579,0.08982923,0.003417725,0.0039012015,0.0050348532,0.004073114,0.22592045,0.21222448,0.46278542,0.4804904,0.030714788,0.039540503,0.17224778,0.15688905,0.011500616488475396,0.011176775067748149,0.005743787460309242,0.006537412533605671,0.014700810689038812,0.01709461312846386,0.015984466383420604,0.015357658046444353,0.012833641783193387,0.013172106340707267,0.010781105175834528,0.007658112447600263
51,0.052021045,0.05898921,0.085294284,0.09018385,0.02645677,0.031538293,0.057209514,0.055311017,0.63070965,0.6218078,0.03447528,0.04177641,0.11383341,0.100393385,0.0523085,0.059303265,0.085550226,0.09030031,0.026451567,0.03158478,0.057697937,0.055323575,0.62800765,0.6211081,0.035214834,0.041844837,0.11476932,0.10053508,0.09315244,0.09852628,0.003580412,0.004494422,0.0027341328,0.004470458,0.21872659,0.21601294,0.46398005,0.46586296,0.033128537,0.038758542,0.17252932,0.16441253,0.009691592698182722,0.011823345062115836,0.00601238044082691,0.00874595796220955,0.011821616123816365,0.017011911933498925,0.01376667518447021,0.01560167032614984,0.00988992332726816,0.014909207285943396,0.007654997840617575,0.008791550259371445
52,0.040041078,0.057773486,0.07174232,0.092730656,0.024477953,0.039866228,0.04933807,0.041309085,0.6413894,0.6079896,0.027925804,0.034131516,0.14508536,0.12619938,0.039768375,0.057603978,0.0718458,0.09285816,0.02430469,0.040134616,0.049890235,0.041313782,0.6398794,0.60767585,0.028249735,0.034129083,0.1460618,0.12628454,0.07647381,0.09728524,0.002933504,0.0047194925,0.0056096287,0.0078482,0.232276,0.19315404,0.469407,0.48301437,0.02570159,0.029404879,0.17244092,0.17459272,0.0075099803214740135,0.011416276574657646,0.00596260680386318,0.006874999531419589,0.010308565856143393,0.01526456743778936,0.013699849391665658,0.0160462276745044,0.009327272610878628,0.012328544303504588,0.008225049831663308,0.008053288282554642
53,0.04651422,0.06949546,0.08276488,0.11934659,0.035251904,0.051226646,0.053346705,0.033826478,0.64984244,0.5798761,0.020498501,0.039964177,0.11178137,0.10626455,0.04717823,0.0696119,0.08261133,0.119410574,0.035453875,0.05141942,0.054077096,0.033832025,0.64808065,0.579489,0.020561822,0.03997382,0.11203698,0.10626327,0.089059904,0.107742116,0.0040334575,0.0047595277,0.0041111344,0.0058557643,0.21309642,0.19993488,0.47583807,0.47750443,0.027207686,0.041450195,0.18031904,0.1506732,0.009554232097650448,0.011254809094112134,0.006987290566591927,0.008218688929515643,0.014661996160433217,0.020203706340164017,0.01285378943869705,0.01436722681820223,0.011538794867315287,0.015448323189814667,0.007873804995660531,0.009224645165161978
54,0.030920537,0.05073527,0.060196273,0.084190875,0.03526496,0.02639427,0.054065567,0.036278773,0.655453,0.64819413,0.029180063,0.03853417,0.13491957,0.11567255,0.03142444,0.050736014,0.060448747,0.08419075,0.035330724,0.026394261,0.054604188,0.03627951,0.65380836,0.6481913,0.029411305,0.038534448,0.13497226,0.115673766,0.0709295,0.09397308,0.0029534982,0.00420325,0.0027136803,0.004916471,0.21744937,0.19018477,0.4941212,0.49396387,0.029417852,0.037569396,0.17160402,0.1647224,0.008344935757027423,0.009125992865143094,0.006114080644572676,0.006722215869921171,0.012552138044428056,0.013820787533712835,0.014215674044321999,0.013026361744303265,0.011365878232196232,0.011555755785046556,0.008523522462697527,0.00866701225888317
55,0.03709437,0.07403991,0.07097851,0.102391005,0.02332876,0.031450123,0.05626916,0.044048868,0.6663112,0.5954069,0.022642786,0.031195728,0.1233752,0.12146749,0.038051557,0.07416345,0.07076034,0.10239269,0.024066765,0.031450428,0.056790955,0.044052847,0.6634646,0.5951808,0.022714607,0.031198326,0.124151215,0.121561445,0.07087402,0.08570011,0.0033801384,0.005344697,0.0036469277,0.006240295,0.2382307,0.20929357,0.46652377,0.47914842,0.024288135,0.03349986,0.17485613,0.16424207,0.0073450699928806215,0.011398098049285951,0.005370696302192809,0.007360125816361885,0.011105866386441718,0.016443570809755927,0.015648686662197413,0.015552663058379148,0.01012736655807893,0.013970322424661544,0.011265028796989532,0.008985913601396583
56,0.05062675,0.057594206,0.08698534,0.08848987,0.037469935,0.03930314,0.05980351,0.040813897,0.61584526,0.6328504,0.025690643,0.037330043,0.1235786,0.10361839,0.05156236,0.057593513,0.0869803,0.08847738,0.03778694,0.0393044,0.06028204,0.0408094,0.613504,0.6328588,0.025871683,0.037333712,0.12401269,0.10362277,0.08893397,0.09218228,0.004598017,0.0044023204,0.008374993,0.0056565804,0.22185917,0.18534781,0.45593968,0.5012296,0.031692985,0.037442733,0.17545676,0.16708018,0.01029444107324687,0.011294261196740136,0.005491677284742779,0.006979897757300626,0.014431960474207578,0.01632175509362105,0.01432565895994438,0.01543631478990189,0.010404467205628322,0.013199119326037234,0.009131713162418372,0.01006222630289277
57,0.049629036,0.06102411,0.078761764,0.109369665,0.037818167,0.029136885,0.049853615,0.047897432,0.6354186,0.5986962,0.03355369,0.0405365,0.11496513,0.11333923,0.050281055,0.061024543,0.07871367,0.10937058,0.037582796,0.029136373,0.049936816,0.047892585,0.6344318,0.5987054,0.033774134,0.04053732,0.11527975,0.113333195,0.094787605,0.09595955,0.0043455395,0.006235315,0.007399684,0.004675145,0.20383263,0.21003945,0.47305262,0.4818112,0.03742874,0.0395063,0.16390729,0.1533756,0.00817990893504495,0.012308571942152215,0.005314085886472587,0.008763390174271742,0.012471166860397504,0.01531364634342554,0.014647794021689553,0.013352472215974508,0.009656360044291483,0.01304630913226524,0.007811758141350866,0.00876316112906609
58,0.043580275,0.057232007,0.071377784,0.089457445,0.028727205,0.025619859,0.03276594,0.036924183,0.6785349,0.6298318,0.033109732,0.03722727,0.11190416,0.123707436,0.044178892,0.05722173,0.07181461,0.08943403,0.028894478,0.025710696,0.033142827,0.03692366,0.67606807,0.6297854,0.033868723,0.037224606,0.11203242,0.12369984,0.08480345,0.095331356,0.004107109,0.004204042,0.0041563627,0.0037456183,0.19851053,0.18542294,0.48864773,0.50015056,0.03511291,0.038378533,0.17263983,0.17193587,0.010615667162950345,0.010251271775825443,0.008229903504316538,0.006376570131861371,0.014215332909318408,0.012675622420278884,0.016221781773347894,0.013887266562375659,0.012155358974347791,0.011394910254951306,0.010391549385278283,0.007468460357766978
59,0.051342856,0.052975778,0.08809121,0.08839267,0.025653476,0.02948407,0.047469445,0.048193775,0.630126,0.63578534,0.027896725,0.03209006,0.1294203,0.11307834,0.051948804,0.052992392,0.08807285,0.08845817,0.02626568,0.02943105,0.04849138,0.048165802,0.6273081,0.6358918,0.028191578,0.03209532,0.12972164,0.112965494,0.09341917,0.08725081,0.003331435,0.0032109155,0.0035546736,0.0059621935,0.2034145,0.21022475,0.47737578,0.4824067,0.035490572,0.033003367,0.16662641,0.15837257,0.00988399389323092,0.009190221321438291,0.006241807209935315,0.006763356869294273,0.01275386681008604,0.011980616505164465,0.014435994578712646,0.015665513585491495,0.010286154648564961,0.012149571863772704,0.008727769388936808,0.008846407731606729
60,0.054871444,0.06188807,0.090456046,0.10151394,0.023207871,0.036287986,0.041038908,0.051351797,0.6517075,0.6108569,0.024895148,0.03143321,0.113823086,0.106668115,0.055096466,0.06188503,0.09049316,0.101509914,0.023257155,0.036286566,0.04078218,0.05135121,0.65133625,0.6108641,0.025054345,0.031433254,0.11398049,0.10666991,0.10428253,0.09229417,0.0039251717,0.0047667236,0.0038853027,0.005170144,0.21418862,0.22836426,0.4665136,0.46269125,0.032291412,0.030958142,0.17166203,0.16270973,0.009918643893336626,0.010539775176311744,0.005894693085220354,0.008177627841190862,0.011437404037432304,0.0166636060338809,0.013815615178254421,0.013642738840217421,0.010422473932429444,0.012146680646609708,0.007493222907517669,0.008083066457862652
61,0.039900757,0.060611635,0.08415424,0.088421084,0.02483331,0.044356365,0.05397082,0.03886984,0.65347236,0.6388037,0.026083564,0.026758557,0.117584914,0.10217882,0.04006331,0.060612522,0.08399998,0.088419914,0.024990596,0.044354137,0.05474245,0.038871095,0.652485,0.6388041,0.026346356,0.026758695,0.117372364,0.10217958,0.07849593,0.09607785,0.004943327,0.0040089055,0.0034119608,0.008607371,0.2276536,0.19101338,0.47589844,0.4990316,0.024032073,0.028021444,0.1755214,0.16781348,0.0073993161818774345,0.01161623165263061,0.005134005296661478,0.007164365841189061,0.01083949469701524,0.014995656967930203,0.014838144754870209,0.01335098752524007,0.009948706451853633,0.011735843522309443,0.008107707234733854,0.008993080873795795
62,0.040957805,0.049855005,0.054046325,0.0868494,0.02597783,0.032997455,0.06635108,0.03651836,0.6602057,0.6306722,0.025990581,0.039713737,0.12647064,0.123393826,0.041356944,0.0498709,0.05420701,0.08685964,0.025961695,0.03299128,0.066782825,0.036520652,0.6592625,0.6307318,0.026225235,0.03971414,0.12620378,0.12331151,0.078657135,0.09046396,0.0028176566,0.0037194726,0.00457254,0.0056263735,0.24105367,0.18591243,0.4720549,0.520848,0.026681552,0.038344588,0.17128654,0.14898519,0.007299187664057198,0.010242189217864787,0.004558835819502879,0.00706858104625183,0.012158299823185068,0.01710982665969818,0.012697718453591359,0.013042411022493691,0.010053686107827054,0.01456683430429031,0.0063071979126235475,0.0075457557130099
63,0.0504941,0.06180896,0.09608781,0.08999566,0.03428341,0.028653262,0.04676402,0.04515506,0.6417035,0.6079382,0.03157899,0.035999455,0.099088155,0.13044944,0.052147143,0.06177133,0.094460845,0.08994642,0.034325164,0.028640391,0.04715853,0.045147736,0.6393725,0.6079672,0.03199977,0.036012087,0.100536026,0.13051488,0.09995268,0.093724765,0.005829817,0.0037392657,0.0055541596,0.0030707917,0.25642803,0.21410368,0.44057783,0.46956104,0.041070804,0.03925409,0.14750186,0.16644338,0.00952810480975683,0.010096897439236118,0.006181622490151786,0.006785226741934027,0.012158895751759486,0.014971909146478122,0.016549355570687155,0.014271186550085546,0.012161253020976774,0.011198770648548762,0.009236555362186717,0.008206375255151239
64,0.039452877,0.052545488,0.07312335,0.084385686,0.024813509,0.040722374,0.047951553,0.057278704,0.66224885,0.61724705,0.029256394,0.040387876,0.12315346,0.10743286,0.04015145,0.052543253,0.072904184,0.08438119,0.024821725,0.04071823,0.04876002,0.057278812,0.6593329,0.6172598,0.02993272,0.04038608,0.12409705,0.107432656,0.08175939,0.07922573,0.0028878863,0.0046915323,0.0053544133,0.0060523036,0.21614861,0.22004314,0.47408187,0.47158048,0.03425921,0.03816281,0.18129618,0.16014478,0.007444275518896081,0.010332294449269351,0.005439214471775339,0.007107686645002598,0.010023134092624886,0.015224370810625226,0.01401920408993791,0.012940767522974603,0.008547001176615197,0.012252705026367928,0.008198134042107008,0.007931169405107167
65,0.042757783,0.04658707,0.06952722,0.07986874,0.027884033,0.024059368,0.043907735,0.06962775,0.65702724,0.6168807,0.029536203,0.036266845,0.12935974,0.1267095,0.0430384,0.046585314,0.06968491,0.07985057,0.028051851,0.024056451,0.04448575,0.06961443,0.65526706,0.61689776,0.029824592,0.03626628,0.12964739,0.12672916,0.0835971,0.09068568,0.0033386035,0.0034234233,0.0058638155,0.0042480505,0.22105181,0.23086196,0.46021143,0.4649792,0.031556107,0.03719561,0.1915486,0.15793508,0.00894742089245655,0.009252868222394581,0.004878086170755968,0.006425282780649956,0.011011223263223758,0.0136396554605251,0.014542045613240084,0.01468030045600288,0.010856735666676543,0.012826757000954663,0.007595565259280445,0.008888726668501415
66,0.044617996,0.06018338,0.0755424,0.08685113,0.02892186,0.031305525,0.05442932,0.046690594,0.62184775,0.63624376,0.02933108,0.033654593,0.1453096,0.10507101,0.045530673,0.06018599,0.07613985,0.086853676,0.029378574,0.031317364,0.054651458,0.046679314,0.61808395,0.6362178,0.0291824,0.033666093,0.14703313,0.10507978,0.07596334,0.09032532,0.0043245465,0.0035607277,0.005797624,0.005543435,0.22790709,0.19735354,0.45387635,0.50705326,0.028829329,0.03701139,0.18518971,0.1552669,0.009418926939949375,0.01131928905963571,0.005098171037046694,0.007100034238930821,0.012177179169086864,0.014095558357323316,0.014790919072170212,0.01393376544003554,0.00994496252197604,0.010035481523737013,0.007602978716842221,0.007763223172300862
67,0.04209555,0.052865658,0.07993767,0.10132237,0.025123823,0.026334714,0.055357043,0.039213717,0.64389056,0.62540996,0.022664674,0.03646803,0.1309307,0.11838554,0.04323641,0.052861456,0.08004393,0.101326026,0.02520473,0.026332641,0.05629387,0.039209954,0.64124435,0.6253687,0.022721622,0.03646707,0.13125512,0.118434094,0.088158496,0.0875442,0.0043470506,0.007361755,0.0056970837,0.0041278033,0.22735721,0.20313524,0.45571613,0.48792332,0.030214325,0.041194603,0.17123833,0.158133,0.00824578290379499,0.00982890314429306,0.00500126417488235,0.006720135287047972,0.011295489981314126,0.01120831208922304,0.013783654177731624,0.015228839178067598,0.010088484666433396,0.009728443678928054,0.008275942857422221,0.008787747611901778
68,0.045113675,0.053825688,0.07324828,0.08633473,0.017092746,0.03259207,0.049141135,0.04763311,0.65945965,0.61193424,0.03058384,0.035283346,0.12536068,0.13239683,0.046718113,0.05385894,0.073308446,0.086291336,0.017393125,0.03260599,0.0497165,0.047673155,0.65545464,0.6120016,0.031253953,0.035281815,0.12615524,0.13228722,0.08049166,0.09240423,0.003210276,0.004209257,0.0022821066,0.008354074,0.21769482,0.21217276,0.48012167,0.4738607,0.027552567,0.03450236,0.17819089,0.1684361,0.007373980811941425,0.011105402012305803,0.004378880849938112,0.007122331211437969,0.010484084375224014,0.015868842825002605,0.01496221184586109,0.014464700380155035,0.008920354896641064,0.011519513884204587,0.008643152150811208,0.008810668333558907
69,0.050329607,0.05454456,0.09734149,0.10005714,0.026404873,0.027071483,0.05162405,0.043014985,0.63234454,0.60671824,0.022582352,0.04106836,0.11937308,0.12752526,0.050682098,0.054561082,0.09742498,0.100075155,0.026655719,0.027071575,0.052156016,0.043006063,0.6309969,0.6067,0.023059716,0.041068297,0.11902458,0.12751779,0.09507071,0.0926713,0.004510225,0.005069552,0.0057269256,0.0034607498,0.22274548,0.21387342,0.47215348,0.46807837,0.027525192,0.036761954,0.16529013,0.1680937,0.009114550100637827,0.011908068752077066,0.006056092623755456,0.008789423882630754,0.011833258743611056,0.014820179121487163,0.01470939271211574,0.014185067658083165,0.01060051052450342,0.011762650188269696,0.007841111867734916,0.009639573520014606
70,0.0470179,0.062203597,0.07716195,0.08920841,0.022354145,0.039762355,0.05883358,0.05734902,0.6345483,0.6118003,0.034523036,0.031702984,0.12556104,0.10797334,0.049331777,0.062203594,0.077298485,0.08920841,0.021584624,0.039762355,0.059737626,0.05734902,0.629317,0.6118003,0.034812853,0.031702984,0.12791762,0.10797334,0.08168296,0.084995516,0.0037943656,0.0037636387,0.0026194039,0.004057751,0.25255978,0.22607712,0.44194478,0.481717,0.038174696,0.030341532,0.17260279,0.15782318,0.006603791838475135,0.011153671391665593,0.0050767999406384655,0.006580087242808784,0.011717783768282138,0.015202127149079404,0.01558343610530131,0.013764470383173836,0.010776995131069219,0.012589152122991451,0.009109987734696023,0.00853889306105922
71,0.08094018,0.05385099,0.11349749,0.081052646,0.03552406,0.029485857,0.02848533,0.051340573,0.60104966,0.62365913,0.039542194,0.038176328,0.100961044,0.12243445,0.08122095,0.053852536,0.1135332,0.0810804,0.035533026,0.029479843,0.029305408,0.051388573,0.59890467,0.6235566,0.03989066,0.038144834,0.10161205,0.12249725,0.11079672,0.0890646,0.004181598,0.0050050593,0.00645162,0.0043097013,0.18223095,0.21475524,0.48699245,0.47634348,0.038742173,0.040394943,0.1688963,0.16205806,0.011952452280379692,0.010826143649409842,0.007388386121348446,0.006311825098442037,0.014514135872288733,0.014375606042831328,0.01472370525851083,0.01352984428039513,0.012679637413153238,0.01105834834522542,0.007904065613841374,0.008718483416494493
72,0.049329877,0.056028374,0.07757346,0.09389791,0.027883437,0.026543345,0.06670969,0.04664079,0.62760794,0.6097306,0.0322916,0.037328806,0.118604,0.12983017,0.04965776,0.056038383,0.076990366,0.09391156,0.028253201,0.026542863,0.06763693,0.04666334,0.6260547,0.60972565,0.03232858,0.037332222,0.11907844,0.12978603,0.0838721,0.084047794,0.003004982,0.006541766,0.0042195017,0.0055937422,0.25878263,0.21644986,0.43421438,0.48188573,0.027501626,0.034075417,0.16780409,0.15993172,0.010100046744381034,0.010597004853885008,0.00674427180341137,0.007289800709988276,0.01354729139356518,0.013629923752885121,0.014492278821712237,0.013820898186456421,0.011138787515374103,0.011798554603413046,0.008816656788500235,0.008381137334306508
73,0.04621493,0.06085204,0.07451346,0.08254173,0.03143541,0.039861497,0.059100542,0.042949308,0.6532428,0.6166865,0.02848793,0.031731565,0.10700491,0.12537733,0.04726406,0.060875658,0.074680775,0.08256357,0.03171586,0.039848693,0.059921138,0.04295401,0.6489326,0.6165984,0.029349303,0.03173112,0.1081363,0.12542854,0.08335812,0.09803683,0.0030388955,0.005392502,0.008067506,0.008124421,0.23120706,0.21067165,0.45594382,0.46752912,0.031917606,0.031691507,0.17813542,0.16495256,0.008278076458477257,0.012514378268122184,0.005016428572575837,0.006763346142534782,0.012372517518159801,0.01584012756761408,0.01293560355138685,0.014682815948199989,0.010721545697832366,0.011993290038679143,0.007690231973237258,0.008236000854164302
74,0.05198941,0.06198473,0.072371565,0.08965959,0.021294376,0.035018004,0.043597646,0.039192047,0.65482044,0.63103914,0.029804496,0.03966659,0.126122,0.103439905,0.05221723,0.061984513,0.07256704,0.08965942,0.021822862,0.035015658,0.04414026,0.03918395,0.65190554,0.6310441,0.030078424,0.03966677,0.12726863,0.10344565,0.083686575,0.09268427,0.0030212658,0.0034451117,0.0040358086,0.007172773,0.20386183,0.19163512,0.479278,0.4877387,0.028922873,0.04358315,0.18602762,0.17267339,0.009078982930624447,0.01201597000930298,0.0056637094395144355,0.007290192201333124,0.012306706214902836,0.014163164264671707,0.01412042701581535,0.014068834632855905,0.009515024787653953,0.012463418915076649,0.00785834267367418,0.008705449917326797
75,0.04694028,0.04556532,0.08737395,0.09217677,0.027275413,0.031945076,0.036961187,0.055783298,0.64189345,0.62612164,0.028118167,0.03253577,0.13143757,0.115872145,0.04726508,0.045566514,0.08795681,0.09217769,0.027637566,0.0319451,0.03662654,0.05578651,0.64049363,0.62611943,0.028424446,0.032535486,0.13159591,0.1158693,0.086446285,0.08241143,0.003027247,0.0041130916,0.0037554523,0.004498461,0.19906662,0.21339507,0.510786,0.49514082,0.022909474,0.031622324,0.17221321,0.15796052,0.009666167369098005,0.009895606146730377,0.006009365313766627,0.006452031772013285,0.014090082989757403,0.012501766828786322,0.01229254352797652,0.014536202085533531,0.010653684437933084,0.009861032503933321,0.007878744562057852,0.007886499353442211
76,0.046600852,0.05385369,0.086167425,0.0990269,0.030796397,0.032916673,0.046494875,0.05195164,0.63053936,0.60943216,0.03461245,0.040938396,0.12478869,0.11188059,0.047413975,0.05385044,0.08546472,0.099042095,0.031125061,0.032905217,0.046793155,0.051873755,0.6286697,0.6095036,0.034747157,0.040941708,0.12578622,0.11188312,0.09217652,0.08993987,0.004821695,0.004719141,0.0055769323,0.0057121157,0.21776544,0.2291864,0.46200553,0.45665452,0.03517805,0.040887162,0.17037234,0.15829338,0.010743299330831223,0.010052351341394919,0.007619802332219286,0.006704081225257278,0.01459256058123537,0.01307177595500944,0.016027737315455495,0.013988161422349356,0.010461915616172532,0.01097107344469685,0.008389659608534113,0.007628226557181713
77,0.04624494,0.056386024,0.07555529,0.10433283,0.02106849,0.04436299,0.05472816,0.041024342,0.66909623,0.60797393,0.02814149,0.03974456,0.10516535,0.10617533,0.046947166,0.05639748,0.07586323,0.104333706,0.02121782,0.044363257,0.05552154,0.04101722,0.66635585,0.6079854,0.028232422,0.039744433,0.10586197,0.10615849,0.083204314,0.093383126,0.0027813124,0.0061728843,0.0028456172,0.008041262,0.23566943,0.2066,0.47112587,0.47289193,0.030839924,0.03932739,0.16019458,0.16027015,0.00909431156906005,0.010787735209312095,0.006123794616270893,0.0072582134788990215,0.0119301561734603,0.015001947468304739,0.01293114536652285,0.01323651689751343,0.010275972461950495,0.011784191007195242,0.007380803548537947,0.00888276671369786
78,0.06142863,0.05360265,0.09986125,0.087626874,0.027781084,0.02453796,0.03623919,0.049889337,0.6433036,0.6643461,0.02346719,0.027053539,0.10791905,0.092943564,0.062428787,0.05360232,0.10008904,0.087626114,0.028141996,0.024536591,0.03768536,0.049889263,0.63933414,0.66434664,0.023636624,0.027054036,0.10868399,0.09294504,0.10644552,0.09219438,0.0047477987,0.004369194,0.005622126,0.004223916,0.18892498,0.21522646,0.47869495,0.4911589,0.031223493,0.030504948,0.18060188,0.15325187,0.00951398806008017,0.0100928220512065,0.006112350479154054,0.007086164402494717,0.013896652012183907,0.012894985868400162,0.011762381796608056,0.014083244584962656,0.009920083122358354,0.012053239759401209,0.007183514170730104,0.008352755399314876
79,0.05944455,0.06772728,0.110540845,0.10533177,0.05550722,0.033765092,0.038590226,0.054127622,0.58935386,0.593937,0.03204325,0.040213678,0.11452006,0.10489762,0.060048968,0.06774106,0.11114067,0.10534191,0.055441167,0.033765215,0.03954455,0.054126754,0.58692014,0.593879,0.031882096,0.040244937,0.11502235,0.10490112,0.09819316,0.09068927,0.005019602,0.0041855914,0.0071494947,0.0054428475,0.19551836,0.2387035,0.46344727,0.44739234,0.031008642,0.039876513,0.18789451,0.15240143,0.01114468720176752,0.012580652424133313,0.006737876493947531,0.00860018120331136,0.014678856626784073,0.015578280883974779,0.012532853319061205,0.015639832007676067,0.011568706446695456,0.011785759425079511,0.009071600468344269,0.008739211273459675
80,0.06424314,0.057458844,0.096652105,0.08329418,0.020814884,0.03053208,0.049378764,0.06349329,0.6230037,0.6110019,0.024312709,0.037786018,0.12159468,0.11643369,0.06472461,0.057485886,0.09626315,0.083303645,0.020657504,0.030534374,0.050120242,0.06350831,0.6217492,0.6109369,0.02436278,0.037786767,0.122122504,0.11644414,0.08834377,0.084582694,0.0039647664,0.004137891,0.005652893,0.004716336,0.21181898,0.22914584,0.4554636,0.46039146,0.03118564,0.034891404,0.1962967,0.17198485,0.01130069125287872,0.010623986606451188,0.005725369577680196,0.0069426202591540195,0.01314739982118086,0.014327732143261128,0.013207435385267238,0.016423069661963073,0.010937034647769113,0.01084206044804128,0.007943458239668874,0.009333966618446973
81,0.04677614,0.06355988,0.08316083,0.107595384,0.026042622,0.031558048,0.03851123,0.045520075,0.6637573,0.5912545,0.025842233,0.052021462,0.11590965,0.108490705,0.047699694,0.063563965,0.08294306,0.10769736,0.026284521,0.03155523,0.03876117,0.045519453,0.660323,0.5911949,0.026304211,0.052021462,0.1176843,0.1084476,0.09466486,0.08870627,0.005046431,0.004584624,0.005432638,0.0062568495,0.20316799,0.2192,0.46269676,0.46907866,0.033073384,0.03852717,0.18884994,0.15228654,0.00783193596084815,0.011124054280793964,0.004604102615601404,0.007320325987208546,0.011475551466848298,0.014518488320558668,0.01298687506922743,0.01199912387801682,0.009805188723643153,0.012261267746195051,0.008591940526645265,0.008399139320693798
82,0.055950288,0.06646044,0.10162557,0.10066768,0.022806238,0.03323912,0.03952889,0.04494625,0.637889,0.6019458,0.024537044,0.034175906,0.11766293,0.1185648,0.057061013,0.06646476,0.10168192,0.100677624,0.022989314,0.033240087,0.03974551,0.044946834,0.63401586,0.60195404,0.02560147,0.034171883,0.11890495,0.118544735,0.09400215,0.09134298,0.0050873985,0.004765462,0.004496947,0.0056962115,0.20216519,0.21107893,0.4765852,0.47641924,0.025447477,0.029327292,0.18072578,0.16926974,0.009712685175422982,0.009572091453022047,0.007123892719343909,0.007407406091570788,0.013968069617196535,0.01301192309231973,0.01518292066035703,0.013901058053794177,0.009798133630281754,0.010973300561034849,0.008795392136419175,0.007709473835457976
83,0.051743135,0.06316894,0.075750254,0.08655987,0.03613049,0.030681323,0.054522574,0.05963115,0.6233264,0.6013835,0.027688729,0.038035385,0.13083836,0.12053982,0.052311655,0.063170046,0.076208584,0.08655735,0.03638043,0.03068156,0.055245746,0.059624176,0.6211658,0.60126626,0.02707604,0.038159024,0.13161176,0.12054161,0.08635033,0.07783862,0.004490699,0.004269506,0.009275236,0.0029022624,0.21592234,0.22587204,0.46872872,0.474192,0.03157973,0.035967965,0.16879545,0.17041308,0.008385660992078436,0.011190742124512269,0.0053417759180495634,0.006331688535108205,0.013452808530662086,0.016188994539693673,0.014452827393760947,0.01344961143609108,0.009917589922173524,0.01126031980299084,0.009107991530360291,0.007490224084571625
84,0.046147052,0.06508019,0.07278158,0.11784074,0.022932552,0.023548076,0.054537784,0.052506916,0.64754933,0.5900379,0.027319297,0.040189054,0.12873238,0.11079715,0.04671573,0.065058894,0.072408974,0.11777505,0.023501141,0.023547396,0.055893462,0.052506596,0.6452584,0.59014034,0.02748808,0.04018091,0.12873425,0.11079083,0.084826134,0.102453016,0.0028597869,0.004606818,0.0034205094,0.002592884,0.226255,0.20966607,0.46085137,0.4833117,0.030971391,0.040778562,0.17313983,0.15000403,0.008644556632596265,0.010472053864010332,0.005509933999224683,0.006202533638956148,0.01427875634324598,0.014321039482355214,0.013554570470259174,0.013235521842558542,0.01081104452828454,0.01168516716632689,0.007835524662733809,0.008417347869370742
85,0.045779314,0.054383915,0.083300106,0.09402408,0.024731252,0.02736084,0.058162834,0.05132458,0.64353555,0.6248023,0.025602197,0.037301444,0.11888876,0.11080288,0.04646549,0.05438226,0.083409145,0.09404147,0.02477375,0.02735716,0.059278734,0.051336292,0.6412732,0.6247634,0.025692912,0.037304193,0.119106725,0.11081515,0.08411759,0.08501298,0.0033967844,0.0046576764,0.0043767057,0.003508793,0.23735948,0.20456335,0.445162,0.4889378,0.026726471,0.033536755,0.17822985,0.15621606,0.009204129855760702,0.010237228291116875,0.004633844805224384,0.006222391290430007,0.010811749875335496,0.013556891956819066,0.016138306107392995,0.01305403144728585,0.010143789114839544,0.010967209776475886,0.00862290970903987,0.007565122872905529
86,0.04754674,0.08178956,0.08541608,0.1178253,0.023965491,0.03470959,0.06586374,0.03839383,0.6312055,0.57676834,0.030648375,0.042664625,0.11535409,0.10784874,0.048055217,0.0817897,0.08548329,0.11782572,0.024308918,0.034709796,0.06711968,0.03839636,0.6278412,0.5767538,0.031018158,0.04267077,0.11617358,0.107853875,0.08488674,0.11041842,0.0040000705,0.008081615,0.0046579926,0.0060943672,0.25054878,0.19631305,0.43350196,0.46629632,0.040362448,0.044777956,0.16678308,0.15438312,0.009205845715486258,0.01443608746121457,0.006272114506522469,0.00825320223098368,0.01174712063993588,0.01790476399055999,0.014033862006098054,0.015054083666039695,0.009824139604097077,0.013837693081690073,0.008311716434144823,0.010065980768458547
87,0.052728586,0.0458218,0.08596127,0.0846498,0.032321125,0.026425337,0.056380138,0.04698802,0.616981,0.65795875,0.029742543,0.03490726,0.12588532,0.10324904,0.052648414,0.04582186,0.086175084,0.08464874,0.032565188,0.026424933,0.056840666,0.04698857,0.6147455,0.65795416,0.030089593,0.034907956,0.12693557,0.10325382,0.0861013,0.09075244,0.0043349015,0.0044647045,0.007816541,0.0033922873,0.22416124,0.20688882,0.48213053,0.5061729,0.026874937,0.034284078,0.15494971,0.15422504,0.009712140141761891,0.009721315358489878,0.00772559513395034,0.006426076026946625,0.01315546214805468,0.014143671103549627,0.016225288447555487,0.011996730852917553,0.01099205363452333,0.01131852943568915,0.009247512944973908,0.007339688722316412
88,0.043654945,0.04509593,0.08381989,0.080889,0.027824609,0.0260518,0.055209834,0.05232567,0.6366614,0.6496072,0.031929385,0.035415377,0.12089994,0.11061505,0.04400226,0.045094606,0.08427136,0.0809206,0.027694859,0.026053784,0.055306405,0.052325096,0.6349501,0.64957345,0.032117233,0.03541478,0.1216578,0.11061769,0.08164417,0.08426822,0.0041004266,0.003317868,0.004401337,0.004132872,0.22725698,0.223212,0.4514466,0.481253,0.030273452,0.038351525,0.18065672,0.1518847,0.009204690335521478,0.008216427582915761,0.007011934000682362,0.00581837251716782,0.013286178057425694,0.011914989450420226,0.015534724864841074,0.01517095380894481,0.010926763357050175,0.010818630986977343,0.008163055970455614,0.00914800596019679
89,0.06655026,0.06005577,0.097954094,0.101475924,0.041922767,0.033219747,0.043994315,0.04718947,0.6035237,0.6188936,0.029052963,0.038356025,0.1170019,0.100809395,0.06779412,0.060044114,0.09921335,0.10142311,0.041882694,0.033218436,0.044351365,0.047189932,0.59980047,0.61889875,0.029261107,0.038402833,0.11769686,0.10082281,0.10039273,0.09514625,0.0040995036,0.0059155147,0.0069371667,0.004688227,0.2002175,0.20493352,0.46479583,0.46822524,0.029436558,0.039249502,0.17928025,0.16641304,0.011291171623072374,0.010942665862931219,0.007058797731760255,0.007495417716232355,0.015219106483963516,0.015404660401511297,0.014406180789090135,0.014204004082012129,0.011483166766229328,0.013693184024563796,0.01002191240137941,0.00888258461072618
90,0.064610355,0.061793815,0.090170935,0.12155082,0.034675244,0.027061364,0.05624889,0.06332031,0.6017389,0.58028835,0.031040477,0.041588612,0.12151518,0.10439672,0.06524691,0.061795685,0.09013494,0.12154623,0.0349456,0.02706551,0.057332847,0.06334169,0.5993675,0.58025986,0.031219706,0.04160184,0.121752486,0.104389206,0.088906616,0.10041382,0.0046278704,0.0041144276,0.0048970543,0.0038473273,0.21583618,0.20534109,0.4578619,0.46359393,0.037543494,0.039773993,0.18038397,0.15107153,0.011449438730331494,0.010445336752062113,0.006940080386981403,0.006928536999608561,0.01423183246533115,0.014450986838660517,0.01624442265912824,0.017337633944620266,0.011802353086409713,0.011054485737932962,0.008328635343767366,0.010476222232052804
91,0.055173863,0.06284212,0.08343096,0.098201126,0.038920306,0.030041669,0.04913361,0.0535895,0.59850824,0.58281606,0.031193025,0.043309655,0.14364,0.12919983,0.055674635,0.062861055,0.084568895,0.09820531,0.03980343,0.030032983,0.050301176,0.053361814,0.5946437,0.5830162,0.031414457,0.04330203,0.14359368,0.12922059,0.07743367,0.08814802,0.004189286,0.004809819,0.008807235,0.003004397,0.23403029,0.20918494,0.44712058,0.47593006,0.030509653,0.035879083,0.17554049,0.16552916,0.009398463541063062,0.011939673993468734,0.006644497098428851,0.008157266414290695,0.012551125443832856,0.015165158582066995,0.014111071613917317,0.016474276180675637,0.011607330647441448,0.012360293413061817,0.009582631166558433,0.009944415192624014
92,0.03428365,0.06732063,0.0715575,0.10027792,0.029170636,0.037889995,0.07300931,0.047348253,0.5964402,0.5975213,0.030350158,0.0311439,0.1651885,0.118498005,0.03484435,0.06731392,0.07232538,0.10028206,0.029048715,0.037889995,0.073577665,0.047347847,0.5930482,0.59751517,0.030801704,0.031143852,0.16635396,0.118507154,0.06499254,0.09197565,0.003903288,0.004877228,0.0049937945,0.0065651047,0.2643022,0.20549688,0.42188457,0.48075446,0.032224048,0.031990267,0.18136218,0.16969047,0.008091052837550362,0.011239036251161173,0.005827079913181764,0.007245545196803343,0.009852181906541175,0.01645430560104712,0.019403856423779973,0.01519328703851349,0.013082557823348497,0.01190914010129969,0.012101822103246158,0.008750405367823892
93,0.046558473,0.05692098,0.089311786,0.081774,0.020874606,0.03419698,0.050339215,0.05598399,0.6454324,0.60926646,0.02936001,0.04224591,0.11812349,0.11961165,0.04683238,0.056919407,0.08923839,0.08178988,0.02107181,0.03419975,0.0503836,0.055974215,0.64337355,0.6089877,0.029958129,0.042527623,0.11914217,0.11960147,0.090315476,0.08904254,0.0039046796,0.0042425245,0.0036109178,0.0054885424,0.20269637,0.22533908,0.49363706,0.46092045,0.029451333,0.040516526,0.16511312,0.15472671,0.008231497040122751,0.009618675115803657,0.005693121454770464,0.005614931103359903,0.010823719253330968,0.012643184299686652,0.0151698159286286,0.014711559393227285,0.010399537020773602,0.011286163432047143,0.008391374107385914,0.007508213962198503
94,0.05572477,0.065138906,0.07911045,0.09833088,0.029861044,0.031915206,0.08186589,0.044453103,0.593441,0.6059011,0.036203768,0.0316193,0.12379309,0.12264143,0.05748213,0.065166906,0.07897109,0.09832497,0.029932125,0.03192443,0.08237622,0.044560358,0.58939713,0.6058201,0.03638625,0.03163808,0.12545505,0.12256509,0.08341486,0.09486489,0.003881016,0.0057749664,0.0054042903,0.0038082418,0.24802916,0.2047115,0.44295695,0.4815204,0.03331382,0.034455433,0.16289327,0.16008127,0.009386034572986826,0.012198577306520323,0.006256634413035409,0.0074385700850513395,0.012266225516762362,0.016826953541649065,0.016812687277156953,0.01444537978158923,0.01347593388762023,0.011773523617909752,0.010168457692786634,0.008297731623926463
95,0.046764687,0.054906797,0.0769016,0.08087645,0.033411518,0.022372266,0.04284615,0.06319143,0.65302044,0.62071466,0.026641801,0.043609582,0.12041379,0.11432879,0.04774555,0.05497356,0.0775131,0.08084665,0.03363369,0.022371953,0.044860855,0.063329816,0.64804447,0.6202333,0.027148914,0.043619253,0.121053435,0.11462545,0.08593007,0.09160604,0.003366623,0.0042841258,0.008219237,0.003962151,0.2176966,0.24249071,0.46669123,0.4367805,0.029586278,0.041910414,0.16706392,0.15875517,0.007458052319502778,0.010402551011221844,0.005860373305283147,0.006644094414237607,0.011159586118011726,0.012700781466281359,0.013999526239785946,0.015435433891200154,0.01013997966881526,0.011791004556777654,0.008080683279754584,0.008941111884019791
96,0.050021846,0.047566004,0.08121846,0.090086125,0.02450725,0.030059837,0.05053614,0.04739097,0.6321064,0.6416791,0.028083762,0.03567366,0.13352616,0.107544325,0.05128876,0.047932386,0.08276908,0.090040006,0.025436785,0.030277112,0.052138604,0.047457818,0.626591,0.6411334,0.028312769,0.035678964,0.13346298,0.10748032,0.09376386,0.09700351,0.00390123,0.0039604222,0.006228038,0.0031781776,0.21727557,0.21899858,0.4696664,0.48388028,0.03783735,0.03136069,0.16120903,0.15175445,0.007475805297415603,0.008722650718976386,0.005047276049164189,0.006271775409016769,0.011552772181625117,0.013428150363991616,0.013559632743204732,0.013275254172781109,0.010038269020365306,0.010634079922360118,0.007455313765419161,0.008127240827702789
97,0.055141848,0.05426682,0.09552759,0.10240341,0.03828261,0.033848044,0.036235053,0.05249869,0.6362312,0.6032432,0.025676465,0.036422655,0.11290522,0.1173172,0.057879984,0.054239523,0.09623631,0.10248122,0.03802672,0.03383725,0.03699405,0.05279899,0.63098633,0.6028081,0.025940372,0.03643414,0.113936216,0.11740072,0.089269616,0.082518294,0.0037867418,0.004715843,0.007135901,0.005221056,0.21844608,0.20751719,0.48109096,0.4885896,0.02785302,0.03740065,0.16202518,0.15767582,0.008924971001911879,0.010602532351643554,0.006147667566570314,0.007340680929587822,0.012155928984382629,0.014417796897284478,0.015720340775594678,0.012877481706324674,0.010281404050193703,0.012848362655109294,0.008413475766740518,0.008211288861468527
98,0.058917943,0.07738137,0.09780739,0.0950481,0.042007647,0.043982573,0.03986075,0.04277435,0.60304606,0.60125476,0.034722865,0.03194767,0.12363737,0.107611194,0.06008082,0.077433355,0.09926542,0.09515299,0.042590134,0.0440101,0.04199656,0.04277198,0.59686315,0.60084087,0.034982167,0.032128517,0.124221735,0.10766219,0.089979276,0.1053207,0.0059337313,0.0047325185,0.008247381,0.0056985044,0.20347835,0.19725204,0.47139055,0.50202805,0.03638262,0.033401094,0.16567154,0.14899828,0.009769089752550435,0.012788578108337398,0.006905278063909192,0.007241693661002819,0.013345748083000089,0.015507394677272352,0.01445727605727975,0.013334452139171366,0.010594415172050783,0.01196858961849954,0.008067081127103722,0.009063658817973904
99,0.058178477,0.050180387,0.08606263,0.09029822,0.029263409,0.027473439,0.04002541,0.05201219,0.64260924,0.62926394,0.032351483,0.042353407,0.111509345,0.10841845,0.0590986,0.050200406,0.08671784,0.09035674,0.030017778,0.027492395,0.040737066,0.05202596,0.6392621,0.6291417,0.032452982,0.042354774,0.11171365,0.10842805,0.095743366,0.086996935,0.004571508,0.0049291635,0.005356295,0.0033690422,0.20477986,0.21842156,0.47280934,0.50060123,0.029748378,0.032845773,0.17373098,0.14573671,0.010280357844283012,0.011369675245486353,0.005644994985831539,0.007002197866711413,0.013072753947232242,0.014255966397597691,0.01603816377294633,0.014837662700480548,0.010282289952895393,0.012255584359247168,0.008953479574089636,0.008265829032872226
100,0.060715657,0.056773983,0.08231829,0.09694127,0.03585329,0.034056,0.049303308,0.041883435,0.62613314,0.6326182,0.03449514,0.033508886,0.11118114,0.104218245,0.06172833,0.056774475,0.083021075,0.09692769,0.035781905,0.034045916,0.049863685,0.04198233,0.6229267,0.6325683,0.03482098,0.033498388,0.111857355,0.1042029,0.08236734,0.087464675,0.0029184998,0.0049923095,0.0051287073,0.0045118136,0.20513621,0.20784628,0.48988327,0.49792498,0.036701445,0.031192144,0.15979075,0.15271099,0.008676273222792043,0.012132377735535486,0.00573234566145466,0.007744607631821398,0.012890470529686426,0.015787747356510732,0.012275045177248669,0.013055426536251389,0.010246207194043167,0.012790622769462972,0.007745683080602381,0.009048737295493922
101,0.057354297,0.057628546,0.08979537,0.11035255,0.0212412,0.0257017,0.037257344,0.048212335,0.6497395,0.6246695,0.027307784,0.042214435,0.117304504,0.091220915,0.05920299,0.057629723,0.09027357,0.11034655,0.021520426,0.02568471,0.039200887,0.04820144,0.6431749,0.6245708,0.028008562,0.042242527,0.118618675,0.09132423,0.09508656,0.093288,0.0049190694,0.0042199627,0.004075299,0.0043835077,0.20716003,0.2204399,0.4743974,0.4718428,0.035241034,0.03860506,0.17006508,0.156785,0.007984263605384786,0.011830138904511966,0.0054186060393074595,0.008448805191729726,0.010613941394860743,0.014301355149000015,0.014256492584076874,0.01371029552403127,0.010565904666718567,0.014595302113642303,0.008291065825923974,0.008227555907694235
102,0.056850806,0.06280643,0.08270091,0.090755776,0.032037187,0.028218001,0.037841264,0.045719147,0.64083886,0.60364676,0.037510347,0.04429019,0.11222066,0.12456368,0.05805856,0.062857985,0.08335865,0.09073562,0.032457914,0.028183676,0.03817947,0.04567122,0.63716257,0.6036316,0.038007323,0.044305533,0.11277549,0.12461439,0.097443864,0.0871802,0.0038811096,0.0042390246,0.006216144,0.00484575,0.19528358,0.2030321,0.4823534,0.47857317,0.042427126,0.04456873,0.16141069,0.16699022,0.010025619443618749,0.010653439842094617,0.006490675399908959,0.007707890607373884,0.013388755665355453,0.01410650177557647,0.01427347349950339,0.014038440095949964,0.011357879968851443,0.012154292585303738,0.008112487677023906,0.00794364112936815
103,0.054609265,0.06787507,0.08291933,0.10770187,0.026443856,0.030890333,0.046415243,0.04603807,0.64106613,0.6098855,0.028954275,0.038770568,0.119591944,0.098838605,0.055867177,0.06867109,0.083466254,0.10786551,0.0271137,0.030922802,0.049052358,0.04595707,0.6347296,0.6087075,0.029274615,0.038797565,0.12049628,0.09907847,0.08660652,0.111735344,0.0047860555,0.0060438756,0.0060853856,0.0056930147,0.21746086,0.18628295,0.46101883,0.49709597,0.032168254,0.04679497,0.18124147,0.13556989,0.008158851103845626,0.011232112567909262,0.005696591321234896,0.006827147753612158,0.01239419253525403,0.013837891103206,0.014087916281528577,0.013000485064533817,0.010361063906322378,0.011437861602715762,0.008082474628478928,0.007577269821134239
104,0.0636379,0.05878028,0.08714462,0.099882826,0.027042923,0.027042912,0.048541173,0.041376904,0.6166405,0.62131363,0.029607804,0.028545106,0.12738506,0.1230583,0.0648919,0.058843695,0.08766734,0.09996258,0.02741953,0.026920807,0.049444053,0.041349236,0.61198765,0.62123734,0.030001886,0.028593445,0.12858763,0.123092905,0.09265368,0.090909645,0.0043379907,0.004789005,0.0047488688,0.003927954,0.20928271,0.20892249,0.4703077,0.47970524,0.03145682,0.027970945,0.17215121,0.17102887,0.009571720429161065,0.010592159584654983,0.0060296242195761705,0.007086232980153744,0.011796671781237882,0.014213814757304257,0.013048766223949525,0.014191740102980986,0.010928571658949619,0.012695237325734944,0.007266444623849624,0.008249961987333547
105,0.057365857,0.06959085,0.102027275,0.11322597,0.028607225,0.032945883,0.05082354,0.034638394,0.60159236,0.6162427,0.040120892,0.034644242,0.119462885,0.09871195,0.059117153,0.069590844,0.10165924,0.1132188,0.029021166,0.032945916,0.05105404,0.034638613,0.59774435,0.61622256,0.04138807,0.03463297,0.12001603,0.09875034,0.11159714,0.10378672,0.00600529,0.0060341363,0.004101473,0.003335031,0.20320508,0.19778685,0.47628102,0.48841375,0.040604796,0.03223645,0.14781705,0.1575387,0.010095895553005472,0.014083624844408386,0.006945887514437913,0.00788487080065179,0.011493769600380087,0.018422808294939412,0.014895739812438104,0.012506630047246298,0.01025030404832729,0.013931308432879094,0.007888078187088365,0.008224522898503743
106,0.06613583,0.051823415,0.107928894,0.08327322,0.039452113,0.025025262,0.032316,0.05181794,0.6083224,0.62320745,0.029608972,0.046063393,0.11623587,0.11878933,0.06774071,0.05182523,0.108504094,0.083276115,0.04046289,0.025024315,0.03302147,0.051827755,0.604214,0.6231869,0.030283751,0.046067186,0.11577305,0.11879255,0.097127825,0.094718166,0.0054450734,0.004080793,0.0063785226,0.0049566864,0.18464755,0.19291939,0.49526393,0.4987245,0.036033493,0.042843685,0.16148944,0.14644454,0.010017568334345644,0.010638151002938806,0.007319738696051044,0.007770546081911114,0.014938728081598181,0.013534845495638383,0.013415717873026704,0.013374153812484316,0.010701451398193835,0.012369683320314583,0.008832204337549613,0.007806420128625834
107,0.056153614,0.05627765,0.085672155,0.09329014,0.02252434,0.042161006,0.037798878,0.041591164,0.64706844,0.6116953,0.024076514,0.042828694,0.12670605,0.11215604,0.056838576,0.05629922,0.086754695,0.093618155,0.022426525,0.042095453,0.03819941,0.04158626,0.6441816,0.6114782,0.024669264,0.042865023,0.12692995,0.11205769,0.08587249,0.09548166,0.005554238,0.004068686,0.0034916613,0.005142414,0.1988127,0.18656757,0.486239,0.4930837,0.029384024,0.043884076,0.17972589,0.16383044,0.008498993395318361,0.013380105433544618,0.006035642835455282,0.007290815034483029,0.011032739366192292,0.018948497150138202,0.01223885447321342,0.014338880307393706,0.009593603974704703,0.014055112477438353,0.006318045496491168,0.008772201992822415
108,0.060144942,0.06212595,0.093706064,0.09636141,0.030316217,0.031497203,0.034423586,0.050956,0.6427356,0.6102635,0.034117445,0.03846984,0.10455615,0.110326104,0.06114761,0.06210468,0.09490272,0.096369036,0.030314276,0.0315077,0.0352191,0.050888013,0.6392015,0.61025304,0.034265194,0.038471155,0.104949586,0.1104064,0.09634982,0.09114256,0.004186071,0.006991642,0.004608361,0.005406192,0.18851219,0.20970704,0.48259753,0.4866069,0.03494241,0.037978686,0.18041463,0.15134849,0.010305392946157262,0.012272063212126804,0.007297241807255024,0.006931341649867474,0.013715789053052629,0.014635792032899652,0.01622587312231871,0.014670018602647869,0.011500078007595798,0.011468775558621015,0.009717813434385682,0.009101149765246492
109,0.066951245,0.043628655,0.1068975,0.07413489,0.029742274,0.030733174,0.04368468,0.05721772,0.6135747,0.6221547,0.030680636,0.041302063,0.108468965,0.13082878,0.068049565,0.04367824,0.10738808,0.07417182,0.02982908,0.030689653,0.043893103,0.05723983,0.61062646,0.62200534,0.031698983,0.04129883,0.10851471,0.13091628,0.10360322,0.080316454,0.0049092085,0.0045955162,0.0033299197,0.006201601,0.21010827,0.21575055,0.4659665,0.47894064,0.037516233,0.033453684,0.16331576,0.17047398,0.010331708380780654,0.008264265441002538,0.006935484577718055,0.006204460036601035,0.012342421046017498,0.01343525554232282,0.015778298807557063,0.012422970709919715,0.011624049129924525,0.010162505623946822,0.007734215656862129,0.007304412597285781
110,0.04555491,0.06789335,0.080926634,0.10854477,0.017821305,0.033690147,0.051166847,0.032241363,0.6504527,0.5993334,0.025161814,0.04035626,0.12891582,0.11794074,0.046671655,0.06789729,0.0813807,0.10852075,0.018362397,0.033647828,0.051882077,0.03227681,0.64590216,0.59931517,0.025372272,0.040378354,0.1304287,0.11796379,0.08426806,0.101431005,0.004311498,0.0054436885,0.003343899,0.004196205,0.2219035,0.18971896,0.47744733,0.4812508,0.029144948,0.03853723,0.16954583,0.16827768,0.009289651457344396,0.01149256052812513,0.0062908344405605676,0.00750797486175661,0.011746965526936206,0.01582503252614363,0.016321862859452002,0.015591227081457685,0.010790536919688691,0.013367177226246816,0.008557382438932608,0.009645046564898764
111,0.05990738,0.06007005,0.08803432,0.11012955,0.040705733,0.027376283,0.042092357,0.041865,0.60353756,0.61379784,0.036548864,0.041352034,0.1291738,0.10540925,0.06097418,0.06017417,0.088189356,0.110185154,0.041420743,0.027376037,0.041956805,0.04186743,0.60115284,0.61359626,0.037381627,0.04137162,0.12892444,0.10542928,0.094291225,0.10369061,0.0040700887,0.005832254,0.00449471,0.0050780186,0.197256,0.2101599,0.47466582,0.46200258,0.039705478,0.04669027,0.16918877,0.1552464,0.01213159359077852,0.009458193070575901,0.008734425648958955,0.006594098628702956,0.016666272333906794,0.014034575622267129,0.014442318188032155,0.013325124894694952,0.012449644169085469,0.01296834194030319,0.0075370550489396075,0.0075660336433522254
112,0.07389652,0.055898566,0.10213017,0.100350596,0.036205772,0.038978808,0.04392933,0.046449877,0.60091674,0.60200906,0.03549655,0.040784463,0.10742488,0.115528606,0.07535472,0.056193713,0.102929264,0.09985081,0.03629784,0.039113212,0.045125548,0.046451792,0.5959204,0.6018131,0.036203887,0.041041017,0.108168386,0.11553632,0.10508834,0.09036067,0.0053869965,0.006892307,0.0055422,0.006532485,0.19747753,0.2105918,0.48008355,0.47388297,0.039854035,0.036990926,0.15209366,0.16098654,0.011889725176725348,0.011069626412898732,0.007964169641794583,0.008451213009464446,0.013329733563607346,0.014585721087916757,0.014841240342547246,0.012218847865229514,0.011436961669857615,0.012934827401966432,0.008951444329204396,0.007148707165687643
113,0.07579578,0.05069219,0.086471185,0.07487838,0.032364737,0.030164976,0.044898454,0.047036495,0.6110849,0.63153607,0.030047007,0.03891891,0.119337924,0.12677296,0.07764222,0.05083682,0.08719841,0.075134635,0.032875415,0.030291006,0.044906005,0.047094192,0.60711986,0.630779,0.030648284,0.03890539,0.119609855,0.12695895,0.09997175,0.08755671,0.005270806,0.0043157465,0.004989784,0.004322263,0.1967018,0.20784287,0.47470662,0.48099163,0.033772953,0.034800906,0.16788338,0.16361164,0.010911460334598761,0.009078588669594807,0.006603876841479579,0.006356501053964476,0.012115768682750246,0.013292658431262814,0.013958125747274517,0.013592236870732528,0.011393119336339168,0.011675825353572228,0.0083287293861246,0.0066073465088985085
114,0.06348271,0.05393058,0.092219844,0.09542164,0.030781947,0.027903298,0.030676713,0.059460394,0.6283144,0.6076434,0.034382127,0.040685564,0.12014227,0.114955105,0.064441934,0.053944927,0.09238807,0.09542744,0.03133342,0.0278457,0.032106042,0.05951724,0.62325525,0.60751647,0.035668537,0.040748652,0.12080676,0.114999585,0.102327086,0.0925033,0.004863138,0.0046264045,0.004377591,0.005794419,0.1912067,0.22562088,0.49070838,0.46523628,0.029965442,0.039791185,0.17013589,0.15488009,0.01047126229637338,0.010687400894155446,0.007578351205573282,0.007529934023679699,0.013842448002247806,0.014520424716698302,0.014119280698151543,0.016874007657963985,0.011891614974482819,0.01297893630855829,0.008035619303648921,0.007319443202147141
115,0.06360448,0.053735193,0.095149375,0.07732206,0.037260547,0.02917787,0.03281243,0.05616342,0.62481457,0.63336396,0.02878132,0.031764176,0.11757725,0.1184733,0.06540503,0.053830616,0.09640356,0.07749597,0.038005218,0.029179482,0.03316441,0.056155957,0.6194822,0.63315207,0.029111471,0.031759616,0.11842809,0.11842629,0.0910243,0.08773369,0.0049085403,0.0035861288,0.0074652806,0.0041529527,0.17352003,0.21826719,0.50545764,0.48723537,0.033728372,0.032038473,0.17246677,0.1579905,0.010000674323373078,0.01070783197314664,0.006242416399741367,0.006062377107957497,0.014795708123228378,0.013946683361054351,0.014894627457224339,0.01384516547916415,0.012565273328686722,0.011336360521704785,0.00913590046042526,0.00803381372073938
116,0.052192695,0.070102245,0.08802206,0.09299228,0.031140864,0.030958964,0.051753536,0.047014974,0.6240873,0.6208975,0.027688798,0.034914065,0.12511478,0.10311996,0.053895943,0.07012175,0.088207915,0.09299082,0.031578097,0.030917304,0.052882828,0.0469741,0.6194832,0.62086046,0.027937857,0.03492095,0.12601425,0.1032146,0.093701385,0.09413056,0.0050337557,0.0047547133,0.0024090572,0.004202095,0.20802481,0.20839517,0.47201285,0.50338274,0.029335508,0.030707609,0.17424534,0.14098021,0.009872200403774532,0.010287109696455165,0.005579038145522109,0.0068649871941377115,0.012692886381208732,0.015171718143216474,0.015019749374845758,0.013501514486478875,0.01030731153330575,0.011115748464195035,0.009812078723048595,0.00826144404135495
117,0.049528405,0.046654895,0.0903584,0.069883436,0.031561755,0.029268766,0.05071746,0.04543773,0.6288252,0.660161,0.033389233,0.036110293,0.11561957,0.112483874,0.05055815,0.046684187,0.091445595,0.069942914,0.032538373,0.029231837,0.051175263,0.045485366,0.62253034,0.6599469,0.03448765,0.036137745,0.11726464,0.11257104,0.09650568,0.07598323,0.0062239273,0.0031587668,0.0031437296,0.0032317538,0.21547389,0.2192252,0.47366562,0.5084969,0.036586322,0.028779065,0.15960781,0.1505106,0.009793080064260795,0.00887603001305297,0.006895489183509854,0.005191971770267734,0.013415628877621303,0.012410680934074993,0.01441264911078398,0.014888534813218692,0.010784978922543136,0.012025454383505541,0.008431239986354375,0.008913351762218214
118,0.057928715,0.055233702,0.09440562,0.089203924,0.031054523,0.029139055,0.037097644,0.055670798,0.63520104,0.62124705,0.026261479,0.035472393,0.11805098,0.11403306,0.058602616,0.055190776,0.09518759,0.08913077,0.030919198,0.029344076,0.038099118,0.05571255,0.63211554,0.6210628,0.02645834,0.035484456,0.1186176,0.11407456,0.09142552,0.094282456,0.004298798,0.0048182574,0.0072308364,0.0040453877,0.19449499,0.23896831,0.4997655,0.45960283,0.029838106,0.03249635,0.16706038,0.15794447,0.00930918762754344,0.009158871182311838,0.0059307412830772845,0.006714570360545156,0.013196728013438259,0.014969768703972148,0.014413251377709895,0.013793130989269538,0.009904391382966454,0.012418699155415673,0.008769800034246997,0.00837031185614551
119,0.064004265,0.050948843,0.099515446,0.09000048,0.025611043,0.028078215,0.055027913,0.05659766,0.6145933,0.6118325,0.024540184,0.04464875,0.11670778,0.11789354,0.065100774,0.050968304,0.100310184,0.08998014,0.025778601,0.028065816,0.054992348,0.05664071,0.6111807,0.6119086,0.024619004,0.044608742,0.118018374,0.11782764,0.0913943,0.08018889,0.0056286603,0.0043690274,0.006159385,0.0037819664,0.23109733,0.22315115,0.44962448,0.49044478,0.033044606,0.033472683,0.1655118,0.15977636,0.009735410491169163,0.01165483297085179,0.005839599956330231,0.006974764764662371,0.012872850589623144,0.01600888524126874,0.016401428273045537,0.015600968944027392,0.012254669554023833,0.013596945499974917,0.009219656077822443,0.009026615520148279
120,0.070681244,0.078286186,0.10720935,0.10971697,0.038105268,0.031071052,0.047081523,0.054716207,0.59416187,0.5609424,0.036711685,0.05153963,0.106049076,0.11372752,0.0715264,0.078358635,0.10730322,0.10970901,0.03788505,0.03108896,0.047535,0.054631196,0.5927061,0.5609201,0.037196595,0.05154676,0.10584766,0.113745295,0.09720189,0.098401666,0.007515877,0.005523731,0.0067856703,0.003965284,0.20780264,0.2220301,0.47407126,0.4453585,0.03499974,0.047949623,0.15619494,0.16125736,0.013049852194069804,0.013640487008246396,0.008189296933765832,0.00830503768162317,0.016141202644732174,0.018503774213693546,0.01479191494284527,0.013789313965965845,0.014009417968369735,0.014696745444094538,0.008396638681739578,0.010053199593269486
121,0.060980108,0.074087605,0.08843001,0.10680007,0.026180886,0.029853571,0.061113458,0.055338193,0.6063734,0.5955357,0.037208192,0.03935581,0.119713865,0.099029064,0.06265565,0.07419254,0.08892603,0.10679949,0.02624937,0.029859439,0.06199109,0.055574194,0.602533,0.59526026,0.037381463,0.039238367,0.12026341,0.099075705,0.089462675,0.09157919,0.003746691,0.005561739,0.0043613934,0.003633997,0.22341737,0.21123318,0.4681224,0.48695058,0.03314144,0.04015272,0.16162063,0.14874981,0.011133439546443457,0.012499247631615402,0.007225235800309028,0.008658826312230864,0.012800215277337764,0.017577547212960103,0.01597297824971998,0.01457863415454414,0.010595716642008495,0.013985373912742315,0.009638303016675294,0.009404614747753783
122,0.06470239,0.063832946,0.096688725,0.10942554,0.033471182,0.02628826,0.04052261,0.059505116,0.63103545,0.5807795,0.036109652,0.04006837,0.097469985,0.12010024,0.06544144,0.06384372,0.096758164,0.1094237,0.034091283,0.026316885,0.041056093,0.059536185,0.628664,0.58077216,0.036440343,0.04006617,0.09754871,0.12004121,0.09430614,0.0901193,0.004267332,0.0055607497,0.0058661215,0.005019053,0.21586204,0.21496673,0.46775943,0.48380372,0.035129197,0.03378083,0.16221748,0.1541565,0.010305672594804171,0.012807686828930201,0.0065293124657273445,0.008281785272439246,0.013682182613483432,0.015563779524144812,0.014003899746756317,0.014884070045971974,0.01235001995238188,0.01322598105873256,0.00827471097583383,0.010175726903531612
123,0.0643233,0.049730826,0.101958446,0.08306428,0.026559476,0.025308117,0.052679814,0.04292563,0.5833543,0.64409864,0.03744585,0.039804224,0.13367881,0.11506831,0.06548532,0.05007341,0.10201227,0.08306178,0.027135385,0.02530572,0.052683175,0.04308761,0.5799761,0.6435792,0.038233224,0.039834343,0.13447452,0.11505796,0.105528295,0.09347889,0.0044880495,0.0045922156,0.0034169033,0.0028501926,0.22854175,0.20153368,0.44781652,0.49620435,0.041741807,0.034343928,0.15143076,0.15717444,0.010417883488654049,0.010137133403690234,0.006600894358643635,0.007222784513279222,0.012173649627608073,0.012518892974347403,0.016916010590418685,0.0131699259231054,0.011357292705559335,0.0115364140991841,0.010081628313383975,0.00887994129355389
124,0.053546656,0.043892927,0.097203396,0.09598641,0.030434765,0.025872406,0.057399914,0.05329486,0.62320536,0.6172121,0.031229846,0.039625008,0.10698003,0.12411626,0.055432778,0.04397413,0.098092735,0.096024044,0.031158134,0.025881696,0.05809107,0.05341768,0.6174382,0.6169163,0.032046326,0.03964474,0.107740775,0.12414144,0.09693567,0.07951252,0.0044154483,0.004440529,0.0048490884,0.005121953,0.24984887,0.20456138,0.43175843,0.4905767,0.03695552,0.040579874,0.16191968,0.16294067,0.00871622039543622,0.01053513427623888,0.006668835183776133,0.0065259522329371685,0.012975095994713502,0.014585348792131497,0.015316875781386997,0.014856101823492096,0.011317725588462543,0.01342696651319094,0.00709185389233776,0.01030283761062127
125,0.06771189,0.048540458,0.09805543,0.093716666,0.03516052,0.028243238,0.039227515,0.055216163,0.620435,0.6185582,0.032406833,0.040971633,0.1070028,0.11475361,0.06898708,0.048447676,0.09849685,0.09354064,0.03585064,0.028150557,0.03993467,0.05531204,0.61441606,0.6187107,0.0333314,0.041215427,0.10898334,0.11462295,0.10140347,0.10395565,0.0035569894,0.0055364603,0.004087665,0.0044702063,0.21770987,0.21803336,0.46424076,0.4675139,0.0393799,0.036021188,0.16356142,0.15961853,0.011264570843368796,0.010354270415446223,0.0067024249021976415,0.006229505680048525,0.01346832539681014,0.014333635722015755,0.013288323239547487,0.01357856247604235,0.012123140495395117,0.011702547220176962,0.00827696022143885,0.007891130804570403
126,0.07476242,0.059571855,0.107705295,0.08669105,0.029579433,0.02534835,0.035295814,0.06139514,0.6177957,0.6231633,0.033344686,0.033285856,0.101516664,0.11054445,0.077105686,0.05965243,0.108377516,0.086646274,0.030545054,0.025349764,0.035267957,0.061469346,0.6118902,0.62290275,0.034041636,0.03328408,0.10277195,0.11069532,0.11245603,0.08621433,0.0043042284,0.0042977575,0.0031645037,0.0031673969,0.20177957,0.22261499,0.47204804,0.47196254,0.035138167,0.030689975,0.15926796,0.16154106,0.010065509841971122,0.011373279302986438,0.0068216804076199535,0.008116168559118246,0.0129440932062971,0.015907511588662982,0.014250726712610995,0.013708171649170545,0.011744998870692159,0.013408785738500184,0.007352228523635094,0.007999656973443589
127,0.058964532,0.07802268,0.09892833,0.11159994,0.03898777,0.026073426,0.044494137,0.041112173,0.6024672,0.59984016,0.031131674,0.03545472,0.12502633,0.107896894,0.06083767,0.07813995,0.09912406,0.111616194,0.03946513,0.026194768,0.04528057,0.041169714,0.5965128,0.5991342,0.032786805,0.03549677,0.12599292,0.10824835,0.10122868,0.11671354,0.005804797,0.0047345124,0.0069770934,0.005443556,0.20632757,0.19657272,0.4734751,0.4822432,0.037076708,0.040581927,0.15517026,0.14626428,0.010030433460001856,0.012479255872310871,0.006304176217301705,0.007959243431531898,0.012572473501316968,0.01621181044932521,0.013685047758613463,0.015371140234888283,0.010615114725434435,0.012261471799014293,0.008486576887865744,0.00991234313422388
128,0.0639126,0.048252285,0.092504635,0.09384174,0.04027147,0.039721143,0.05587199,0.05754174,0.61760634,0.60154194,0.03050053,0.042766243,0.09933248,0.11633491,0.06527116,0.048138447,0.09320048,0.09408908,0.04129437,0.039600022,0.05606185,0.057596784,0.6129357,0.60168284,0.031553075,0.04259163,0.09968331,0.116301246,0.09474653,0.0851546,0.0039443923,0.006425194,0.007994526,0.008648675,0.21256244,0.21024571,0.48710555,0.46029308,0.033060905,0.038992222,0.15155098,0.17211364,0.011296518844491274,0.010708685367910798,0.008663740906688977,0.007986332807876292,0.016145287229780286,0.015493927868711134,0.016375993531645303,0.015001428723592369,0.01294408773920478,0.013681978770568917,0.008782194502534597,0.008297362727391667
129,0.07099107,0.07350325,0.10624359,0.10512251,0.035064306,0.032151423,0.045215096,0.041949563,0.59224635,0.5882469,0.038688727,0.04495496,0.11155081,0.11407142,0.0723817,0.07361833,0.107033774,0.104960926,0.03647311,0.03214347,0.0461084,0.04197395,0.58656627,0.58740175,0.039955482,0.045431495,0.111481234,0.11447011,0.105476916,0.1002569,0.0055702734,0.009973998,0.0026819976,0.0052730846,0.1890677,0.19359271,0.48338178,0.4841891,0.039576523,0.04451895,0.16382773,0.15566722,0.011813245268611619,0.013696923739364835,0.008447396049934637,0.008861114232125537,0.014767724129821132,0.017353425569359676,0.015427433724823266,0.014584597630884513,0.012759480299204453,0.014848477305842147,0.009290293736369627,0.009299196348147055
130,0.0853725,0.06230615,0.1262377,0.10901484,0.037052713,0.02931206,0.031953093,0.038636446,0.57801294,0.6088827,0.033330265,0.035817403,0.10804078,0.11603033,0.088553004,0.062266193,0.12595715,0.10913212,0.037420962,0.02924634,0.03195014,0.038655724,0.57302916,0.6088532,0.03489852,0.035773356,0.10819103,0.116073065,0.11162363,0.1037801,0.0057687243,0.0053504426,0.006204243,0.0046084956,0.19342187,0.19292064,0.48677024,0.48105052,0.039037958,0.04443139,0.14260386,0.1550297,0.013020901578444639,0.009976920232156229,0.008718426191940671,0.006916638514703635,0.015278838682181932,0.014440164401092179,0.014438524469279491,0.012065378785346866,0.011068520004913334,0.012419800576967004,0.00925474323580838,0.007913414915147788
131,0.06663237,0.06333031,0.10572999,0.10746373,0.022245945,0.034820665,0.029806042,0.04546118,0.6400563,0.60652626,0.029822052,0.031697668,0.1057073,0.11070023,0.0684082,0.063418664,0.1063589,0.10744486,0.022244114,0.034826808,0.030814467,0.045316055,0.63519704,0.6066313,0.030316614,0.031749748,0.10666068,0.11061256,0.1072225,0.10190255,0.005678352,0.006038246,0.0029820336,0.00445735,0.19544476,0.20092104,0.4831014,0.49361002,0.037739266,0.037227333,0.1614257,0.14887296,0.008983851244754728,0.011175548236439948,0.005551069190250664,0.008584103927989686,0.01235133094124882,0.015627565853299778,0.013105802843407857,0.011953665513430661,0.010829280927030891,0.011259528202076657,0.007887959339215678,0.006812803042019357
132,0.06154238,0.057374682,0.10371931,0.09898037,0.025673272,0.025156781,0.032931592,0.050957583,0.6357806,0.62638974,0.029310836,0.032994535,0.11104204,0.10814632,0.06366154,0.057157636,0.10454025,0.09907832,0.026467199,0.025173455,0.033993278,0.05066846,0.6297657,0.62646633,0.029899072,0.033057272,0.11167297,0.10839854,0.10113979,0.09392834,0.0056925165,0.0055565154,0.004732927,0.0045588226,0.19360246,0.20171712,0.49433193,0.49660376,0.0369275,0.032165006,0.15382527,0.15343846,0.010158382797525673,0.011153338497252734,0.00816273820438176,0.009047915680351352,0.015659740658331176,0.015222415732899008,0.013204785632789897,0.013378788929341454,0.012981438862174548,0.012809923388437377,0.0072361730143186195,0.008389809583541193
133,0.058515336,0.056267813,0.09788115,0.10796114,0.034666717,0.03418752,0.05059787,0.03900813,0.6030302,0.6163164,0.034619264,0.037921052,0.120689474,0.108337924,0.059861835,0.056381855,0.09769186,0.10775776,0.034654062,0.033864975,0.05185395,0.039056066,0.60031134,0.6165945,0.034384217,0.038050376,0.12124271,0.10829447,0.097197786,0.09417813,0.005764805,0.004773296,0.004385012,0.0074926694,0.20912367,0.18159583,0.48116994,0.50929135,0.033908565,0.032416243,0.1553612,0.15943454,0.011001203422953892,0.012348991642825885,0.006851108678741151,0.007755874165346622,0.01584402425446862,0.015215610182534603,0.012753302385972262,0.013093859262833036,0.011369292159402586,0.013334221693106831,0.006962512985463835,0.008035418796310197
134,0.07047648,0.057821475,0.114168346,0.090064,0.031264152,0.032305792,0.04007095,0.053270243,0.59366536,0.6204197,0.032368936,0.034754355,0.11798579,0.111364454,0.071846284,0.05799005,0.11370132,0.0903214,0.0312688,0.032337766,0.040800877,0.053362306,0.59080774,0.6197887,0.032916337,0.034856267,0.11865862,0.1113435,0.09041674,0.0829059,0.006574761,0.00472586,0.0073748617,0.007503978,0.19894505,0.21346112,0.46717817,0.4921777,0.040395714,0.03266173,0.17078708,0.14842863,0.011472620652953718,0.010149747329967589,0.008228095299275115,0.00689937279824747,0.01313133910786813,0.014502343241365834,0.014933101344677688,0.012958046871037276,0.011642184817170838,0.01154398790018823,0.009432421975370586,0.00811673110927575
135,0.06831546,0.05404315,0.09510127,0.09404995,0.026124662,0.025978645,0.04046492,0.057552483,0.6135512,0.61577207,0.03529632,0.04305413,0.12114617,0.10954958,0.070316665,0.054140568,0.09539132,0.09402482,0.02644581,0.026078675,0.04170409,0.058033034,0.6081566,0.6149228,0.035652507,0.043140903,0.12233299,0.10965916,0.09558708,0.09149761,0.004082691,0.0048370725,0.004082618,0.004200279,0.19575812,0.21133369,0.48463154,0.5050251,0.0349705,0.036921617,0.1599088,0.13967052,0.011970823925456743,0.009534723635572555,0.007152217814786472,0.0075502007932000525,0.014836152424285976,0.01241356480521188,0.015872494976480165,0.012954120343496025,0.011580452323135563,0.010279741501579476,0.00873613339155095,0.007597634237244872
136,0.06342139,0.075659685,0.09846919,0.103023075,0.03783105,0.022998646,0.0408631,0.04910598,0.6108269,0.5898868,0.032344207,0.03569563,0.116244145,0.12363019,0.06492761,0.07600495,0.099942826,0.103745535,0.038731344,0.022841474,0.04151718,0.049698457,0.60500443,0.58821875,0.032626417,0.035753213,0.117250144,0.12373759,0.10050393,0.09104787,0.0042149327,0.006388866,0.006817112,0.002186654,0.19383878,0.21836759,0.4858298,0.48055035,0.034031022,0.036105618,0.15997596,0.1488928,0.011145486266670503,0.012479785194607834,0.006965009564303864,0.008025056691981038,0.01236923621309646,0.016614482345269938,0.013390604718070293,0.014579886375037703,0.010360531624125625,0.014575577061292127,0.008176641473532902,0.009232613505620515
137,0.06337936,0.060144007,0.09404854,0.091731444,0.024646973,0.03888343,0.04721102,0.060387567,0.6281023,0.5932998,0.028975666,0.036224037,0.11363612,0.11932974,0.06466091,0.060451183,0.09459528,0.092048265,0.024882961,0.03879531,0.04836129,0.060336288,0.6241044,0.5926649,0.0292822,0.03622682,0.11411298,0.119477265,0.09744116,0.095217876,0.0041636587,0.0047208606,0.0032681758,0.0062705334,0.20234266,0.20844474,0.48487803,0.4833403,0.028556045,0.041536637,0.15671554,0.14238931,0.011297056825949031,0.011518477404961378,0.007046431209051654,0.006709589090007291,0.014833494680499052,0.014584678468468098,0.015806008437905385,0.01574421427741729,0.012633983668716202,0.01238754973651034,0.010534404229993504,0.010109157494503045
