,m1_anger,m1_anger,m1_disgust,m1_disgust,m1_fear,m1_fear,m1_joy,m1_joy,m1_neutral,m1_neutral,m1_sadness,m1_sadness,m1_surprise,m1_surprise,m1m_anger,m1m_anger,m1m_disgust,m1m_disgust,m1m_fear,m1m_fear,m1m_joy,m1m_joy,m1m_neutral,m1m_neutral,m1m_sadness,m1m_sadness,m1m_surprise,m1m_surprise,m2_anger,m2_anger,m2_disgust,m2_disgust,m2_fear,m2_fear,m2_joy,m2_joy,m2_neutral,m2_neutral,m2_sadness,m2_sadness,m2_surprise,m2_surprise,m3_anger,m3_anger,m3_disgust,m3_disgust,m3_fear,m3_fear,m3_joy,m3_joy,m3_sadness,m3_sadness,m3_surprise,m3_surprise
group,ai,control,ai,control,ai,control,ai,control,ai,control,ai,control,ai,control,ai,control,ai,control,ai,control,ai,control,ai,control,ai,control,ai,control,ai,control,ai,control,ai,control,ai,control,ai,control,ai,control,ai,control,ai,control,ai,control,ai,control,ai,control,ai,control,ai,control
t,,,,,,,,,,,,,,,,,,,,,,,,,,,,,,,,,,,,,,,,,,,,,,,,,,,,,,
0,0.06030451,0.052021228,0.075121574,0.08388446,0.04135764,0.026338972,0.048871174,0.050159767,0.6184927,0.6234245,0.031301495,0.03980771,0.1245509,0.1243634,0.060936246,0.05203151,0.07445614,0.0838326,0.043697864,0.026335472,0.050281025,0.050152667,0.6135008,0.62323153,0.032179873,0.04001898,0.12494805,0.12439723,0.09172079,0.09201128,0.0035005778,0.003251894,0.006379096,0.005690664,0.21093334,0.2262671,0.45855874,0.47413838,0.034317806,0.032585204,0.17357779,0.15495478,0.010023126474988755,0.010949938782859044,0.006220057070872836,0.007705828113786718,0.015277645140909804,0.013641230444812415,0.016209262497183737,0.014556635888695359,0.011739847321097263,0.011827037173774995,0.00963636320269934,0.008844651095137343
1,0.03215375,0.059239566,0.04352589,0.105563186,0.037234597,0.030318385,0.06884112,0.05720305,0.69036555,0.57576185,0.027814496,0.046439197,0.100064546,0.12547474,0.03279891,0.059238777,0.04358115,0.10556156,0.037926883,0.03031948,0.06921396,0.05717406,0.68720365,0.575802,0.028259588,0.046436824,0.10101585,0.12546723,0.062603176,0.092184484,0.0026987751,0.005875539,0.00580996,0.0051838714,0.26127958,0.21282639,0.45109865,0.45130697,0.030217128,0.049948122,0.17377236,0.16648792,0.007950939125747961,0.010528854808306003,0.005761988417086195,0.00776299649065877,0.012461387266852328,0.013552992983046382,0.015224042147881601,0.013412815609668225,0.00788693753560684,0.011370558451946615,0.008646388116642461,0.008598231562876922
2,0.05191413,0.08098838,0.09254904,0.11209007,0.0345494,0.040388294,0.054154757,0.035785038,0.6432947,0.59686553,0.018547926,0.037114855,0.10499007,0.096767835,0.05200085,0.08097973,0.092620835,0.11208997,0.034546144,0.040278614,0.054957073,0.03578946,0.64256144,0.59692496,0.018661892,0.037107516,0.104651764,0.096829765,0.08214908,0.09834918,0.005785747,0.0047912304,0.004657337,0.0051471037,0.24655163,0.21526395,0.4520103,0.4777422,0.022544835,0.040238645,0.1651284,0.1557898,0.009594335641638833,0.012574551430902676,0.007474334641843047,0.008458399107399215,0.015242697025893957,0.018331624581491682,0.016200881460089467,0.015581868674333288,0.011762408171840405,0.014778212228823594,0.0076330174980660795,0.009441166824310959
3,0.031826306,0.043041028,0.050839197,0.078515604,0.030758556,0.023970978,0.064670466,0.054929744,0.65656316,0.6435798,0.032329418,0.040615734,0.13301292,0.1153471,0.032152634,0.043058656,0.05069863,0.07853043,0.03063847,0.023966026,0.065939985,0.05493319,0.65398395,0.6435125,0.03251993,0.040615845,0.13406639,0.11538339,0.07511846,0.07871274,0.0025044284,0.0045035095,0.0067148483,0.0044960636,0.27225634,0.22794996,0.42952648,0.46200064,0.030020542,0.036096673,0.17928092,0.17541382,0.007612771116162044,0.009206556107883209,0.004432317873169363,0.006300917262522636,0.013234430282755201,0.0135284399301686,0.013376161914945403,0.01374910657581631,0.011343276920898497,0.012211988201775343,0.008452079906444828,0.0068611072113930706
4,0.03490605,0.06056611,0.058415227,0.09275358,0.04608964,0.038649883,0.05647656,0.061929453,0.63230324,0.57085896,0.032831233,0.0395131,0.13897803,0.13572891,0.035437506,0.06057162,0.057943854,0.09276306,0.045919985,0.03857901,0.056991093,0.061938416,0.63096374,0.5709158,0.033543926,0.03951573,0.13919993,0.13571636,0.07638563,0.0865014,0.002873614,0.005468463,0.008316854,0.0063264314,0.23518336,0.24375181,0.46558177,0.42414042,0.027889157,0.037202716,0.17619939,0.18134294,0.0066413502680855,0.011821817484076584,0.006706123583783462,0.00845257161631326,0.011577213896754233,0.017516022866420886,0.014851726984115009,0.015080876448636225,0.008409162642475257,0.013374629704373349,0.006659385555026809,0.008595758235202408
5,0.051795375,0.053264055,0.08616703,0.0846301,0.030717568,0.031860065,0.06983031,0.04755015,0.600817,0.61715364,0.021427618,0.03635431,0.13924508,0.12918766,0.052583057,0.053263184,0.08613834,0.08463063,0.030894114,0.031856313,0.07066024,0.047469363,0.5994137,0.6172574,0.02080719,0.036340605,0.13950334,0.12918249,0.07367191,0.08077409,0.0046562445,0.0051686196,0.009042806,0.0045083873,0.24597387,0.19742545,0.4552431,0.48485228,0.033346087,0.04190902,0.16787203,0.17046292,0.010155996495795919,0.008553286028728404,0.008884663095628628,0.007137411814730929,0.012177443800338418,0.014374370686184414,0.017494272491099847,0.012968204622060915,0.013870079258239744,0.01155977953129741,0.009107484106935834,0.007625259434923383
6,0.040993795,0.06504978,0.07720953,0.09778098,0.040727682,0.03207131,0.071667954,0.044249445,0.62118524,0.60653913,0.028070426,0.036063593,0.12014535,0.118245736,0.041816823,0.06501527,0.07646515,0.09778831,0.04202407,0.03207076,0.072231635,0.04425472,0.6192003,0.60655075,0.028022995,0.036071558,0.12023903,0.118248604,0.08329679,0.09733496,0.002457237,0.0045488114,0.0054681124,0.007418413,0.24790369,0.20674011,0.44352946,0.47512776,0.026988281,0.03737785,0.16863492,0.1595403,0.00928550111906966,0.012125009987037715,0.006206412109079271,0.008175928378660926,0.015712857217943122,0.014487568613686455,0.013272495332867708,0.014299449254404696,0.010152404379748292,0.012534056980910768,0.007692630742805188,0.008361363279874868
7,0.03195234,0.051393848,0.06344644,0.08256479,0.021617705,0.02627768,0.08868141,0.044285275,0.652912,0.6381862,0.01992429,0.04029791,0.12146583,0.11699425,0.03247441,0.05138919,0.063141346,0.082558066,0.021382049,0.026278032,0.08977086,0.044300433,0.65113485,0.6380628,0.020014549,0.040299926,0.12208192,0.117111534,0.07821205,0.089072555,0.0022362827,0.0037028817,0.002551608,0.0046662833,0.28715193,0.20722294,0.41850987,0.47180822,0.025028199,0.045557804,0.17503862,0.17554605,0.006238779058065354,0.009853919208808029,0.005258371865892899,0.00624116163584336,0.008258224714841092,0.014158362973148724,0.01635782881092834,0.014237551416047453,0.010002778338634952,0.011347411742131414,0.007387566989905567,0.009085637154085046
8,0.043182854,0.05940438,0.07425616,0.09360502,0.03293331,0.026109803,0.06379128,0.043170307,0.6214631,0.6168076,0.023159934,0.040765803,0.14121334,0.12013708,0.043441072,0.05940736,0.07379669,0.09358896,0.032770637,0.026108753,0.06382294,0.043155737,0.6203641,0.61674464,0.02335598,0.040750384,0.14244854,0.12024417,0.08188487,0.08497907,0.003286519,0.006103206,0.009686892,0.006502769,0.24350366,0.20822474,0.4206951,0.47097307,0.025534377,0.047149874,0.19900686,0.16181448,0.010875463118705731,0.010132031161855876,0.007220427538706027,0.0072446343324046505,0.013864726533009524,0.012290095502126015,0.017649567281601292,0.013656858482078304,0.011063125229483682,0.009604087414630948,0.008902886495679514,0.006813867503994765
9,0.034072433,0.06767042,0.05936588,0.111428246,0.024163777,0.030735863,0.05707598,0.0678673,0.66389394,0.5664909,0.028166847,0.0417583,0.13326119,0.114048995,0.034054704,0.06769664,0.059277337,0.111422054,0.024134167,0.030735701,0.057086386,0.067867085,0.66360444,0.5664739,0.028194739,0.041758176,0.13364825,0.11404644,0.065551706,0.10723746,0.003461493,0.005757274,0.0026762185,0.0064169066,0.2501551,0.23473203,0.4604935,0.4246428,0.027561516,0.044898774,0.17118286,0.16776896,0.006292745144308182,0.012694023761854658,0.004711447946272041,0.008081469925891144,0.00991472017758651,0.015594124347082869,0.013667541063367065,0.013594496432878689,0.009748780137379377,0.012442472903187424,0.008359226004202927,0.009093853768406664
10,0.035989176,0.056242775,0.05752773,0.09681498,0.02175239,0.034847222,0.07695958,0.04938704,0.636277,0.5935655,0.027068682,0.042371243,0.1444254,0.1267712,0.036669597,0.05624495,0.05810464,0.09680722,0.021429231,0.03484738,0.07512022,0.04938949,0.63752824,0.5935683,0.027157405,0.042372372,0.14399067,0.12677024,0.06365186,0.09724978,0.004508903,0.0045357835,0.0033878505,0.0053961207,0.2499493,0.22407487,0.44600487,0.44491607,0.030527756,0.046345975,0.1772361,0.1584166,0.006880543640987529,0.011568538984264555,0.005567061618734019,0.006910214279333276,0.010439469796286882,0.014035096935529647,0.015609161416049925,0.015130859173040164,0.009350098431905537,0.012150452025574063,0.009351597510856107,0.008966503044923326
11,0.04756236,0.06759631,0.0755125,0.08912729,0.039027054,0.04172964,0.056950152,0.057105027,0.64622575,0.590247,0.027011361,0.035889264,0.10771082,0.118305475,0.04833615,0.06759536,0.07492801,0.08912433,0.040065847,0.0417297,0.057606734,0.057104312,0.64370537,0.59025204,0.027452393,0.035889316,0.107905485,0.11830496,0.09048926,0.09670379,0.0029979893,0.005875262,0.0037895173,0.0046563377,0.21439825,0.22724278,0.46954882,0.45650283,0.030372187,0.038783748,0.18014416,0.15003008,0.009538138804363994,0.012311181005165987,0.005401753424342584,0.008272316174831219,0.013928423401649731,0.01565196152628261,0.015446841528711395,0.01547796593864092,0.010749101756891052,0.012808098827676122,0.00839020665294308,0.008856998002640691
12,0.04128551,0.06138674,0.056793008,0.115294196,0.036011603,0.025308749,0.06243456,0.049078763,0.6497014,0.59825915,0.03317797,0.03638444,0.120595954,0.114287935,0.04157465,0.06138674,0.05664997,0.115294196,0.035881385,0.02530875,0.06265442,0.049078763,0.6487506,0.59825915,0.033851415,0.03638444,0.12063755,0.114287935,0.075273156,0.10516325,0.0033302582,0.0046138414,0.005799379,0.0047126003,0.24726738,0.21929902,0.45029446,0.4480707,0.031949908,0.039797433,0.16272286,0.16122943,0.00819864226598842,0.012016231066142493,0.004620685323105088,0.0072473968815412225,0.012360167898463573,0.013730286936860639,0.01422597500599363,0.013542360733062307,0.010553873729815371,0.012185155457069892,0.007535184658979174,0.008490570673347967
13,0.054350603,0.057373445,0.08211856,0.08506598,0.038599588,0.03568199,0.0612204,0.057087854,0.6148561,0.60223573,0.027328925,0.04531753,0.12152583,0.11723749,0.05475775,0.05737815,0.08212902,0.08506531,0.039035607,0.03568291,0.06179564,0.057094775,0.61237746,0.6022478,0.027434893,0.04531919,0.12246961,0.1172119,0.07669098,0.091508746,0.0038760572,0.0036060098,0.004860524,0.005063143,0.23774585,0.22665271,0.45898178,0.45710278,0.02800913,0.047467373,0.17209935,0.14702797,0.008700766072063902,0.01155859093859649,0.005226028098646392,0.007038720143738305,0.01233205572964194,0.01468689518514196,0.01505745145558911,0.0149312528361136,0.011900314278773666,0.01161158478805704,0.008737304566947981,0.0070978681502305374
14,0.036485113,0.049360562,0.06151682,0.08258646,0.025722835,0.029008392,0.06828935,0.065982945,0.65154386,0.6281455,0.032487556,0.037879903,0.12395447,0.10703625,0.036669306,0.049368404,0.061280217,0.082591504,0.026438912,0.029005863,0.069090836,0.06597652,0.64963263,0.62810427,0.03268909,0.037987668,0.12419901,0.10696573,0.078879654,0.08522579,0.0031268154,0.004032357,0.0049153757,0.0033819259,0.24768606,0.23035553,0.45607254,0.47016376,0.03358465,0.037850052,0.15836507,0.14967573,0.0077828636685880505,0.009136967817359518,0.004643315782560662,0.005626199528959298,0.011820914150186991,0.012951847797947655,0.016685529934795773,0.014610281394291684,0.009726876622842271,0.01080040590367436,0.007954663980074859,0.008435765433476482
15,0.035012133,0.06290785,0.06240134,0.11185089,0.024237057,0.029085446,0.059121408,0.05797849,0.6682205,0.5789425,0.03281634,0.040202007,0.11819119,0.11903287,0.034999635,0.06289788,0.06213561,0.111834235,0.024436602,0.029084437,0.059142716,0.058109444,0.66644555,0.5789354,0.033444367,0.040200744,0.1193955,0.11893789,0.077929325,0.094179146,0.0025187873,0.0060593532,0.0024179427,0.0032064752,0.23414184,0.23456664,0.45673162,0.43270692,0.033377536,0.036264207,0.17788434,0.17747523,0.00770004946345355,0.012043372125135747,0.005182657922317275,0.007726131108905186,0.011889208684597903,0.015992275432849205,0.016035390698580922,0.014635579659705378,0.0110936809063073,0.013737740402025252,0.008060843824126038,0.008219297579911107
16,0.044493925,0.06248627,0.065136865,0.09406491,0.03235317,0.0299225,0.045532517,0.032956358,0.6698433,0.61434036,0.025726536,0.04120502,0.11691364,0.12502453,0.045424078,0.062481217,0.065175734,0.09404632,0.032451954,0.029919714,0.04542909,0.032937393,0.66815203,0.6143591,0.025995541,0.04129795,0.11737159,0.1249583,0.07968926,0.0979147,0.003105706,0.0049856068,0.004351838,0.004853051,0.21435998,0.19520645,0.48135754,0.4833548,0.028226169,0.039090063,0.17386803,0.17076223,0.0077453840439177316,0.010766947404262725,0.005403042282134125,0.0071976455252168335,0.013886311118318619,0.01393792397020159,0.014870148400482891,0.012847032528108131,0.009926826828225984,0.01128002292275434,0.00864286653346948,0.006745942552131142
17,0.046944305,0.04710649,0.07706012,0.07461934,0.032157414,0.038896084,0.05952543,0.062185377,0.6504198,0.6262042,0.026683139,0.039129373,0.10720979,0.11185912,0.047532637,0.047104206,0.07695623,0.07461368,0.032120902,0.03898711,0.05962457,0.06218557,0.64925027,0.62610453,0.026704466,0.039128143,0.10781092,0.111876756,0.08364619,0.077193044,0.0040434278,0.0032111774,0.0037063658,0.00813059,0.24633792,0.2346522,0.46285293,0.46222275,0.030698635,0.035166986,0.1539451,0.15742014,0.009199866388537313,0.01042670955963477,0.005537710741950928,0.006650877319450753,0.012837572082866316,0.015105538376849015,0.01634052495545054,0.013995905628028391,0.01064411103675943,0.01192191821489429,0.008636317002728445,0.00861961057326018
18,0.040378124,0.05837046,0.061650638,0.09043825,0.0247819,0.030545792,0.045361247,0.048391186,0.6805981,0.6317772,0.02757128,0.031406056,0.119658716,0.10907102,0.040905315,0.058369108,0.061118603,0.09043057,0.024888363,0.030543907,0.045478344,0.04839098,0.67876804,0.63176876,0.028146375,0.031406946,0.12069493,0.10908971,0.0727268,0.08456511,0.003495756,0.0033263883,0.0058378293,0.005913979,0.23653331,0.21821564,0.463138,0.48642772,0.02990009,0.033472296,0.18199305,0.1523206,0.007665093778530866,0.009892369782429739,0.004387027127365984,0.0077920728356822705,0.010575777443382664,0.01523230747204962,0.012442831991977077,0.0154012049735943,0.009978048838770744,0.012899638762593521,0.008560010749052743,0.008454756654594733
19,0.032702744,0.054514524,0.06089611,0.0944191,0.023500923,0.03651189,0.061001163,0.058039263,0.65689474,0.6124362,0.029957933,0.039461263,0.1350464,0.10461782,0.033630617,0.05451666,0.06084028,0.09441613,0.023460004,0.0365027,0.06147929,0.058040123,0.6546066,0.6124236,0.030421192,0.03945842,0.135562,0.104642324,0.07306529,0.08166236,0.0036000244,0.0053249514,0.0040377504,0.0041276016,0.24475524,0.23163317,0.4618473,0.4707779,0.032640353,0.03639998,0.15913251,0.15422101,0.0071934878770721754,0.011005591276057627,0.005475726090265835,0.007442678364894867,0.011328166771268917,0.015384393611592528,0.015061083083365852,0.01457777447671327,0.010815488715335456,0.010684384976525227,0.007681514115489957,0.007952990191532783
20,0.041997183,0.055409834,0.07226384,0.084929384,0.024979481,0.024461435,0.036693573,0.039695933,0.66433775,0.6495302,0.028032036,0.035550855,0.13169616,0.11042238,0.042510103,0.05541175,0.072444744,0.084929496,0.024748987,0.024461422,0.037111,0.039817497,0.6626375,0.64945424,0.028192425,0.035551608,0.13235524,0.110373944,0.076589316,0.0876009,0.0026927404,0.0048986594,0.0040455614,0.004415371,0.20390002,0.20814419,0.487864,0.5035526,0.030500613,0.03495909,0.18058129,0.15232252,0.007906590005963013,0.010435430574481036,0.005569835468227285,0.006520541513747298,0.011988277045917957,0.014637238592497614,0.014619571960680559,0.014526798280872416,0.008910671188407196,0.01184262875523736,0.007642136137105417,0.008698240662698094
21,0.04169577,0.05152878,0.06585437,0.083255164,0.054025795,0.026020434,0.057624947,0.06814142,0.6281192,0.61214924,0.029890548,0.035767764,0.122789405,0.123137176,0.041683223,0.051533658,0.065405875,0.08328289,0.054682005,0.026024662,0.058116037,0.06814167,0.6271336,0.6121437,0.030064253,0.035769463,0.12291499,0.12310398,0.07634872,0.087419584,0.004227145,0.0042449883,0.011356334,0.003845213,0.2338678,0.24814333,0.44916096,0.45104215,0.032816768,0.03717614,0.17041296,0.15215173,0.009567874174426234,0.010511488386456129,0.0067369148876952395,0.00669580707674891,0.01626768837052106,0.014728603243096175,0.01518060737826005,0.016169706764616806,0.012101014318560145,0.012143269815640475,0.007556647513187289,0.007808079426760965
22,0.045881577,0.062607974,0.08120131,0.10378974,0.037308197,0.033052392,0.04732828,0.05405526,0.6386489,0.5984373,0.030627275,0.035549425,0.11900446,0.11250791,0.045934156,0.062609054,0.08140702,0.103789255,0.037537754,0.033052534,0.047523107,0.05406366,0.637371,0.59840715,0.030737603,0.035550173,0.11948939,0.11252816,0.08240901,0.09391985,0.004669638,0.006118452,0.008035906,0.0043818788,0.21659152,0.21832442,0.47688514,0.46639347,0.027554603,0.039433926,0.1730675,0.15777332,0.010019391550506757,0.009956551558136113,0.006539559091769742,0.006796826237812746,0.012604677933870776,0.011980243268445323,0.013644441392923012,0.01584076005701948,0.010447538296993002,0.009904641972418441,0.007838509066522585,0.009206515932235263
23,0.037207577,0.054647427,0.056836147,0.09382674,0.033663455,0.020536585,0.05038246,0.061467875,0.6727328,0.60807335,0.029209644,0.04304209,0.11996794,0.11840593,0.037462078,0.054647703,0.056509197,0.093826704,0.03414678,0.02053667,0.051109318,0.061468303,0.66977125,0.6080603,0.029934425,0.0430423,0.12106694,0.118418016,0.065101214,0.08694816,0.002001418,0.0049200407,0.0031796303,0.002846868,0.2544959,0.22123581,0.4620587,0.46699533,0.030054897,0.04444414,0.16922784,0.15739864,0.008304545186914678,0.01092454970997327,0.005124494939950495,0.006918486620609243,0.01108717142729662,0.012559411021029733,0.014831048989894811,0.015548917894909677,0.010317542070203526,0.010959022225974004,0.0094234481586377,0.009107659203693831
24,0.03494091,0.06930849,0.055781327,0.08524633,0.027494732,0.041256383,0.059693765,0.04389326,0.6808009,0.5952473,0.026190642,0.047013402,0.115097746,0.11803477,0.035482924,0.06930427,0.055246837,0.085180834,0.027948773,0.041254994,0.060186546,0.043897606,0.679436,0.5952065,0.02650081,0.047012582,0.11519803,0.1181432,0.0679774,0.0983648,0.00428214,0.0039133416,0.0041004377,0.007705318,0.24259898,0.2191088,0.45770422,0.46263748,0.028187014,0.04345233,0.1884234,0.15867965,0.006859076487376075,0.012626603334184966,0.004884201441198434,0.007370565342437203,0.012044898619225683,0.016042415413665696,0.013402941465724903,0.015976127328589686,0.010295135350387265,0.012657248619475949,0.008148390644643724,0.009580257429838836
25,0.043061282,0.06316247,0.06854654,0.086363435,0.024812168,0.03580007,0.057141352,0.07167111,0.66336334,0.5794134,0.024289906,0.04263649,0.11878539,0.12095299,0.04354891,0.0632409,0.06849248,0.086381964,0.024863113,0.035804972,0.057843696,0.07167193,0.6616127,0.5792718,0.024640437,0.042549625,0.11899866,0.121078864,0.08129846,0.08918203,0.0024538925,0.00542487,0.0045189545,0.00578951,0.23906554,0.23682833,0.45866793,0.43529126,0.02724182,0.039473318,0.1749203,0.16207065,0.008182073418511062,0.011047353541808518,0.0046027440004526065,0.006866289101520367,0.009836523316377521,0.01408624485063862,0.014402906549305332,0.017131145565206448,0.009653085635868778,0.01257784277865776,0.008963415189052469,0.009551446851245754
26,0.04349476,0.06051458,0.07238266,0.094978765,0.025416745,0.02887672,0.04816593,0.05148235,0.6695955,0.6042911,0.02821169,0.04298339,0.11273269,0.1168731,0.043676585,0.060515758,0.07245065,0.09495459,0.025634354,0.028875329,0.04804575,0.05147118,0.6685432,0.60377663,0.028138245,0.04299103,0.1135112,0.11741549,0.088880874,0.09493978,0.0035639992,0.004806983,0.005205377,0.0026373093,0.24154083,0.20433372,0.45523617,0.47493267,0.03358977,0.037423983,0.16783696,0.16966775,0.008552520217272163,0.010655686792048924,0.006527674394565611,0.007221431013874144,0.013149302320508578,0.014200940694253886,0.016713428484545472,0.014932602434357723,0.01240414263371969,0.013094181500825846,0.008537900168388908,0.008619631256092221
27,0.040463947,0.0628695,0.06623882,0.09950827,0.026144281,0.03525195,0.07734109,0.04470055,0.6454283,0.60307556,0.03307882,0.041434698,0.11130474,0.11315952,0.040893707,0.062922075,0.065928735,0.09942656,0.025544092,0.035217788,0.0783334,0.044764295,0.6433403,0.6031543,0.03443142,0.041456763,0.11152837,0.11305821,0.07049657,0.099107414,0.0027606203,0.0048374734,0.0030802619,0.007905967,0.26018173,0.19760145,0.4315197,0.47793064,0.032457072,0.042036798,0.17696059,0.16412467,0.00853699744877368,0.01303595637016147,0.005800709812121293,0.008835522211219849,0.01338557061132681,0.01624784306819705,0.016628206153572987,0.015500374529491668,0.010651428863382497,0.014440571838966665,0.008812328975873935,0.00903481777200285
28,0.042927444,0.06894097,0.07819919,0.09596528,0.040397044,0.037323307,0.0426791,0.047265057,0.6478238,0.596868,0.027110206,0.045136876,0.12086321,0.10850049,0.042928953,0.06892295,0.07808803,0.09584147,0.040340275,0.03775713,0.04302903,0.047273196,0.6467834,0.59654427,0.02740723,0.045144513,0.121423066,0.10851648,0.08173799,0.09658923,0.003337528,0.0040461966,0.007513285,0.007964794,0.21400179,0.21738169,0.48038897,0.44850847,0.030681418,0.04115902,0.17019968,0.16510022,0.009104569971991593,0.010980281706308506,0.005976654446794141,0.006965045157887507,0.013175756415228881,0.01563625511420118,0.01433774497190989,0.015752820073406244,0.011961624031531838,0.0123299988388027,0.008130656377809978,0.00923656921385962
29,0.044344697,0.062420033,0.08173828,0.09192784,0.033009946,0.03110655,0.052437596,0.052013364,0.64444876,0.60417825,0.039591838,0.04117539,0.10442888,0.1171786,0.04458235,0.062489968,0.08164964,0.09192793,0.033030987,0.03108678,0.052816495,0.052001614,0.6429664,0.60402906,0.040000353,0.041177373,0.1049538,0.11728725,0.08782429,0.08478845,0.0039847433,0.0038157797,0.005602573,0.0049376837,0.22974417,0.2231057,0.47068003,0.4637509,0.03469054,0.03747736,0.15840806,0.16006166,0.009552385620085762,0.010918218260300908,0.006555748615486038,0.007083548087411833,0.013338327669019202,0.01496029050414008,0.013043174310095655,0.01558761660147539,0.011583050273964422,0.012697813421102695,0.007183466185713801,0.00854743013407136
30,0.0428331,0.061770394,0.06933235,0.09020966,0.043991383,0.027849536,0.06026097,0.04466577,0.6267291,0.6115226,0.032382935,0.042179104,0.12447022,0.12180294,0.04334552,0.06179331,0.069616005,0.09019571,0.04507973,0.027920008,0.061202496,0.044658277,0.62400025,0.6114521,0.032380886,0.04218311,0.12437512,0.1217975,0.08093619,0.089351915,0.004231236,0.0049773827,0.008431294,0.0047383714,0.24070834,0.19359219,0.45392662,0.50654596,0.035607997,0.036541946,0.16095616,0.15310438,0.009691886468975527,0.012059893291359106,0.00608782445867373,0.006123558636571864,0.0136145800645192,0.01693876938246669,0.01588822144561457,0.01487533265160985,0.012253222157933357,0.012492122097925107,0.008683395220673594,0.009176763944525605
31,0.04941811,0.056203403,0.07591996,0.09276126,0.033970397,0.025213357,0.059999067,0.04982234,0.6336706,0.6213606,0.027651163,0.032181792,0.119370714,0.12245721,0.04968113,0.056202248,0.07574967,0.09275547,0.03423054,0.025208516,0.059972882,0.049823668,0.6331435,0.62131006,0.027902713,0.032183025,0.11931959,0.12251708,0.07721728,0.08699584,0.0029763978,0.0044977474,0.0061677326,0.003423131,0.23200393,0.22048812,0.4664732,0.4787237,0.029282289,0.031060614,0.17225754,0.16227323,0.008950524055161396,0.01181643543207654,0.006940470008806721,0.0074340676472816085,0.013480372946417301,0.016921509769529147,0.014708117462504205,0.013599895271162349,0.011373663292312179,0.013328449758047907,0.008250420819959452,0.00940722636787215
32,0.04694779,0.0643993,0.07489717,0.08864307,0.03916899,0.03977375,0.044686697,0.03782412,0.64580953,0.6169468,0.019039953,0.039103426,0.12944984,0.1133095,0.04765615,0.06440195,0.07478867,0.08863704,0.040069874,0.03977434,0.045008328,0.03782303,0.64208657,0.61685246,0.019287003,0.039105408,0.1311034,0.113405734,0.083329976,0.096981816,0.0026435978,0.0038372935,0.004519215,0.00598123,0.21988869,0.19377314,0.47954905,0.4906611,0.025120193,0.0372073,0.16816495,0.1638214,0.008754825540845295,0.012798857697658586,0.004990907429499477,0.007600526810877403,0.013695599228965852,0.017410542822290598,0.014318582335418724,0.013765426709887845,0.01098954976014899,0.013223304816176137,0.008010707601385229,0.007934442359058751
33,0.036160544,0.049123008,0.068256825,0.07832158,0.029100783,0.028800141,0.051632144,0.04714248,0.6608539,0.64369047,0.025767822,0.0402482,0.12822792,0.11267415,0.036350336,0.04915049,0.06863508,0.078408964,0.029028988,0.02879524,0.05167456,0.047138732,0.65962666,0.64358425,0.026355522,0.040249985,0.12832887,0.1126723,0.08389869,0.07892571,0.0039706384,0.0037331225,0.004136166,0.0041485066,0.2279232,0.2056103,0.46454796,0.5024036,0.029979706,0.033591453,0.17733614,0.15922976,0.008180023740030835,0.009343480579495618,0.004992079275435764,0.006262748256458733,0.012959194128455918,0.01459989015048913,0.014193850692480754,0.013398345357868317,0.011297770563737238,0.012677006481512598,0.006828997980616281,0.009478172610293182
34,0.045714214,0.0461142,0.0840253,0.08253663,0.033236783,0.029178107,0.04143786,0.054256186,0.6443876,0.64895254,0.029174319,0.03278254,0.122023895,0.10617978,0.046478912,0.046142813,0.08377502,0.08255731,0.03360688,0.029181706,0.041593526,0.05426382,0.64260477,0.64893764,0.029933522,0.032787047,0.12200733,0.10612963,0.08763567,0.08732485,0.00511711,0.0036297075,0.008067049,0.0037163561,0.21395315,0.21172857,0.45765495,0.49622902,0.02845754,0.036442768,0.17992957,0.15012783,0.008381932201679093,0.010068014912237057,0.005258879386373585,0.006184629305979047,0.012620347255165972,0.015489784779674482,0.014490880891173723,0.015116910284623393,0.011231875982571046,0.012909671468223118,0.007313946064361311,0.007658697679851599
35,0.043164235,0.045686707,0.07626002,0.08143107,0.038120527,0.018438194,0.051103346,0.04796799,0.62627137,0.6581969,0.033364326,0.036419943,0.13171616,0.11185919,0.04424287,0.04568719,0.07620997,0.08143008,0.038104877,0.01843802,0.052315917,0.04798065,0.6239761,0.6581842,0.03365702,0.036420323,0.13149326,0.11185957,0.07639787,0.089903854,0.0043544862,0.004209789,0.0065333727,0.0028800822,0.22890371,0.20151637,0.44944805,0.496616,0.034756027,0.032352194,0.18365286,0.15925439,0.007436894184577938,0.009805573774701981,0.006267602263406812,0.007346395421147737,0.012568449676504462,0.01341139800494953,0.01411748599253367,0.013827915554147106,0.010638982077374627,0.010039209192060314,0.0081778186759091,0.008320345708921213
36,0.049588766,0.053687427,0.07735451,0.09794642,0.035743207,0.028914118,0.07116486,0.044507496,0.6140562,0.6301448,0.028916549,0.035590153,0.12317584,0.10920963,0.050539672,0.05369154,0.07779512,0.09794802,0.035512254,0.028913997,0.07137908,0.04450767,0.61212116,0.6301365,0.028850418,0.035590265,0.12380231,0.10921201,0.07317944,0.08937893,0.0038165385,0.005648434,0.007049118,0.0057224254,0.26399714,0.22448912,0.4272305,0.47869512,0.029797709,0.03446439,0.17376673,0.1488862,0.008550033335209569,0.012958953780034787,0.0059663136422488505,0.008671424190121653,0.010990831780233506,0.01437961105238658,0.012630678631408251,0.01287671488093502,0.009887329731067953,0.012163458385639304,0.006951011456906458,0.007586084129570478
37,0.050496373,0.05589464,0.08940868,0.08795415,0.025905326,0.03275296,0.049518924,0.052427344,0.62508756,0.6144066,0.029516667,0.038802605,0.13006647,0.117761716,0.050667353,0.05591285,0.08878773,0.087970845,0.026171496,0.03275478,0.05020796,0.052428458,0.6243765,0.61439335,0.029247373,0.03879393,0.13054156,0.11774576,0.0847087,0.080166996,0.0036417125,0.004115569,0.0061929636,0.0052549313,0.21863657,0.22270751,0.46393216,0.4700004,0.031630978,0.040970862,0.17815514,0.1646823,0.009491187300564632,0.011208100203986415,0.006738537201651385,0.006617895742204332,0.0117054806389478,0.01608709252967239,0.013917808044082434,0.01545047188508918,0.011041041533572573,0.014122896602426188,0.007719339353222032,0.009490165920792834
38,0.052426606,0.0555786,0.08152051,0.09115479,0.030703703,0.04344912,0.056943797,0.036739968,0.6155413,0.6211842,0.030582095,0.03272789,0.132282,0.11916546,0.053384896,0.055565678,0.08126009,0.09114587,0.030646292,0.043448906,0.057958826,0.036733482,0.61310506,0.6212128,0.030605216,0.032727562,0.13303961,0.11916572,0.08371123,0.085419804,0.0037190532,0.00505092,0.005588214,0.007090952,0.23179105,0.1883742,0.46158198,0.5055351,0.033400074,0.03076745,0.16578707,0.17622143,0.010727410602647014,0.011646523855519814,0.006319450147148538,0.006304211124766077,0.013089929997594552,0.01621945949286818,0.014746293349806375,0.011419583951231623,0.011386917124447117,0.011860071936211474,0.009642646666507021,0.007528216531680952
39,0.039427444,0.05945907,0.064046964,0.083932325,0.034742236,0.042519465,0.057342004,0.04594506,0.6578563,0.6206383,0.033370573,0.040450595,0.11321449,0.10705513,0.03972297,0.05945761,0.06409572,0.08393184,0.035983622,0.042521175,0.058267884,0.04594524,0.65464866,0.62062395,0.03346481,0.040452328,0.113816336,0.107067876,0.07463169,0.09365847,0.0034136155,0.0046626516,0.003950094,0.0066493154,0.2415304,0.20668802,0.45912847,0.47680703,0.03223326,0.039345056,0.16605514,0.16450042,0.007586479133979934,0.010464874836713621,0.004509894817817774,0.007076820435405723,0.010948978806799337,0.015367764968197287,0.014506299072897797,0.014483406805771691,0.008441235348481298,0.01393139986791411,0.008421836552314911,0.00846987404096312
40,0.056490134,0.060411986,0.086879775,0.096367836,0.035802506,0.03968941,0.058276232,0.054084934,0.6106831,0.59876275,0.027713139,0.03571412,0.124155134,0.11496893,0.05714869,0.06041623,0.086904086,0.096367545,0.03565604,0.039684758,0.058769707,0.054085243,0.608615,0.5987917,0.02792845,0.035714373,0.124978036,0.1149401,0.09272933,0.08417049,0.004237048,0.0039522164,0.0053032683,0.0057787225,0.22900102,0.21921076,0.4578964,0.46413916,0.032801256,0.035603974,0.16082501,0.16747816,0.010351804684874696,0.011750185291594929,0.006337909171344004,0.006982919798594038,0.014530850348480666,0.017190273996829313,0.015320509566767993,0.014533194597981004,0.010720879231688955,0.011129244083720947,0.008040912622248108,0.009420338855426995
41,0.04902514,0.066666186,0.08214414,0.104354665,0.028959908,0.03466008,0.05999985,0.030276187,0.6409951,0.61474323,0.03129736,0.039894667,0.107578486,0.109404944,0.049722444,0.06657408,0.08278852,0.10433059,0.028966673,0.034630623,0.060236074,0.0302958,0.6382275,0.6148953,0.031960387,0.039889414,0.1080984,0.10938422,0.076577,0.10486605,0.0032350204,0.005755847,0.004241936,0.0039414656,0.235523,0.19447803,0.48382547,0.490102,0.02987244,0.036864374,0.15674187,0.15623985,0.012115313369360916,0.01231528433469788,0.008790002333595734,0.007941738768641028,0.0163970172774324,0.015351666448517353,0.01379863712172436,0.013079258380192615,0.013178121139406467,0.012553270240682575,0.008765744379695942,0.008474767176456656
42,0.052435707,0.05286755,0.0843496,0.10827755,0.03167415,0.05448734,0.045164652,0.041141454,0.64756525,0.6092776,0.030344388,0.039756544,0.10846626,0.09419191,0.05292317,0.05291549,0.08455587,0.108317524,0.031353597,0.05442865,0.045064013,0.041085064,0.6469089,0.6091805,0.030479088,0.039816663,0.108715355,0.0942561,0.08545018,0.09186509,0.004338505,0.005477079,0.004595768,0.009474015,0.21569827,0.20510541,0.4718309,0.4888878,0.025996894,0.035984483,0.18529981,0.14664449,0.007252258715221333,0.013388296463252835,0.004246541264864667,0.00739428707280221,0.011928207140198798,0.017691549956048654,0.01367977614251679,0.015212892185812024,0.008921137744805477,0.012421517834249426,0.007530439235960976,0.008994046291663798
43,0.033429574,0.058919698,0.06659487,0.097595386,0.032137267,0.03869486,0.047924746,0.042964485,0.65707654,0.6125768,0.025309978,0.041730404,0.13752697,0.10751838,0.034006856,0.05893398,0.0659661,0.09770437,0.03267933,0.03857415,0.048839398,0.042957824,0.65471035,0.61255866,0.02583679,0.041734476,0.13796115,0.10753653,0.069370404,0.093641214,0.00297714,0.005047972,0.006600509,0.004579342,0.22197422,0.22187278,0.47301552,0.4684295,0.029285954,0.03906789,0.18239918,0.16311952,0.010153565145114863,0.011241117954631907,0.005993317157757099,0.008250887847582933,0.013065952371219925,0.016323810813108266,0.016380227665742222,0.01475550715453537,0.012208454104164221,0.013390123178036024,0.009443884379478974,0.008918544601320882
44,0.045182522,0.060167953,0.07641426,0.10354851,0.025816303,0.038373172,0.059950776,0.040914427,0.6546447,0.610978,0.029322635,0.03242534,0.108668804,0.11359258,0.04601904,0.060178105,0.075936034,0.10354717,0.025319843,0.038405668,0.060438104,0.040913165,0.65274334,0.6109346,0.02938176,0.03242303,0.11016186,0.11359825,0.089736976,0.09953435,0.0041060946,0.0048314906,0.0032485228,0.004826132,0.23165078,0.19057277,0.46485084,0.5003313,0.03472691,0.03443543,0.16579688,0.16004111,0.00794408887948733,0.013456339309848516,0.00541397441842548,0.007207015062248985,0.01178930078123828,0.014228348893980064,0.01491652178549767,0.014531402168773659,0.011276905989422357,0.013247329696854944,0.007959063897154832,0.009974784161644544
45,0.044776376,0.060787402,0.083359204,0.086903155,0.02261885,0.03143649,0.06429696,0.05894085,0.64015436,0.6192922,0.021872107,0.04047428,0.12292217,0.102165654,0.045933004,0.060793806,0.083324656,0.08691872,0.022902252,0.031443905,0.06475102,0.058949035,0.63730454,0.61926144,0.022354888,0.040481053,0.12342964,0.10215204,0.08765267,0.081683055,0.0032980887,0.004452706,0.0037938734,0.0051376736,0.24258018,0.21795471,0.43969643,0.48118156,0.028598864,0.036716614,0.18208231,0.16200651,0.008935121265258548,0.013250720925773413,0.006433344186121309,0.007322552984516375,0.011410428699205997,0.01683509041631091,0.015176598813116756,0.015576187708088466,0.010991699163125902,0.014433925537185923,0.008043583688978156,0.009485834023333556
46,0.04886013,0.063685395,0.09010513,0.10261976,0.028348116,0.041997492,0.04350066,0.041628893,0.6418448,0.6076644,0.03020829,0.033750523,0.11713288,0.10865353,0.049308106,0.0636885,0.09060924,0.102607526,0.028301828,0.041997198,0.043684475,0.041631375,0.6406994,0.6076537,0.030257825,0.03375368,0.11713915,0.10866808,0.083704166,0.10704908,0.0040436774,0.005079982,0.004799483,0.0078054424,0.21653034,0.18205948,0.47634178,0.47948867,0.033630367,0.036158852,0.17478956,0.17220283,0.010799294281559494,0.013022349727534969,0.005870036300358794,0.007605273913631089,0.015120732412705916,0.014504689406930622,0.014871485106534509,0.01511568676766348,0.012587999146555373,0.013823221951439696,0.007820784295684568,0.007553223435807487
47,0.0553146,0.06954318,0.07284679,0.11324904,0.030024836,0.03670384,0.053910457,0.036439974,0.63791966,0.60213083,0.026886953,0.037675906,0.12309666,0.10425724,0.055936098,0.06954498,0.07248917,0.11324758,0.03031837,0.036702357,0.054661915,0.036424372,0.635015,0.60210294,0.027880779,0.037678834,0.12369866,0.10429891,0.08163357,0.09930467,0.0036437656,0.007179192,0.004858848,0.0070204083,0.24083616,0.20972882,0.45527586,0.4723699,0.031708356,0.04067015,0.17515676,0.15095404,0.009106192075728162,0.014143908674456553,0.006440133792643778,0.009723156376221433,0.013137213158064645,0.01688299059423216,0.01305647144363558,0.014327645062546567,0.010708062748318061,0.01445149481007623,0.007812663574818524,0.009874723082838512
48,0.052031692,0.065055214,0.08088306,0.108911924,0.02960946,0.04468363,0.047476757,0.042013608,0.63479704,0.6049253,0.025525864,0.03795829,0.12967612,0.096452035,0.052687604,0.06501156,0.08085336,0.10891094,0.030348774,0.044737063,0.047797877,0.04197415,0.631771,0.6049766,0.025644906,0.037959397,0.13089645,0.09643033,0.09161942,0.096469335,0.0034841266,0.005201632,0.0048853643,0.0068005417,0.2186886,0.21552433,0.47815245,0.46419188,0.029047523,0.0363344,0.17036563,0.16576324,0.010266838473984758,0.012156771528756782,0.006624573573412709,0.00696329977682296,0.014054278171913261,0.015383069077145489,0.013469705558369257,0.015179881317936812,0.01174222101262592,0.01303664946930983,0.00896487528003108,0.010214702040478937
49,0.05337999,0.059026375,0.09185763,0.09138365,0.029382523,0.03190066,0.044882923,0.045065727,0.6473355,0.6394517,0.025614385,0.034481015,0.10754704,0.09869091,0.053767003,0.059063718,0.09155553,0.09144311,0.029303197,0.03188229,0.045084808,0.04507019,0.6463653,0.63929033,0.026484393,0.034487117,0.10743976,0.09876326,0.08202004,0.09485943,0.0045651984,0.004253622,0.0037454995,0.0050735376,0.22252242,0.2199488,0.48556232,0.48699823,0.031324368,0.035955552,0.1618342,0.14421803,0.008306431723232238,0.01174651962089268,0.005355467267814478,0.006784845715119777,0.012843685973106662,0.015713553817148472,0.013483675133181959,0.015563222296254214,0.009853477756660454,0.012286988685248296,0.007739128046404236,0.009449481978276612
50,0.04572734,0.04811774,0.07865774,0.095327355,0.039425425,0.034048524,0.052222732,0.05903247,0.6466148,0.6018297,0.02652493,0.03244975,0.110827036,0.12919441,0.04688902,0.04828382,0.07845742,0.09554272,0.039273042,0.03404145,0.052784655,0.0590693,0.64393234,0.6012745,0.027295012,0.03250392,0.11136853,0.12928434,0.09483162,0.08813083,0.0036007261,0.0032868653,0.003946185,0.0038802542,0.2197148,0.22411472,0.4562497,0.4725816,0.030489491,0.030144177,0.17835595,0.16648123,0.009919533054141077,0.009106797100695709,0.0055481018737851785,0.006766582421956177,0.013232395843790486,0.01269331281457694,0.016046409889907354,0.01609391027807296,0.011287627079828439,0.012583947296475448,0.009593962682546203,0.009148565708907442
51,0.056171726,0.06191354,0.09753495,0.09217278,0.031597238,0.035140835,0.05559848,0.04423796,0.60786915,0.6383236,0.034929007,0.032233346,0.11629946,0.09597798,0.056390114,0.061914988,0.09768165,0.09232364,0.03174186,0.03516681,0.05629769,0.044241868,0.6064691,0.63808155,0.035065655,0.032313548,0.11635398,0.09595756,0.09736709,0.10101149,0.0037242498,0.0033339134,0.003405324,0.0044475496,0.22793745,0.19708468,0.45921147,0.49135497,0.0315414,0.031790018,0.15860052,0.16733938,0.009904907536335938,0.011452946541002403,0.0062173993022780535,0.006971696194280733,0.012790530455925563,0.015163666086726443,0.01632682197015736,0.013958158250466549,0.01028135712719821,0.012039172205784114,0.00877250368074705,0.007374441058875608
52,0.039910574,0.045004427,0.08183236,0.08574706,0.022727638,0.031633694,0.052728202,0.05477087,0.62888426,0.61982775,0.026536325,0.042117685,0.14738066,0.1208985,0.039622802,0.045014735,0.08222858,0.08569642,0.02261187,0.03161795,0.053255223,0.054825954,0.6272618,0.61982346,0.026669692,0.042122666,0.14835005,0.12089883,0.07673316,0.07940099,0.0034556591,0.004288275,0.0054859696,0.006886172,0.23006453,0.21394837,0.47333288,0.4683639,0.025015758,0.04224348,0.17130084,0.17324881,0.007360670429159977,0.00935422641096843,0.005624613219430097,0.005688796375999328,0.01031386052374667,0.013711664541439097,0.013989079632164633,0.013690747479843187,0.009683608461219973,0.011014309656170337,0.008076101345583002,0.007319385832725699
53,0.047549672,0.059482004,0.08305698,0.0926922,0.032701362,0.03879298,0.05411202,0.0358702,0.6512853,0.6326004,0.021622466,0.03516564,0.10967217,0.10539655,0.048298463,0.05948859,0.08327097,0.09269409,0.032903075,0.03879344,0.054388043,0.03590838,0.648913,0.6325703,0.021912968,0.03515848,0.11031342,0.105386734,0.08444214,0.091509,0.0034358567,0.0045793233,0.0043372004,0.0063933367,0.21479906,0.19440949,0.47695512,0.506316,0.029223554,0.033162463,0.1845481,0.15897818,0.008973020641760551,0.009319975413946382,0.006334302275875487,0.007409904404572581,0.014015964708464184,0.015723653979840147,0.013830049774135527,0.011672569273426178,0.011242470048738958,0.012178188697458701,0.008338726319181814,0.0072678021353974045
54,0.030724682,0.06636125,0.06663463,0.09444005,0.028420629,0.03233901,0.057363745,0.041984316,0.6564822,0.62287873,0.02596074,0.034138218,0.13441332,0.10785844,0.031158809,0.06637633,0.066713884,0.09444193,0.028447064,0.03233836,0.057950668,0.04202386,0.65542716,0.6228393,0.026176833,0.03414134,0.13412558,0.10783889,0.07146422,0.09491019,0.0028151323,0.0043148254,0.0024517472,0.004320824,0.22192681,0.20308536,0.48637918,0.490313,0.029129071,0.033322696,0.17572701,0.15663625,0.007484920821764393,0.01236361717249521,0.005529177920663287,0.0073291704315801365,0.011063815853578284,0.017554846679236333,0.014637215795244645,0.015576829960704655,0.010473239464234394,0.012774922961721499,0.008518560172244742,0.00850040724641182
55,0.03735619,0.057174288,0.06473563,0.10390843,0.0229245,0.034850355,0.05232314,0.047336187,0.6799489,0.5954356,0.01969789,0.03364273,0.12301376,0.12765236,0.03801285,0.0571751,0.06473614,0.103907146,0.023553759,0.03485079,0.052940905,0.047298618,0.67750406,0.5954565,0.019761281,0.033643134,0.12349101,0.12766872,0.069942616,0.08676751,0.0027905267,0.0051466404,0.0053588697,0.0046894774,0.24084842,0.20235029,0.46807253,0.4848857,0.021474928,0.032613315,0.17509396,0.16981529,0.0068933338819425,0.011556694549226476,0.005106488243429135,0.008255200884153858,0.011397683586272063,0.016514797546146345,0.015752308246073172,0.014050761863478289,0.009286063024108511,0.012320008808268052,0.010966827458013684,0.009163994302851194
56,0.053228408,0.048187595,0.09211791,0.08474604,0.03389918,0.02823556,0.05518369,0.05289675,0.6192657,0.6422321,0.027792178,0.033406682,0.11851295,0.11029523,0.054122344,0.048189327,0.092200644,0.08474788,0.034357827,0.028235562,0.05544801,0.052896347,0.61686105,0.64222616,0.0280616,0.03340965,0.11894848,0.11029504,0.08658558,0.08384804,0.006003095,0.0032449127,0.0068548187,0.003306096,0.22293101,0.20403032,0.4610165,0.5121624,0.03284911,0.03077027,0.16838211,0.15384585,0.010374226346307911,0.008920758126682077,0.0058662497539279535,0.00613712788774686,0.014323006919763718,0.012965216744884305,0.015378300920103144,0.01143703240254877,0.010394000932515272,0.010506424284024414,0.009412995573461662,0.007346730994835602
57,0.054545507,0.06469556,0.07580892,0.10319535,0.035514165,0.04615615,0.058666773,0.04637993,0.62443364,0.5794511,0.03195129,0.047148563,0.11907971,0.112973355,0.05497974,0.064594574,0.075574085,0.10320007,0.035401933,0.046183184,0.058796085,0.046564106,0.6238016,0.57927,0.03213616,0.04714116,0.11931045,0.11304685,0.0936137,0.09513297,0.0032852124,0.004918091,0.0063712713,0.0060348767,0.21775632,0.21735278,0.45716387,0.46466523,0.036877993,0.03810807,0.16874906,0.16388717,0.008443588360260212,0.011730968686022171,0.005193720113153453,0.008205905860639762,0.013007066122468575,0.01836619133715539,0.015474905725613558,0.013785228329681432,0.010493692155744389,0.016426771632315373,0.008268256801371991,0.009628089224971978
58,0.04766951,0.0531951,0.06680962,0.08089664,0.02110299,0.03384668,0.04704495,0.03844529,0.66610765,0.64181346,0.033948943,0.03476274,0.11731633,0.1170401,0.048242275,0.053308748,0.06705858,0.08088214,0.021778382,0.0338454,0.047176305,0.038543146,0.6637252,0.6416178,0.034571648,0.03477648,0.1174476,0.11702634,0.08448066,0.085974716,0.0033723405,0.002901136,0.0041214833,0.004591388,0.19524862,0.19537681,0.5063462,0.50650805,0.0313713,0.037524164,0.16968855,0.15671103,0.011076184386759103,0.010842728978779057,0.007727844924857376,0.006635739473029784,0.01508334433723942,0.01575887117725561,0.01708734120210188,0.013162535626071796,0.011559666784714736,0.012052827826422124,0.010284213294013475,0.008419895645890343
59,0.051111538,0.048327513,0.088263996,0.08899761,0.036565352,0.026173482,0.032837678,0.06454012,0.65101236,0.61684304,0.027355714,0.035883825,0.1128533,0.119234405,0.05185106,0.048529696,0.088567354,0.08886719,0.03761278,0.026188923,0.034059975,0.06455321,0.6467251,0.616629,0.027816564,0.035918985,0.11336713,0.119312994,0.09520478,0.08149075,0.0032526366,0.0041701547,0.005037697,0.004010909,0.18252642,0.23769437,0.49916616,0.46420658,0.03267577,0.035380263,0.1741156,0.15344062,0.009688849185808925,0.009906127526991403,0.006400840299600259,0.006607077226918492,0.014157863458779257,0.01402581431774079,0.013417519735631003,0.015027858740763053,0.010020670478663264,0.0103295194417675,0.007879794224770678,0.008344392126053153
60,0.04768172,0.06345869,0.08186994,0.09451299,0.025537275,0.03263198,0.041362505,0.040772755,0.6579183,0.6294301,0.022509823,0.04229267,0.12312048,0.096900806,0.04835,0.063538454,0.081765234,0.09449016,0.025475664,0.032726448,0.041149158,0.04077461,0.65689933,0.629315,0.02273422,0.042323038,0.12362641,0.09683224,0.094658636,0.09179335,0.0038639565,0.004758625,0.005332352,0.004359374,0.20867555,0.20111182,0.48407036,0.5006404,0.026542272,0.040752243,0.17212138,0.1534518,0.009555827525679388,0.010502968466111257,0.006027212807498943,0.007453237131268724,0.012593783659471267,0.015526160387363598,0.013802849622573166,0.014015764601170268,0.010338156790456273,0.012766482094682018,0.00792824383308698,0.0076640715926044965
61,0.040827796,0.057765815,0.08525279,0.09626504,0.023441136,0.049506947,0.056808963,0.03777882,0.6496355,0.61429334,0.029141229,0.034945417,0.114892624,0.10944459,0.041385006,0.057803262,0.08529623,0.09624575,0.023746137,0.049501665,0.05767926,0.037781943,0.64743215,0.6142274,0.029492185,0.034958314,0.114969015,0.10948165,0.08031226,0.09532948,0.0032989169,0.004405805,0.004299288,0.006886039,0.23457341,0.20382923,0.46333688,0.49195752,0.031154592,0.037706353,0.17031793,0.1471346,0.007597089347726251,0.012537429007316893,0.00505239051806336,0.007938931712158372,0.011292981305653246,0.017877224125247664,0.015535784210949113,0.012947666282042542,0.010183081531683378,0.013956643075095252,0.008501510963071144,0.008590847723975135
62,0.04272649,0.06311768,0.054868974,0.093449354,0.027244816,0.052316878,0.066074885,0.030855672,0.6484713,0.6141151,0.027380595,0.037768535,0.1332329,0.1083768,0.043200724,0.063119166,0.054995067,0.0934486,0.027233196,0.05231755,0.06647918,0.030855786,0.64738363,0.61411464,0.027602991,0.037775543,0.13310523,0.1083687,0.0798853,0.10650369,0.0029138613,0.004759079,0.0046352614,0.009955742,0.23618816,0.17576914,0.4607977,0.50611407,0.030885363,0.03610261,0.1798993,0.15411977,0.006836532697921518,0.014454135240977455,0.004890905304404353,0.009448590825161236,0.011252478024796014,0.02240324425374156,0.012085086327143852,0.012945220916311766,0.008910446963893145,0.016592297536983557,0.005919820130736578,0.008335571926023895
63,0.04939863,0.055773895,0.098044746,0.081501804,0.036657393,0.030881092,0.05086075,0.04558285,0.63109803,0.6366725,0.03123588,0.033642083,0.10270458,0.115945764,0.051189013,0.055809435,0.096713915,0.08148579,0.0367106,0.030880991,0.05113513,0.045580767,0.6282179,0.6366538,0.031774983,0.033641215,0.10425849,0.11594799,0.09686577,0.09465277,0.006561096,0.003472435,0.007601354,0.0045437478,0.258299,0.1975601,0.43344355,0.50269204,0.04369423,0.030763507,0.14524828,0.1602072,0.009531111064462975,0.01006393777706317,0.0061853262371350535,0.005722366397306129,0.012056537765336713,0.014085125826202619,0.016780504430950742,0.011662938676517902,0.011773546198133401,0.011639407198204513,0.009583204117681907,0.007630777429292313
64,0.040262315,0.050890017,0.07805471,0.08382789,0.019697152,0.035033632,0.04944097,0.047845397,0.6735402,0.6161651,0.027205482,0.03920277,0.11179922,0.12703522,0.0409722,0.050916813,0.077817865,0.08379808,0.019857332,0.035034794,0.05019447,0.047842447,0.67061925,0.61613905,0.027581543,0.039203495,0.11295735,0.12706532,0.08005928,0.08889362,0.0028117623,0.005424599,0.003541997,0.0047425367,0.22664624,0.20567353,0.46973246,0.48399785,0.031454302,0.03953191,0.18216538,0.15913379,0.007455118413809675,0.01147972422923467,0.005552537846411773,0.006121546007179907,0.009754210857343681,0.01636050261633923,0.014632069722285219,0.013545469203749752,0.009294663234157024,0.012887405742853018,0.008635197063043372,0.008503982142606335
65,0.044259705,0.057911463,0.067952596,0.09961523,0.027294254,0.047798686,0.0499141,0.053947397,0.6468903,0.5882745,0.032797977,0.032759637,0.13089111,0.11969309,0.04420695,0.05804709,0.06848987,0.09962939,0.027475394,0.047792234,0.050206322,0.053864963,0.64547217,0.5882108,0.03294843,0.03276207,0.13120088,0.11969346,0.07850724,0.09033996,0.0029974165,0.0048983726,0.005902076,0.008446662,0.22303092,0.22026071,0.45233664,0.46804386,0.035256833,0.03560634,0.19336385,0.15388343,0.008557922764648469,0.013003033546466557,0.0049702135140996095,0.008786611141854651,0.010948198463321901,0.017326787022224347,0.014848256894446884,0.013258156700931951,0.011430223608670896,0.01374922029472515,0.0080209783282622,0.010195488447082303
66,0.040047802,0.062032774,0.07419248,0.09306347,0.03394683,0.04449424,0.055425607,0.049354136,0.6451711,0.615345,0.02910898,0.033474665,0.122107185,0.102235734,0.040877387,0.06203357,0.07459394,0.09306339,0.034494422,0.04449436,0.056361437,0.049354367,0.6414454,0.61534697,0.028901657,0.033474583,0.12332575,0.10223272,0.07716284,0.0838745,0.0034533504,0.0035767048,0.006622644,0.0059913653,0.22916012,0.22134066,0.45547915,0.46708944,0.033401467,0.03137762,0.18449786,0.16915607,0.007790890135223231,0.010924963666447084,0.005359742891731441,0.007451682012873389,0.011236726387063571,0.015237911175762515,0.012326090946862631,0.015776520001065875,0.009568604498772459,0.013087748483554141,0.007360158452935904,0.008820172913126851
67,0.046246514,0.06280157,0.06994706,0.103548504,0.020859428,0.031899218,0.04767988,0.038556404,0.6674478,0.6192301,0.027481113,0.03929404,0.12033818,0.104670174,0.04662455,0.062803306,0.070137784,0.103538506,0.020909665,0.031901035,0.048248522,0.038556475,0.6660731,0.6192339,0.027866954,0.039299596,0.1201394,0.10466713,0.07555204,0.102296375,0.0031354954,0.0041191713,0.0031642278,0.0034281285,0.22026119,0.18950371,0.4809727,0.5104081,0.028343081,0.036266126,0.17096043,0.14800149,0.008437548103734899,0.011386705390818938,0.004906347290998867,0.007296351965141555,0.012770857815690841,0.016942748722695335,0.014134332186249958,0.012982542231033758,0.010404783246141473,0.01172092667076999,0.008046581055106935,0.009387491447858158
68,0.046587907,0.059233073,0.07207148,0.08035628,0.01692895,0.028485244,0.049469016,0.044620413,0.6642182,0.6387056,0.029025344,0.035159454,0.121699095,0.11343992,0.047632854,0.059230685,0.072807156,0.0803538,0.01733324,0.028486187,0.050524507,0.044625666,0.6596661,0.63870454,0.029100746,0.03515951,0.122935325,0.11343966,0.0785607,0.092590995,0.0027336434,0.0053051515,0.0024686912,0.0044289604,0.21778741,0.19257683,0.47869736,0.5090459,0.027714863,0.031634983,0.18020329,0.15898836,0.007745600288010161,0.009961262528464044,0.004987982256521706,0.006091847553416061,0.011090627319931741,0.015627186801152052,0.014762627286389014,0.014481338971875183,0.009424595389711557,0.012984840022345876,0.009134571417278707,0.009013313075777718
69,0.045975577,0.063355744,0.08941528,0.09902961,0.028670944,0.029103661,0.054032173,0.046473034,0.64278,0.60562897,0.02337631,0.04656016,0.115749694,0.10984883,0.0466076,0.06344154,0.09047601,0.09894828,0.028782956,0.029103909,0.05420624,0.046507422,0.6398525,0.6056748,0.023925308,0.04656932,0.11614934,0.10975472,0.08706047,0.090554975,0.003931592,0.0048743854,0.0059143836,0.005004822,0.2228519,0.20149925,0.4710672,0.47749412,0.030547546,0.042257268,0.1741525,0.16838434,0.008828230396094443,0.011017243248775944,0.004953636814205269,0.007261739268754778,0.013931860856707697,0.014883515713895621,0.013873588901155625,0.013789647330322586,0.010533591604174131,0.01346988788472309,0.00892901138956177,0.008377657660410579
70,0.046238534,0.053944834,0.0838621,0.08388681,0.02303069,0.03887567,0.060476087,0.06947053,0.629234,0.5942704,0.033104885,0.049970854,0.124053694,0.1095809,0.047755126,0.053956732,0.083606414,0.08394255,0.023800733,0.03888022,0.0609139,0.06947814,0.6243271,0.5941793,0.033350717,0.049977638,0.12624596,0.10958547,0.08213653,0.08780251,0.004166696,0.0056540826,0.0026692497,0.005897223,0.23855862,0.2511118,0.4449088,0.43935293,0.037922982,0.04541583,0.1829287,0.15164909,0.007477513987232135,0.010085991811910769,0.0053596038554670836,0.005999384627549757,0.01209166411383575,0.015197053628070088,0.016382345417299764,0.018286983398094415,0.011481243685762754,0.012391058741870848,0.009316844464790428,0.010236217189055688
71,0.09024241,0.05915697,0.10968268,0.09568121,0.03090019,0.033687253,0.029572304,0.0513685,0.6037986,0.60822934,0.032096796,0.034812763,0.10370697,0.11706393,0.09068906,0.059157345,0.109984316,0.09567673,0.031065164,0.033689205,0.030280232,0.05136814,0.60152215,0.60822767,0.03224898,0.034813795,0.10421008,0.11706709,0.11589047,0.087399065,0.0045738863,0.0048048445,0.005482253,0.0034528833,0.17881192,0.23009124,0.49506065,0.46955717,0.03478709,0.03742246,0.1601303,0.14895074,0.013001150495381034,0.01149090838330127,0.0067534001612549995,0.009060640309188387,0.014302147867479556,0.017673966469518066,0.013211308684021731,0.01363085453334355,0.012733672057089468,0.013890273905060539,0.008609752447158753,0.00739169116550188
72,0.04983069,0.06005392,0.08118531,0.07917554,0.023662733,0.032884207,0.05839763,0.033445474,0.6266547,0.6446321,0.033197764,0.036033962,0.12707116,0.11377482,0.050254636,0.060052685,0.08059,0.07917312,0.02380354,0.032884456,0.059537053,0.03344233,0.6243609,0.64464396,0.033438478,0.036034103,0.12801538,0.11376931,0.08358524,0.09756147,0.003060054,0.00432366,0.0036860232,0.0030131896,0.24421352,0.21119773,0.43428722,0.48095453,0.03189652,0.033771504,0.1776615,0.16548432,0.0103414703208777,0.011057471193453587,0.006521003408164278,0.007348886627882828,0.01390469196491272,0.014000472552383172,0.013268963514035325,0.014118378047748783,0.011692414771114377,0.013448200227709435,0.00800413034793951,0.009922902710256415
73,0.047443356,0.05440334,0.07734563,0.10139764,0.030658532,0.026895557,0.053764217,0.06561005,0.65274954,0.61488134,0.027690616,0.035060465,0.110348076,0.10175161,0.048783485,0.05443322,0.07754822,0.10142165,0.030875368,0.026968831,0.054371536,0.06557453,0.6484205,0.61478925,0.028189179,0.035076067,0.11181169,0.10173648,0.089516446,0.084492296,0.003663646,0.0074778055,0.007086145,0.0033900135,0.22451563,0.23505484,0.46084458,0.46224588,0.030262617,0.03553731,0.1750772,0.15877253,0.008082294100394084,0.012230773865294106,0.004534260190115776,0.007523613762678501,0.012508415085465761,0.015509455738886709,0.012161733552872474,0.015318844388425977,0.010389243172880409,0.014267255272006289,0.007345267907261729,0.00920596717228527
74,0.052065816,0.048895862,0.07362365,0.08664704,0.027135048,0.029413655,0.045551803,0.04175489,0.648747,0.641191,0.03425575,0.037926417,0.118620925,0.11417113,0.052498918,0.048933487,0.07341372,0.08665551,0.027808633,0.02941134,0.04533563,0.041764136,0.6458958,0.64107656,0.034927458,0.037927832,0.120119885,0.1142311,0.08340454,0.093695536,0.0025438021,0.0049788607,0.0041837976,0.003803804,0.20663385,0.2032475,0.48416626,0.48853505,0.02905181,0.030977637,0.18029583,0.17000932,0.009835988321234118,0.008857047070212709,0.005451417387828843,0.007775310293061941,0.01373126529788501,0.016879479012486192,0.014506034547502562,0.013881319761007383,0.01101658711318769,0.013559529324172863,0.00860808771814714,0.008548411744981041
75,0.057160135,0.053506076,0.097441584,0.09473362,0.0312785,0.025510954,0.039176796,0.066299975,0.623267,0.609213,0.02989733,0.036931925,0.121778674,0.11380442,0.05813117,0.053621665,0.09759479,0.09475656,0.03176784,0.025529744,0.03885194,0.066267595,0.62132466,0.6091313,0.030284535,0.03692548,0.12204511,0.113767676,0.08908719,0.08720661,0.002989986,0.0054923054,0.0032294323,0.005382598,0.19901866,0.24598202,0.5081731,0.45112273,0.025887663,0.037993744,0.17015955,0.14945896,0.00970526199524993,0.01021259971933357,0.006394902575400656,0.006559445226220858,0.014768124293671551,0.013222358086445292,0.012768509214304558,0.015452243980207196,0.011635105631299682,0.011542396344193583,0.008495334402934566,0.008427560619062253
76,0.05034449,0.06323071,0.090175785,0.090001754,0.028473925,0.029070482,0.047940765,0.040116373,0.62786096,0.6395244,0.032948714,0.030064618,0.12225538,0.1079917,0.05092886,0.06323071,0.08994428,0.090001754,0.028833136,0.029070482,0.04819085,0.040116373,0.62642175,0.6395244,0.03325521,0.030064616,0.12242592,0.1079917,0.09276361,0.09792454,0.004584797,0.005088029,0.0056294105,0.005282234,0.21821122,0.20663188,0.45145512,0.48635453,0.036947448,0.029068042,0.17919496,0.16206576,0.011444723206564426,0.01152411515347295,0.007891034796974991,0.006424156412031928,0.014494974064020043,0.016238146481292796,0.016393720003661856,0.014352054239802386,0.011340555562440605,0.01334537548934345,0.00926135757096086,0.00918222371687105
77,0.049167,0.07202019,0.07779642,0.119657315,0.021895189,0.039672576,0.058907956,0.03450326,0.656064,0.59403646,0.02579662,0.03583004,0.110372804,0.10428014,0.050396193,0.07201898,0.07762799,0.11963869,0.022173619,0.039673768,0.05980837,0.034503758,0.6532826,0.5940511,0.025728311,0.03583343,0.11098299,0.10428025,0.08255157,0.10553661,0.002579046,0.004881664,0.0040541915,0.0055359015,0.23105058,0.20625159,0.47106484,0.46940345,0.025852581,0.038412984,0.17185836,0.16106333,0.008967350986797545,0.014436887975937238,0.005547815572051426,0.009323265403785821,0.011605296800381165,0.018019956646055234,0.0133358343886278,0.014044903673059415,0.010117159598356755,0.015303634927039834,0.008294713672198823,0.00825161335625311
78,0.055793244,0.07009749,0.093479276,0.08617051,0.036998715,0.029729987,0.03906505,0.04735148,0.63449603,0.6423499,0.02555724,0.03703435,0.1146104,0.087266274,0.056546792,0.07009853,0.09453842,0.0861709,0.036916696,0.029727655,0.04011767,0.04734856,0.63075763,0.64234096,0.025705634,0.03707716,0.11541712,0.08723625,0.09508364,0.08942321,0.004914876,0.0034813436,0.0067046154,0.0028672533,0.20537306,0.19709608,0.48164698,0.5081366,0.032361597,0.035114367,0.16601749,0.1504799,0.00926169767686613,0.011747607814627439,0.00654191431449458,0.007555372892733641,0.014307524379086469,0.015858590093916276,0.012041849906176976,0.013844348105034104,0.01061774521004333,0.011819157234910274,0.008125524414000973,0.007888694421479355
79,0.06097916,0.063807696,0.107173875,0.10527963,0.03878105,0.049799055,0.048656866,0.06059049,0.5803793,0.5545877,0.039830964,0.04607533,0.124198794,0.11986004,0.061080817,0.063824475,0.10730114,0.10529136,0.03889797,0.0497963,0.048669457,0.060590707,0.5800936,0.55456436,0.039785273,0.046074804,0.12417173,0.119858034,0.0972785,0.09379557,0.0040288484,0.0055916994,0.006443725,0.007272045,0.21212882,0.21602286,0.45593417,0.44757,0.03658932,0.045980647,0.17923184,0.16885224,0.01079277211132963,0.012093342165976073,0.0072352525765811875,0.007280471730243094,0.014082683157524579,0.016982421014691176,0.014180399909937823,0.014961368619637368,0.013607216880918933,0.01341389124672155,0.008576436024212337,0.008680130596769057
80,0.05790449,0.052896686,0.093285516,0.093017414,0.028494753,0.029125465,0.045347568,0.06701877,0.6305383,0.6014701,0.025620494,0.040658295,0.11880885,0.11581324,0.05854002,0.05289996,0.09355114,0.09300722,0.028260006,0.029125893,0.045572028,0.06701927,0.6292721,0.6014915,0.025781324,0.040658567,0.11902337,0.115797594,0.08627347,0.088467136,0.0033083349,0.005172318,0.0064462884,0.0044041974,0.22366384,0.22785011,0.46555203,0.4691136,0.031623114,0.039311137,0.1736352,0.1537489,0.011066709573384808,0.00924473985785982,0.0063463605883744036,0.0070038522108159355,0.013005479264159604,0.013198315032490271,0.01611001789757569,0.015757132957539166,0.011021995072250108,0.011801774962851277,0.009181740485244588,0.007910327964310574
81,0.04428789,0.06507185,0.08807302,0.10677949,0.024856437,0.0305696,0.03927301,0.04679436,0.654342,0.6067691,0.025356669,0.035012066,0.12381096,0.10900356,0.044991698,0.06512412,0.088164076,0.10678075,0.024651395,0.030600134,0.039764337,0.04693758,0.65146035,0.6064012,0.025862325,0.035057303,0.1251058,0.10909889,0.09835812,0.10017617,0.004464532,0.004050988,0.0041678944,0.0064465883,0.20059782,0.2034217,0.4655499,0.47900006,0.030345459,0.040307306,0.18936509,0.1560194,0.007771495191381755,0.012764924599310208,0.004510439018245249,0.007938938807113518,0.011917525101266752,0.016622329197728467,0.013240662164763042,0.014182231268896197,0.009922281116298635,0.01253725891505425,0.008725384601993645,0.008025381051088342
82,0.060854584,0.051362958,0.106791414,0.07158605,0.028895682,0.026563704,0.037301324,0.06652425,0.6285678,0.6214532,0.025798436,0.045119576,0.111790754,0.117390186,0.062141597,0.051363483,0.10742119,0.071599625,0.02867778,0.026563475,0.037538674,0.06652014,0.62477946,0.62142026,0.02731845,0.045120977,0.11212287,0.117412,0.0987538,0.080342315,0.004572329,0.0029063146,0.0053249854,0.0048455037,0.19172817,0.23664251,0.48863643,0.46659327,0.0292304,0.04424227,0.17324024,0.15179078,0.009776030826144132,0.008781051688921434,0.0069110197644049074,0.005068822191763519,0.013960545036519615,0.012905580438365353,0.01345721668847592,0.013787009622273064,0.009482852547290406,0.009901220748332518,0.007047726788391581,0.008438016886009581
83,0.049139228,0.069716096,0.07517057,0.106991075,0.03545395,0.039639108,0.052374527,0.031876434,0.6318952,0.59256727,0.02906836,0.034665603,0.12689814,0.12454441,0.04965339,0.06978647,0.07568888,0.106907114,0.03567265,0.039646283,0.053023756,0.03198243,0.6293106,0.59248304,0.028642964,0.034622774,0.12800775,0.124571905,0.08724429,0.09765099,0.0035102977,0.0050052456,0.0072620558,0.0066299224,0.20781787,0.18502156,0.47613478,0.49184895,0.031850208,0.035217147,0.17195426,0.16402711,0.008402320679222674,0.01140652435349668,0.005315355537889602,0.007830033343094758,0.013151551288245725,0.016852786140472704,0.014127747704516956,0.012388154949047688,0.009585976320908076,0.01248542360917039,0.00938241916562868,0.008520584689011453
84,0.04213835,0.06721634,0.07410843,0.108803235,0.025034396,0.04204636,0.060651425,0.04873943,0.6435517,0.59597206,0.028730614,0.032182727,0.1257851,0.10503987,0.04330654,0.06721651,0.07411815,0.10880334,0.025370039,0.042046405,0.061466984,0.04873927,0.64063114,0.59597176,0.02886012,0.032182805,0.12624702,0.10503994,0.09133595,0.09378216,0.0032102403,0.005144449,0.0040536206,0.005135077,0.23387136,0.21492401,0.44381645,0.47897112,0.036508083,0.03660237,0.17491096,0.15395048,0.009344204886829044,0.013778858174214488,0.005623689055149438,0.007851461604004732,0.013547451198799108,0.021884257708632816,0.01432164901267623,0.013872995197891792,0.010859267061529366,0.014723894588296886,0.008181973336169148,0.009093553235426474
85,0.0447159,0.0567825,0.08404199,0.087622695,0.025347235,0.030600311,0.057086896,0.045061354,0.64903766,0.6296482,0.029370641,0.04101415,0.110399626,0.109270796,0.04543675,0.056781862,0.08424659,0.08762729,0.025421418,0.030600367,0.0583092,0.04506677,0.64629394,0.6296393,0.029598303,0.041015152,0.1106938,0.109269224,0.08579851,0.08842076,0.003493046,0.003417542,0.004659892,0.0029837012,0.23370802,0.20680203,0.44507796,0.49344945,0.030675724,0.034278028,0.17689173,0.15621004,0.009274105126051571,0.01112002114981013,0.005174297221543771,0.00657783181941109,0.011467423242937886,0.013089284867607937,0.015984812126685788,0.013799418459005501,0.010913496488848519,0.013106488210884075,0.008947621515166228,0.008274838810172021
86,0.047505353,0.06206578,0.08324484,0.09850504,0.01880344,0.031979516,0.06092603,0.046351176,0.63077974,0.5787895,0.030637806,0.041954555,0.12810276,0.14035444,0.047494333,0.062121548,0.08326657,0.09840139,0.019085357,0.03197526,0.062930614,0.04624554,0.62669325,0.5787685,0.031099895,0.041992456,0.12942995,0.1404953,0.090449825,0.09521257,0.0039101937,0.0055431016,0.0023310243,0.0047343257,0.24685441,0.20035882,0.43278486,0.4816355,0.03820798,0.041592713,0.17533635,0.1621552,0.009130484974014794,0.010443062549768999,0.005723577760848672,0.007658359637711615,0.012138972521624113,0.014532566153355544,0.014337063612335279,0.014088258513245487,0.009196087572945202,0.011484638911216616,0.007685509323532533,0.008998010733695279
87,0.05166988,0.04749074,0.0838432,0.08430014,0.029529512,0.029086059,0.055532157,0.061934695,0.6212505,0.6103311,0.032218795,0.03995177,0.12595595,0.12690543,0.052147962,0.047488417,0.08400029,0.08429211,0.02961686,0.029076176,0.05590219,0.06194646,0.61874664,0.6102477,0.032468546,0.039952647,0.12711753,0.12699655,0.08631487,0.08525205,0.00386929,0.0046828785,0.009447822,0.0028832338,0.22421685,0.23856547,0.47971064,0.44958586,0.030265138,0.038867004,0.15144114,0.16231103,0.009104664441795434,0.010238752505188785,0.006288594628405982,0.006570123098366596,0.011953815299262642,0.012747075105493397,0.016213807867239135,0.016826861481713876,0.01117377384370392,0.010717092812504023,0.009220607402208179,0.00904562909375949
88,0.05111955,0.04724719,0.08746604,0.069581285,0.025339821,0.024907907,0.05317847,0.057793286,0.64049524,0.6418329,0.033598386,0.035383433,0.108802445,0.123253986,0.051520627,0.047254376,0.08779647,0.06958627,0.02543952,0.024912028,0.053308625,0.05776733,0.6386421,0.64174247,0.03384266,0.035385482,0.10945004,0.12335205,0.0794297,0.07481233,0.0044711,0.003600458,0.0039617727,0.003550505,0.22516054,0.22021547,0.4609572,0.4920804,0.03107392,0.029723214,0.17806916,0.16642624,0.009815635323545752,0.008591226641665858,0.007491961203198067,0.007571570947063317,0.013590077924904822,0.012616560793817662,0.016275739411124805,0.013278981557322612,0.011453521045180014,0.011833668550440038,0.009960092005808838,0.008669060357621132
89,0.063175805,0.060243256,0.09698319,0.10044786,0.030294355,0.028375335,0.04426805,0.046711236,0.62776285,0.6107211,0.024982674,0.031907894,0.11253304,0.12159334,0.06485817,0.060253497,0.098221876,0.10044966,0.030604783,0.028362356,0.044842463,0.046716116,0.6233185,0.6106995,0.025385538,0.031901527,0.11276869,0.12161738,0.09707583,0.08801409,0.0037891725,0.005830749,0.004807541,0.006080974,0.21016572,0.22204685,0.4633701,0.47295567,0.024376482,0.038075656,0.18529168,0.15820894,0.009561905137595072,0.01298468430816581,0.006861885322346195,0.007806832731879334,0.01318254446110136,0.013961544165620239,0.014454444169647588,0.015272948152589205,0.010071752435789975,0.011572947401953356,0.008237235063200234,0.010202242506830024
90,0.0589515,0.06298875,0.08446725,0.098396204,0.03244031,0.040959332,0.058970317,0.03972646,0.6088928,0.6041168,0.03094378,0.03220393,0.12533407,0.121608555,0.05974743,0.06298876,0.08431518,0.098396264,0.032529227,0.040962417,0.059823908,0.039725974,0.60719657,0.6041078,0.031082654,0.032204643,0.12530501,0.12161416,0.08789375,0.093328714,0.004058042,0.0034275819,0.003492267,0.0027529097,0.21352929,0.19135132,0.45900732,0.50709546,0.041475847,0.027444728,0.18313551,0.15831976,0.010921731463557311,0.013712005629902548,0.006059618054034203,0.008155132395592195,0.014553648926416475,0.016910001518699987,0.016133961498097024,0.015245652380754236,0.01156802500002833,0.013603321059644275,0.007950434663489013,0.009062674463256547
91,0.05039286,0.059039462,0.08673091,0.093329586,0.027327647,0.023268199,0.06061358,0.055221364,0.62329847,0.61478335,0.02931862,0.041058004,0.12231791,0.113299996,0.050655305,0.05902846,0.087539725,0.09333272,0.027699817,0.023264084,0.06139606,0.055707585,0.6196752,0.61424863,0.02971146,0.041061994,0.12332246,0.11335653,0.08424166,0.0794688,0.0045848098,0.0057806293,0.0059758713,0.002841302,0.23074614,0.21121961,0.44846958,0.49482065,0.032889817,0.03506785,0.17529349,0.15984224,0.011151115792196352,0.010399189529814215,0.008001243811010833,0.00688569826967392,0.012070572244452215,0.013920011872278973,0.017304280000859793,0.015904978589161928,0.011219532800742319,0.012032634303799295,0.011025450546849972,0.007929933426554514
92,0.036346983,0.05936326,0.07977598,0.07824678,0.029666578,0.031844903,0.06124444,0.039655194,0.6366528,0.6601541,0.027085701,0.027689619,0.12922749,0.10304614,0.03650381,0.059410855,0.08084029,0.07823925,0.029247632,0.0318154,0.061266694,0.039657936,0.6348206,0.66015273,0.027279235,0.027689245,0.13004176,0.103034586,0.069575466,0.090227604,0.0047949357,0.0037907083,0.004385633,0.0048360745,0.22687614,0.19877043,0.47657534,0.48671058,0.026249899,0.028240286,0.1696822,0.17351456,0.008779696906202106,0.00965733843564734,0.006698604801935151,0.005105805249071438,0.012604898261000317,0.014060641115773122,0.018919298518360914,0.015224531014657658,0.012158179236915416,0.011516494296414194,0.011079295510186547,0.009535908651470627
93,0.04473673,0.05426426,0.082588054,0.08705296,0.028569719,0.0361154,0.07327279,0.07213642,0.61605394,0.59778357,0.031073067,0.046375223,0.123705745,0.10627216,0.04542475,0.054268822,0.08239792,0.087054074,0.028840603,0.036114585,0.07429768,0.072141506,0.6121961,0.5977747,0.031566467,0.04637575,0.12527643,0.10627057,0.083061464,0.093928404,0.0040851105,0.0039471663,0.0065084547,0.0050626765,0.23408861,0.21589036,0.45913434,0.47423622,0.03184831,0.039796535,0.168882,0.14937623,0.008678063793998412,0.010485193790057462,0.005919497825400361,0.007390768066290096,0.01258700017860729,0.01608280642704448,0.016675280799314594,0.015419096777900116,0.012268391744776822,0.01116406952552294,0.008885454700613036,0.009065552407898272
94,0.058807004,0.046477742,0.08724217,0.08104322,0.030700715,0.024221445,0.059818957,0.038877,0.60395736,0.6513671,0.032313388,0.034185775,0.1271604,0.123827666,0.05969954,0.04648799,0.08747511,0.08102868,0.030812213,0.024267765,0.0612104,0.038935747,0.60028887,0.65115374,0.032518387,0.03420008,0.12799549,0.123925954,0.08815606,0.07433447,0.0052562845,0.00391496,0.0048768725,0.0031168733,0.23925841,0.19672185,0.44760945,0.5171202,0.0341688,0.031116748,0.16551088,0.15571594,0.009307015603697389,0.009227796102400642,0.0072477518093219985,0.007288058120930599,0.012555108826490776,0.014011305932795938,0.017399780051020747,0.014364384813043902,0.012633593116263716,0.011031509858883194,0.009525604222814739,0.007443465721230434
95,0.050385185,0.056096997,0.07918312,0.07596267,0.038238645,0.0251796,0.04511053,0.059120066,0.62988454,0.63256925,0.0367265,0.0368754,0.1204715,0.114196025,0.051260058,0.056101505,0.07992376,0.07603326,0.038284704,0.025135972,0.044927217,0.059235763,0.62770647,0.6324432,0.036773536,0.036880728,0.12112428,0.11416955,0.09297104,0.08741383,0.0051730494,0.0038034637,0.007298969,0.0030044103,0.2257307,0.21429925,0.44992128,0.49738702,0.036584523,0.032273274,0.16491975,0.1544827,0.008899553841620247,0.01014951524623069,0.0066800892030408595,0.006340579893503097,0.011160152899542882,0.01403526394541106,0.013819228866774084,0.01624308136943597,0.010639310648769452,0.011383822410108624,0.007684368953755632,0.008258086793929184
96,0.053639103,0.055953626,0.10236955,0.09086341,0.033794984,0.033843078,0.042168308,0.05605319,0.6226691,0.6179204,0.03040308,0.03932351,0.11495588,0.10604277,0.055323903,0.05602947,0.10343318,0.090913,0.034171145,0.033856448,0.043204997,0.056084387,0.61766756,0.6174269,0.030529095,0.039355855,0.11567016,0.10633397,0.098704554,0.09028523,0.0049938327,0.0042675687,0.0068216487,0.0049712746,0.2200177,0.21284963,0.4458186,0.49350026,0.037726633,0.036163136,0.16640669,0.14656438,0.008959530029058168,0.011114156353524701,0.005752568981864319,0.007444717114984966,0.012686496849069744,0.01658648296377963,0.015004494354724686,0.01524210291226561,0.010671691919673213,0.013472563964123267,0.008728570914701602,0.009638272859248584
97,0.051823027,0.060219184,0.085429594,0.09583842,0.032997556,0.025574913,0.05251834,0.04297582,0.62091905,0.60210305,0.03208683,0.041716825,0.12422564,0.13157173,0.05330503,0.06026128,0.08594988,0.09588598,0.033658523,0.025593672,0.052679732,0.042984307,0.6170096,0.60196775,0.0322026,0.041721966,0.12519462,0.13158508,0.088038616,0.09172068,0.005174106,0.0045949165,0.0046928665,0.004136021,0.22242463,0.19752027,0.46205884,0.48867723,0.037710804,0.040569123,0.16717583,0.1637595,0.010257597305176626,0.009471955618567578,0.007027790838649053,0.007165283186827253,0.013670446456305996,0.015005575594682557,0.01746127449718275,0.013468605659751758,0.013397805779079758,0.01142509819655897,0.010033458252225593,0.007838142806195554
98,0.04568691,0.0674402,0.088624485,0.10871031,0.03835864,0.03567333,0.048612475,0.04376456,0.6119339,0.58607537,0.027945152,0.043157957,0.13883844,0.115178324,0.046429563,0.06751231,0.09073105,0.10867616,0.038142554,0.03568225,0.049158864,0.04380653,0.6078051,0.5855985,0.028228471,0.043252047,0.13950443,0.11547215,0.0854486,0.09521855,0.0055290456,0.0053617386,0.007234216,0.004779283,0.21487753,0.22070935,0.47112396,0.46233088,0.032502715,0.04277051,0.16588196,0.15345791,0.008995240328696663,0.011726470616125275,0.006805746693022581,0.00809718839755953,0.012468935264905926,0.015887578807895705,0.012324779496312166,0.014764543906033737,0.009889433095829965,0.013635712897350749,0.007886376568292339,0.009268333582973843
99,0.054361414,0.04647795,0.0833408,0.07982786,0.022857817,0.026949912,0.049080227,0.05265518,0.6484797,0.6397763,0.02865756,0.032206334,0.11322251,0.122106485,0.055262074,0.046740472,0.08416009,0.07991384,0.022732867,0.026949132,0.049973432,0.052597303,0.64349675,0.6395297,0.02895853,0.03219713,0.11541626,0.12207241,0.08703348,0.080482826,0.0039044402,0.0037433014,0.00281009,0.005198228,0.22537643,0.19993606,0.4753919,0.49144474,0.03165096,0.029032389,0.16027005,0.17944059,0.007977261159011307,0.009492993900200187,0.00555600936057383,0.0070173870328516675,0.011893745234776553,0.015372652634338785,0.014421620591817931,0.014451258500097985,0.01025675087697505,0.012192089911476476,0.007550491502081183,0.008658469291991377
100,0.06395082,0.06406629,0.09317922,0.116643205,0.04204515,0.046824552,0.050761692,0.039375786,0.6004935,0.5893819,0.030791966,0.045200706,0.11877764,0.09850758,0.06469795,0.06416932,0.09320754,0.116591565,0.04298301,0.0468217,0.051404033,0.039348926,0.5964895,0.5893045,0.03141722,0.045229662,0.119800694,0.098534286,0.095068835,0.09663101,0.0037625944,0.0048205177,0.007093623,0.0069325706,0.21530224,0.19336793,0.46779707,0.49691504,0.032810453,0.045090117,0.16459738,0.15257369,0.010928509498532822,0.013185437363410442,0.007375566277954562,0.009429138346844283,0.01478797122857304,0.019125472181941282,0.01440441987249006,0.014181266129828713,0.010605079324388651,0.01426278321031388,0.008090165036928106,0.00791788470593946
101,0.049197108,0.053009465,0.0783165,0.108008705,0.027718265,0.02834858,0.045351323,0.0617503,0.6465797,0.58410925,0.02622618,0.045636192,0.1266109,0.119137555,0.04997838,0.053207636,0.078847386,0.10816045,0.028505284,0.028251255,0.0467918,0.06198399,0.64108217,0.5832253,0.026588222,0.045725483,0.12820673,0.1194459,0.08746694,0.0993771,0.0051421113,0.007108293,0.003967351,0.004559257,0.22116517,0.22198759,0.47964308,0.44431436,0.029279726,0.04493675,0.15624438,0.16094024,0.009479563542733415,0.010572388147608166,0.005960891323246247,0.006369032732930017,0.012650166182458974,0.01381117829994584,0.013862177191268458,0.014806812884861211,0.010090784426937801,0.009644005557557771,0.00827280813154212,0.007697674588614489
102,0.04591759,0.044873063,0.080095895,0.07608297,0.028401036,0.027954964,0.052921433,0.0729208,0.65090203,0.60648775,0.032185234,0.045450628,0.10957681,0.12622984,0.0470042,0.044897627,0.08107255,0.07607838,0.028812677,0.027948797,0.053326465,0.07296776,0.6478042,0.6063987,0.03233738,0.04546466,0.10964254,0.12624404,0.08926387,0.08153035,0.0034408392,0.0036535861,0.0034447848,0.0047588716,0.21814811,0.23102824,0.46218106,0.48723185,0.032961503,0.034511015,0.17425157,0.14237988,0.008470188880665034,0.008856944690428973,0.006143642672293668,0.006551116983128394,0.012665654048653151,0.012785235807227903,0.01359340100043658,0.015634094705538316,0.010926798599085111,0.010896277116062008,0.007202131665850902,0.008686390049339089
103,0.071411535,0.0679255,0.09342361,0.10133925,0.03662178,0.036548026,0.038149677,0.039564647,0.61895066,0.60556996,0.03408287,0.041458502,0.10735988,0.10759411,0.07245428,0.06803734,0.094095394,0.10137377,0.036905378,0.036543895,0.038320903,0.039638575,0.61672837,0.60545224,0.034209523,0.041463647,0.10728615,0.107490525,0.106881194,0.11155073,0.005907498,0.0042852936,0.005192706,0.0053177006,0.19747989,0.19871768,0.4672968,0.4860951,0.037143078,0.041615315,0.17282453,0.15124466,0.008878652397956174,0.011241828466034392,0.006518527157585193,0.007554202784939571,0.012639901527411757,0.01410577274897153,0.014350185874924997,0.013083492758861455,0.00962771211118684,0.012037252938005243,0.00868461822668297,0.008374973085790669
104,0.054417606,0.060272835,0.08819455,0.122088656,0.026999436,0.03360506,0.054574616,0.03766723,0.63681,0.5840088,0.032796577,0.042863227,0.10620723,0.11949413,0.05524253,0.060262736,0.088601984,0.12203499,0.0280923,0.03378537,0.055209532,0.037645586,0.6329776,0.58397853,0.032846775,0.04273795,0.107029274,0.11955484,0.08595274,0.093937166,0.0052200835,0.007187219,0.003448473,0.005543173,0.24606796,0.21038991,0.4536133,0.4945198,0.033880662,0.03989318,0.15916905,0.14704627,0.008382338408703664,0.011601471399045835,0.0060164220488045355,0.007928136591115669,0.012099311142854483,0.015633724857199605,0.014757536769310103,0.013450705720457918,0.011299062663115016,0.01308004020473842,0.008200883272684714,0.008813776569247355
105,0.057992175,0.061415996,0.0945194,0.095302776,0.018041687,0.02271769,0.048712306,0.053708006,0.61470777,0.5987749,0.027244354,0.046280615,0.13878226,0.12179997,0.058837473,0.061715458,0.09500353,0.09557291,0.018475754,0.022728886,0.04914089,0.054079335,0.61108655,0.5975686,0.027982906,0.04633289,0.13947289,0.12200196,0.09680724,0.08081885,0.0036721132,0.0038751294,0.002335275,0.0027931945,0.21272483,0.21592674,0.4550139,0.48974466,0.030568203,0.045097597,0.18339966,0.15392944,0.008941306914594655,0.009962966754109254,0.006441674001554082,0.007780525629808556,0.011300677184198797,0.013174108389922716,0.014727721478474275,0.01417552173406298,0.01074938082959166,0.011503435534150439,0.009159326963562336,0.009085503893850993
106,0.0659829,0.062155098,0.1007322,0.09892253,0.04519301,0.022299336,0.041932072,0.04947849,0.5896192,0.612867,0.038417142,0.0379226,0.11812345,0.11635497,0.067499675,0.062259905,0.0998805,0.09927974,0.046461973,0.022500364,0.04199867,0.049444754,0.58542967,0.61234325,0.038666796,0.03795416,0.120062694,0.116217814,0.0935212,0.08806043,0.0041823327,0.004090063,0.0064529646,0.0028402691,0.20499635,0.21531375,0.46707007,0.48879254,0.034681637,0.032728955,0.17076032,0.16339356,0.010605780405322061,0.01079288059958777,0.007088696707313566,0.006829454241519967,0.0164278680045126,0.013276483974081725,0.014709685945619206,0.016159339734712556,0.011198255498991923,0.01180438518827222,0.008913500922535603,0.009313034101007039
107,0.0587544,0.05850047,0.08335064,0.094998494,0.029291362,0.030532928,0.045245312,0.051710892,0.6195835,0.601004,0.0280567,0.03826224,0.13571809,0.12499101,0.060250286,0.058511112,0.08475845,0.09502869,0.029741384,0.03053369,0.045519356,0.051705655,0.61644405,0.6009342,0.028775526,0.0382686,0.134511,0.12501809,0.076636516,0.07990247,0.004763962,0.00545697,0.0056085587,0.0047942935,0.22075409,0.21119301,0.46837687,0.47897783,0.032163695,0.037561107,0.17835125,0.16846596,0.009589853565245476,0.01145673898169486,0.0058343457810345455,0.006528695475618025,0.013673455811074037,0.016903325647953042,0.015000588921331269,0.014916531302171365,0.010969949967808656,0.014444351046777595,0.00960713219146983,0.007893502726733025
108,0.06558653,0.0571814,0.10483738,0.09234875,0.035063233,0.028384035,0.027239006,0.047982812,0.6272136,0.59560955,0.030215992,0.03499661,0.10984429,0.14349689,0.06751157,0.057208598,0.10605865,0.09221908,0.03504772,0.02841621,0.028619217,0.047976248,0.6211762,0.5953841,0.030883957,0.035038903,0.11070272,0.14375685,0.10508372,0.09355188,0.0046624932,0.0044914754,0.0069760224,0.0047604768,0.17999989,0.20257603,0.48652723,0.48483124,0.03561148,0.040013835,0.17699188,0.16011985,0.010612462719812298,0.009626594878814078,0.0075076381351110765,0.006326973806598047,0.014021346609267024,0.012519813228690247,0.013713583869555696,0.014120750638786896,0.011554854595935653,0.011461890783957398,0.006997593916252626,0.00716473357927844
109,0.057677653,0.057124782,0.10531999,0.09497193,0.02872042,0.034428492,0.06077052,0.054334845,0.5945028,0.6107847,0.037649266,0.04327279,0.115359336,0.10508245,0.05824021,0.057335265,0.1076713,0.095083654,0.029330773,0.034385335,0.060983524,0.05423565,0.5901079,0.61048985,0.038447734,0.043282844,0.11521858,0.10518738,0.080284625,0.0975639,0.0048638387,0.004513788,0.005962916,0.00915552,0.22892845,0.21474499,0.46551123,0.47248194,0.033288836,0.04231403,0.1603227,0.14406778,0.010719373436680234,0.010403555186416117,0.007951277979168617,0.006750015754565512,0.01452842798940748,0.014557882119993707,0.014528293393622183,0.013564691013695576,0.011741869413209167,0.012013475482463948,0.007822619437391248,0.007650860785791014
110,0.055603124,0.059646815,0.082549185,0.08825873,0.025364837,0.0239711,0.03961688,0.055816136,0.65892315,0.6104076,0.028494272,0.03973699,0.10944852,0.12216263,0.05688867,0.05966776,0.08247941,0.088338904,0.025500758,0.0239793,0.039984107,0.05585386,0.6565198,0.610268,0.028929086,0.039736472,0.109698184,0.12215569,0.09000766,0.08673174,0.0045017595,0.004682871,0.0055527696,0.002583797,0.211643,0.21020338,0.4781774,0.47973898,0.028348593,0.04241018,0.16772126,0.16371946,0.01031102841790444,0.011627280360535713,0.006488814458470671,0.007018862566645843,0.013069406939856639,0.013400433736492069,0.015231163482934401,0.01636533456805186,0.011098514013516757,0.012217004661241048,0.008507374314298936,0.008412806143511172
111,0.06066048,0.067032196,0.08853755,0.09860518,0.032179933,0.035752747,0.03303012,0.042439967,0.63447344,0.5978956,0.031193478,0.038170535,0.11992499,0.12010378,0.06159488,0.067011334,0.08987487,0.09856989,0.031606343,0.03574857,0.032690812,0.042832978,0.63300765,0.597201,0.03123916,0.038385812,0.11998629,0.120250426,0.08814511,0.101047605,0.0050128046,0.0065211095,0.004861915,0.0046839877,0.1788697,0.19864775,0.4930656,0.48944715,0.03044095,0.044691693,0.18280207,0.15097113,0.010662543417766582,0.01025148683176609,0.007148199717866317,0.007098289015114054,0.013994423849473515,0.013819100487132016,0.011218349733445869,0.013858488477444269,0.010778515882671553,0.011402329073102279,0.005808719193496923,0.00836886194619796
112,0.06417335,0.06972008,0.10230799,0.11776184,0.025381593,0.019926313,0.033899076,0.05368916,0.6266043,0.59268105,0.030170763,0.03355205,0.11746288,0.11266954,0.06576413,0.070136495,0.10200985,0.11771564,0.025707768,0.01995615,0.03394,0.05367623,0.6235061,0.592278,0.030550443,0.03352509,0.118521705,0.11271242,0.09589706,0.10568608,0.0057078586,0.0053103208,0.0036758902,0.0028607922,0.19490969,0.20664269,0.48952568,0.47865638,0.031116003,0.038111825,0.16628343,0.14645094,0.00935129070208554,0.010905971082464957,0.0069362107158293315,0.007165519749893377,0.012403003372940652,0.01374737261280493,0.013507277736632357,0.013662399326131976,0.01078734150520172,0.010846569740914963,0.007686811521486742,0.0072047578307883504
113,0.07350686,0.041605994,0.11663558,0.090524115,0.034318656,0.026312843,0.03007629,0.04552897,0.6058705,0.65209997,0.03281888,0.03599739,0.10677327,0.10793071,0.075032674,0.041636802,0.11671379,0.09036506,0.03482339,0.026307926,0.030694619,0.045428418,0.6009552,0.6522927,0.0339399,0.036002986,0.10784039,0.10796604,0.11359067,0.09054742,0.0059334394,0.0052130227,0.0051688836,0.004192907,0.16838987,0.20687966,0.49833068,0.48238596,0.03451023,0.037825238,0.16500069,0.1608664,0.0122071778221464,0.009446729105517047,0.007068674620302085,0.006507264503289498,0.013602555661020234,0.01288960769982702,0.014686292769073354,0.015547923977860825,0.011756738311597285,0.011603397029492285,0.008229136276812472,0.009153321990740216
114,0.056337923,0.051953416,0.07856864,0.10471974,0.024330823,0.03333333,0.046709362,0.051896207,0.63830334,0.599243,0.032694593,0.03755354,0.12305535,0.1213008,0.057262085,0.05200186,0.07938181,0.10478046,0.024250885,0.03333485,0.04748399,0.051778883,0.6353732,0.59917957,0.032932676,0.037593048,0.1233154,0.121331304,0.08564875,0.09526204,0.003547434,0.0057327654,0.0029368133,0.004450621,0.21024618,0.22484602,0.47346616,0.46192202,0.032279808,0.0390497,0.17932431,0.14798877,0.010347771514123706,0.009975224866631372,0.005153740126665687,0.007377024244288837,0.013024226885628818,0.014909453781648813,0.012428320174647196,0.014279028427790698,0.010237263994007581,0.011784277214102386,0.007844248584513951,0.009022120354862231
115,0.053889126,0.068507075,0.083652616,0.100059934,0.037729815,0.034397032,0.045226276,0.037961155,0.62583727,0.6046125,0.029961513,0.0363107,0.12370339,0.1181516,0.054642253,0.06847075,0.08458771,0.10009981,0.037666246,0.0344002,0.045539092,0.03781406,0.62427807,0.6046342,0.02993033,0.036266956,0.12335631,0.11831401,0.096374825,0.08590921,0.004186711,0.0054518273,0.0059453174,0.003631859,0.19808316,0.18936932,0.4833657,0.5077752,0.030995492,0.033926338,0.16445218,0.15987338,0.00842630862966993,0.0118937581038628,0.005757401057729638,0.006347631645889095,0.012373796211270953,0.01481059631110715,0.013826892041533883,0.012680129418280691,0.011442113959497185,0.01136573048515862,0.009178722282086216,0.007330069897360369
116,0.05889424,0.051646534,0.08997653,0.07066214,0.029794328,0.031601712,0.05125387,0.06730795,0.6184126,0.6320346,0.031464696,0.028495565,0.12020369,0.11825149,0.059080098,0.05172785,0.0911219,0.07059853,0.029572813,0.031597577,0.05162042,0.06730346,0.6162612,0.6319201,0.032046508,0.028511379,0.1202971,0.11834107,0.08245877,0.071064234,0.0043674875,0.0034082476,0.0040811542,0.004402875,0.2142304,0.24963862,0.4804183,0.4551166,0.03064703,0.025853716,0.1726219,0.16804305,0.009150820604012117,0.009620329522185065,0.006696758015800684,0.005790051790389974,0.01230682641499207,0.013220781149351709,0.014871945397157178,0.012865397339102034,0.0109124011800884,0.010239955968171436,0.007640224439094179,0.008844736830300884
117,0.060447916,0.05850977,0.1035045,0.09661018,0.029469067,0.037428036,0.03766086,0.04321925,0.6389518,0.609423,0.028854674,0.045229565,0.101111226,0.1095802,0.061517555,0.058530353,0.10456245,0.09665026,0.029681496,0.03734751,0.039027132,0.043263797,0.6349183,0.6093788,0.029182643,0.04521645,0.10111048,0.10961285,0.10152249,0.078892864,0.005818,0.0048128306,0.0056294315,0.005064365,0.19775884,0.20011985,0.4860456,0.5041118,0.036519725,0.044298258,0.15869562,0.14662151,0.009412775624947219,0.010133568090650004,0.006495471187159583,0.0072667734374055,0.011824337940500348,0.015293615674716678,0.014216336767914863,0.01271037918037656,0.010080861326150617,0.012079876529958334,0.008086719998111495,0.0077323737109036275
118,0.0529623,0.050805084,0.089524046,0.09287178,0.024946028,0.03553155,0.060327865,0.044630263,0.61232305,0.6282434,0.032427907,0.034808055,0.12748879,0.11310993,0.054265425,0.05103438,0.08976241,0.09278471,0.024792831,0.035544157,0.06242295,0.04496202,0.6075551,0.6277636,0.03279221,0.03485539,0.12840904,0.11305569,0.09114533,0.08536759,0.004128848,0.0052142744,0.0034655314,0.0070879646,0.23191561,0.20172769,0.44351298,0.48109734,0.03323494,0.036080882,0.17542942,0.17478177,0.008395877867470933,0.011173617068961968,0.006072979589172572,0.007347728478633332,0.01338932509978449,0.015617648052377246,0.01452630110054482,0.013355646755564034,0.009977621893414066,0.01403262171839115,0.00849225016155621,0.008026738006422377
119,0.05787058,0.05550373,0.0912587,0.09900151,0.029739395,0.028576322,0.0489557,0.0524187,0.62486273,0.62320346,0.038981747,0.033774044,0.10833115,0.107522264,0.059102993,0.055531878,0.09125555,0.09909104,0.029692156,0.028614953,0.04975012,0.052302346,0.62232184,0.6233952,0.039000478,0.03374465,0.10887683,0.10731995,0.09920694,0.08958627,0.005501586,0.0048238034,0.006445612,0.004555152,0.21543005,0.2111421,0.465618,0.4929126,0.033488307,0.033623874,0.16253136,0.14636083,0.008682493755259925,0.010240810026892613,0.005657249016172832,0.0071005511889928,0.011802650628993506,0.016184063324516884,0.014813758479995366,0.012489120709674506,0.011465736145615371,0.012392086782423692,0.008204941535136468,0.007900577105331534
120,0.06535222,0.06370371,0.107497446,0.09065326,0.03129244,0.035151485,0.041201632,0.050319392,0.6132242,0.59090203,0.028620588,0.040331073,0.11281145,0.12893903,0.06709387,0.0637578,0.10693071,0.09069334,0.03196309,0.035129,0.041749787,0.050366845,0.6087092,0.5907396,0.029898724,0.04031953,0.11365462,0.12899384,0.09673759,0.085291885,0.004972761,0.004786083,0.0061087394,0.0074706506,0.22187974,0.21025358,0.4738458,0.4745272,0.029854907,0.039144725,0.15700725,0.16832863,0.011742215504762775,0.0103906611054116,0.007708570626132403,0.007515828443148804,0.013819256787575729,0.0150452063215481,0.016294384280577782,0.013070283410194521,0.012695762019514082,0.013521488433570178,0.008747761649882876,0.008904570419874835
121,0.06795661,0.06295583,0.10872907,0.09874358,0.033641074,0.03928185,0.044511672,0.05121941,0.6014341,0.60044,0.035847478,0.036401056,0.10787995,0.110958226,0.06993516,0.063001744,0.10921562,0.09880805,0.033718795,0.039293148,0.045424182,0.05118716,0.5967444,0.6004306,0.036320664,0.03631505,0.108641185,0.11096425,0.08848288,0.099133834,0.006749007,0.0065485304,0.0055621574,0.006623425,0.21266463,0.20624092,0.46769136,0.46827027,0.040670406,0.039599013,0.16548675,0.1561489,0.011185463781824263,0.010148556602632147,0.007525431708045912,0.008120144847906768,0.01515466964723263,0.015059730105895737,0.016841350116921703,0.013518665110811628,0.012829255096271138,0.013024061082749071,0.009197836092161986,0.008857089772860066
122,0.062890515,0.064325675,0.10446817,0.07756467,0.028768523,0.040119525,0.038139716,0.040470093,0.63463557,0.6244239,0.027180532,0.033477623,0.10391698,0.11961846,0.064649805,0.06433473,0.10509541,0.07764188,0.02876639,0.040178668,0.03910161,0.040462837,0.6296467,0.6242522,0.027575115,0.033446237,0.10516494,0.11968343,0.099938564,0.09477661,0.0049101394,0.0034114195,0.0055537643,0.0051592574,0.21233605,0.17716576,0.48769048,0.5094488,0.032907773,0.032439023,0.1511103,0.16488712,0.011706483091439398,0.01078873745095263,0.008517257061371748,0.006643750578090348,0.01451506833038098,0.015628260081954237,0.014300951568609022,0.013812539853465743,0.011892824670666007,0.01181665900229929,0.009180220845382574,0.00890551541402278
123,0.057105266,0.07639379,0.09124043,0.109636694,0.037089687,0.0332038,0.048420146,0.03603805,0.61310494,0.6065531,0.034650538,0.04216227,0.11838897,0.096012294,0.058651578,0.076503664,0.091875836,0.10981332,0.037608527,0.033247855,0.04887933,0.036069114,0.6080759,0.6061362,0.035024278,0.042165637,0.11988449,0.09606421,0.09372665,0.09763949,0.0057257996,0.0050903056,0.008038938,0.0036365306,0.21157329,0.20492868,0.4649131,0.48779324,0.04108437,0.04000333,0.15935881,0.1481175,0.009371263956705648,0.011780710426731235,0.007046887221650856,0.008534622011587183,0.014261728665888372,0.017040825494033712,0.014959584227578631,0.013166075319180306,0.01340595750980447,0.013338324054609673,0.009050667276728262,0.008132392866512041
124,0.05401964,0.05089563,0.095570154,0.08979245,0.027120702,0.025389148,0.04391308,0.05574531,0.63912165,0.6225228,0.033828136,0.03679122,0.10642659,0.118863456,0.05489383,0.051085357,0.09622341,0.08982465,0.027582625,0.025264695,0.044182476,0.055921134,0.635483,0.6218075,0.034392264,0.036831085,0.10724235,0.11926556,0.108082466,0.084079616,0.0049256925,0.00541997,0.0031522443,0.0029978503,0.2161286,0.2248964,0.47644994,0.49090576,0.035961334,0.034832932,0.14600292,0.15076852,0.010630826683661327,0.010692147360491153,0.007651948648060302,0.006234554103393317,0.014550491772921231,0.014170124074970742,0.013939641569053612,0.012813139726284025,0.012744397098615969,0.011032885042220657,0.0072181589123407755,0.007925971980784147
125,0.06346476,0.04791985,0.110127024,0.081162006,0.027652912,0.029633941,0.049156185,0.042123284,0.6020254,0.6386971,0.026619816,0.02936228,0.12095395,0.13110158,0.06602809,0.048021697,0.111213185,0.081271864,0.028427549,0.02985783,0.05104159,0.04212006,0.5954468,0.63812697,0.026677024,0.029342977,0.12116574,0.13125865,0.10242915,0.07943996,0.004698773,0.0049998392,0.0025149637,0.0031429296,0.23179156,0.20109251,0.4529259,0.51303726,0.030962836,0.031678677,0.16027224,0.16163069,0.010550880830526674,0.009164475091838457,0.006551614773856661,0.005732724285885437,0.014089984681507784,0.013286748935581202,0.013982695280614108,0.013491733669995483,0.012283233353717865,0.010586849976858949,0.008544604592181043,0.008140431602894559
126,0.075373255,0.06663977,0.12205339,0.10638466,0.035734046,0.029115671,0.051126156,0.048901603,0.5899492,0.590021,0.027858706,0.03492001,0.09790526,0.12401723,0.07794577,0.06741791,0.12321849,0.106750846,0.036177423,0.02923908,0.051380258,0.048957396,0.5839101,0.588176,0.028126603,0.035216272,0.09924131,0.12424246,0.1011926,0.10333306,0.0055042286,0.0047808387,0.004420342,0.0033708534,0.23815478,0.20449886,0.45728025,0.4818498,0.030447375,0.0425409,0.1440467,0.14892821,0.010443787001697739,0.01085862539579909,0.007346719581462439,0.007140557810295352,0.013628412387792445,0.01392900557414358,0.014542796271940757,0.013725219805220158,0.012045231866515776,0.0123512763103849,0.008075280037864199,0.0074118072052942185
127,0.05217508,0.06761327,0.10501963,0.10579399,0.024916198,0.027911741,0.04425373,0.04382566,0.6263862,0.61111146,0.033532888,0.044268876,0.113716215,0.099475004,0.053222224,0.06766032,0.10598202,0.105709136,0.025076525,0.028009795,0.044938408,0.04422513,0.6208832,0.6101993,0.034449764,0.044656925,0.11544779,0.09953942,0.1048895,0.10059402,0.0068641836,0.0044756164,0.0049919887,0.0041799713,0.2092453,0.1992758,0.47309133,0.4938899,0.04235167,0.040610693,0.15064095,0.1523519,0.008853915463937085,0.01052643383233917,0.006711387109827086,0.007202319461612444,0.012855253890385117,0.014280521472568426,0.016094073024919386,0.013317512482694967,0.010391063020832989,0.012096553257695302,0.009446612453705537,0.007933965969161648
128,0.06811924,0.05938904,0.10769041,0.10172272,0.03168617,0.028076828,0.04158121,0.039706588,0.61141783,0.6246912,0.03707488,0.032511935,0.10243028,0.113901705,0.06925707,0.059470534,0.10851131,0.101780884,0.032376442,0.028098613,0.042387422,0.039746657,0.6058015,0.6243629,0.0376362,0.03255361,0.10403002,0.113986775,0.10211313,0.08908493,0.0058796266,0.005785003,0.0047935206,0.0030729265,0.19401713,0.19775362,0.49014765,0.501931,0.03129671,0.027655208,0.16183546,0.16569556,0.010035847025448755,0.011606823201021748,0.007708595520768885,0.008278200324482116,0.013822704822805364,0.014689866257974181,0.016272742182752525,0.011632491806645643,0.011607658075352505,0.012060652432039725,0.008051913683513436,0.00828680499091108
129,0.06385653,0.04865198,0.08898425,0.09646781,0.027188543,0.027101334,0.044774473,0.049979683,0.63431495,0.626559,0.034526065,0.040273864,0.10635519,0.110966295,0.06545393,0.048783783,0.08936939,0.09705575,0.027781043,0.02728704,0.045041326,0.05008287,0.63068914,0.62512934,0.034767047,0.04064412,0.10689811,0.11101708,0.09467786,0.086299755,0.005156114,0.0061883405,0.004296731,0.004164597,0.20288946,0.21463005,0.49591988,0.48596042,0.03616327,0.03601288,0.1450984,0.15619594,0.011826199198460893,0.010324787023907185,0.007591072583401726,0.007674052756466422,0.012787415952067251,0.01317000713600027,0.015516364771746663,0.014608073115592922,0.011589750693497238,0.010710567379611716,0.009167801843179512,0.007950500612417612
130,0.07238898,0.06811503,0.10678399,0.099910095,0.031718723,0.03630598,0.03196705,0.0467248,0.62738985,0.5901278,0.02995283,0.043619517,0.09979855,0.11519673,0.073096916,0.06814069,0.107702374,0.10012009,0.032078393,0.036315236,0.032038327,0.04667899,0.6245411,0.58984506,0.030198574,0.04365047,0.10034433,0.115249485,0.10759763,0.09472145,0.0064876606,0.0052967416,0.00358318,0.0068575926,0.19788775,0.19980943,0.49100012,0.49613988,0.03165555,0.042244554,0.15665549,0.1422618,0.011264428483800874,0.012345299650248581,0.007149392951056746,0.008766761166300303,0.014112908398491362,0.017034298548223754,0.01427808626005703,0.013829731560157637,0.012897727997583918,0.014959807897232615,0.009510861270571103,0.008474391997759383
131,0.06843992,0.056831423,0.1128225,0.08713011,0.029187018,0.030248726,0.032461148,0.051858924,0.6024776,0.6062544,0.029841643,0.038890492,0.124770164,0.12878594,0.07048832,0.05687213,0.11396834,0.08703188,0.029076226,0.030272737,0.033280335,0.05196838,0.59743625,0.60605127,0.030935392,0.038932744,0.12481516,0.12887086,0.10159141,0.08239108,0.004459421,0.0046148,0.004569359,0.0059782527,0.18691842,0.21172419,0.5090029,0.4801408,0.031986862,0.035382077,0.15142243,0.16440423,0.01034672852048977,0.011287552965000362,0.008764999979958698,0.006845564342875401,0.014575957057743049,0.01475533948910112,0.014940530037000051,0.013227388126391503,0.011352952396167536,0.013478892137800473,0.008634395490121584,0.008744065242570077
132,0.06018912,0.07918523,0.09102046,0.10553422,0.03151181,0.03151578,0.037181925,0.03505232,0.6362717,0.61376345,0.029900674,0.03180788,0.11392433,0.103141114,0.061815303,0.07985345,0.09080424,0.10625459,0.031745255,0.03153255,0.039929114,0.03504103,0.63099045,0.61211705,0.030186173,0.031878516,0.11452945,0.10332281,0.0994867,0.10729188,0.0045083137,0.00601694,0.0063263034,0.004127687,0.2136881,0.20641893,0.48116142,0.48090693,0.035687424,0.03814996,0.14889657,0.14634693,0.009883039545362906,0.013060102889749533,0.006155057527678168,0.009198628109481235,0.013000271805393534,0.017013106686045457,0.0131689006177505,0.012913235859452097,0.011660254343714075,0.011886283625134227,0.008484556735439368,0.008308479218657716
133,0.067416914,0.07962537,0.08347971,0.10422882,0.031529848,0.04041068,0.035940863,0.060358334,0.62700504,0.5663158,0.037383888,0.041120075,0.11724374,0.10794094,0.06837382,0.07991361,0.083652504,0.10382165,0.032307297,0.04065305,0.036011215,0.06038458,0.6240904,0.5657811,0.037605032,0.041358247,0.11795975,0.108087696,0.08681287,0.10054278,0.0049619135,0.0049722036,0.0056397025,0.005509172,0.21042976,0.22298887,0.4733492,0.45553452,0.03739167,0.041610762,0.16243182,0.15271325,0.010953442079747302,0.01164457265882658,0.0071487702091370875,0.0075247305315357,0.01426427019639756,0.016664402581272032,0.013155505802166505,0.014009653336922659,0.012245377934255872,0.013571650002260871,0.007741806634588553,0.00807109365138843
134,0.07708848,0.07013021,0.10856468,0.096073456,0.030742193,0.03714171,0.045179844,0.0492202,0.60185575,0.61586744,0.028682794,0.031095058,0.10788624,0.10047187,0.078643695,0.07050427,0.10846478,0.09596058,0.030488158,0.037120476,0.046881042,0.04935566,0.59840995,0.6146772,0.029221956,0.031675123,0.10789046,0.1007067,0.103201345,0.0895989,0.004805267,0.005249603,0.0055166776,0.00667469,0.21003486,0.23178446,0.4754465,0.4486242,0.031075258,0.029960541,0.1527938,0.16753818,0.011503785369793544,0.011834195133571696,0.00777071043243912,0.008109647935832095,0.015007368202240487,0.015374244312875174,0.013987410438709606,0.014754251523115233,0.012543006542146087,0.011937569423223384,0.00803125356716612,0.008653860688456054
135,0.07439309,0.050814684,0.12009557,0.10394295,0.03299001,0.03433634,0.03303179,0.07095736,0.5839246,0.58834714,0.046289813,0.029211158,0.1092751,0.12239039,0.07664839,0.051142737,0.12190123,0.10408667,0.033413645,0.034323517,0.034266725,0.07099012,0.576511,0.58823574,0.04739119,0.029257251,0.10986778,0.12196397,0.11505371,0.09395887,0.007145531,0.005280077,0.003733892,0.004052076,0.19838224,0.22251402,0.46536958,0.4829369,0.042951163,0.029836643,0.15011083,0.14686053,0.012957963421779524,0.01002179107687988,0.008120243623971096,0.007274503102026901,0.015895351090394368,0.014480638714612803,0.013774465795054121,0.01313271439922071,0.013096785813715608,0.01029551847082093,0.010006003880322344,0.008345723271154314
136,0.07872031,0.065928556,0.12740324,0.09800581,0.037686333,0.03559879,0.032424007,0.05766758,0.5795114,0.5787082,0.03533005,0.03978224,0.10892466,0.1243088,0.08113133,0.06649358,0.12667029,0.09841196,0.03831878,0.035616755,0.03272274,0.057991523,0.5748763,0.57733124,0.036394987,0.039875306,0.10988559,0.12427964,0.11108669,0.08754192,0.006731595,0.0049593006,0.0058504352,0.005682902,0.18074836,0.20878407,0.48910302,0.49383914,0.041488856,0.041769076,0.15233809,0.14458331,0.011277159668130034,0.011849035206682958,0.00964621740922804,0.008159140966075612,0.01524237104113789,0.016502170498604692,0.014310913968232376,0.014683162288027213,0.013364131983132788,0.013469401781859038,0.008618199014292047,0.008883279615969053
137,0.06347377,0.056438014,0.1003942,0.085631944,0.032578763,0.03529489,0.0386345,0.04347391,0.61126226,0.63525367,0.038000725,0.028739689,0.115655795,0.115167886,0.06455013,0.057207026,0.10049374,0.085809276,0.03322107,0.03537542,0.038740885,0.044076666,0.6070307,0.63333815,0.03854859,0.028978115,0.11741489,0.11521533,0.10141042,0.093747646,0.004818926,0.0044894726,0.0051307897,0.0040765703,0.18646243,0.20980382,0.49612483,0.4956387,0.035664827,0.02934102,0.15728596,0.15553105,0.011739385637987525,0.010092873381228808,0.007782132500786554,0.006714284340870677,0.014647212597797828,0.01480268933394721,0.014428096641508705,0.012987366293377918,0.013044536660608987,0.011430510904641712,0.009063196139192785,0.007160841506083943
