,m1_anger,m1_anger,m1_disgust,m1_disgust,m1_fear,m1_fear,m1_joy,m1_joy,m1_neutral,m1_neutral,m1_sadness,m1_sadness,m1_surprise,m1_surprise,m1m_anger,m1m_anger,m1m_disgust,m1m_disgust,m1m_fear,m1m_fear,m1m_joy,m1m_joy,m1m_neutral,m1m_neutral,m1m_sadness,m1m_sadness,m1m_surprise,m1m_surprise,m2_anger,m2_anger,m2_disgust,m2_disgust,m2_fear,m2_fear,m2_joy,m2_joy,m2_neutral,m2_neutral,m2_sadness,m2_sadness,m2_surprise,m2_surprise,m3_anger,m3_anger,m3_disgust,m3_disgust,m3_fear,m3_fear,m3_joy,m3_joy,m3_sadness,m3_sadness,m3_surprise,m3_surprise
group,ai,control,ai,control,ai,control,ai,control,ai,control,ai,control,ai,control,ai,control,ai,control,ai,control,ai,control,ai,control,ai,control,ai,control,ai,control,ai,control,ai,control,ai,control,ai,control,ai,control,ai,control,ai,control,ai,control,ai,control,ai,control,ai,control,ai,control
t,,,,,,,,,,,,,,,,,,,,,,,,,,,,,,,,,,,,,,,,,,,,,,,,,,,,,,
0,0.06162224,0.060328633,0.07639203,0.089907765,0.03492893,0.032336127,0.044382684,0.062428247,0.62893325,0.6103715,0.029453559,0.033529796,0.124287255,0.11109793,0.06241791,0.060339313,0.07540409,0.08991532,0.037572045,0.03233701,0.045794867,0.06242641,0.62392783,0.6103591,0.030113012,0.033530504,0.12477025,0.11109237,0.096286945,0.0865269,0.0032756568,0.004021912,0.00519868,0.005547464,0.21365227,0.23110302,0.46097708,0.46028858,0.033337846,0.035996046,0.17082512,0.15619436,0.009366080295321445,0.010295785942900317,0.005521978593292987,0.0076840750497271845,0.013840471933418695,0.01503687136340207,0.015737630883746915,0.013870617931038826,0.010555712028330949,0.011992315271031923,0.009544782534281173,0.008046457385597859
1,0.032153755,0.07029547,0.043525886,0.105486006,0.037234597,0.026257532,0.068841115,0.052978713,0.6903656,0.6143222,0.027814494,0.03061625,0.10006454,0.10004386,0.032798916,0.07029547,0.04358115,0.105486006,0.037926883,0.026257528,0.069213964,0.052978713,0.68720365,0.6143222,0.028259588,0.03061625,0.10101585,0.100043856,0.062603176,0.09558052,0.0026987751,0.0043670693,0.0058099544,0.0038633503,0.26127958,0.23248088,0.45109865,0.46508867,0.030217126,0.032099485,0.17377236,0.15680864,0.007950939125747961,0.012630755124472318,0.005761988417086195,0.00779413722863719,0.012461387266852328,0.015411419477503845,0.015224042147881601,0.016521331007819832,0.00788693753560684,0.0131962996670464,0.008646388116642461,0.009622117917514413
2,0.055465374,0.0545276,0.10222172,0.07967273,0.039916467,0.030543048,0.047211993,0.056282785,0.63525593,0.6074364,0.015952699,0.04201836,0.10397579,0.12951909,0.055920962,0.05452813,0.1015814,0.07967291,0.040353194,0.030540913,0.047351547,0.05629149,0.6352344,0.60741574,0.016081588,0.042018604,0.10347691,0.12953222,0.09384165,0.08312988,0.0034560962,0.0036627592,0.0047310125,0.0055105486,0.23784128,0.21881124,0.46378723,0.46936738,0.020974165,0.040944334,0.16174288,0.15453179,0.010362006975113958,0.010333192843012642,0.0075798414079186575,0.006436725113798896,0.01467296663884366,0.015148736788273635,0.01381484306877073,0.0142105127765659,0.011698793327327697,0.0126516157122641,0.007066217772394694,0.007987861212847532
3,0.034960296,0.059263,0.05804451,0.086773016,0.030601105,0.032383602,0.07001913,0.04801922,0.6394793,0.6121537,0.027912805,0.038236327,0.13898285,0.12317115,0.03538639,0.059269395,0.057732522,0.086788446,0.030595819,0.032384876,0.07122954,0.048019398,0.6369662,0.6121224,0.028066024,0.038237732,0.1400235,0.12317771,0.07941568,0.08678255,0.0027118365,0.004492759,0.004920454,0.005708709,0.27353644,0.22566712,0.4254247,0.45228624,0.032491542,0.038356975,0.17752196,0.17456609,0.007054919553934965,0.009505191602762534,0.004780604641746269,0.007417862526523065,0.01217608607180206,0.014150046775285188,0.014380703285656585,0.012722389803499734,0.010368380590334392,0.011484348513729113,0.008954204246574674,0.008351057600737883
4,0.034014564,0.057882402,0.055612937,0.088258065,0.04677255,0.029383486,0.059117686,0.055803277,0.64118195,0.599751,0.029251967,0.041500743,0.13404834,0.12742105,0.034123354,0.057882287,0.05544524,0.08825064,0.046504565,0.029383957,0.059560638,0.055804566,0.64109707,0.5996794,0.029488873,0.041501846,0.13378027,0.12749732,0.06976104,0.09577089,0.002781167,0.0042375904,0.006749843,0.004073478,0.24939667,0.213759,0.45723552,0.46457633,0.027328676,0.038652446,0.17338194,0.16728897,0.006515910982458743,0.01224958669781215,0.005672977661396455,0.007273584543093347,0.011890226276877002,0.015015528066811086,0.01618729704087979,0.015619200387450979,0.008415040066561652,0.010844565337122,0.0074766749224634875,0.00781183095511642
5,0.054258708,0.050271425,0.07809085,0.09958441,0.0354639,0.03513101,0.06388007,0.061500344,0.60224086,0.5973908,0.019949332,0.037234418,0.14611623,0.11888761,0.05536337,0.05027383,0.07751625,0.09943251,0.03571033,0.035273615,0.064696416,0.061500546,0.6014194,0.59739566,0.019105496,0.037235204,0.14618875,0.11888863,0.07151065,0.0871343,0.0032223356,0.0044718734,0.01228586,0.004828034,0.24271923,0.2503268,0.4581107,0.43145022,0.02927217,0.03663961,0.17046317,0.17029278,0.010089749033608897,0.01184536517964684,0.0074110188584445656,0.00811876867815578,0.01135979231305874,0.016178694190998256,0.01698036650485208,0.016551830599603832,0.012631900257934479,0.012207712794587934,0.009139905656276433,0.00942129002223716
6,0.046965223,0.05882523,0.07241468,0.10886353,0.042027444,0.035964783,0.07323471,0.049653742,0.6237979,0.60941,0.025741301,0.046670455,0.11581878,0.090612255,0.047858033,0.058825232,0.07224315,0.10886353,0.042462364,0.035964783,0.07392085,0.049653742,0.62159085,0.60941005,0.025894431,0.046670455,0.11603028,0.09061225,0.081778005,0.09227377,0.003295633,0.003400778,0.004945959,0.0045413487,0.24246089,0.23645611,0.45481235,0.4561346,0.02671908,0.04529231,0.1643191,0.14903708,0.009127962278217607,0.011392432232563771,0.0059551384198670895,0.008411789535161165,0.015294766125518805,0.01534363616119398,0.01313806343671443,0.01459766606082537,0.009500740776225827,0.013229689127497295,0.00805812562436441,0.009073938442712277
7,0.033236425,0.06239604,0.064963885,0.089435995,0.023120949,0.038081255,0.086539924,0.050013345,0.649329,0.58458817,0.022239715,0.0482851,0.120570116,0.12720005,0.033551823,0.06240029,0.06481805,0.08948156,0.022903936,0.038081978,0.08752762,0.05002862,0.6477939,0.58459324,0.022330355,0.04829358,0.12107434,0.12712072,0.07223263,0.092859134,0.0022383034,0.0051091257,0.002589731,0.004445689,0.27971032,0.22337528,0.42409822,0.45493656,0.026955245,0.044448193,0.17763364,0.16242597,0.006444497640939794,0.010453880128467251,0.0053825232814743,0.006567007998127652,0.008236724672001075,0.014757385002292124,0.016827382376186088,0.014539541198576636,0.010155186420932386,0.013270936258843654,0.007749047425411546,0.008281582994781139
8,0.035778962,0.059796978,0.071316555,0.08503292,0.031707186,0.031455506,0.06308114,0.033344027,0.63926345,0.65354496,0.024129374,0.03616379,0.13472328,0.100661784,0.035735726,0.059814382,0.0707598,0.08503447,0.031654336,0.031450536,0.06320969,0.03335051,0.6381325,0.6534585,0.02431045,0.03617327,0.13619748,0.10071839,0.078108035,0.08790693,0.003462136,0.003926806,0.009555848,0.0061247465,0.24516462,0.21451841,0.42169383,0.48830244,0.02321082,0.03716923,0.20019928,0.149842,0.010528138411421256,0.012651554135565275,0.007044081068203843,0.008430728988742635,0.013958045839242953,0.01574047901646446,0.018204365606532543,0.013356276445599303,0.011145342858617313,0.012044628024981359,0.009027365648769345,0.008661480221678083
9,0.03806644,0.059406772,0.060904045,0.112413496,0.019132076,0.02769614,0.052957814,0.042664796,0.66034514,0.60785586,0.031004807,0.030187676,0.13758968,0.11977529,0.03824871,0.05940677,0.060476124,0.112413496,0.019175153,0.02769614,0.0531297,0.0426648,0.66013265,0.60785586,0.031074187,0.030187674,0.1377635,0.11977529,0.07061429,0.08859273,0.0025317925,0.004805347,0.0024055964,0.003825388,0.2344179,0.20505145,0.46984088,0.48925945,0.029112404,0.034008894,0.17326841,0.15762156,0.005985235591125841,0.011301620882453086,0.00433156306378598,0.008299391834168054,0.00934395294074383,0.015575548835569377,0.012676230707460953,0.015479072720358394,0.00982950800792519,0.01316026857121978,0.007916206906321024,0.010209532408423143
10,0.035615727,0.07321154,0.05789666,0.116518855,0.031637702,0.034427796,0.080086485,0.04905499,0.62525725,0.5724055,0.028256245,0.045086484,0.14124991,0.10929483,0.036517575,0.07321468,0.0586065,0.11652452,0.031526063,0.034428533,0.07826114,0.049055245,0.62586075,0.57238764,0.02835809,0.045089666,0.1408699,0.10929975,0.06298284,0.09409267,0.004542228,0.004220037,0.005830205,0.0047014155,0.25051567,0.22635362,0.44720644,0.44230232,0.029796988,0.04778233,0.1736221,0.16503292,0.007007003412612016,0.014445376930517234,0.005644834297798532,0.00907985675713904,0.01104166964112695,0.017764783823348253,0.01589610328161315,0.01352911283211216,0.00954350362625962,0.01586874255107066,0.009578016971136239,0.00778654903608446
11,0.043271046,0.05717108,0.07667544,0.09529166,0.0509866,0.027424213,0.05220177,0.06192712,0.6513922,0.5864895,0.025017634,0.04770779,0.10045533,0.123988606,0.04366023,0.0571709,0.076186456,0.09529097,0.05220313,0.027423996,0.052823383,0.06192691,0.6497728,0.58648753,0.025401426,0.04770627,0.099952556,0.1239934,0.09195831,0.08588921,0.003198224,0.0035436095,0.0057813753,0.0052661397,0.20770893,0.25571254,0.4737192,0.42047504,0.028224027,0.042429026,0.17669998,0.16568351,0.00915300526103808,0.008798151812737987,0.005755265432014576,0.006494731842794563,0.014575555499010451,0.013013296414200818,0.014571745000558188,0.014292938345022599,0.010136394242010915,0.012085739768830477,0.007480850565841122,0.008358561283873961
12,0.04169652,0.04697738,0.054260477,0.08513483,0.034206063,0.030005751,0.052966047,0.049136285,0.65876657,0.61110514,0.03310411,0.050685342,0.12500024,0.12695524,0.041996963,0.046978563,0.053915095,0.08513233,0.034394756,0.030005438,0.053319473,0.04913748,0.65756375,0.6110854,0.03380372,0.050647397,0.12500627,0.12701342,0.07101454,0.09074929,0.003491825,0.0042219046,0.004294701,0.004549164,0.23930697,0.20651941,0.4600592,0.47653577,0.034619268,0.049306124,0.16878396,0.1521466,0.008023897870886873,0.01071986465995222,0.004304705185364788,0.0077519866571095185,0.012102586433533466,0.012891013198277759,0.014344603741814708,0.014564155303006504,0.009808038477203965,0.012476166615497317,0.007928616668679816,0.008667670825677709
13,0.054429498,0.07208888,0.073244475,0.09119578,0.03828085,0.03741945,0.05731902,0.050464824,0.6134345,0.6059796,0.025664616,0.03525748,0.13762705,0.10759399,0.05491477,0.072083645,0.0732988,0.09118886,0.03843925,0.037412614,0.057899076,0.05055166,0.6108651,0.6059105,0.025785876,0.035258073,0.13879713,0.10759465,0.077651,0.09369318,0.0030335106,0.0037912175,0.0052166414,0.0044183247,0.23281404,0.23099907,0.45754063,0.45900598,0.03193665,0.04090888,0.17266338,0.15086177,0.009332874986629417,0.011859916955646699,0.005511587788807617,0.007609301672280388,0.013304942059611045,0.0157802656257792,0.014397124723603941,0.014219223106320726,0.012033962304041268,0.01302366667900202,0.007619406926061202,0.00970491599871444
14,0.042452283,0.05344524,0.07260484,0.08521387,0.041871503,0.03461503,0.051443648,0.055934932,0.62709415,0.63111323,0.03541398,0.03610358,0.12911956,0.10357417,0.04257854,0.05345509,0.07201114,0.08522189,0.042321935,0.034609664,0.05269051,0.055928018,0.6248022,0.63108075,0.036155432,0.036140855,0.12944032,0.10356371,0.08182802,0.0804467,0.003250883,0.004668153,0.007540909,0.00481969,0.22956885,0.21600336,0.46148092,0.50009876,0.03987441,0.02926046,0.15870672,0.15089124,0.01099323745804808,0.01100605171134692,0.006439133264376139,0.006839868975347172,0.015152045845524076,0.017254115015575094,0.01630383836827943,0.016663311916508387,0.012393604283491169,0.012485209455598906,0.009194379568460077,0.009056228386903533
15,0.03454712,0.057098392,0.06781888,0.08904382,0.022117052,0.02959777,0.06856685,0.04416226,0.6476502,0.6298788,0.041955933,0.032469172,0.11734396,0.117749736,0.034618698,0.057109393,0.06756674,0.08905735,0.022118479,0.029596852,0.06834383,0.044159096,0.6466088,0.62985045,0.04251536,0.032473598,0.118228056,0.11775324,0.07501447,0.08554727,0.0034729,0.0074084513,0.0032121686,0.0034222153,0.25372568,0.17746848,0.4383696,0.5193371,0.03760542,0.035005827,0.16977102,0.16180736,0.00734540541076093,0.012236644934158962,0.0055624036682195115,0.008392294939642513,0.011648735274418717,0.017431066111799683,0.01667686038199614,0.013223622724149823,0.010694357872271364,0.012622940655590595,0.008724840875110463,0.008702477046019478
16,0.039867233,0.059786018,0.063674405,0.096754186,0.025145866,0.031790156,0.0528999,0.038627528,0.67669845,0.6291463,0.03036723,0.030773532,0.11134696,0.11312231,0.04060184,0.059794635,0.063610174,0.09675586,0.02539285,0.03175262,0.05311667,0.038640693,0.6746693,0.62914073,0.030582633,0.03077673,0.112026475,0.11313879,0.07709371,0.10158073,0.0028043194,0.0036652638,0.002282944,0.0033233664,0.21630387,0.20351492,0.46903402,0.48173344,0.029919129,0.03489675,0.1873479,0.16377744,0.007973855339766224,0.01120484866590704,0.005265799143486667,0.006107819690175517,0.013339690585741595,0.01292485672212974,0.015094994322832183,0.013572577033206547,0.010213362574097521,0.009731439826546893,0.009005987711539347,0.009354667577614004
17,0.04944248,0.06634474,0.0843959,0.09136348,0.039164387,0.034109477,0.060651433,0.05075086,0.62588257,0.6061244,0.02799204,0.047176696,0.11247116,0.10413037,0.05006169,0.06635012,0.084253654,0.09136356,0.039067548,0.03410901,0.0612488,0.050749756,0.62404877,0.6060576,0.028048867,0.047202226,0.11327062,0.10416774,0.07985346,0.0901355,0.004747853,0.0044888216,0.0052504297,0.0038186018,0.23770389,0.21936546,0.46264037,0.4596458,0.034967404,0.043445583,0.15829676,0.16771527,0.009301569374490342,0.012495086032881481,0.006651572236241426,0.006888463118376789,0.014391354739086957,0.013868768562501391,0.016006466243312777,0.015416862815665813,0.011846496363103655,0.012674054574626968,0.008001151486471758,0.009051153783934306
18,0.03988536,0.05202116,0.06002231,0.088298574,0.025406884,0.036046546,0.0438789,0.045122914,0.68872225,0.6267401,0.025004653,0.03732184,0.117079616,0.114448845,0.040422536,0.05202182,0.05944951,0.088299595,0.025503114,0.036046475,0.04421589,0.045129858,0.6870521,0.62672096,0.025562283,0.03732282,0.11779457,0.114458464,0.073373966,0.08421448,0.003475671,0.0039222306,0.005574847,0.003913646,0.23631275,0.21651186,0.46612176,0.4757077,0.028090369,0.03653982,0.18117024,0.17135955,0.007419410898652906,0.010157197054734963,0.004633657483141116,0.006246242425030545,0.01051376594715407,0.014579193735815652,0.011772435210335204,0.014457886353203851,0.009550861622832588,0.010073940764307163,0.008026679088720085,0.009294773872830541
19,0.029316017,0.044576388,0.05668306,0.088068,0.025793932,0.038434375,0.06391753,0.05292753,0.6589762,0.6463656,0.027411541,0.029921167,0.13790172,0.09970698,0.02986554,0.044605196,0.056952544,0.088081755,0.025752192,0.038445972,0.064617455,0.052933153,0.65707976,0.64619863,0.027918046,0.029922487,0.13781446,0.09981286,0.06970071,0.09180076,0.0028228,0.0050410973,0.0037551979,0.007753361,0.2417798,0.21663755,0.46456432,0.4711266,0.029991481,0.030921876,0.163337,0.16091873,0.0060036016332490625,0.00911449690231816,0.00353693167704952,0.007897142225953708,0.009680498232065151,0.014025440635427829,0.014702842024614098,0.014442622516588623,0.008920492029266338,0.011750400844863956,0.007255854471380127,0.008562590359298633
20,0.041899644,0.06270846,0.080030076,0.07504802,0.025900792,0.028021028,0.046637096,0.052528556,0.65280604,0.62292206,0.029715536,0.03850821,0.12301082,0.12026364,0.04227045,0.0627307,0.0796538,0.07515408,0.025789903,0.0280228,0.047024235,0.05256559,0.6515693,0.62273484,0.030121902,0.0385107,0.123570375,0.12028124,0.074508,0.08475919,0.0029096717,0.0049769785,0.0039681727,0.004199404,0.21641581,0.21919772,0.47328797,0.47096992,0.032332167,0.03132895,0.18090941,0.16731505,0.007747179678809609,0.011576622331824951,0.005587933834391662,0.006643699099180273,0.01277809762936069,0.013851605028451876,0.014373410813939436,0.012971218219096792,0.010117331764093301,0.013155910872489301,0.007694145012905962,0.008725871857255402
21,0.043271214,0.047397744,0.07248398,0.08302983,0.052350312,0.027131986,0.059271988,0.041423816,0.6049202,0.6275899,0.033830985,0.040062513,0.13387133,0.13336429,0.043246977,0.04738265,0.07232899,0.083022065,0.05268504,0.027132688,0.059521306,0.04142109,0.60438627,0.62751293,0.033975184,0.04006671,0.13385625,0.13346188,0.07356347,0.08137225,0.0046836813,0.0045149424,0.0112735145,0.0044651977,0.23955728,0.20299686,0.43549237,0.48652437,0.035339713,0.034546435,0.17568603,0.17108488,0.009561122356438983,0.011093561532245659,0.0064307740791736704,0.006179856209881153,0.01492563251996618,0.01526207773650734,0.014901987947677676,0.011855079869715679,0.011677998867521541,0.011167825728441374,0.007683301647622997,0.010148901040720582
22,0.041452374,0.064569525,0.07942863,0.10089889,0.024093157,0.035383545,0.05765582,0.03533237,0.6486583,0.61178654,0.02503045,0.032670777,0.123681255,0.119358316,0.04146666,0.064582914,0.07949636,0.100858,0.02423651,0.035649177,0.057901237,0.035351187,0.6476822,0.6115532,0.025179233,0.032714747,0.124037795,0.11929074,0.08024457,0.09406091,0.0051956302,0.0057996456,0.0045887413,0.0058919443,0.22108722,0.21392936,0.47182214,0.46938428,0.02609764,0.037234366,0.17748068,0.17006986,0.009173628126514939,0.01183968895473293,0.006358022202686047,0.0077422965640069836,0.01181531324145392,0.01455677182973468,0.013154927307509697,0.011960620045413956,0.009602523572210971,0.01341457678715159,0.007473329170624594,0.008799419838771938
23,0.045508113,0.05241338,0.06279722,0.091346785,0.03124637,0.03173629,0.05644123,0.056502387,0.64804214,0.61945575,0.029179724,0.036953837,0.1267852,0.11159157,0.045941114,0.052394535,0.06242,0.09123527,0.031272747,0.031745996,0.056631047,0.056510545,0.6461036,0.61928797,0.029974697,0.036922663,0.12765679,0.11190305,0.07265828,0.088330865,0.0031350476,0.004514642,0.004431655,0.0043826452,0.2447748,0.22863795,0.46910053,0.46057668,0.03106596,0.036764838,0.15735188,0.15790032,0.0076919066132933355,0.011336958655924467,0.00451413241040767,0.0074395230043500194,0.01061872771622685,0.01533717700833673,0.01517953323643862,0.014715025566534121,0.009882046442229514,0.013880159088852291,0.009000939564533149,0.008455335196221617
24,0.040200844,0.061896022,0.06109117,0.0995559,0.02380065,0.031793818,0.055036265,0.060607217,0.6556272,0.6030024,0.035128176,0.037607443,0.12911575,0.10553722,0.040431645,0.06190963,0.061081477,0.09954018,0.023489151,0.031798493,0.055849396,0.060597688,0.6537238,0.60297936,0.03561069,0.037609536,0.12981386,0.10556511,0.07675539,0.08756283,0.003802619,0.004940507,0.0036222863,0.003553789,0.22731887,0.23629394,0.46233734,0.46019527,0.03303645,0.03826791,0.17834942,0.1532212,0.007880767130040819,0.011725308376848712,0.0050071091768082165,0.00802950263810773,0.01102442062230088,0.015374263066330046,0.014670161059969756,0.015669326024211394,0.010024997230086558,0.013689850598454347,0.007374388319272338,0.009285308495567687
25,0.040634867,0.05889402,0.07033919,0.0901322,0.021787353,0.031947926,0.05888805,0.057728887,0.65989816,0.6091595,0.024046468,0.043344628,0.12440591,0.10879279,0.04122008,0.05888825,0.07017795,0.09013969,0.021715013,0.031946022,0.059386928,0.057695467,0.6586158,0.6090656,0.024125185,0.04334353,0.124759026,0.10892146,0.07734112,0.09083541,0.0025155423,0.0062115565,0.0049141953,0.003773094,0.23240517,0.21167368,0.4704177,0.4696923,0.02923928,0.037268806,0.16694516,0.1583533,0.007245633525798699,0.012024008450089206,0.0045057571221153205,0.007245385907828765,0.009410689936319683,0.015253772266047542,0.014852459252904007,0.014166059769155666,0.01020303924181033,0.012252570370739537,0.008865468910065996,0.00904588043481337
26,0.04223334,0.06339581,0.0698094,0.096210524,0.025930647,0.029811354,0.057328545,0.051774975,0.6568674,0.6169151,0.027339097,0.034188733,0.1204916,0.10770353,0.04255617,0.06339889,0.069907084,0.09621806,0.026028084,0.029801888,0.05812288,0.051743884,0.6555774,0.6170019,0.027288029,0.034199923,0.120520286,0.10763547,0.08454192,0.08582634,0.0036274805,0.0050352053,0.0046856203,0.002639452,0.24212608,0.22029804,0.45710364,0.4604261,0.03364965,0.035375245,0.16099985,0.1732176,0.008719028696012328,0.012342762659303204,0.006314031371011544,0.007167940019185283,0.012527312683760306,0.014667399482584864,0.015025317273621015,0.013899960842923368,0.010938573543653643,0.012558986167938107,0.008324096843877166,0.008970967223055912
27,0.04480432,0.06514965,0.07471364,0.101572014,0.023320993,0.035274457,0.067940965,0.0500109,0.6462813,0.5938464,0.027930995,0.038238727,0.11500776,0.11590789,0.04531042,0.06514468,0.07449156,0.101563156,0.023481967,0.035237435,0.068579465,0.05000821,0.6442101,0.5938953,0.02876146,0.038237777,0.11516503,0.115913466,0.07948631,0.09721223,0.0057870173,0.005913876,0.0048227697,0.00580606,0.25175107,0.20992364,0.449547,0.46647945,0.027418375,0.038648915,0.15976281,0.15553015,0.009348749304026797,0.010958813954177783,0.006245474733072016,0.00707731413786152,0.012517309554259492,0.014550541901415567,0.016117249918752647,0.014720801398936693,0.010742901195005965,0.012212183029923097,0.008500620896096326,0.008024723316040728
28,0.038733993,0.05376344,0.06928962,0.08859549,0.029626084,0.029977243,0.047985416,0.04337835,0.64986265,0.6210833,0.03417309,0.038718272,0.13032913,0.12448393,0.03923573,0.053762533,0.06904191,0.08859288,0.03010246,0.029975045,0.04798263,0.043416042,0.64801216,0.6210555,0.034532096,0.038721673,0.131093,0.12447635,0.07932175,0.09677716,0.0032144524,0.0056733447,0.0063348077,0.0043049646,0.2153547,0.20052427,0.47668338,0.48010042,0.033699263,0.035285998,0.17711553,0.16636086,0.006476137615073774,0.010989596998134848,0.004332702137036262,0.0066877908291367305,0.010075013062433608,0.013767586065489994,0.014410790468581172,0.014346218245615636,0.010109636533702952,0.011915006147130078,0.007417529198130617,0.007909716824343058
29,0.045547254,0.062275793,0.07356705,0.0877028,0.035635885,0.03429033,0.054649156,0.035016105,0.6432556,0.6419325,0.03983423,0.03570746,0.10751087,0.10307505,0.045835715,0.062570795,0.07377181,0.087536074,0.035318054,0.03427413,0.05492458,0.035042282,0.64180344,0.6417659,0.040253706,0.035716873,0.10809274,0.10309394,0.08572862,0.08779559,0.0035719888,0.0053471294,0.0051528784,0.0053995564,0.23010433,0.19140807,0.4654485,0.50505745,0.038730185,0.030475358,0.15340662,0.15845074,0.008127525765424443,0.01175036325620231,0.005969755550228945,0.006864801039496046,0.012767340691659352,0.014739181096770011,0.014153152411467562,0.014611859879940854,0.011268542369752268,0.012913721646828325,0.0076938364096640266,0.009375233289074277
30,0.049939528,0.070221074,0.07135328,0.11016644,0.05074856,0.03547862,0.056136604,0.036714826,0.6343576,0.60060054,0.021783575,0.03285476,0.11568091,0.113963686,0.05091326,0.07022477,0.07151381,0.11016185,0.05168849,0.03547818,0.057642657,0.036714893,0.6304229,0.6005637,0.022012806,0.03285474,0.11580608,0.11400189,0.08240331,0.1075652,0.0034594496,0.008317573,0.009770576,0.004132337,0.23288813,0.19252537,0.46763194,0.47568506,0.028462226,0.03350369,0.1592673,0.17191708,0.00977677241691074,0.01288555965760088,0.006429903808679169,0.008128290957075505,0.014259411915500323,0.017030064573303333,0.014586427687598092,0.013778225383641995,0.01096365850922166,0.01412825590578364,0.008382559304981696,0.008499593815716449
31,0.051610738,0.06177826,0.07981695,0.09014612,0.039589755,0.036051217,0.061334565,0.033180736,0.6176929,0.63280386,0.029857328,0.04222276,0.12009777,0.10381701,0.051729165,0.06177085,0.079721935,0.09014496,0.03987638,0.03601702,0.061412882,0.03313749,0.61701846,0.6329468,0.029533599,0.04222319,0.12070758,0.1037597,0.08778152,0.095755085,0.0040036216,0.004137296,0.007060785,0.007766781,0.2258142,0.1981854,0.46143135,0.47682256,0.034023464,0.0384578,0.17007063,0.16823535,0.009035780664760672,0.010866915176294331,0.006079722491246215,0.007619329648621383,0.013595556927527262,0.01659683567547022,0.016068921279406262,0.01457158585097258,0.011440643128458284,0.015128053892299641,0.010005889626488188,0.008971642918799948
32,0.053458642,0.062081687,0.093346104,0.08601023,0.031840026,0.02962183,0.038736627,0.04773091,0.6371483,0.6259906,0.02418865,0.03724822,0.121281624,0.1113165,0.05411981,0.062078264,0.09299681,0.085994326,0.03218346,0.029620474,0.039149355,0.04766208,0.6334484,0.62607545,0.024374714,0.03725107,0.123727456,0.11131835,0.08404975,0.08183526,0.0034660061,0.0037334533,0.004100072,0.0041947505,0.21228155,0.21178655,0.48346174,0.4822563,0.02797785,0.030539261,0.17020084,0.17942363,0.009237094830960448,0.011316941564020603,0.00600376101013918,0.006081782111167658,0.013411421437708314,0.014753085753902282,0.013731342819125327,0.016063505045862167,0.010700014788118179,0.010791759081352801,0.008028808560056243,0.00934074706696025
33,0.04379813,0.049154706,0.0705884,0.09092178,0.03070119,0.034846015,0.040777307,0.044602253,0.6607341,0.6486557,0.025561074,0.035698023,0.12783977,0.09612151,0.043909736,0.049164966,0.071216114,0.090939745,0.030812884,0.034846857,0.04107682,0.044581812,0.65958035,0.64869934,0.025740318,0.03570435,0.12766378,0.09606296,0.08414249,0.085945934,0.0029118168,0.00513717,0.0040368205,0.0049540214,0.21472357,0.20220552,0.4721522,0.4887224,0.027243603,0.035901643,0.18684289,0.16848303,0.008988741107480559,0.011597699340300326,0.00602522086410746,0.0074137408558014204,0.014455068358933185,0.015574920525089372,0.01429772706868102,0.013192579949272549,0.012134137562873045,0.012435543618333052,0.008209516061189404,0.008178743838160274
34,0.04543464,0.045456447,0.0827293,0.093123324,0.03694699,0.033558562,0.042718004,0.041812498,0.6397465,0.61834073,0.026620008,0.037954617,0.12580457,0.12975381,0.045919716,0.04546064,0.082638964,0.093088984,0.037174307,0.033543214,0.04346764,0.041819006,0.6372787,0.6182781,0.027325595,0.03795718,0.12619512,0.12985289,0.0865898,0.079873115,0.0048033986,0.0055184695,0.009175711,0.0029725013,0.22050327,0.22278614,0.46072447,0.4706754,0.026061205,0.037544616,0.17703837,0.17184457,0.009491861300013756,0.011184654904285584,0.005981661873175246,0.005831407664550237,0.013455324216486644,0.014488620218849656,0.01430483845265528,0.014467859916062925,0.011745648171894683,0.011689975008518295,0.007339822891139867,0.0090463319002918
35,0.041722625,0.059981357,0.07507624,0.10014616,0.039361175,0.030671213,0.061196495,0.05889177,0.61719334,0.59914345,0.03081629,0.035627067,0.13463381,0.115538985,0.042095028,0.060006056,0.074967235,0.10015444,0.039597124,0.030678432,0.062128782,0.05890153,0.6159076,0.59905636,0.03095153,0.03562692,0.1343527,0.11557627,0.072802596,0.091124766,0.0030268223,0.0057175145,0.00537917,0.005022187,0.22082049,0.23561959,0.46660277,0.46039894,0.029897787,0.0367567,0.1894753,0.14396705,0.009689906600844627,0.011378054925538556,0.007737756547187001,0.007122662119569276,0.013816791972249387,0.014923482793281982,0.014884491808383441,0.014053750557222458,0.01129237325917547,0.01089399629540068,0.008398967233114838,0.009008904954444558
36,0.057163738,0.049163308,0.09366377,0.064994134,0.037650045,0.032096256,0.05214614,0.049893152,0.61418676,0.6367954,0.032364838,0.037980717,0.11282477,0.12907705,0.05837691,0.04916046,0.09330286,0.06497933,0.03780555,0.032093223,0.053990696,0.049866725,0.6108005,0.636887,0.032570817,0.03798304,0.11315267,0.1290302,0.08582121,0.079014786,0.00470493,0.003612547,0.00905615,0.0060248068,0.2439101,0.20963071,0.4411126,0.49381047,0.030515505,0.03611498,0.16911449,0.15680571,0.009103239998516094,0.009920618544877993,0.006163129793957743,0.005122332568297076,0.012846804129329068,0.0130487597382926,0.013290796032736626,0.012639100037961473,0.010516319866822905,0.012959332397003512,0.008352544730766298,0.007506405803889857
37,0.048518967,0.05708896,0.08152489,0.104025096,0.030074995,0.029550828,0.045992453,0.039894972,0.65115845,0.6344051,0.021979868,0.027876703,0.120750345,0.10715841,0.04906774,0.0570846,0.08127583,0.1040174,0.02995325,0.029547224,0.04640057,0.03988785,0.65003276,0.6343979,0.0217098,0.027881041,0.121560104,0.10718392,0.079914026,0.09602233,0.0034021165,0.004419075,0.0061756843,0.006309114,0.21742289,0.20746377,0.47669786,0.4745537,0.027690439,0.03544492,0.18041606,0.17121974,0.008760404816776734,0.010740350108483895,0.006061772367009384,0.007786656362137775,0.012377847690283758,0.01535076103682885,0.014643303822293436,0.015054426323784963,0.011598333399954691,0.012001238088379006,0.008005400808329675,0.008459247260735955
38,0.04935393,0.07652176,0.07573937,0.10262049,0.026582945,0.0341879,0.055554036,0.04203026,0.6291094,0.5927191,0.027970871,0.043168303,0.13568947,0.1087522,0.04960748,0.076522395,0.07558314,0.10262395,0.026670834,0.034188837,0.055526756,0.042030595,0.6287387,0.5927179,0.027753623,0.043167915,0.13611948,0.10874842,0.08385657,0.10752926,0.0033505878,0.0047034486,0.006628506,0.005371723,0.23054115,0.21560498,0.4540691,0.45784506,0.028090063,0.038941056,0.18310668,0.15835734,0.00975905818564285,0.011467492778988123,0.005392832198692479,0.007099366312033497,0.01201993201687506,0.01605701316852694,0.014465668921026959,0.015225513371751945,0.011150417522874658,0.013200417484896834,0.009063172340430598,0.00892817722303512
39,0.044584,0.058194134,0.072358206,0.08594809,0.031287786,0.024668977,0.048822757,0.06273539,0.6552707,0.6194109,0.028936416,0.030909283,0.11874013,0.11813329,0.044703368,0.05819897,0.07221919,0.08598761,0.03154884,0.024692545,0.049481913,0.062734224,0.6532241,0.6193311,0.029100543,0.030916521,0.11972203,0.11813902,0.081869766,0.080277815,0.003865445,0.003317236,0.004742455,0.005127877,0.22135882,0.22735034,0.4722312,0.4833161,0.028987948,0.030517401,0.16986854,0.1473385,0.008440376998064008,0.010396059535457036,0.005210752501638491,0.006829822877825867,0.011787830501725976,0.013065396010350823,0.013962834692573598,0.01753920537907127,0.009598648246886773,0.01206887357157974,0.008638284727135159,0.008201526089010923
40,0.0613794,0.05804223,0.09140511,0.089074805,0.035293035,0.027462771,0.057072822,0.049889985,0.6225371,0.62309927,0.02123947,0.035005685,0.11107306,0.117425315,0.06190241,0.05803801,0.09112165,0.089073285,0.035124734,0.02747226,0.05809995,0.049883973,0.62070715,0.6231016,0.021429135,0.03500592,0.11161495,0.11742493,0.09046404,0.09426873,0.0033663984,0.0046205153,0.006263866,0.0033125293,0.22216943,0.21835838,0.47056794,0.46705487,0.029317224,0.040109217,0.16368,0.15837508,0.010344233621231573,0.010266380849966707,0.005170297962429663,0.0065097507323703275,0.015050122053497081,0.013837872779356962,0.015150765616573157,0.013812569580727041,0.011486272431631828,0.010870256348937016,0.00823954816428868,0.00695260807574179
41,0.05558379,0.050203197,0.09877893,0.08885334,0.02234152,0.03878051,0.061301697,0.06160399,0.6230519,0.61257565,0.036396764,0.04399446,0.102545425,0.10398889,0.05646856,0.050275024,0.09977167,0.08886858,0.022624899,0.038776346,0.061574865,0.06159257,0.619738,0.6125302,0.036708802,0.0439615,0.10311323,0.10399578,0.08651387,0.090639174,0.0038307458,0.0048764395,0.004421193,0.005272083,0.23166808,0.22535907,0.479612,0.46088642,0.033132967,0.039445765,0.14861509,0.15678075,0.012265764253824894,0.01062688261081963,0.008481517404082052,0.007284293049727328,0.015056208684419425,0.014828335002860024,0.01437974039869861,0.015434815103204309,0.012949475640064193,0.012141772739753313,0.00927957918201178,0.00932039135464271
42,0.05044168,0.06555708,0.08160587,0.114589535,0.02637544,0.03296117,0.04482898,0.05354869,0.65430385,0.5626218,0.033686724,0.042797953,0.10875745,0.12792382,0.051477283,0.06559063,0.08153144,0.11458275,0.026299646,0.032954898,0.044536497,0.05354957,0.652837,0.5626038,0.034050353,0.04280486,0.10926778,0.12791353,0.08239113,0.09191879,0.003169417,0.0051694205,0.003720418,0.0049601346,0.22145537,0.20804404,0.47815722,0.4649528,0.028141476,0.04536992,0.18078943,0.15822221,0.007695614201369654,0.012065445714877067,0.00433367004599749,0.007615958293893493,0.011677382646897343,0.014832265010265213,0.013817911968558486,0.014177738065401973,0.0083795771727372,0.013719489204480373,0.008562942643317029,0.009253932108007432
43,0.03791311,0.06049482,0.070373125,0.093235664,0.03281157,0.03642239,0.04952967,0.04694176,0.6588781,0.6131463,0.027759008,0.03795731,0.12273538,0.11180173,0.038207192,0.060515366,0.06979958,0.093195386,0.033478223,0.036413047,0.05046424,0.047047198,0.6568517,0.6129697,0.028103424,0.037970636,0.123095624,0.1118887,0.07636761,0.09618423,0.0028585321,0.0050569754,0.006172898,0.003378621,0.23151886,0.20160577,0.45903906,0.47082266,0.033067305,0.039001293,0.17917715,0.16577655,0.010274057915839256,0.010928065911232094,0.005876363074784316,0.007453385740759459,0.012855757115965828,0.01454807921952449,0.016545309959536562,0.015082326200758518,0.012493372471041198,0.012408704506033897,0.00894999572715507,0.008842045957441773
44,0.04163286,0.05773856,0.07691308,0.10193546,0.024430608,0.035034973,0.059929553,0.032927476,0.64497685,0.6164557,0.031625576,0.037825856,0.12049146,0.11808201,0.042404152,0.057737935,0.07631563,0.10192244,0.023943782,0.03503237,0.059859384,0.032929424,0.64416784,0.61641335,0.031874508,0.037862465,0.12143473,0.11810199,0.08956391,0.09046698,0.004272926,0.005323564,0.0043322407,0.0046755006,0.22156124,0.18947642,0.46056357,0.4956931,0.041331097,0.036044776,0.17378934,0.16824403,0.008466116390892226,0.0109177526443914,0.005623281562692292,0.007947160663709998,0.011398177587085691,0.014974471487828246,0.013868704568241031,0.014413565777088053,0.011103671920222933,0.012081957737751756,0.007009808429829198,0.008600189300667764
45,0.040689956,0.050252683,0.08477615,0.1129444,0.02170799,0.032163613,0.0651374,0.037479144,0.65467817,0.6211538,0.02519445,0.03308017,0.107815854,0.11292622,0.041153796,0.05028401,0.08469997,0.11298294,0.022099061,0.03216838,0.06568261,0.037476502,0.65232575,0.62081486,0.025603317,0.033096503,0.108435504,0.1131768,0.0900845,0.09165346,0.003088225,0.0060715247,0.00280379,0.006362486,0.2456795,0.20301236,0.4483888,0.47263435,0.030702347,0.037171137,0.17436506,0.17163356,0.008704594397152848,0.010569275849121392,0.00634140748295775,0.007975838413823716,0.010571184720605106,0.01346016517205672,0.015431653876822726,0.014756397000757798,0.00931221748876494,0.011292454916873158,0.00782262591616179,0.009029621373299084
46,0.058985237,0.058246944,0.085275345,0.09237624,0.030728055,0.039104287,0.033258297,0.05118111,0.6413511,0.59817463,0.027513852,0.04337621,0.12288811,0.11754057,0.05951698,0.058257528,0.08526298,0.09238083,0.030766439,0.039107304,0.034431923,0.051192738,0.6384447,0.59815854,0.027836444,0.043386985,0.12374045,0.11751608,0.0913019,0.08863265,0.0037684625,0.0040321574,0.0045609064,0.0066990447,0.21344027,0.22090323,0.4709797,0.45910954,0.027268276,0.04776451,0.18369715,0.15149291,0.011494652203452183,0.010241810269761932,0.006151798082925967,0.006911511502412843,0.014794078578452111,0.013804419632756002,0.014559419201569087,0.016101276850784156,0.012179869982159343,0.013033571079065609,0.008625467536012392,0.009264954051000716
47,0.043041732,0.051978312,0.06004035,0.09817519,0.023831807,0.031367987,0.053667173,0.040711492,0.6690318,0.6163085,0.019913722,0.04080968,0.13047339,0.120648816,0.043317813,0.052022908,0.05998204,0.098068275,0.023718553,0.03145072,0.054614395,0.04070023,0.66679376,0.6162122,0.020081602,0.04085351,0.13149184,0.120692156,0.0735604,0.09109188,0.0032954735,0.00405318,0.004788297,0.007472497,0.24363384,0.20462264,0.45733586,0.46653417,0.020526046,0.04079198,0.1897646,0.17078188,0.008098122108592799,0.010623338260020983,0.005502696010216075,0.006978661569612578,0.012287055928925298,0.014436571152707113,0.013298202548113834,0.015316308930255287,0.01028803674094053,0.01139191923793262,0.00878807378898334,0.008357012391869966
48,0.05229426,0.050198697,0.082046285,0.093458205,0.030405562,0.042260893,0.04950904,0.042495616,0.64129734,0.61214155,0.020273251,0.045529485,0.12417426,0.11391555,0.053074952,0.050198276,0.08170502,0.09344993,0.03114863,0.042260617,0.05034793,0.042498406,0.6379116,0.61219895,0.020552777,0.0455456,0.12525904,0.11384826,0.092083625,0.08738975,0.0034439762,0.005153688,0.0032272383,0.0065598474,0.2219427,0.20187163,0.48449707,0.48437557,0.025619267,0.040852387,0.16613792,0.15598017,0.009983888218948965,0.010649298089978911,0.005573908884353729,0.007414847548774955,0.01439573898774394,0.016160710828104108,0.013644774621458614,0.01471962723623331,0.011253218667011749,0.013723633641685613,0.00906847397122782,0.009018341824784002
49,0.047533236,0.073140085,0.08645742,0.09262892,0.027547352,0.03306222,0.048148785,0.048750147,0.6506449,0.6053534,0.027348364,0.036649488,0.11231996,0.110415734,0.04801931,0.073141456,0.08651598,0.09260177,0.027120216,0.03306123,0.049138818,0.04875427,0.6495141,0.60537755,0.027543105,0.03664995,0.112148464,0.11041376,0.07732665,0.08869913,0.0037333893,0.0035979068,0.0036271196,0.0034708867,0.23509292,0.20360757,0.46528867,0.47141942,0.030717768,0.033921707,0.17363362,0.18186781,0.008744236687039985,0.01223152730070555,0.006327854822936839,0.008249046401309062,0.013698834807946146,0.0163204669799871,0.014598123857395492,0.01436150549663879,0.011316767745024773,0.012813872814428678,0.00796732307050646,0.007750501733060668
50,0.05163083,0.06162616,0.085688815,0.08845906,0.036787633,0.042611897,0.04806393,0.043585308,0.6408711,0.6128129,0.028159805,0.034610964,0.10879789,0.11629372,0.052802444,0.061626926,0.08541742,0.088457115,0.037397955,0.042612012,0.048884634,0.043586697,0.63723683,0.61281276,0.028877515,0.03461247,0.10938323,0.11629204,0.09345797,0.08848757,0.0030132036,0.0044426965,0.004482772,0.007342744,0.21982719,0.19887681,0.4605894,0.4849319,0.03245129,0.032031056,0.17830713,0.1675267,0.011329876997185462,0.0109080637922807,0.005652195871713908,0.006997664468236444,0.01424907992607459,0.015486988346205646,0.01628994269919373,0.013817280188737954,0.012553366595072847,0.01250429933670731,0.010739713687001771,0.008396948355637054
51,0.0547442,0.045931675,0.098842345,0.0836389,0.021154251,0.03251999,0.043116298,0.046956744,0.63429755,0.6316986,0.031887315,0.03568363,0.11595804,0.12357046,0.05526242,0.0459567,0.09850872,0.083655715,0.021323651,0.032521345,0.043690085,0.04695723,0.6320879,0.6316503,0.032465603,0.035687067,0.11666163,0.12357159,0.0984691,0.078823544,0.00524863,0.004979719,0.0026001006,0.006029533,0.21094945,0.20278442,0.47504032,0.5030263,0.030342052,0.034700096,0.16334589,0.16049704,0.00981289722006726,0.011709763749212402,0.006720023860819113,0.007878491670275633,0.011948254965144752,0.015626304894671178,0.013505437231055068,0.01189412354891748,0.01036993963455373,0.013367421922361542,0.008300665617404111,0.007944365410527829
52,0.039769817,0.057584126,0.07804155,0.09669621,0.025751488,0.032035854,0.05096308,0.05434383,0.6339369,0.59713554,0.02818935,0.04053377,0.14334781,0.12167065,0.03951861,0.057584237,0.07812047,0.09669723,0.025756674,0.032035686,0.051648546,0.054343708,0.6317802,0.5971344,0.028556488,0.040533755,0.14461902,0.12167094,0.078604825,0.087274425,0.0033288975,0.0046473537,0.005825957,0.004656898,0.22462729,0.22378565,0.46620852,0.456992,0.027873674,0.036271732,0.17594822,0.16478175,0.007115781637378667,0.01293808841563923,0.005427575484021804,0.007651830263899103,0.01027580233695191,0.017402332030789083,0.01332279399235563,0.016132095787589326,0.009333331755342166,0.014626290910828918,0.007935498091576176,0.009199744142676752
53,0.05031648,0.055994604,0.07970742,0.09790768,0.031172788,0.03667368,0.053882077,0.046770055,0.64765346,0.6031866,0.022160186,0.049088016,0.11510756,0.11037938,0.050977424,0.055995252,0.079917826,0.09790725,0.03126783,0.036673643,0.054138668,0.046770442,0.6461672,0.60318774,0.022237943,0.049091186,0.11529308,0.110374495,0.08511459,0.08508003,0.003706788,0.0049412,0.0043906868,0.0044804546,0.22064981,0.19664001,0.47036567,0.49859035,0.032103278,0.03548941,0.18094572,0.16329126,0.009055391527833604,0.01091882814075737,0.006539366902805044,0.00849212118504971,0.013955302551778072,0.016979292669493173,0.013244095778226017,0.015119347025253914,0.010642239406064288,0.01375889428431848,0.007805984921149828,0.008058726390769811
54,0.03484762,0.053491067,0.068565995,0.08071339,0.030474806,0.021152537,0.057975385,0.054340173,0.6412273,0.63975304,0.031228336,0.04021348,0.13568054,0.11033635,0.03532527,0.05349938,0.06899515,0.08070847,0.030673826,0.021204783,0.05826104,0.054572668,0.6399781,0.63948125,0.031379674,0.040231057,0.1353869,0.110302396,0.07357904,0.08609454,0.0034907633,0.0052322885,0.0026691037,0.0028679546,0.22128388,0.20472687,0.473379,0.5020963,0.031497624,0.03745083,0.1782241,0.15271373,0.00808139590280621,0.011271444739676296,0.006406957541672247,0.007245995229015273,0.01176193607762871,0.014268122536452953,0.014066383706297517,0.013521711524403119,0.01087402595251261,0.012273955017992435,0.009016966280787365,0.009516213928806454
55,0.03713887,0.070976496,0.06072482,0.108278334,0.019487146,0.034300007,0.051653247,0.046224542,0.6818234,0.61269504,0.022624958,0.037541073,0.12654757,0.08998449,0.03752265,0.07097784,0.060650136,0.10828505,0.019626614,0.034300823,0.052087866,0.046219602,0.6800894,0.61269283,0.02265082,0.037541576,0.12737247,0.08998228,0.069771655,0.094546966,0.0028067962,0.004759752,0.0032847293,0.0049774116,0.23953319,0.20623541,0.47310653,0.48774734,0.023462715,0.03367397,0.17397188,0.15369366,0.0069616299315015,0.01126687031583004,0.005132882045030662,0.009009160338436118,0.011206469847767457,0.015448314909100525,0.015582800344009603,0.014405800049662762,0.009284623726709228,0.01338116934680469,0.0117114475117039,0.009553062190926036
56,0.051365696,0.05442159,0.087735906,0.08747617,0.036511954,0.03311511,0.0619257,0.050602656,0.6178238,0.61489147,0.0285388,0.030919367,0.11609819,0.12857367,0.05204269,0.05445706,0.08743112,0.08744623,0.036979176,0.033107568,0.06260858,0.050614875,0.6155648,0.6148679,0.028814875,0.030920565,0.11655876,0.1285858,0.08819469,0.08471612,0.004957392,0.0040734615,0.0088475915,0.0040974766,0.22529297,0.21429336,0.45405987,0.47728592,0.03334836,0.027283942,0.17859368,0.17266805,0.010354619061447924,0.010971224978741336,0.005998195123010762,0.0068975379359129795,0.014715453284029414,0.015261049554174882,0.016246889859710113,0.01429302328199694,0.010971168539273152,0.012198754546853046,0.009050139807396343,0.0080980344425572
57,0.049868986,0.05289806,0.08137125,0.083928086,0.036363095,0.04550897,0.059614517,0.063966855,0.63180727,0.6057867,0.030120503,0.03990557,0.110854395,0.108005784,0.050257206,0.05291961,0.08126722,0.08392068,0.0362035,0.04550404,0.059862245,0.064027175,0.6307452,0.60569954,0.030312961,0.039910357,0.11135172,0.1080186,0.088515244,0.080497645,0.004545543,0.003755685,0.006966764,0.008055794,0.21783729,0.23504505,0.46709254,0.47096598,0.034952536,0.03738552,0.16326143,0.15335894,0.008474944019859794,0.011256158979807302,0.005472413761365634,0.006957008060599175,0.013154929179234234,0.015203830813033553,0.015126742576771225,0.015664947145230708,0.010054187608419198,0.012188586441945981,0.008492203125534191,0.007915336191610986
58,0.03946392,0.05416553,0.061185963,0.08479037,0.02096626,0.031172354,0.040637504,0.046497192,0.684924,0.6280191,0.03147123,0.03649715,0.121351115,0.11885831,0.04000854,0.05417248,0.060910013,0.08480483,0.021606423,0.031173421,0.040645648,0.046519935,0.68315893,0.62797713,0.031996533,0.03650794,0.12167396,0.11884422,0.08369836,0.086004704,0.0035316302,0.005090361,0.002897991,0.004209487,0.20960817,0.21390067,0.49146226,0.47589985,0.027734324,0.03478167,0.1777092,0.16168052,0.008859331727351092,0.008508781802178796,0.006479510579732769,0.006418844173493192,0.012614712576001589,0.013983234756140763,0.017772993659889356,0.01250435409361278,0.009955097376752103,0.012324993185958122,0.01052744707639897,0.0067778973094072565
59,0.04837,0.057362493,0.084102646,0.07991747,0.031801302,0.024226647,0.04596231,0.047565594,0.64153266,0.6444335,0.024892079,0.04051038,0.12333899,0.105983935,0.048956424,0.05736325,0.084321834,0.079919875,0.032298993,0.024226537,0.047430426,0.047614217,0.6379622,0.6443812,0.025190383,0.0405142,0.12383972,0.1059807,0.088007405,0.08811156,0.0031785076,0.0044033523,0.0042550503,0.0039146473,0.19578958,0.21563518,0.48507178,0.4927606,0.0325683,0.040453847,0.17857945,0.14415939,0.008194299357130955,0.010980158472832334,0.005049587874468922,0.007402728280762812,0.012748334212057011,0.014525335890561928,0.013946333935686828,0.013274021896964486,0.00966918945732966,0.013083573996661942,0.007913918597117616,0.006990490982439554
60,0.056516685,0.069327235,0.08517602,0.11463583,0.029051822,0.032249182,0.05103004,0.05307752,0.62830555,0.58334816,0.023861438,0.032557964,0.12605841,0.11480409,0.056711476,0.06932795,0.085402966,0.11463769,0.028899055,0.03224932,0.05067551,0.05307846,0.62765384,0.58333236,0.024087215,0.032558076,0.12656994,0.114816174,0.09839562,0.101712406,0.0037926033,0.0061198636,0.0053497106,0.0045577222,0.22726072,0.22606322,0.45754227,0.443362,0.024051776,0.03725991,0.1778763,0.16768272,0.010232282410936294,0.012033241805685504,0.006219221822078537,0.007555409115234341,0.013041962245826518,0.015552482385303488,0.014649075012784799,0.015404352138790737,0.010412660115229535,0.012065082384134425,0.008409230454918062,0.009876879820598324
61,0.03933233,0.06391425,0.08149428,0.091623515,0.025767893,0.02551195,0.053618617,0.044040643,0.6486117,0.62073517,0.031700898,0.031787675,0.119474284,0.122386776,0.039867975,0.06391154,0.0814448,0.09162154,0.026134579,0.025533598,0.054146986,0.04410201,0.6470704,0.6207033,0.032005515,0.03178826,0.11932975,0.122339725,0.07409427,0.09645236,0.0043378146,0.00609647,0.0031653713,0.0035660404,0.23680083,0.22309475,0.46830004,0.4626897,0.02946861,0.031857684,0.17274338,0.15640837,0.007386195804060724,0.01047171121494862,0.004894141491689739,0.006823927851628189,0.010839635084898516,0.014553359224205191,0.015168770529961953,0.012795126180732457,0.01103137957633957,0.012665282881331506,0.008645220556461428,0.008257383484924767
62,0.04159156,0.04519441,0.053814672,0.076982126,0.027441481,0.039161094,0.06474679,0.048132125,0.65812707,0.63720775,0.026198274,0.042798437,0.12808016,0.11052406,0.042046834,0.045194652,0.053986624,0.07698234,0.027412014,0.039161865,0.06498691,0.048131905,0.6571016,0.63721263,0.026436683,0.042798817,0.12802935,0.11051774,0.07759339,0.08116862,0.002967483,0.0031733813,0.0043769153,0.007103749,0.23685503,0.21235836,0.47464198,0.48477557,0.0284707,0.035504177,0.17122185,0.16137387,0.0074223256919193235,0.009513113956434964,0.005088945563946493,0.007433696911729911,0.011439412414507143,0.016290741129518567,0.013167890689549681,0.014137091387278736,0.010072573649769684,0.014541617754755395,0.006871111441483979,0.008572150475019387
63,0.04994993,0.04734319,0.09317824,0.071424834,0.03505517,0.029419616,0.04365984,0.07060246,0.6360249,0.6159464,0.034400687,0.036253877,0.1077312,0.12900959,0.051782984,0.047340803,0.09189116,0.07137261,0.03508767,0.029418124,0.044011645,0.07061773,0.63294226,0.6159601,0.03498366,0.036255457,0.10930061,0.12903515,0.10088828,0.07794524,0.00632016,0.0032654784,0.0061095906,0.0033963881,0.24126093,0.23469013,0.44387257,0.4815227,0.046142384,0.03752628,0.14946292,0.14530429,0.009078997678335825,0.010190027070704046,0.006185192226307591,0.006002261450001347,0.012008934188247281,0.014427413356721333,0.016883736775619752,0.014314122917717048,0.012339978677606053,0.012075968547854976,0.010339496311877671,0.008386525749794774
64,0.04364333,0.056647602,0.069585375,0.08522472,0.021327995,0.026290543,0.052772917,0.057538394,0.6591845,0.62050503,0.031275477,0.03561719,0.12221034,0.118176475,0.04406517,0.05680064,0.06926358,0.085302256,0.021436581,0.026305329,0.05364395,0.05754043,0.6562149,0.6201929,0.031919383,0.035639435,0.123456426,0.118219,0.084820814,0.08436694,0.0035904427,0.0029003148,0.0031070285,0.0028318265,0.2241595,0.22439733,0.46934074,0.4702628,0.03355123,0.03160551,0.17842007,0.16774175,0.007272277875667438,0.010259185109960862,0.0051250189621525905,0.0064696112082546255,0.009341570074896015,0.015038937338941105,0.014792581492760484,0.015584582991164147,0.008566201596373852,0.012133443211644829,0.008901539554156577,0.008017751537337265
65,0.04244039,0.048275817,0.07439943,0.076534145,0.02707001,0.027629973,0.05098074,0.06075259,0.6499255,0.64069337,0.030328546,0.03231793,0.12485541,0.11379615,0.042938735,0.048300743,0.0745813,0.07656823,0.027255034,0.027633678,0.051239453,0.060681395,0.64787585,0.64066035,0.030721275,0.032330737,0.12538843,0.113824874,0.08485717,0.08268547,0.0037226118,0.00328697,0.0055982056,0.0035543079,0.2159382,0.23235382,0.4558975,0.45986065,0.03679511,0.03330326,0.1876124,0.17036414,0.00848403484702886,0.012317866904267958,0.004878039809316172,0.0067585765157007595,0.010987181346144528,0.015309206280585746,0.015572573953624779,0.014971824085773399,0.011349410149593314,0.012348098896506218,0.008027839297941155,0.010040715232969769
66,0.04714938,0.057430025,0.08605258,0.084988914,0.029410409,0.021864302,0.04334456,0.045385636,0.6388942,0.63822436,0.032804236,0.033321183,0.12234465,0.11878557,0.048166048,0.057426967,0.085983634,0.08499781,0.029633654,0.021863498,0.042895548,0.04532832,0.63814557,0.6382989,0.032700818,0.033319797,0.12247477,0.11876472,0.095044166,0.08561531,0.0041162646,0.0033955118,0.004587009,0.0025529577,0.21200924,0.19834128,0.4658281,0.49752104,0.034646735,0.03228787,0.16907635,0.17216091,0.00969758771316945,0.010711063187973565,0.005805135193085123,0.005741857832935431,0.013226310891320649,0.014497024609440282,0.012848516050084259,0.013744318895573506,0.010867348284904793,0.011230896735535916,0.0068888037285374645,0.0083399007417478
67,0.047142066,0.055754337,0.0779232,0.09016477,0.026089082,0.026744444,0.05099951,0.046309315,0.6545857,0.64093965,0.02487436,0.032470074,0.11838603,0.1076174,0.047690406,0.055742294,0.0775572,0.09013152,0.026132533,0.026750268,0.051626813,0.046327602,0.6531343,0.6408749,0.025079506,0.03242396,0.118779205,0.10774947,0.08072216,0.09027888,0.003636125,0.004091009,0.004517954,0.0031024392,0.21931791,0.22391799,0.46421993,0.47622043,0.033121135,0.033085726,0.17139176,0.15629397,0.008511013478458875,0.010636787805148611,0.005125015149987085,0.006382410459670088,0.012425909562435146,0.013562363302652055,0.01415444050230716,0.014440010074856662,0.010217124671145763,0.011370241106741326,0.008284577531812517,0.009094354255441344
68,0.04113506,0.04550513,0.06816232,0.08614478,0.016335169,0.028793259,0.0562953,0.05155752,0.6594727,0.65180343,0.028768854,0.037319854,0.12983055,0.09887601,0.043050736,0.045536056,0.06836108,0.086137936,0.016878698,0.028795853,0.056392945,0.051619597,0.65462357,0.65173227,0.029453892,0.037328828,0.1312391,0.09884946,0.08125073,0.08653497,0.0034343987,0.0061553433,0.0018208405,0.0066567063,0.22811344,0.22735664,0.47308037,0.48635414,0.025418473,0.031463712,0.17559838,0.14532867,0.007360997209967623,0.008943770339126774,0.004814210901684762,0.0062371130779702395,0.01020881588392147,0.012281261234132118,0.014560571340365392,0.014837144114500576,0.009166952753168985,0.009668477935641549,0.008652735182891075,0.008374271160286828
69,0.050028194,0.05118857,0.09176551,0.09391572,0.025760498,0.03289767,0.04387513,0.04566534,0.64492726,0.628295,0.028836276,0.042691413,0.114807144,0.10534628,0.05072487,0.05119252,0.09235329,0.093914,0.026313867,0.032925878,0.044296704,0.045663673,0.64142185,0.62826073,0.029206067,0.04270609,0.115683354,0.10533708,0.1007371,0.092955716,0.0037530016,0.005447216,0.0064120847,0.008162751,0.20273584,0.19613041,0.48087424,0.48354042,0.03200696,0.044628028,0.17124955,0.15874977,0.010677778866210878,0.010763239122491821,0.006009216475979771,0.0071788046383723355,0.013114282889347907,0.013862879590272242,0.01447579022527821,0.01422811340383162,0.012234558621116094,0.011959458688470771,0.008313284408166666,0.008526351174542849
70,0.04454341,0.036785133,0.073545665,0.081899025,0.02788376,0.018215576,0.06354666,0.05105228,0.6348463,0.6589421,0.03438017,0.03344792,0.12125398,0.11965793,0.04595931,0.036780868,0.073604375,0.081880994,0.02713831,0.018210439,0.064683504,0.051051788,0.6307762,0.65896344,0.034451965,0.033448447,0.12338632,0.11966403,0.083101526,0.08927162,0.0026972701,0.0044695595,0.0036700359,0.0023790267,0.25303033,0.20825334,0.44584543,0.48748848,0.036867023,0.032771993,0.16818741,0.17136872,0.00690413439107199,0.008291428238528926,0.005321050139409169,0.005904261100973257,0.011402254608620314,0.011577184746954442,0.015726476186475442,0.011797169818010673,0.01026485090189269,0.010308688416226789,0.009520779971551359,0.006587834005421814
71,0.07912715,0.06172877,0.09385576,0.09961413,0.034555595,0.03715872,0.03248598,0.044264637,0.6197223,0.6212095,0.03717864,0.035066497,0.10307452,0.10095776,0.079450905,0.061732855,0.094060145,0.099610575,0.034621008,0.03712991,0.032899685,0.0443363,0.61775887,0.6211541,0.03760519,0.03507169,0.103604235,0.100964546,0.09888042,0.09522553,0.0038016015,0.004337726,0.0061951475,0.0057879076,0.19225201,0.2053866,0.48662645,0.48937345,0.034894735,0.039550964,0.17032327,0.14766313,0.012094633894080182,0.012310381945061568,0.006848361909357468,0.008157360289742462,0.013934776376301994,0.017347843346870406,0.014062460329757942,0.013921952028953733,0.012961049216752493,0.01209649561786974,0.007971710525605878,0.009235359007733644
72,0.0499133,0.07132402,0.084552534,0.089128286,0.025025258,0.0362355,0.057233922,0.055715278,0.62825364,0.58719903,0.034933496,0.030661337,0.12008783,0.12973654,0.05028426,0.07132868,0.08406929,0.08915558,0.025230553,0.036287334,0.058226306,0.05595245,0.62584955,0.586824,0.03513222,0.030662706,0.12120785,0.12978923,0.09350865,0.08163058,0.0027821928,0.004069342,0.0033639448,0.0038199036,0.24628487,0.23222075,0.43483856,0.4641127,0.030569663,0.030308258,0.17265442,0.1764542,0.009784420729565077,0.011736978295133739,0.006206064646945855,0.007737729860117355,0.01349327766702965,0.015556761774476374,0.013855325352572006,0.013207321876837173,0.010987709294619792,0.012090133415675068,0.007879233961221572,0.008355579380836689
73,0.050226305,0.06606611,0.08453196,0.089542665,0.032650303,0.025457853,0.061159067,0.04176693,0.63989687,0.6109894,0.025785143,0.0351012,0.105750345,0.13107583,0.05123714,0.06608032,0.08416061,0.089615956,0.033290792,0.025511663,0.061558656,0.041657425,0.637203,0.6109545,0.02617349,0.035132423,0.106376305,0.13104767,0.08898555,0.08449165,0.0034953079,0.004479211,0.007347595,0.0033434473,0.23407847,0.21178561,0.45205107,0.4816825,0.032483883,0.03338833,0.17303017,0.17194377,0.008509882862161377,0.009971900193408144,0.005825393999211762,0.006487586552810527,0.013203838235885328,0.013900860122250606,0.011648909166185254,0.013077609563670708,0.010918739286152496,0.012242240957892529,0.007452706891201721,0.008048042135298892
74,0.05047459,0.039962605,0.08185675,0.062892005,0.027582573,0.02838634,0.04633928,0.06075294,0.6370162,0.63527375,0.030771106,0.03653726,0.1259595,0.13619508,0.051492427,0.03996409,0.08256261,0.06289223,0.028380973,0.028385142,0.046329357,0.060744844,0.63202375,0.63527614,0.0316804,0.03654006,0.12753046,0.13619749,0.08146676,0.074164815,0.0035455928,0.0034691386,0.0063619525,0.0036329525,0.20153573,0.24132161,0.48376977,0.4603686,0.029179398,0.03349612,0.18371087,0.16969079,0.009738809903033097,0.008500532988880267,0.006076606394725327,0.00520502735664262,0.013455122444886709,0.011421493473111015,0.014746382428529922,0.01389513634142059,0.009833545358190804,0.010135013922654834,0.008960084218439676,0.007735224111855939
75,0.05348016,0.061711602,0.0923682,0.08849579,0.031423647,0.018407345,0.037912447,0.05090301,0.6296394,0.6233653,0.028700596,0.045973185,0.12647557,0.111143805,0.05372377,0.061711304,0.092331894,0.08849451,0.031849664,0.0184082,0.03814394,0.050903145,0.6282361,0.6233694,0.029113693,0.04596879,0.12660092,0.11114468,0.090805076,0.09477979,0.0030444306,0.0059141307,0.0034572878,0.00288236,0.19206852,0.20101237,0.5168758,0.4923245,0.025441522,0.04119607,0.16367246,0.15074542,0.009451655930104823,0.009984933644663416,0.006590175730613574,0.006245389581395961,0.014421498254831522,0.014103945787302565,0.012945405252352101,0.014776322964998733,0.011277442332128813,0.011948762499849367,0.008450661924098688,0.009330359200522203
76,0.04960408,0.06609884,0.089467436,0.121231414,0.03416124,0.033399243,0.05183625,0.045195475,0.61806995,0.5987663,0.03052374,0.030544251,0.12633726,0.10476442,0.050460797,0.06609884,0.08856284,0.121231414,0.03482187,0.03339924,0.05232502,0.045195475,0.6156789,0.5987663,0.030526945,0.030544253,0.12762363,0.10476442,0.0886074,0.09830207,0.0053030937,0.0055924812,0.007969832,0.0034747496,0.21756716,0.21013655,0.46654868,0.4654724,0.03526529,0.042032894,0.16624112,0.1592918,0.01098638716314172,0.010150697893181898,0.007171709298927011,0.00817864697159235,0.01412805493165203,0.014515296871877643,0.016094497300198837,0.012981993078602816,0.01030604771040522,0.011812588168740883,0.009170991460849176,0.009012023481275737
77,0.049701434,0.062015023,0.08266332,0.101871304,0.019958196,0.029679896,0.057426173,0.043468673,0.6543195,0.6223239,0.030416712,0.037279207,0.1055146,0.10336203,0.051081497,0.061997075,0.08290425,0.10182624,0.020334132,0.029677337,0.05829095,0.04344857,0.651099,0.6224231,0.030647837,0.03727401,0.10564229,0.10335367,0.08989525,0.09589698,0.0031854638,0.0038314215,0.003168242,0.0064076153,0.23557827,0.2167855,0.46159905,0.47774056,0.02899255,0.03617105,0.16444066,0.15131862,0.009030118014000103,0.01066561066027888,0.006041120130270675,0.006620373212208761,0.012047441747901571,0.01521449261417529,0.012835152961345834,0.015272630616250778,0.010344446909519205,0.012154241155005996,0.007126326059017311,0.007038311349873371
78,0.06274117,0.051275894,0.078662775,0.096069746,0.0359904,0.033182442,0.04573768,0.03585219,0.6472971,0.63504416,0.022597034,0.039936196,0.10697387,0.10863938,0.06423743,0.051275436,0.07952059,0.0960686,0.036157195,0.033183653,0.046509575,0.035853215,0.64281535,0.6350335,0.022720825,0.039937325,0.10803901,0.10864827,0.09728327,0.094423056,0.0033336706,0.0041778353,0.008037079,0.00631529,0.2122739,0.21006447,0.48090148,0.481812,0.02796444,0.03924698,0.1622837,0.15592471,0.008568067625324596,0.013769945772857572,0.005986587960010923,0.008540760546897236,0.01396856876458372,0.018037971851341775,0.012280932219815327,0.015223747152560056,0.010508421046884465,0.015546931603959578,0.008099490099347205,0.009781433469389868
79,0.05853233,0.0610745,0.115601964,0.09419329,0.052842982,0.029307287,0.04048137,0.044240296,0.5737983,0.62049896,0.04058901,0.040520612,0.118154034,0.11016502,0.058951635,0.06112261,0.11628346,0.094237104,0.052822825,0.029314442,0.040819917,0.044234674,0.57226706,0.62040716,0.040560585,0.040519923,0.11829454,0.1101641,0.098103516,0.096310355,0.005315806,0.0037204307,0.0070981667,0.004913444,0.20858973,0.20367417,0.44654822,0.47995317,0.038062967,0.037311383,0.17734689,0.16171055,0.012775331748588976,0.010190897202061025,0.007982585329434055,0.006687651162307278,0.01687467845595679,0.013718157544181589,0.015033521030962338,0.013183291662153911,0.01439425392571677,0.011046446164033254,0.00969413392492094,0.00786794694860191
80,0.06822609,0.053785894,0.102369145,0.08399637,0.026748892,0.024584703,0.050744087,0.05689684,0.6098869,0.61725277,0.028144905,0.038021598,0.11387999,0.12546186,0.06875185,0.053785894,0.102384865,0.08399637,0.027124839,0.024584701,0.05172209,0.056896836,0.607323,0.61725277,0.028329661,0.038021598,0.11436367,0.12546186,0.09376048,0.085731834,0.0037749517,0.0057588904,0.0035369408,0.005374239,0.22162643,0.21707366,0.45700336,0.4748317,0.033946913,0.036171973,0.17465308,0.15341753,0.011011706662031955,0.01204590909298477,0.00698070463962778,0.007463291907450651,0.013305415196544918,0.01571285548743378,0.01646259455621308,0.014338398088971976,0.012286965542225305,0.01274354637578116,0.009161765483250546,0.008871102834633533
81,0.048376154,0.07233143,0.090231426,0.11543389,0.027382206,0.03857856,0.0370912,0.04074832,0.64400244,0.5890961,0.023984257,0.038117442,0.12893234,0.105694234,0.04898013,0.072332904,0.09003416,0.1154002,0.02795629,0.038578745,0.037701488,0.040764164,0.6407229,0.58907896,0.024362808,0.038144223,0.13024229,0.105700776,0.09268452,0.09551818,0.00395895,0.005985964,0.0054855086,0.006026826,0.20421799,0.21032949,0.4618484,0.4679026,0.030032799,0.03650471,0.19635032,0.1697301,0.007779335037229162,0.011567145817437214,0.004389554071890283,0.008942311839067275,0.012481818005521396,0.017181626416372765,0.013762170117547831,0.014144202320959663,0.009728866950387677,0.012405571739239315,0.009125841408233285,0.007434639539779355
82,0.0603334,0.05301658,0.10542298,0.08619461,0.024718497,0.02782963,0.040601555,0.049299255,0.6299,0.64005876,0.028266149,0.035213485,0.110757396,0.10838766,0.061787773,0.053021196,0.105432644,0.08621496,0.024811387,0.0278313,0.040752415,0.04929873,0.62655425,0.64002067,0.029157372,0.03522004,0.111504145,0.10839314,0.10117562,0.08688228,0.005053904,0.0035421962,0.004824241,0.005850196,0.20237115,0.21458714,0.48343918,0.47669664,0.029160948,0.03468964,0.17063639,0.16519411,0.010743490520313911,0.011707122433559147,0.007498576222411348,0.006375242580573001,0.014542080836749233,0.014471444353136773,0.014540672552815591,0.01578454167582721,0.010123762302900132,0.011908913222704364,0.0081423346126614,0.008975556155937427
83,0.053872332,0.05476199,0.08539532,0.085357316,0.036275074,0.026591556,0.051491734,0.053545732,0.6176516,0.6333144,0.028856128,0.040227335,0.12645786,0.10620169,0.05450298,0.054764852,0.08582783,0.08538409,0.036521513,0.02660138,0.052015383,0.05352761,0.6141816,0.63341135,0.028582899,0.04023205,0.12836784,0.10607871,0.091735505,0.079387374,0.005120757,0.003301912,0.008169971,0.00373018,0.20040183,0.21313754,0.47322032,0.47876155,0.03389924,0.0341269,0.17577298,0.17744663,0.009761615172458778,0.009710531542241095,0.006296313858142715,0.006683615319270103,0.013339686711528524,0.01305921177469842,0.014246997150017506,0.014879590027927065,0.010299184032000015,0.011671728655847308,0.009374502551626949,0.00900924975356454
84,0.048434637,0.062485714,0.077026494,0.100628346,0.02288372,0.02913512,0.054328654,0.050655425,0.6355713,0.6187377,0.02983813,0.035126466,0.13191706,0.103231244,0.048707634,0.06248782,0.077080555,0.10057765,0.02366936,0.029142627,0.055997387,0.050660226,0.63267666,0.61871725,0.030091774,0.03513145,0.13177665,0.10328296,0.08289817,0.095085286,0.003146627,0.005480731,0.0029236162,0.0051969625,0.23363546,0.19585249,0.45385313,0.5010357,0.0350986,0.03451429,0.16964318,0.1509194,0.008791334121475492,0.01192937024916318,0.005815479149000134,0.007932167601729174,0.01406459087410295,0.016633714424221506,0.013937830677907645,0.012963879247454327,0.010944158308792971,0.013737661136370682,0.007769895677438549,0.008824049456238468
85,0.04294414,0.058575846,0.07447887,0.0928861,0.023785071,0.031906143,0.061659053,0.05056739,0.6528732,0.6079127,0.026253091,0.03992568,0.11800655,0.118226126,0.04418301,0.058576018,0.07427001,0.092887804,0.024384134,0.03190625,0.063172735,0.050566886,0.6487737,0.6078972,0.026460549,0.039925937,0.11875582,0.1182399,0.08043141,0.08697524,0.0030527634,0.0042654905,0.004620704,0.005389488,0.23678958,0.22581406,0.44447392,0.46312097,0.028136143,0.039922096,0.18261282,0.16460775,0.008296965603352654,0.0107777009739138,0.004440589351841294,0.007389235371346832,0.010529736206875303,0.014701893876163396,0.015122355847702789,0.014344593290147702,0.010262434192574159,0.01113623242325672,0.008350200406044082,0.00776751387725881
86,0.044657286,0.051321242,0.07882861,0.09315932,0.022532068,0.027961861,0.064392835,0.043951374,0.6346629,0.63315094,0.026881149,0.034580097,0.12804511,0.11587515,0.04507596,0.051342476,0.07882762,0.09319084,0.022866607,0.027942134,0.064612456,0.043957584,0.6315954,0.63309926,0.027178159,0.034581408,0.12984383,0.115886316,0.081008814,0.087456584,0.0036890467,0.004825017,0.0036927045,0.0050721955,0.25066128,0.20793803,0.43978468,0.49237093,0.03217965,0.03639174,0.17451848,0.15108034,0.00878643281970027,0.00905003022439747,0.0058375780107838065,0.00770394156322034,0.011823250538965983,0.012865627689582703,0.014045078376323825,0.01377526047905528,0.008875448939222182,0.010623525441315234,0.0076190912847889985,0.008529761115645917
87,0.05452653,0.04555201,0.09123068,0.08926524,0.029478377,0.021491202,0.04968415,0.06669775,0.618096,0.6311662,0.031806078,0.03158698,0.1251782,0.11424062,0.05536199,0.045544587,0.09138623,0.08924464,0.03005662,0.02149285,0.05032026,0.066702016,0.61506253,0.6311738,0.03227313,0.031592857,0.12553924,0.1142493,0.089198604,0.08866934,0.004199901,0.0044536716,0.0067921,0.0028647743,0.22539935,0.22913034,0.47401908,0.48262808,0.028612655,0.042039786,0.15949884,0.14185694,0.009041476668261073,0.009468399594410067,0.0068247847491293805,0.006881258680744888,0.012152653116284471,0.012686224244111113,0.01668337067151765,0.016171111796186584,0.011267699909568312,0.012087603492422275,0.009130290718552855,0.007582919581976689
88,0.04867049,0.044078942,0.08501072,0.08231228,0.028899759,0.026247734,0.058566995,0.052879617,0.63165575,0.64620066,0.028565459,0.032061793,0.118630804,0.11621893,0.0491232,0.044078734,0.08596928,0.08230049,0.029065471,0.026247488,0.058599606,0.052929662,0.62965834,0.6461332,0.028474519,0.03206127,0.11910956,0.116249174,0.079016894,0.08140135,0.0031560592,0.005359796,0.003438728,0.0053305402,0.22391035,0.22588918,0.46379548,0.47058454,0.029286914,0.03563826,0.17850235,0.16187501,0.00968092620771076,0.008417426285656962,0.006509803877224825,0.006669432076670606,0.013696433288189432,0.012809108896612895,0.01648777940590146,0.016033053127874536,0.011578308663104527,0.012129319251581179,0.009780171168829142,0.00901330948716419
89,0.06000991,0.061411075,0.09048581,0.086943895,0.030740513,0.028371608,0.04583104,0.04754255,0.6158509,0.6240469,0.022624033,0.047832727,0.13445778,0.10385121,0.061204433,0.06146503,0.09149381,0.08690516,0.030846873,0.028404612,0.047002517,0.04754641,0.60996073,0.6239965,0.022999026,0.04783557,0.1364926,0.10384668,0.091045365,0.09791984,0.003522827,0.00485078,0.0064638997,0.0047011534,0.20417906,0.22434239,0.46911976,0.4596845,0.025115686,0.047750685,0.18523993,0.15209253,0.009781829537390136,0.011838280320854457,0.006377658754340157,0.007631892257739188,0.014583188004216015,0.0157056565941623,0.014301900214309101,0.015108551216502791,0.010561876460827154,0.014140685977747234,0.008198708451209737,0.008703837544139587
90,0.060090683,0.053338878,0.08951207,0.09990108,0.02939311,0.039976414,0.060813766,0.054612428,0.6104017,0.60349506,0.031396195,0.041609,0.11839244,0.10706712,0.060804248,0.05335497,0.08985405,0.099895775,0.029636275,0.039973643,0.06159778,0.054612346,0.6078311,0.60349745,0.031581793,0.04160857,0.11869475,0.10705727,0.09040505,0.09453029,0.004711414,0.0048849126,0.004959748,0.0061191716,0.22879456,0.20096909,0.4483373,0.4881548,0.039138556,0.040903285,0.17640907,0.15489934,0.010606303921282756,0.009987159023751743,0.006252448592080606,0.0062048285751981555,0.013508430798696732,0.015123905286432125,0.017107853496394352,0.01717458448232655,0.010990924285103268,0.013349043998625718,0.00810030693513853,0.009087561738689968
91,0.042856056,0.06320978,0.088050365,0.10033484,0.033079706,0.04061457,0.044277754,0.03792118,0.6296816,0.617469,0.031370893,0.039602295,0.13068363,0.10084834,0.0435591,0.063221626,0.08838189,0.10028759,0.033314653,0.040626064,0.045625497,0.037928436,0.62516004,0.61735225,0.031596366,0.039681204,0.13236244,0.10090288,0.08843854,0.084747784,0.0039797146,0.0044826386,0.0063177175,0.0058600763,0.21779852,0.18607722,0.4606358,0.51433176,0.03190714,0.034473732,0.17647092,0.1590354,0.009767111634748905,0.011442373140460163,0.007144114720489335,0.00914800576254362,0.012121920485670252,0.01682946000430562,0.016420332299183715,0.012676397164459832,0.011914532879987042,0.014799274134230536,0.010689125382196248,0.008420641618508707
92,0.039459284,0.06376807,0.068046704,0.09929037,0.024591867,0.025580814,0.056829344,0.049848124,0.6149893,0.6136117,0.034603108,0.03336377,0.16148043,0.114537135,0.04022388,0.063861296,0.06924702,0.09944385,0.024377257,0.0256137,0.05706323,0.049864966,0.6113152,0.61332816,0.03483374,0.033362895,0.16293968,0.114525095,0.07513284,0.09919808,0.0044544437,0.00490722,0.0067347744,0.004056628,0.23084605,0.21654819,0.4430015,0.4842295,0.033732723,0.031736095,0.18422799,0.14928395,0.00757915113605395,0.009429189287410657,0.006449921587610183,0.006144349599071083,0.010990852524656489,0.011898703389879146,0.017603209422630352,0.014927542127941435,0.01342273793645746,0.013345453131839498,0.010561178882809432,0.008223238367429414
93,0.046349406,0.05299937,0.07660107,0.097338274,0.024451386,0.025089838,0.06153411,0.036675442,0.6353351,0.6194598,0.02744641,0.045202095,0.12828253,0.12323518,0.046748012,0.05301335,0.076979965,0.09730665,0.024375536,0.025087778,0.061808802,0.036745433,0.6325832,0.61937785,0.028050695,0.045215204,0.1294538,0.12325374,0.084986284,0.09397023,0.0034922073,0.005904809,0.004654563,0.0033797044,0.23460585,0.18848926,0.4499958,0.48760796,0.029084997,0.045580246,0.17188068,0.16552997,0.008079214185374241,0.010048954967409415,0.005421621116923449,0.006365011292314081,0.00971574756040477,0.01429668916679257,0.015496002968206864,0.0125209818811588,0.009711593648475196,0.011589777424856547,0.009360258507723658,0.0075119820199277204
94,0.05882396,0.04574336,0.08886807,0.06803476,0.032092992,0.020810734,0.059195455,0.07229224,0.6046553,0.6150895,0.035724077,0.0361365,0.12064006,0.14189288,0.059605613,0.045743663,0.08875731,0.06804042,0.032605793,0.02081361,0.060254626,0.072292104,0.60140604,0.6150441,0.036100868,0.036156654,0.121269755,0.14190942,0.07538022,0.07791716,0.0052421764,0.00351558,0.004832516,0.0045379023,0.23396431,0.23406966,0.4557963,0.46132538,0.03362559,0.028106207,0.18091242,0.17035273,0.010752114286691412,0.009565613026430152,0.007437485211851399,0.006337420633722693,0.013526525452462572,0.011521389300208521,0.015840187308973876,0.014838747339857315,0.012501405711146543,0.010368243368413783,0.007927252963568837,0.007722952622781329
95,0.047730677,0.0567622,0.07711839,0.10197681,0.041205116,0.029446714,0.051605087,0.05855253,0.6358582,0.60993665,0.028298164,0.039111104,0.11818439,0.104214,0.048902113,0.056764465,0.078009844,0.10197531,0.041934364,0.029452985,0.05222671,0.058880955,0.6312186,0.6095376,0.028774157,0.03909178,0.11893421,0.10429689,0.08283696,0.093251236,0.004811216,0.0045385472,0.008153474,0.0032214066,0.23220362,0.21807629,0.45923334,0.48584062,0.03252822,0.03323234,0.16009313,0.15766637,0.009439540826405116,0.010076006956296199,0.006621009938398078,0.006611296543205358,0.012061086511230517,0.01651893537520618,0.01381225814972739,0.013753810488813701,0.011244095405455437,0.011380372692786377,0.008428246486019902,0.008114133263859806
96,0.066478044,0.06472947,0.105531745,0.10420801,0.035838615,0.035523497,0.041648276,0.046295885,0.6096092,0.60204196,0.029959422,0.03512019,0.11093471,0.11208098,0.06941603,0.06469994,0.105381146,0.104205586,0.037448674,0.035526697,0.042668752,0.04630031,0.6023077,0.6020203,0.030664923,0.035120234,0.11211281,0.11212693,0.10058,0.08953954,0.0051461896,0.0055626547,0.0044220486,0.005176053,0.20981197,0.21322909,0.47076982,0.47064158,0.03223122,0.039149303,0.15841815,0.15827687,0.01062186995073302,0.012211757876153778,0.007419542128754692,0.00687794561758533,0.013754217176989615,0.015668285723642948,0.013508112712508048,0.012103770535479752,0.011844350376713535,0.011275016120239472,0.007826908338680405,0.007512212488408179
97,0.05442182,0.04861163,0.103748985,0.07876085,0.042150464,0.03881471,0.043632854,0.0405237,0.6064433,0.64093214,0.028911106,0.036854953,0.12069146,0.11550205,0.055689745,0.048727114,0.10391759,0.078713715,0.042536758,0.038775336,0.044762213,0.040546406,0.5998469,0.6408489,0.029788202,0.03683277,0.12345858,0.11555577,0.09240663,0.083779566,0.004054261,0.004151463,0.0071437713,0.0041503827,0.2189575,0.19983552,0.46939477,0.50469446,0.035469085,0.030550312,0.15412569,0.16696356,0.010142133123673597,0.009823677013795391,0.0072691157888730455,0.006034214614869432,0.013827087082703953,0.013245685550141073,0.014237010731128373,0.013256076835184054,0.01127014972106669,0.010551657174152062,0.0086200569022327,0.008561268504012048
98,0.05130293,0.057677366,0.08647848,0.09808943,0.047302317,0.03739822,0.048304666,0.060004864,0.6055801,0.6003393,0.026094936,0.03169892,0.1349366,0.114791945,0.053068433,0.057690676,0.08728802,0.09810879,0.047578838,0.037406325,0.049476035,0.059905246,0.5996763,0.6004898,0.026582133,0.03168187,0.13633019,0.11471733,0.083760254,0.086111434,0.004014867,0.004241389,0.008424103,0.00248034,0.21959743,0.21401252,0.4555035,0.48323774,0.025068916,0.027956693,0.17995028,0.17014392,0.008431774274478748,0.012202584852824827,0.00612461284359052,0.008215033651523223,0.011491326667423182,0.015231079091784531,0.013279467034340766,0.016461175103698125,0.009771967362266988,0.011560765661222468,0.008313717464038096,0.008161221437687724
99,0.057981055,0.048067637,0.0850642,0.09304337,0.03571365,0.029481007,0.0476754,0.052952137,0.62489355,0.60777795,0.03167326,0.042322144,0.11699885,0.12635574,0.059196938,0.048208818,0.08579693,0.09303893,0.036188375,0.029410347,0.04919408,0.052962545,0.61993456,0.60752016,0.03160067,0.0424211,0.11808845,0.1264381,0.09421904,0.07858268,0.004029848,0.005357131,0.0060852226,0.005414986,0.22219308,0.22775558,0.4562247,0.47296712,0.032533426,0.03529576,0.16752632,0.156487,0.010587291586071135,0.009733177601441682,0.006765377847979415,0.008131442926054118,0.013638328804103256,0.015191121994496631,0.01590342564596316,0.01601980449268798,0.011773989174877304,0.012695507104744968,0.009596015657971578,0.007622860416109382
100,0.056491937,0.053399805,0.08680072,0.07881019,0.03205926,0.031184752,0.04180389,0.04652103,0.64852613,0.63245785,0.028844321,0.03131381,0.10547373,0.12631252,0.05942717,0.053265966,0.08702823,0.0788201,0.0328897,0.031413887,0.042250693,0.04662452,0.64307004,0.63224596,0.029459342,0.031265203,0.105874844,0.12636438,0.09819234,0.07473275,0.0042732223,0.0047180494,0.0058652684,0.0063779443,0.19650371,0.18794584,0.49463865,0.5195119,0.031526193,0.030283634,0.1610049,0.16230632,0.008977949472172442,0.009154679265502908,0.005631195170582635,0.006440642828669766,0.013238513286431552,0.015192760490494872,0.014597049644873315,0.01523999783089393,0.009503147669845079,0.013286419770120154,0.007688319037440671,0.009375712027207292
101,0.059233233,0.058449987,0.08613999,0.095029995,0.035475135,0.0323792,0.043016255,0.044410452,0.630241,0.6309773,0.031190073,0.033936486,0.11470433,0.1048166,0.06092703,0.058465946,0.086299144,0.09500356,0.036570493,0.03236621,0.044263273,0.044345804,0.6253369,0.63110906,0.031391572,0.033939246,0.11521156,0.10477015,0.09087668,0.091690466,0.0039228555,0.004766659,0.0066017904,0.004757655,0.20108126,0.19876626,0.4740392,0.4955543,0.036254697,0.03926269,0.1727164,0.15535896,0.010352848168738576,0.011714691394636172,0.005587330209114925,0.007607821870655721,0.012637258473174347,0.01519436436773206,0.014966611153455229,0.014457542702980747,0.010207132255628283,0.01420465039880388,0.00822716309668437,0.008366934188483487
102,0.060811065,0.06330975,0.097851194,0.11983494,0.031046258,0.02928426,0.04376494,0.048958246,0.6235013,0.59715796,0.03625358,0.03766268,0.10677165,0.10379213,0.061186265,0.063843675,0.09812292,0.11975661,0.031058935,0.029288748,0.044434447,0.049019385,0.62054235,0.5964347,0.03650331,0.03771211,0.10815178,0.10394474,0.10691711,0.10416731,0.0046919514,0.0076653417,0.005409949,0.0044503054,0.2081831,0.2103368,0.45585644,0.47235256,0.04281964,0.0380055,0.16458419,0.15255494,0.010792635193295598,0.011847836386352433,0.007981706107630797,0.008993030889771545,0.013559771828406847,0.015192541487243019,0.016268153087817826,0.015219383207417038,0.012361351345314459,0.013771847072115885,0.009486652674969032,0.00832130993322859
103,0.06387109,0.061722204,0.096589684,0.10442418,0.036304843,0.033570234,0.04904659,0.031344745,0.6058141,0.61237407,0.034865938,0.040856775,0.113507755,0.11570779,0.065234736,0.061750602,0.09784554,0.10450455,0.036885746,0.033557132,0.05117728,0.031386804,0.59979486,0.61186665,0.034803707,0.04085425,0.11425816,0.11608003,0.092318356,0.094704606,0.006110839,0.004688662,0.0059285886,0.0066950917,0.21176524,0.20374888,0.4718866,0.48966205,0.029752798,0.041560788,0.16819762,0.14965816,0.010333863080100673,0.012156871597581232,0.008009374270205283,0.007463875200271242,0.013663959461836296,0.01695825256093706,0.012024369870000783,0.014146374380600036,0.011386965655177553,0.01257198936865359,0.006644099258247429,0.008929538613289375
104,0.04957028,0.06244189,0.086056,0.10171649,0.031308945,0.02804872,0.06356552,0.04928372,0.60500014,0.58960253,0.027383395,0.051446795,0.13711572,0.117459856,0.051406026,0.062495865,0.08695564,0.101805106,0.031049635,0.028053293,0.06435931,0.049285308,0.60040903,0.58943725,0.027446838,0.05146495,0.13837354,0.11745828,0.0834778,0.100545116,0.004489036,0.005799696,0.004616299,0.004145995,0.2214134,0.20510095,0.46625185,0.4749297,0.028059348,0.04683453,0.17307137,0.15322484,0.009789738197422635,0.011851746189711639,0.007847393411164897,0.007795213843584214,0.013455061295653378,0.015229610319718277,0.014116726687607094,0.0138349354251407,0.011352048647116437,0.013907002516695239,0.007335739485145424,0.008351001269525047
105,0.054759547,0.054869242,0.083650775,0.09291671,0.036902063,0.039718147,0.055615883,0.05504879,0.6056968,0.593984,0.032296564,0.04454189,0.13107839,0.11892124,0.055709325,0.05481571,0.08477501,0.0930237,0.037291925,0.039712965,0.0568122,0.05503937,0.601414,0.5939219,0.03271673,0.044542387,0.1312808,0.118944004,0.08673686,0.09233165,0.004123284,0.004273851,0.006316892,0.0060850265,0.22972214,0.23099828,0.46433333,0.4503607,0.034234818,0.0403584,0.16002291,0.1645694,0.010241547845548848,0.010533739371156077,0.007062598168810901,0.007475308816475936,0.013780635272104259,0.015407931481810312,0.016513816138088402,0.012996471086056787,0.011873162316559261,0.012032096671568644,0.00837235733676033,0.008372472172735328
106,0.060075667,0.065781765,0.08698409,0.106731825,0.04601518,0.048859674,0.03512,0.04901882,0.6068301,0.5736056,0.037091337,0.04142143,0.12788361,0.1145809,0.06114377,0.06580784,0.08695362,0.10678969,0.047016177,0.048925355,0.035583235,0.04911447,0.6035874,0.5734888,0.037994165,0.041425344,0.12772164,0.114448525,0.09702521,0.08972289,0.004345713,0.0048204865,0.006145014,0.008218139,0.18537748,0.2085245,0.47915077,0.4640347,0.04316971,0.038204566,0.17238641,0.16346574,0.01113982525885435,0.014795926115141559,0.00683070672255569,0.008335748993429922,0.016246236535907888,0.016589095466342622,0.014197772257284438,0.013364640352613952,0.011862998171101188,0.01321845234693584,0.009667858896796985,0.009173496584083663
107,0.05929963,0.05726334,0.090608284,0.09205288,0.03336542,0.035323154,0.044108495,0.056082062,0.630562,0.60767657,0.027376868,0.041188646,0.11467934,0.11041336,0.059466388,0.05731979,0.09075016,0.09239234,0.033836033,0.035156958,0.044267237,0.056078903,0.6279056,0.60739064,0.027799027,0.041205876,0.11597556,0.110455506,0.08356253,0.084105894,0.0031379184,0.005620245,0.0033627567,0.006202461,0.20306343,0.21072607,0.4848852,0.49364257,0.033308163,0.03574957,0.17081115,0.15166926,0.011855863968815543,0.010182190988789771,0.007839097659266485,0.008318032507516707,0.013614667850834405,0.013913190327968533,0.015146714129880029,0.013570011062187071,0.010225386660533698,0.012727732091615122,0.008871989239689274,0.009943650740218144
108,0.06812449,0.054492444,0.10744619,0.09696043,0.03508921,0.032217737,0.03707646,0.047833636,0.6169764,0.61477685,0.03450477,0.040337265,0.100782484,0.11338165,0.06911811,0.05450657,0.10806311,0.09695225,0.035187326,0.03221077,0.038141176,0.04778351,0.6125032,0.61480516,0.03473115,0.040352426,0.102255985,0.113389306,0.09704114,0.088598706,0.0048491806,0.0069924183,0.005300166,0.004246506,0.19880415,0.1957146,0.48082516,0.48720872,0.038333688,0.041952882,0.15716076,0.16363774,0.01030908035055167,0.011756502488854608,0.0068734168027571995,0.007940652665139504,0.013396463715136132,0.01701571411733329,0.014293992351217725,0.014503997853053726,0.012162502865312952,0.01246015389404674,0.008514130877654798,0.009380677819223814
109,0.06500195,0.053030893,0.11439847,0.09916294,0.025159359,0.033217084,0.046624817,0.056610864,0.61623573,0.59382486,0.026091192,0.047896832,0.10648848,0.116256475,0.06631943,0.053092103,0.1149947,0.099327214,0.025695024,0.033228923,0.04662185,0.05674558,0.6120673,0.5935482,0.027006386,0.047851983,0.10729535,0.116205975,0.101571165,0.0847013,0.0040489016,0.0061959093,0.0045735342,0.004792563,0.19858138,0.21911214,0.4972343,0.47455117,0.029773334,0.04319434,0.15709592,0.1509976,0.012254386749703692,0.01025144361471068,0.00814664995764331,0.0073198640568108144,0.01734198687642076,0.014429184892140847,0.015818082128422905,0.01474441480707251,0.012196259474349009,0.011122249372971228,0.008476165939921754,0.009243635444873352
110,0.05340002,0.04096239,0.09412076,0.074851,0.025646975,0.029792564,0.064084575,0.06749172,0.62550086,0.621264,0.031816803,0.046623074,0.10543001,0.11901531,0.05499216,0.04082892,0.094798386,0.07482847,0.026153905,0.02979963,0.06449383,0.06749783,0.62143135,0.6216991,0.032451913,0.04663714,0.10567848,0.1187089,0.09200871,0.06820994,0.0038932841,0.004645638,0.005374661,0.0050799623,0.22508797,0.22333817,0.4664601,0.49183103,0.029099073,0.041318145,0.16067153,0.14773582,0.010454034497407944,0.008824166148831771,0.006737079605150604,0.00796006530971973,0.012254251265030224,0.013624646511895279,0.016780423577818154,0.015623485967970103,0.011150246190613094,0.012372211951621803,0.009757311322057543,0.006572890455024588
111,0.055369575,0.076616414,0.08361666,0.106745996,0.026497325,0.030258363,0.044716567,0.035973962,0.6435159,0.60290426,0.027825639,0.036374584,0.118458375,0.11112642,0.058010828,0.07671647,0.08328662,0.10676529,0.027053002,0.030277887,0.045745432,0.036003247,0.63765013,0.60277504,0.028534198,0.036389835,0.11971981,0.11107221,0.0944625,0.095434494,0.004218524,0.004580756,0.0035732419,0.0037420061,0.20412289,0.19942218,0.4744112,0.49435043,0.030702833,0.039486464,0.1707084,0.1514204,0.009301766341961963,0.012357354601623755,0.006540433538498337,0.007196934342879164,0.012408201401078421,0.015987425439717377,0.013508954640250287,0.01290791007863913,0.010955497371102059,0.013009147133640365,0.00772115075941273,0.008455113144470248
112,0.06287438,0.062624454,0.09581338,0.09807915,0.030412184,0.03690539,0.049055032,0.048900757,0.6063996,0.6056733,0.035394337,0.031878423,0.12005107,0.115938514,0.06372462,0.062670566,0.09608285,0.09811558,0.03099316,0.036896892,0.049827553,0.048890293,0.6027744,0.60550314,0.03552296,0.03190457,0.121074416,0.11601897,0.085232705,0.09227569,0.0074514835,0.0043935417,0.0071365954,0.0061507775,0.21064389,0.19789083,0.4690511,0.50604683,0.0372046,0.0350951,0.17433614,0.14916499,0.009700120554710354,0.011715306105861082,0.007060627858515053,0.007743003146881673,0.012943362905227775,0.015129228469132316,0.015808276010117018,0.012632201799366605,0.011502509492649806,0.012354463295745115,0.008401990008201965,0.008230559542682791
113,0.06907958,0.056800112,0.08798611,0.097500704,0.01995327,0.023065416,0.040530268,0.040325735,0.6306935,0.63652194,0.028142607,0.030999899,0.123614706,0.1147862,0.070524506,0.056887276,0.08897179,0.09759663,0.020059802,0.023033762,0.041599244,0.040315766,0.62533695,0.6367835,0.028554503,0.03100279,0.1249532,0.11438034,0.09671308,0.091713555,0.005596252,0.0047492115,0.0031272832,0.0040697283,0.19057877,0.1816448,0.48659292,0.5113104,0.03373794,0.037316337,0.16834806,0.15636908,0.009673673223199036,0.009979675169839409,0.007216002057614479,0.007450147791051688,0.013447636580048866,0.014196440325336795,0.01583473080739642,0.013649244161500327,0.011699974542440659,0.012530830758401675,0.008596618489185463,0.008876189508910847
114,0.05441267,0.048442427,0.10608706,0.08881376,0.030366654,0.024794763,0.041087456,0.048460163,0.6176088,0.62577647,0.033479027,0.03310863,0.11695833,0.13060379,0.055481963,0.048449118,0.10540629,0.088795796,0.030278163,0.024803938,0.041956328,0.048470214,0.6159018,0.6257698,0.03354932,0.03309798,0.11742612,0.13061315,0.099710114,0.08228398,0.0069493745,0.0040334123,0.004459517,0.004181473,0.19841743,0.2112858,0.48497188,0.47963318,0.035068396,0.03165104,0.16378272,0.17306735,0.010120605098160514,0.010383752633613307,0.006924518000310226,0.008392246337889897,0.014450292070014394,0.013172379407023403,0.01521880703124242,0.01298722952530196,0.01147461502570034,0.01347235244266928,0.008678817062886332,0.007900412356301642
115,0.059878748,0.051578708,0.09999778,0.09213898,0.029847018,0.028287552,0.04424286,0.05646904,0.61951846,0.61891764,0.030502934,0.040344823,0.116012156,0.11226323,0.061475165,0.051824395,0.1015677,0.09248788,0.029965993,0.028267909,0.04552793,0.056490306,0.6140528,0.6184447,0.03067008,0.04038823,0.1167404,0.11209663,0.093233794,0.088885196,0.004766901,0.005231665,0.004366307,0.004748833,0.21325938,0.21846288,0.4768381,0.4765973,0.03358349,0.03680553,0.16258408,0.16135277,0.009861274420290039,0.009529959224178054,0.006384881306201633,0.0070634432161411475,0.013707891796361555,0.013045196713204121,0.01438927056770844,0.01116828539457884,0.011477104952658091,0.012453700788959436,0.009115116702724538,0.006971486180830572
116,0.06821247,0.05880613,0.09995298,0.099262394,0.03462201,0.03150607,0.038463306,0.049871314,0.61329263,0.6171001,0.028481402,0.037254903,0.1169752,0.10619907,0.068653286,0.059146095,0.10082681,0.09909123,0.03543638,0.031475525,0.03903256,0.049791034,0.6087817,0.61695206,0.029751685,0.037275266,0.11751757,0.106268786,0.10438538,0.09631262,0.00384989,0.004948375,0.003233548,0.0049973545,0.21143274,0.21327049,0.4691923,0.47974643,0.034375016,0.040107857,0.16025876,0.14613396,0.009638954197070072,0.010469872057166655,0.006950696380307416,0.00666261706378101,0.01415539846629968,0.012955220581986742,0.01583902539926554,0.016544176213133324,0.011873631312083627,0.011891667647041967,0.009271572553701144,0.008889920566329281
117,0.06323039,0.063082874,0.09527729,0.093729235,0.023301573,0.028881107,0.04514717,0.053284954,0.62424076,0.61130476,0.03372509,0.033765342,0.11507772,0.115951754,0.06498953,0.06332354,0.096774556,0.09367123,0.02368204,0.028847454,0.045664147,0.053324286,0.61828357,0.6111181,0.034494117,0.033873368,0.116112046,0.11584206,0.097598426,0.07510897,0.0050255186,0.0031743487,0.0033738248,0.0045637824,0.2079539,0.21791048,0.4733861,0.4804521,0.041234843,0.035766244,0.1633386,0.16879866,0.01065120640018551,0.010298049986790262,0.00779805648140586,0.007548589690025128,0.013211810746846466,0.013599048130168762,0.016009374131679,0.01139197969144407,0.011252946518806562,0.012324722712531506,0.00847940310874628,0.007165467962106947
118,0.05085027,0.058451507,0.08282934,0.08337124,0.029101595,0.027822617,0.034645487,0.07568243,0.6411994,0.59523106,0.029758245,0.040479198,0.13161564,0.11896195,0.05172775,0.05852094,0.082615286,0.08340784,0.028756617,0.027809829,0.035692,0.07610648,0.6384216,0.5946441,0.030157374,0.040487707,0.13262936,0.119023025,0.091071635,0.08522656,0.0035500315,0.0039190375,0.0044659264,0.0036044526,0.21753158,0.26148158,0.48546773,0.44477302,0.034211755,0.0339108,0.15633188,0.15228,0.00937339607241918,0.009537194389545754,0.005981227080382704,0.0070329752940837655,0.013839058184266674,0.0156654227030095,0.013381653416147244,0.016197223079521688,0.01021920886146826,0.012285895235119228,0.007821673988941739,0.00885267699360784
119,0.055938806,0.06442247,0.096930355,0.11392589,0.022639202,0.028591843,0.05453003,0.04808258,0.6245099,0.59890515,0.03081894,0.04182013,0.114632785,0.10425191,0.056644235,0.06460472,0.098150715,0.1139296,0.02274593,0.028224733,0.055539694,0.048047453,0.6206013,0.59883857,0.030857371,0.041817583,0.11546075,0.104537345,0.089208804,0.09862155,0.0059890635,0.00509386,0.002335018,0.0027643535,0.2216026,0.19552404,0.47162634,0.48747614,0.031828377,0.04028722,0.16260342,0.1595655,0.00961315985148817,0.011977883944850701,0.0061272664509588225,0.007419950568438745,0.01262028365114629,0.015073916168963995,0.01462755167245845,0.015426323591876425,0.011444283377663001,0.01177859617299995,0.0073799154115078425,0.009241864909259972
120,0.05964359,0.055058744,0.10096296,0.07904157,0.03340791,0.029941801,0.041699328,0.079249084,0.6130468,0.60768646,0.045308564,0.035642736,0.10593082,0.113379575,0.06003004,0.055158313,0.10231168,0.07908416,0.03383851,0.029939668,0.04238279,0.0792388,0.6087377,0.6076427,0.04621039,0.03578303,0.10648891,0.113153316,0.09806634,0.08111692,0.006786553,0.0045316885,0.0057134437,0.0043401076,0.20586349,0.24453446,0.47863397,0.4607235,0.045010168,0.03446214,0.15004113,0.15834244,0.011858700368667315,0.009133571026115539,0.007550540311490753,0.0062150595013490935,0.014766734408722683,0.01301535427916422,0.013661991289889236,0.014733775117545405,0.011005792390558416,0.010979475040393453,0.008955275151851393,0.008459551060390211
121,0.061670993,0.07762242,0.08148809,0.097819716,0.02529425,0.032498576,0.07472702,0.06420491,0.6145624,0.5843748,0.037384152,0.0364992,0.10487309,0.1069804,0.06315768,0.077684425,0.08252488,0.09799149,0.025582816,0.03250645,0.07628898,0.064272426,0.6087378,0.5840051,0.03730701,0.036515135,0.10640078,0.107025005,0.07644337,0.09648471,0.00290216,0.0038851076,0.0050673033,0.00454347,0.27712998,0.22609349,0.43543342,0.4636284,0.040072527,0.035613034,0.14637963,0.15064351,0.01035313494839915,0.012954564770427753,0.006382292060980897,0.007977566664872104,0.013174450040939659,0.016007411560616035,0.016364531188538877,0.014433910608014666,0.011878444477218038,0.01329209973641739,0.009024841774686808,0.009499067256825918
122,0.078600414,0.055739705,0.09680253,0.08622815,0.032138385,0.029421002,0.039660875,0.07525703,0.61733323,0.58642924,0.031782538,0.04073111,0.103682026,0.12619375,0.08012922,0.05573494,0.09625755,0.08628642,0.033940878,0.029844332,0.04031568,0.07513503,0.61243665,0.58604753,0.032204367,0.0408142,0.10471564,0.12613754,0.0904067,0.09080939,0.004259593,0.004551435,0.0050207525,0.0048906426,0.21932718,0.23298085,0.47661525,0.4509372,0.03212251,0.038111266,0.15609984,0.15878701,0.01064153734119726,0.010755979131199637,0.006577790197614149,0.0065024755376663235,0.014497367959389848,0.012924441254303079,0.013322468957246014,0.012077269935230792,0.011286854807431919,0.013094884287131429,0.009493847831094714,0.007627644679086139
123,0.060689006,0.059696294,0.0923016,0.089092776,0.029324865,0.031476412,0.051037464,0.04977635,0.62987804,0.6132996,0.041688144,0.03628044,0.09508087,0.12037816,0.061975684,0.05976681,0.09297082,0.0891253,0.029338947,0.03166671,0.051481374,0.05010268,0.6267416,0.6128832,0.041932516,0.035958823,0.09555907,0.12049645,0.10832748,0.08678636,0.004021216,0.004474784,0.007069506,0.004061277,0.22138283,0.2049318,0.4545487,0.49118006,0.039775062,0.043174766,0.14360364,0.15613621,0.010562170147687224,0.012128000367744963,0.006579533956241249,0.007588390428883318,0.01297918028352741,0.01669271876971269,0.014362286940757217,0.01439023012413503,0.010874948441026043,0.013502320752860371,0.008583552733983701,0.008873091441597921
124,0.069685295,0.055138778,0.089828216,0.079935856,0.027827648,0.02988251,0.040185306,0.054734357,0.63879895,0.61502516,0.029275928,0.041484315,0.10439862,0.12379906,0.07075351,0.05538867,0.0905993,0.0799595,0.027987551,0.029965917,0.040746324,0.05467531,0.6346122,0.61405474,0.029618615,0.041776642,0.10568249,0.12417926,0.10095422,0.0862989,0.00327808,0.0033039572,0.003081157,0.0028722503,0.2004453,0.21338601,0.48757574,0.49291933,0.029013518,0.0322648,0.16087186,0.15633085,0.010321119454900489,0.010054461624119146,0.0070990680857311635,0.006104845528812752,0.013282353941990047,0.013550960187415254,0.014189699104334406,0.016127746918367526,0.011274496650122874,0.012074458236187533,0.00787693127599531,0.00960513982219855
125,0.060140546,0.055832185,0.10169438,0.082231104,0.02917378,0.030464493,0.042390294,0.047406103,0.62837905,0.6176878,0.029171506,0.036632195,0.10905049,0.1297461,0.061449897,0.056272604,0.1023787,0.082455866,0.030085946,0.03057726,0.04319352,0.047688793,0.62216425,0.6165868,0.02974534,0.036901798,0.11098236,0.12951688,0.10351973,0.092779234,0.0060628722,0.0034145364,0.004548016,0.004692782,0.21310003,0.2139231,0.4722368,0.47384885,0.02983941,0.04210384,0.16356353,0.1644412,0.011177055746860499,0.010227908557886398,0.006938592538331765,0.006752072498995403,0.01354843566449583,0.014554566333992896,0.01250469346835013,0.014513261282824734,0.012552246928649138,0.011327863270258786,0.00792809617146638,0.00811333478380811
126,0.05720345,0.060586702,0.09889452,0.087875016,0.028095825,0.026962912,0.042628717,0.06569223,0.6043154,0.6072638,0.036728237,0.035641704,0.13213383,0.11597758,0.05948749,0.060684,0.099515185,0.08783352,0.028140882,0.026863264,0.04355416,0.066045985,0.5984676,0.6066855,0.03815537,0.035785303,0.13267934,0.11610246,0.088160045,0.098643646,0.0071577826,0.005022429,0.005840638,0.0035300106,0.22516784,0.2313459,0.46591067,0.4651981,0.039450936,0.03108835,0.15711167,0.13944294,0.00960654648521241,0.00969414310405519,0.007151393489573243,0.0073467181875549415,0.014168765171705778,0.012710223492081972,0.014753212095107488,0.016504243452018303,0.011557463605497692,0.011021864802421231,0.008400162156949257,0.008721214672652269
127,0.057363167,0.070341565,0.09574784,0.091082744,0.027759569,0.032128647,0.052210394,0.036160316,0.6166398,0.60759676,0.037886526,0.043860637,0.112392694,0.11882932,0.05978324,0.070576236,0.09578283,0.09108087,0.028482715,0.03202621,0.05318939,0.036297414,0.6118194,0.6067748,0.038209394,0.043859217,0.11273304,0.11938527,0.09903452,0.10543128,0.0047146673,0.0058422773,0.002720237,0.004937003,0.21725109,0.20404893,0.47538128,0.47067094,0.03954143,0.04259184,0.14679126,0.15242977,0.011880688490456969,0.01093212603771467,0.007188003145212599,0.006998599045921029,0.014142804474010489,0.013987250357592972,0.014220924732257468,0.013941950683507193,0.012904911536188484,0.012462945795765401,0.009189625446110536,0.008537635583422182
128,0.058192004,0.056809,0.10999484,0.08921895,0.037351273,0.03404321,0.03838455,0.06263931,0.61089355,0.606473,0.025647752,0.03795932,0.11953604,0.11285717,0.059745844,0.056946624,0.110735215,0.089276426,0.0380676,0.034058936,0.039287124,0.06273418,0.60530674,0.6063366,0.026274702,0.037915155,0.120582774,0.11273209,0.09994026,0.08892343,0.0051684086,0.004633954,0.0065320153,0.005101029,0.18724099,0.23533408,0.49050054,0.45309854,0.028625434,0.04269302,0.17323747,0.14335787,0.009787108066938499,0.011041399728889283,0.007658902948215342,0.007066320252304833,0.0147372672174342,0.01498548472164243,0.013521390511116555,0.016004778477101283,0.011141224510866047,0.012597460146344394,0.008185414011924167,0.010635128594010826
129,0.06211811,0.053468265,0.10658587,0.0969323,0.029261932,0.032848407,0.038974795,0.044388,0.60258496,0.62078196,0.03483854,0.032777693,0.12563585,0.118803345,0.06376433,0.053502295,0.10744326,0.09707131,0.029556943,0.03289164,0.040512104,0.04463613,0.5962579,0.6201604,0.03555169,0.032800518,0.12691373,0.11893767,0.099824905,0.09184023,0.0068037217,0.0040692287,0.0054311794,0.005601017,0.19859697,0.19594054,0.470961,0.506544,0.038237244,0.03186604,0.16993523,0.15545313,0.008717972978102196,0.010936823420752148,0.007038755254991767,0.0074340375119877474,0.013296859738876959,0.014784609608384503,0.014840886579824152,0.012940200492135704,0.012136495942603227,0.012194469607168896,0.008787756884317141,0.008378443271157339
130,0.06779144,0.04986241,0.09990174,0.0975731,0.03621503,0.025041573,0.037045263,0.06580043,0.61374754,0.6055365,0.0364158,0.03918997,0.10888319,0.11699598,0.069215335,0.05012969,0.10056552,0.09777728,0.036666103,0.025009412,0.037380915,0.065798864,0.6099674,0.6052882,0.036561843,0.039105866,0.109642886,0.11689073,0.10241143,0.08452019,0.00385231,0.0052893083,0.0040651765,0.003824214,0.19519769,0.2356201,0.4876423,0.47164,0.037883677,0.036913168,0.15344194,0.14987637,0.010404285348170637,0.009569419974287507,0.00678994680104619,0.008538372297931801,0.014288893152991384,0.014243467511004346,0.015087806747948813,0.014240674925143717,0.012760063236517632,0.012443255781492829,0.008680433261363621,0.008908529784444686
131,0.059710223,0.049306244,0.09208661,0.07552773,0.031190243,0.027876455,0.03654109,0.055198766,0.6386234,0.6346151,0.033232387,0.041124105,0.108616024,0.116351575,0.061349865,0.04984878,0.09240844,0.07532975,0.031672735,0.027876467,0.037314598,0.055201255,0.63390887,0.6339578,0.03396921,0.04125875,0.10937631,0.116527185,0.09913226,0.08772294,0.0042243437,0.0042892722,0.0039414214,0.0028255265,0.21340244,0.2133867,0.47943625,0.48100162,0.0376898,0.037083697,0.15074779,0.16318165,0.010636758695875017,0.00905453156105936,0.007147821332075121,0.005712643377282175,0.012892679150532797,0.012075378740619003,0.014721587015374306,0.012431782834828917,0.011157530409783659,0.009523689662444079,0.008766535184691412,0.007545044231214277
132,0.062232267,0.062436774,0.09319676,0.09915822,0.030227164,0.02586833,0.038403828,0.061247904,0.6353694,0.6215074,0.028664697,0.02844099,0.11190584,0.10134032,0.064823136,0.06311851,0.09331587,0.099344105,0.031182596,0.026046,0.040409185,0.061730698,0.6275797,0.62012535,0.029203868,0.02847635,0.11348568,0.101159,0.10320864,0.10053188,0.0053121825,0.0052923765,0.005528209,0.006008762,0.21681523,0.24446353,0.46228278,0.47020388,0.033665996,0.028448932,0.16485474,0.13568342,0.008954078664750027,0.009904083149746282,0.0060163062058562295,0.007212447422448416,0.01364696119842425,0.014330841595289051,0.013380482776278794,0.014223658275420919,0.011198994738258104,0.010254602790579602,0.007624115366109661,0.007729802107733705
133,0.06158076,0.06623024,0.10686039,0.09614554,0.036725458,0.0402651,0.041490447,0.048014667,0.6148136,0.60565096,0.033583757,0.03413434,0.10494555,0.109559186,0.06335725,0.066275924,0.10775524,0.096283525,0.0369516,0.040226653,0.041881166,0.048081633,0.6106603,0.60531247,0.033960987,0.034210134,0.10543345,0.10960966,0.09594691,0.08859456,0.005738815,0.0047242558,0.004790373,0.0069181863,0.2081061,0.21859072,0.478147,0.47856542,0.034896813,0.034607418,0.15929064,0.15571164,0.011857110330765905,0.011668582256589927,0.007930119232466224,0.006352687956402268,0.01510627923336127,0.014455512402379977,0.014512754722495374,0.015347357006705807,0.012383864773280526,0.011606370620730127,0.009130262873476949,0.009704650809891689
134,0.056273818,0.045260925,0.10119195,0.08190829,0.03611302,0.029681258,0.042949136,0.055844046,0.6126864,0.61326844,0.03468255,0.036816668,0.116103135,0.1372204,0.05726051,0.045394998,0.10283637,0.082184896,0.035844866,0.02972708,0.04364671,0.05562099,0.6085147,0.61299056,0.035538603,0.0368284,0.11635817,0.13725306,0.097492486,0.08554094,0.0062027103,0.0046607824,0.0053702914,0.0040086275,0.20502304,0.20779587,0.47838902,0.48581973,0.034456678,0.033186123,0.1562073,0.16081923,0.010694269270891878,0.00930938688763935,0.00872005504494968,0.006767880545373965,0.013887184261135424,0.01453574897633729,0.013360881117303517,0.012819813795058482,0.011949263404692899,0.011087663917936915,0.007506815854806101,0.00889375875975838
135,0.071454816,0.066010445,0.11181799,0.10309746,0.03900119,0.03076212,0.043659158,0.03979913,0.59274024,0.6177152,0.033629395,0.03550291,0.1076972,0.10711281,0.07356818,0.066174544,0.112972125,0.10308825,0.039319776,0.030831872,0.044758357,0.04015423,0.58713543,0.6169685,0.034064166,0.035536367,0.108181946,0.10724623,0.103464745,0.092742756,0.0050224,0.0053639067,0.0047232495,0.008294711,0.21699615,0.20200366,0.46980256,0.48712066,0.03298198,0.040422097,0.14902958,0.15075243,0.011734791467735596,0.010986579067167003,0.007366272641593021,0.0074586022134213725,0.015161186653107993,0.014742287340654197,0.016124830397344123,0.013042255331641845,0.013439700305655784,0.011518582677657322,0.008678848050292945,0.008017893445119809
136,0.06431223,0.05447461,0.11505427,0.08913416,0.02668625,0.027165102,0.03649128,0.06071505,0.6084862,0.58994657,0.03284611,0.040506955,0.11612366,0.13805753,0.06745631,0.055054057,0.11628266,0.08932373,0.027112514,0.027207747,0.037358094,0.06112302,0.60097605,0.58857256,0.03373377,0.040552657,0.11708059,0.13816623,0.107300535,0.08026186,0.0052296338,0.004860784,0.0049784076,0.0031363112,0.1869517,0.21780859,0.4963936,0.4822388,0.03530439,0.035033792,0.1540552,0.1537666,0.010870322248989308,0.00968856859384635,0.006999621941192615,0.007129991987793196,0.012743402552721243,0.013112946908474404,0.016259879982588016,0.015730062064161627,0.010870306371761928,0.010722008136274615,0.009383800557716176,0.00906080477874148
137,0.08532961,0.06697676,0.129544,0.10665063,0.031428937,0.03140095,0.03312546,0.06066122,0.57774216,0.57088745,0.034938004,0.039770372,0.10789182,0.12365261,0.08789453,0.06735601,0.12876326,0.10687554,0.03212356,0.031491823,0.033405002,0.060660537,0.57319814,0.56978464,0.035373703,0.040040765,0.10924183,0.12379068,0.11155363,0.092329524,0.00525943,0.0056671957,0.0044869436,0.00435129,0.19573906,0.21089368,0.4724664,0.4514864,0.036025763,0.041728962,0.15671451,0.1688798,0.012396609575664548,0.011550334960142723,0.009188184975828061,0.007243013510832268,0.01706394912333586,0.015105747714355822,0.013775205066729385,0.015833144577402845,0.013686118478645525,0.013221169711096097,0.008570916643177348,0.009809055810416047
