,m1_anger,m1_anger,m1_disgust,m1_disgust,m1_fear,m1_fear,m1_joy,m1_joy,m1_neutral,m1_neutral,m1_sadness,m1_sadness,m1_surprise,m1_surprise,m1m_anger,m1m_anger,m1m_disgust,m1m_disgust,m1m_fear,m1m_fear,m1m_joy,m1m_joy,m1m_neutral,m1m_neutral,m1m_sadness,m1m_sadness,m1m_surprise,m1m_surprise,m2_anger,m2_anger,m2_disgust,m2_disgust,m2_fear,m2_fear,m2_joy,m2_joy,m2_neutral,m2_neutral,m2_sadness,m2_sadness,m2_surprise,m2_surprise,m3_anger,m3_anger,m3_disgust,m3_disgust,m3_fear,m3_fear,m3_joy,m3_joy,m3_sadness,m3_sadness,m3_surprise,m3_surprise
group,ai,control,ai,control,ai,control,ai,control,ai,control,ai,control,ai,control,ai,control,ai,control,ai,control,ai,control,ai,control,ai,control,ai,control,ai,control,ai,control,ai,control,ai,control,ai,control,ai,control,ai,control,ai,control,ai,control,ai,control,ai,control,ai,control,ai,control
t,,,,,,,,,,,,,,,,,,,,,,,,,,,,,,,,,,,,,,,,,,,,,,,,,,,,,,
0,0.05668992,0.0650307,0.078269854,0.090530336,0.042618897,0.033380304,0.046656426,0.06610453,0.6266827,0.5946462,0.028775023,0.0378677,0.12030719,0.112440206,0.057758283,0.06503184,0.07706707,0.09052994,0.045143105,0.03338043,0.047841866,0.06610493,0.6220001,0.59464,0.029474765,0.037868507,0.12071479,0.11244434,0.08784234,0.08105472,0.0033130446,0.0040558283,0.0065655718,0.005370337,0.21292613,0.25805724,0.46980214,0.44240046,0.031067675,0.035431847,0.16559859,0.1581292,0.009711746469477022,0.010639716745096686,0.005689075373225611,0.006759367090910204,0.014678462976094429,0.013442590762289146,0.015841996735818036,0.016029376021412436,0.011262040416263823,0.01045075203468875,0.00921840650810724,0.006933135896046649
1,0.032153755,0.057247106,0.04352589,0.1000581,0.037234597,0.032060996,0.06884112,0.035271972,0.69036555,0.6035871,0.027814496,0.035865203,0.100064546,0.1359095,0.032798916,0.057247534,0.04358115,0.1000575,0.037926883,0.032060884,0.06921395,0.035272527,0.68720365,0.603587,0.028259592,0.035865325,0.10101586,0.13590929,0.062603176,0.08933613,0.0026987751,0.0035982425,0.0058099567,0.0053696204,0.26127958,0.21174386,0.45109865,0.48157978,0.030217128,0.035306904,0.17377236,0.1570092,0.007950939125747961,0.010321244565930044,0.005761988417086195,0.006823651485350714,0.012461387266852328,0.013325824347300449,0.015224042147881601,0.012239399039723582,0.00788693753560684,0.011835498062614393,0.008646388116642461,0.00927998479179386
2,0.05701171,0.061283343,0.08610081,0.1049297,0.044607904,0.03676262,0.05189909,0.044163905,0.6384075,0.6107315,0.015751423,0.03527644,0.10622151,0.10685254,0.057815094,0.06128374,0.08611777,0.10493091,0.044891305,0.03676245,0.05261259,0.044164035,0.6370661,0.61072904,0.015905958,0.03527634,0.10559121,0.10685352,0.09192657,0.09009075,0.00325896,0.00565143,0.005229575,0.0056615924,0.23142563,0.2106493,0.4613663,0.4934946,0.021512765,0.03459796,0.16832927,0.14630745,0.008709894648844434,0.011449900811301358,0.007773964431523562,0.0065503490952520775,0.014393593231760853,0.0157514483622806,0.014080045188912885,0.013383227473880653,0.01120572442237148,0.011249326956782546,0.007156242793510067,0.008636184733337205
3,0.028923746,0.051598474,0.0535494,0.084548704,0.029697962,0.03172553,0.076144114,0.042626258,0.6555274,0.61314183,0.026114937,0.037899163,0.1300424,0.13846,0.029296521,0.051598474,0.053394422,0.084548704,0.03068472,0.031725533,0.07676562,0.04262626,0.6524,0.61314183,0.026512869,0.03789916,0.1309458,0.13846,0.07835945,0.08865085,0.0023721987,0.004616561,0.0090142405,0.005072468,0.26937816,0.21686791,0.42888626,0.47754264,0.030851835,0.029790066,0.1762557,0.15438993,0.007026733161573252,0.00926275834568408,0.004225675967663905,0.00601934401867844,0.012280487440283275,0.012970578354733198,0.01542692159922689,0.011935867607606137,0.010649147321690563,0.010588586031619097,0.008991525055264469,0.008440635244043437
4,0.038491547,0.062436767,0.051848106,0.11784179,0.039925642,0.030374033,0.047487784,0.05653009,0.6505107,0.6019659,0.032816824,0.031545162,0.1389194,0.09930626,0.038634893,0.06243401,0.051611498,0.11785554,0.040222384,0.030374138,0.04814051,0.056599203,0.64931124,0.601905,0.033120044,0.03154455,0.13895945,0.09928759,0.07246452,0.093138985,0.0023970313,0.005158085,0.0047796373,0.0052981973,0.23062547,0.21407795,0.4705061,0.4598589,0.027383855,0.034519795,0.18052614,0.1689742,0.0061620074749948826,0.013064315721554979,0.006076132477079795,0.009071105697828713,0.011675758022476647,0.018828396830237966,0.014063367028707113,0.016739575008106602,0.008477423808332857,0.015345807569296495,0.006233880295370769,0.010153652347571224
5,0.045911346,0.05673904,0.08238276,0.07788033,0.028304292,0.036935583,0.06877909,0.051829003,0.6088536,0.62383896,0.019917404,0.03382363,0.14585154,0.11895344,0.046874654,0.05673863,0.08236241,0.07787918,0.028520439,0.036935963,0.069850184,0.051829714,0.606356,0.6238321,0.019538883,0.033824034,0.14649741,0.11896036,0.07591518,0.08540857,0.0038515036,0.0033435794,0.009585602,0.004889487,0.23418295,0.21803503,0.45527622,0.4817471,0.030135136,0.03429624,0.17720424,0.15625606,0.009070590121647158,0.010426584164993861,0.007071425745892269,0.006694791004745332,0.01047391536247882,0.015499656473669306,0.01521302683427327,0.01334109531705265,0.011665114790571671,0.01282354298675418,0.0077417959154376555,0.008960413576442405
6,0.04370865,0.05904134,0.07173289,0.0995101,0.035425358,0.04346346,0.073151134,0.040129267,0.6287848,0.60795283,0.024360836,0.04111105,0.12283634,0.10879193,0.0445247,0.059053764,0.070753306,0.099726036,0.03581936,0.043470114,0.073298134,0.04012933,0.62817353,0.60771686,0.024610339,0.041116536,0.12282061,0.10878737,0.078667544,0.097621314,0.0037092774,0.004697826,0.0035761662,0.006553092,0.24278341,0.22249441,0.45753285,0.4640479,0.023935782,0.037121516,0.17042182,0.15577316,0.009461782592095704,0.012084999963093722,0.006442807867390262,0.00717930636922084,0.014907691847263657,0.01723183850958476,0.012888572354054792,0.014549172151873685,0.01066839051026565,0.012335006583320596,0.007741911380448176,0.009837619426342951
7,0.03218447,0.056897372,0.06511252,0.10083162,0.021041559,0.025082408,0.089361854,0.05413298,0.64698017,0.6001963,0.01979421,0.046489194,0.12552528,0.11637014,0.03242377,0.056894656,0.06463753,0.10084006,0.020834986,0.025077917,0.09046848,0.05413639,0.645874,0.6001869,0.019872809,0.046490956,0.12588844,0.11637313,0.07425342,0.08695989,0.0022686496,0.0030748036,0.0024087674,0.0046755862,0.27889052,0.22511676,0.42568094,0.45563537,0.026323644,0.041496474,0.16874959,0.16010772,0.006270880229990338,0.010269240379030391,0.005341499290034202,0.007280685881685185,0.00847580222284068,0.013883598761039543,0.017171851715486363,0.016865547787300948,0.010486454949783603,0.013047341497213906,0.007448175817028845,0.009893855268725734
8,0.0345775,0.049566317,0.06959494,0.07369431,0.028570455,0.037580185,0.064640164,0.075224936,0.63990587,0.6089144,0.020593854,0.03409439,0.14211726,0.1209255,0.03463816,0.049571022,0.06895775,0.07369161,0.028514767,0.037622385,0.06477218,0.075224705,0.6384685,0.6088475,0.020811617,0.034092724,0.14383706,0.12095003,0.07106165,0.08797865,0.0030454125,0.004380845,0.007944259,0.005112174,0.2558356,0.21450041,0.4212407,0.4837192,0.021923553,0.035862066,0.19868316,0.15402752,0.010131027631890322,0.010488933451785748,0.006860425929857528,0.0064636873708132665,0.013095935869372142,0.014785734700509538,0.01811353906486735,0.017325712798418803,0.010071138284374238,0.011434387832745087,0.009232714784658012,0.008949812860525342
9,0.031097602,0.06829718,0.05823908,0.08812977,0.027491618,0.035185605,0.055712715,0.042174194,0.6576417,0.601291,0.0308753,0.035194192,0.13894197,0.12972806,0.031155888,0.068307504,0.05804996,0.08812423,0.027513593,0.035184383,0.05577743,0.04217122,0.65728253,0.60136884,0.030935323,0.035203926,0.13928531,0.1296399,0.06536197,0.08913379,0.0033001746,0.0040378594,0.003652184,0.005639496,0.2434463,0.19584912,0.46145326,0.4911892,0.02976335,0.036240444,0.1777995,0.1599352,0.006208408814241905,0.011653677852938912,0.00432549393193697,0.007722912468185116,0.010069235232192789,0.015276875784875507,0.013172448343090599,0.014946290554180605,0.010090558741182386,0.013646509949507087,0.007774138747168907,0.008501501456320695
10,0.033576876,0.055401318,0.05576494,0.109852016,0.02900127,0.033368662,0.078038804,0.054764148,0.6282613,0.60965914,0.027727598,0.027693361,0.1476292,0.10926136,0.034360535,0.055401485,0.05646874,0.10985195,0.029199487,0.03336604,0.076357424,0.054760892,0.6287262,0.60965836,0.027807938,0.02769288,0.14707972,0.109268405,0.06086613,0.1004168,0.004482212,0.004768412,0.0057832785,0.0042246855,0.25517094,0.2197363,0.44011486,0.48539358,0.027834874,0.028181847,0.1801469,0.14896564,0.0064652667798779945,0.01187358338291304,0.0054487760891222346,0.008581144524729032,0.009870549163983344,0.01614034088291029,0.01539358646441297,0.013352541643073191,0.008967418353738358,0.012575730286828181,0.009400631029020197,0.0070369367593609644
11,0.043558132,0.06514045,0.075700544,0.10224122,0.040518276,0.03901269,0.056080125,0.04952088,0.6567303,0.5793705,0.024588943,0.046242956,0.10282372,0.11847132,0.04419674,0.06514654,0.07505645,0.1022413,0.041829877,0.0390239,0.056614265,0.049537655,0.65438896,0.57932144,0.025052391,0.046246506,0.102861285,0.11848266,0.08859464,0.091296874,0.0031322641,0.003928433,0.004601638,0.00522619,0.21377487,0.20710795,0.47152343,0.4709946,0.028064491,0.04450359,0.17858036,0.16286324,0.009473817189712455,0.012709239827554019,0.00547468616876904,0.007800046581271898,0.013508201752336422,0.01665223793746332,0.015638709275647728,0.015772234070826462,0.01024008442264368,0.014395846552199242,0.007762898472594665,0.010383155198284692
12,0.038236715,0.055430885,0.050679855,0.097763404,0.034381982,0.028200218,0.06182693,0.042194113,0.66092163,0.635589,0.035729945,0.031913336,0.118222915,0.108909056,0.038668178,0.055431146,0.050475437,0.09776133,0.034307856,0.028199788,0.06199125,0.042194508,0.6600212,0.63559276,0.036116246,0.03191044,0.11841982,0.10891005,0.064077646,0.09353306,0.0033862444,0.004416611,0.00445241,0.004944982,0.24805596,0.20702568,0.45582664,0.49377075,0.037969727,0.0381821,0.16663711,0.14949092,0.007822341431008151,0.00920614625629074,0.0043589719956146035,0.006649565678711783,0.011375210743592375,0.01272967771902157,0.014738376736028028,0.014247870545041695,0.010621650324434332,0.011819431047859815,0.008228019313790118,0.009541451749861094
13,0.05098503,0.065312326,0.068416394,0.09089391,0.040673412,0.038766656,0.0667571,0.047480296,0.6118548,0.6267978,0.022839902,0.03365952,0.13847335,0.0970895,0.05158388,0.0653069,0.068616904,0.09088545,0.04079678,0.03879129,0.06717726,0.047488656,0.60926735,0.6267987,0.02284259,0.033660654,0.13971521,0.097068354,0.08185702,0.09749411,0.00380402,0.0045447215,0.0071172263,0.0049331347,0.23951681,0.2148742,0.44742987,0.47189653,0.027073266,0.035912234,0.1735819,0.16364719,0.0091397663873074,0.011541592313048705,0.005505446435108008,0.007152014273345402,0.01245587906134561,0.015427185187943237,0.015180711042853085,0.013997607897243405,0.011493527848061786,0.01255083728625147,0.009188865584193868,0.008149110646497227
14,0.04081094,0.067268364,0.07599139,0.10507635,0.029360585,0.03436596,0.054015443,0.04429901,0.65370053,0.6007483,0.03071759,0.035964932,0.11540349,0.11227707,0.040795743,0.067270346,0.07557654,0.10509792,0.029578093,0.034352917,0.055118013,0.044303175,0.65234333,0.60073185,0.03129259,0.035965852,0.11529564,0.11227793,0.08045135,0.09817989,0.0031531563,0.006038411,0.0050972076,0.0042933114,0.2366205,0.1957498,0.47091198,0.48402777,0.03491943,0.036226958,0.15357539,0.16171914,0.009935038419135863,0.012306027976343404,0.006125932558906789,0.008455561454309295,0.013354756528355752,0.015295293952775317,0.01756876911969953,0.016632217126453467,0.011537806802965704,0.012780114617493205,0.008065120952612718,0.008985213475399568
15,0.033314813,0.06755327,0.055642013,0.09121498,0.024562992,0.031678014,0.06981273,0.045565877,0.6524067,0.6088276,0.036976214,0.042096302,0.12728456,0.11306402,0.03334178,0.06755543,0.055585492,0.09122875,0.024670132,0.031677447,0.06954074,0.045576192,0.6507552,0.60882217,0.037598137,0.042094905,0.12850852,0.11304511,0.07021797,0.08854401,0.0024383445,0.0046084886,0.0024301386,0.004089199,0.25262156,0.22025535,0.443211,0.45969978,0.033628877,0.039357964,0.17702378,0.16037121,0.006809757608314263,0.012808866401794695,0.005061726241232321,0.008869321085097435,0.011506498918116614,0.016208503894771777,0.015901325386639083,0.014040147166254766,0.011187658817993358,0.0127875746011746,0.007875441169006358,0.0071807026126957585
16,0.046983343,0.06614254,0.06457461,0.096036606,0.028629703,0.039753012,0.05287699,0.03579859,0.653371,0.61202437,0.036229216,0.037109286,0.11733513,0.11313563,0.0478181,0.06614253,0.064588964,0.0960366,0.028796569,0.039753012,0.053266644,0.035798587,0.6517186,0.61202437,0.0363678,0.037109286,0.11744331,0.11313563,0.085843936,0.10130659,0.0026917765,0.00465134,0.0026897267,0.0059665367,0.21265306,0.18383922,0.46321177,0.5073289,0.033422604,0.038937688,0.18383856,0.15791488,0.008471724708172623,0.010787762249872828,0.005851447657831397,0.007213457967068187,0.013504464518287436,0.017556637483737356,0.01619723574194506,0.012988295688850189,0.010500242360689376,0.01349820643328789,0.009103646008884978,0.007493715619403989
17,0.05333957,0.06226731,0.07748845,0.08713375,0.03814442,0.03239787,0.05282666,0.05751964,0.6462168,0.6227813,0.026350567,0.03316815,0.105633564,0.10473206,0.053867627,0.06227583,0.077173926,0.08716688,0.03830384,0.032396194,0.053220686,0.057510566,0.6443829,0.6227333,0.026500046,0.033170257,0.106550954,0.10474697,0.07992864,0.09030632,0.0044804737,0.0046578734,0.00361395,0.0031564136,0.23866296,0.22527193,0.4748201,0.47158414,0.028665593,0.03344939,0.16061331,0.15285262,0.00955066886908798,0.010378215390787184,0.006310159342579856,0.006414344834972638,0.014675599573968592,0.012175681617000231,0.01523169668677854,0.014681063012009249,0.010312590022271029,0.011027938468214303,0.007824138490934416,0.009104152569003385
18,0.037653677,0.066565044,0.06125257,0.10528659,0.02308285,0.030159336,0.04446034,0.0414156,0.68767923,0.604647,0.02702129,0.03399065,0.11885007,0.117935754,0.03806825,0.066583276,0.060471416,0.10529058,0.023180587,0.030174216,0.04460402,0.04141663,0.6861016,0.6046292,0.027568312,0.0339927,0.12000581,0.11791336,0.07444571,0.09361399,0.0035589202,0.005106162,0.0049760644,0.0033789126,0.2314322,0.21147615,0.46707177,0.46788898,0.028588016,0.035423998,0.18536273,0.16564466,0.006752023463119244,0.010723848287867715,0.004096752085030186,0.007880919578835098,0.010408907556875005,0.015075681105367613,0.012352481802339993,0.015155027649997387,0.009362492133353622,0.011932622509304311,0.008358633396051923,0.008660301546229843
19,0.02966501,0.063026294,0.056758497,0.097091615,0.022517713,0.0253869,0.0732028,0.053184014,0.6586532,0.6030665,0.027956916,0.04083257,0.1312459,0.11741212,0.029816747,0.06302699,0.056943875,0.09709321,0.022720845,0.02538688,0.073603,0.05318315,0.6573902,0.60306513,0.028159872,0.040833354,0.13136546,0.1174113,0.06560557,0.08264281,0.0036675888,0.0037259203,0.004714537,0.003448536,0.25558195,0.21846385,0.45453653,0.4557011,0.028954716,0.0427165,0.16204663,0.182174,0.006825196890742891,0.009729260509011472,0.005114335560596724,0.007960935043881888,0.011015722858629699,0.015601107867552502,0.01688840058225342,0.013728819258671057,0.01022182306211994,0.012675191675896267,0.008858838576741008,0.008735637007945836
20,0.04426736,0.051740937,0.07474432,0.084543735,0.026438607,0.03012981,0.044056825,0.048232563,0.652211,0.6376726,0.032190837,0.032057043,0.12609105,0.11562332,0.044571172,0.051743012,0.07468611,0.084553316,0.026376126,0.030128565,0.044304114,0.048234902,0.65120435,0.63771504,0.03254094,0.032057486,0.12631722,0.11556768,0.07952403,0.091638945,0.0027383685,0.0031576785,0.005016707,0.0054156543,0.20731981,0.20430411,0.48213616,0.49890327,0.03205386,0.03246808,0.17726418,0.15713938,0.008437876095373161,0.009193782403967803,0.006810413747699793,0.0076159357401427725,0.012321111013835281,0.013661485845736447,0.015415211877664661,0.014471296095579992,0.01023683307576591,0.012309399059101247,0.008260966457221219,0.008864987224551766
21,0.037549894,0.05638938,0.06993432,0.09279004,0.042109095,0.022099491,0.0633421,0.051086757,0.62320125,0.63190114,0.03437217,0.041890103,0.12949112,0.10384307,0.037884083,0.05639148,0.069721006,0.09279241,0.042186476,0.022119747,0.06356783,0.05110827,0.6221334,0.6318609,0.034647457,0.041891087,0.12985973,0.103836134,0.07083663,0.089466214,0.004637808,0.0044314237,0.0066940053,0.0039442373,0.23343715,0.20921935,0.43821344,0.46430218,0.03814325,0.04023571,0.18776791,0.17354095,0.00973108443344012,0.011115020041324725,0.006333962970701477,0.007448409343259207,0.0141690505322081,0.014250850806488453,0.014921586343365661,0.014256824481257771,0.011587828925459695,0.01296408214575208,0.0073049437794172785,0.008169743526358004
22,0.05155634,0.06446247,0.08660866,0.11433112,0.02769515,0.03587697,0.05130436,0.04648779,0.62792945,0.58800447,0.027454864,0.037769724,0.1274512,0.11306741,0.052062877,0.064449824,0.08680475,0.114313364,0.027805595,0.0357818,0.051544353,0.04648857,0.6260198,0.58815736,0.027613515,0.037760034,0.12814915,0.113049075,0.08293306,0.10261554,0.0044221617,0.006261477,0.00460916,0.005236516,0.21053188,0.2097494,0.47219062,0.460911,0.028754335,0.040106144,0.17985652,0.15774803,0.00977620258724521,0.014271480553905258,0.007222156515915416,0.010230955278351207,0.011431484564070844,0.017243885919258743,0.013654402307867535,0.015100731616812845,0.009212472773015935,0.014585185518709418,0.007583370749829174,0.009306422991800243
23,0.041186616,0.05397187,0.064914905,0.09490911,0.03544852,0.032512277,0.05107342,0.050999425,0.6483531,0.62887937,0.03265332,0.039765142,0.12637013,0.09896283,0.041386724,0.05408574,0.06461255,0.09486978,0.035638116,0.03256,0.051372502,0.050958384,0.6465031,0.62873775,0.033241913,0.039774373,0.12724513,0.09901397,0.07548889,0.08908534,0.0024676712,0.0038527106,0.0052017267,0.004608508,0.23827429,0.23478577,0.46030337,0.46488684,0.035357367,0.036300167,0.1718009,0.14654773,0.007533083121646575,0.010938697634261627,0.004803846441511079,0.005789080224703035,0.01113323000915276,0.014462438135399738,0.014520410435219165,0.013269372907115634,0.010326985401601136,0.011048870425390524,0.008616532682029485,0.007634340416997886
24,0.041294128,0.048525378,0.056118846,0.089156024,0.03431856,0.043506015,0.047794156,0.070291504,0.66838545,0.6040792,0.026012195,0.03094924,0.12607668,0.11349266,0.041996654,0.04852258,0.05642919,0.08915116,0.034236293,0.043473992,0.04777469,0.07033277,0.66617286,0.6040669,0.026388282,0.030956289,0.12700206,0.113496326,0.07972225,0.08998096,0.002770573,0.0051960475,0.0038197334,0.004925136,0.21014825,0.26036596,0.48362628,0.44386104,0.028927315,0.03322135,0.18357778,0.14994158,0.007475190794727034,0.009180451604758789,0.005100713782932247,0.00718645066649031,0.012030526504028442,0.014977885322258924,0.014127669384895106,0.015372012522202721,0.0106863415875582,0.010555641325212358,0.008679364852194721,0.008175069424082578
25,0.047069583,0.054434698,0.07788191,0.082952745,0.025853233,0.023255091,0.056963667,0.055250112,0.64433694,0.631911,0.026951691,0.03156119,0.120942965,0.12063517,0.0472021,0.054435253,0.07757279,0.08295219,0.025938638,0.023255143,0.05792442,0.055250287,0.6425705,0.63191366,0.027272435,0.031561796,0.12151916,0.12063164,0.08124317,0.083236076,0.0028920125,0.0047342074,0.0063838405,0.0034932126,0.22011095,0.22525895,0.45800772,0.47258964,0.03496877,0.029057214,0.17383261,0.17102657,0.008565649705919456,0.008302542802057155,0.004850344052158415,0.00621152388105437,0.010802161480176896,0.013156749075094318,0.017137416353143014,0.012741466585863528,0.010250155126672449,0.010013323564320468,0.01084852420388302,0.008147704484475708
26,0.049762625,0.06779697,0.07538919,0.10148247,0.03130324,0.024755344,0.044552013,0.04677229,0.6610395,0.60325336,0.022243777,0.0382099,0.1157097,0.11772966,0.050160363,0.06779615,0.07519716,0.10147454,0.031582385,0.024755007,0.045304663,0.04674153,0.65922076,0.60330296,0.022432823,0.038212314,0.116101846,0.11771755,0.08923704,0.09634255,0.0029741742,0.005045349,0.004409606,0.005616165,0.23451334,0.21140522,0.46512157,0.4546766,0.026647791,0.039064135,0.17087701,0.17794257,0.008338038871697318,0.010782010038820069,0.006274630244870191,0.007299215852617051,0.012103541826200097,0.013497553274183059,0.01496427189427814,0.014752303981724545,0.01091439511173378,0.012343563528101929,0.008279686876820801,0.009100144802052422
27,0.04089105,0.050962646,0.060411662,0.09455227,0.026539637,0.035987116,0.07622677,0.05120204,0.65223485,0.59643406,0.03097952,0.037600797,0.11271649,0.13326105,0.04124054,0.05098615,0.060124237,0.094496764,0.026036516,0.035977807,0.07750575,0.051210884,0.6498954,0.5964669,0.031969313,0.03761562,0.113228194,0.13324587,0.065533526,0.07888851,0.0026868933,0.003997861,0.003294065,0.0059324126,0.25250915,0.22743443,0.44701716,0.47043112,0.033702344,0.034883466,0.17742395,0.16274223,0.008605584830482734,0.009656443316608374,0.005637503061290535,0.006020698525579528,0.012535449735782776,0.012867083846198436,0.014563754003792706,0.014361780777400938,0.010213047824437995,0.011595352868853563,0.008610576225821197,0.008570856871324013
28,0.045454115,0.050916243,0.07607611,0.078523695,0.038081005,0.03403024,0.04412883,0.05927469,0.6415156,0.62315243,0.031244108,0.03948754,0.123500235,0.11461517,0.04532306,0.050918628,0.07540194,0.0785325,0.03793371,0.033981103,0.044240594,0.059236135,0.6414684,0.6232289,0.031625036,0.03949042,0.12400725,0.114612296,0.08316803,0.07185323,0.0038354534,0.003407665,0.007286334,0.00535131,0.21051958,0.22473489,0.4778847,0.47933686,0.030995468,0.03681109,0.17939654,0.16117992,0.008934037259497148,0.01057211617360231,0.00590384903586166,0.006586625875357756,0.012922485654600727,0.014292664498495625,0.013259441738184127,0.014833305598029648,0.010613058478105893,0.0116099446494975,0.007580079755575733,0.008649938542297316
29,0.047516298,0.044185374,0.07790219,0.08742426,0.030558659,0.02875264,0.05358587,0.04003789,0.64275056,0.6577196,0.034477763,0.03340901,0.113208644,0.108471245,0.047978893,0.04418123,0.07804566,0.08741943,0.031065753,0.028752526,0.05387371,0.04003776,0.6407825,0.65769595,0.034886505,0.033398174,0.11336698,0.10851493,0.082540944,0.090928294,0.0038931596,0.0034705263,0.0031333778,0.0040565045,0.2187836,0.20042238,0.4908394,0.4976524,0.03250553,0.031181807,0.15610054,0.16756435,0.009277688975346915,0.011077013166312818,0.006458564935606173,0.005644358381018504,0.013179389014750952,0.015234809579231633,0.013577520455708583,0.014966386069738153,0.011512395616872222,0.011799335859573214,0.008003132091508922,0.008458507856938432
30,0.052121077,0.051392097,0.07907595,0.08158151,0.05366734,0.031742994,0.065013856,0.047262263,0.61617833,0.6459566,0.027063044,0.037099525,0.10688037,0.104965046,0.05270851,0.051411614,0.078553155,0.08151956,0.055556916,0.0317393,0.06609827,0.047270026,0.61297154,0.64593637,0.027150778,0.03710872,0.1069608,0.105014406,0.09045561,0.08916899,0.0033647018,0.0037049903,0.009254371,0.0030952154,0.24444976,0.2058174,0.4401212,0.5130208,0.030281778,0.032832023,0.16600867,0.140969,0.009332264189955905,0.00965675265705185,0.005731580422110495,0.006273039098957935,0.014848408507282286,0.014200492387222166,0.015239240950224848,0.017022837229499845,0.013070542089321298,0.012691892415277791,0.008617482869987949,0.008993523916997126
31,0.05302751,0.05494387,0.08073264,0.08946686,0.029384198,0.043376405,0.05044918,0.048981626,0.62444675,0.6032768,0.03027816,0.037738837,0.13168152,0.12221561,0.053215228,0.054948125,0.080735154,0.08946376,0.02974252,0.043376986,0.050332204,0.04898162,0.6238719,0.60327494,0.030302985,0.037739035,0.13180001,0.1222155,0.0840746,0.09259581,0.0030534018,0.004467355,0.005097231,0.0063172844,0.22113916,0.20793997,0.46896166,0.482744,0.029662441,0.036132567,0.1765019,0.15532607,0.008479409642896696,0.011798275907781746,0.00636093957894342,0.006674127243379406,0.012698845321615863,0.015425243101971041,0.015186635215596407,0.013951523304565321,0.010519638792392223,0.011405009824527749,0.009238755140985808,0.009384909967785838
32,0.051943216,0.063063025,0.08226606,0.09204551,0.040235773,0.028445585,0.037763014,0.041595012,0.653033,0.6211852,0.019625245,0.03633051,0.115133666,0.11733517,0.052505046,0.06306254,0.08189424,0.092042826,0.041254923,0.028447622,0.037925404,0.041666195,0.6500262,0.62107635,0.019856278,0.03633131,0.116537854,0.1173732,0.0799112,0.09327467,0.0028626986,0.0059520905,0.005187564,0.0043456247,0.20686625,0.19622403,0.4962334,0.50134385,0.027557867,0.036943547,0.16198032,0.15794276,0.009521902326616932,0.0125027066479364,0.005301170242660533,0.0078120148726526,0.013311910839735534,0.016974976558917935,0.014586139678855433,0.013720430512379948,0.01064549829868591,0.014081165308737112,0.008792842078729539,0.008734918933103875
33,0.03603527,0.06799438,0.06250687,0.10370109,0.023675265,0.04816771,0.06569122,0.04579295,0.6588565,0.6016655,0.024113668,0.03683225,0.12912123,0.09584618,0.03640108,0.068064675,0.06256846,0.10377617,0.023520865,0.04816721,0.06585558,0.045794293,0.6579934,0.6016309,0.024179133,0.036834985,0.1294815,0.0957317,0.07848813,0.095990226,0.0032338405,0.0036757875,0.0047489707,0.0053284415,0.23467542,0.20595054,0.4603229,0.48003995,0.027992139,0.03872787,0.17850973,0.1607399,0.00841190072645187,0.012929897447170248,0.005897930294774943,0.006701310392260966,0.013751994971548578,0.017495862292385127,0.01432324375611574,0.015036549735084268,0.01180974814075172,0.012483974162063934,0.007779237825877338,0.010285244661931975
34,0.0465125,0.05262779,0.08195013,0.10242412,0.034376685,0.030842615,0.040105447,0.05720581,0.6577916,0.59581214,0.028202884,0.041103322,0.11106075,0.11998419,0.047486,0.052617587,0.08153461,0.10253793,0.03470492,0.030747913,0.0409297,0.057270385,0.6549865,0.59575224,0.02888289,0.041122124,0.111475356,0.119951844,0.08657474,0.074882016,0.004994644,0.0041589844,0.007989873,0.0054129716,0.22349855,0.2196062,0.45379752,0.4861432,0.030451057,0.03523199,0.17916535,0.1592773,0.008983573783421009,0.012577531391454459,0.005136565222384225,0.008117879729484453,0.01324667853445857,0.01715524211181801,0.013414550253051239,0.017173338946582146,0.011074385780101684,0.012173422856052952,0.007642968908982505,0.009255369833401637
35,0.03535848,0.056268718,0.07107531,0.08473638,0.03107523,0.032032087,0.063612334,0.036440797,0.63090116,0.6601948,0.03417296,0.030202445,0.13380452,0.10012479,0.035935726,0.05626691,0.071257144,0.08473471,0.031331707,0.03203153,0.064968474,0.036440898,0.62852496,0.6602006,0.03450544,0.03020103,0.13347651,0.100124285,0.06526715,0.10165862,0.003873743,0.0042792936,0.0047418806,0.0030924473,0.22711878,0.19762093,0.46254453,0.5112454,0.03041417,0.034725934,0.18872508,0.1437355,0.0073370494777093625,0.011189577059495803,0.005891310882000873,0.006066548251031568,0.011645480596437222,0.014711251245408018,0.016248365119887382,0.01377387127433709,0.009270271320619281,0.01252061226020077,0.009385902204453728,0.008325848578709069
36,0.042649657,0.04860928,0.060898907,0.072554715,0.03412031,0.032078207,0.06986922,0.06222871,0.64359665,0.6112822,0.033273265,0.030089425,0.115591995,0.14315738,0.043772843,0.048609406,0.06148667,0.072554454,0.034121532,0.032078184,0.07083913,0.06223098,0.6403328,0.6112804,0.03334721,0.030089464,0.116099775,0.14315717,0.07236923,0.06897434,0.0029700203,0.0034681465,0.007923607,0.0046125506,0.25358877,0.23276305,0.44914508,0.48385325,0.029091138,0.02921584,0.16766106,0.16234374,0.006782124483700968,0.009194689446198237,0.004162157012539204,0.006786426090618813,0.009698934994244833,0.014572071761293832,0.012153554099977319,0.013498460567351378,0.008705137732144595,0.011578155286013065,0.007233312376802022,0.009106755299278763
37,0.051755477,0.05622538,0.09093149,0.082227,0.032391053,0.023525668,0.052433334,0.055320267,0.61853546,0.63281155,0.026518175,0.040996823,0.12743506,0.1088933,0.051792324,0.056221534,0.09056007,0.082207546,0.0325929,0.023525205,0.053248074,0.055182137,0.6174185,0.6329119,0.026164344,0.04102606,0.12822372,0.10892555,0.08017937,0.091962084,0.0037484835,0.0042855893,0.007707065,0.0038984374,0.22181511,0.2178547,0.46592665,0.47190723,0.02694935,0.04361527,0.18154104,0.1547906,0.009592024204040104,0.009440866871298527,0.0065923740922384216,0.006565030632548826,0.012180836644689202,0.01298749742100026,0.014833912190139867,0.015318451929278217,0.011148010931696583,0.011893142076563811,0.008535088749009543,0.00871003368087027
38,0.045327302,0.055130996,0.07456128,0.08661319,0.035483755,0.040616028,0.056293357,0.044563077,0.62222004,0.62332606,0.02714237,0.0360425,0.13897192,0.11370813,0.046068214,0.055017833,0.07443475,0.086543106,0.035523094,0.040633578,0.05721099,0.044549607,0.62037855,0.62343305,0.027153568,0.03608461,0.13923082,0.1137382,0.07412801,0.081612185,0.002971993,0.00374743,0.00880945,0.006690563,0.22307004,0.1841108,0.46491045,0.5118167,0.032849636,0.028693838,0.17837462,0.17539002,0.009340711840769813,0.011657363343278965,0.007090603339180057,0.0068098018713973,0.01404108654485692,0.015741139597719025,0.014284335887356678,0.014341804742223215,0.011578590026859842,0.012828237024079066,0.009281271172709984,0.009895746893531471
39,0.04662814,0.06734299,0.07482841,0.094811246,0.029549515,0.034688342,0.055488396,0.04163781,0.6439122,0.61444604,0.035707828,0.036191437,0.113885514,0.110882096,0.04722213,0.06734885,0.075223185,0.094810836,0.02983512,0.0347283,0.056345012,0.041660435,0.64083874,0.61434335,0.03603983,0.03619563,0.11449598,0.1109126,0.085954644,0.093904965,0.003946041,0.0048119263,0.0029851247,0.0056975833,0.22481433,0.19381565,0.46983358,0.49853104,0.035791457,0.035071515,0.16829899,0.15672341,0.009305611360865341,0.011676455098381333,0.0046432032054088135,0.008648014226147017,0.01105561573143538,0.016426272439083563,0.015082402026801582,0.011615851487104284,0.00936244537912607,0.014182194406706875,0.008940258037316334,0.008208745038707572
40,0.065701164,0.0634374,0.081021845,0.093874745,0.033495385,0.021239866,0.054026585,0.044349756,0.6140667,0.63641405,0.021751923,0.04186888,0.12993637,0.09881532,0.06619768,0.06342951,0.08138469,0.09386509,0.033277404,0.021240644,0.05459955,0.04434982,0.6120679,0.636375,0.022287445,0.041869678,0.13018535,0.09887024,0.089687645,0.09505343,0.0034753291,0.0055051954,0.006517552,0.002336561,0.20622598,0.20081457,0.4850131,0.50151026,0.02807014,0.03759857,0.16285706,0.14604287,0.01151704683787992,0.011926907250020524,0.005874552136843556,0.007533447150769689,0.015493500813306797,0.016361741863327638,0.014341429312107176,0.013884957197738659,0.010955093670797807,0.014476205839269654,0.007230284997631474,0.008907846851198538
41,0.051725343,0.056368712,0.08225522,0.09763474,0.029302124,0.04111983,0.06118855,0.038649425,0.6275549,0.62575215,0.03184577,0.03831043,0.116128124,0.102164716,0.053024326,0.056370854,0.08223323,0.09763644,0.029420687,0.04111941,0.06143637,0.03864817,0.62497395,0.6257571,0.032523815,0.038310524,0.11638759,0.1021575,0.0755874,0.09299877,0.0028759947,0.0032549633,0.0041259746,0.0056827688,0.228618,0.20090882,0.47685045,0.49323684,0.033884257,0.03318596,0.16937049,0.15949665,0.012060302742902037,0.01235085212523178,0.007362474793240697,0.007700320587489669,0.01688688788341786,0.017031744328563154,0.014811049600260631,0.015250307918616377,0.012517868036253864,0.012886962948180699,0.009008438282120088,0.008946592482805438
42,0.04964098,0.06250123,0.0775516,0.09899371,0.030673578,0.034297537,0.051560722,0.04933124,0.65024596,0.5951318,0.030751526,0.03927987,0.109575585,0.12046459,0.05066202,0.06252097,0.07751331,0.09906449,0.030684447,0.03429882,0.05116267,0.049482543,0.6492403,0.59469557,0.031182982,0.03928381,0.10955429,0.12065382,0.08335864,0.09643571,0.003002858,0.004300074,0.003507654,0.0050148265,0.21608166,0.21310934,0.47238466,0.47372037,0.027296089,0.03871545,0.19005078,0.15682268,0.008243392982349511,0.011497948665033852,0.00497899819895801,0.00857904227637404,0.012564422682046368,0.014531173337794061,0.012347931612475455,0.013410886047764853,0.009681360707992056,0.011115395686649121,0.007755464110380152,0.008020781329460432
43,0.04309636,0.06414886,0.0739095,0.115115084,0.02947588,0.032976784,0.04063539,0.039519608,0.67170256,0.6069974,0.022237629,0.030959025,0.11894269,0.110283285,0.04364616,0.064151205,0.07360672,0.11511931,0.030183928,0.032973364,0.04088735,0.039519604,0.6699556,0.6069736,0.022423055,0.030959828,0.11929717,0.11030311,0.07501544,0.10341948,0.0029247736,0.004431079,0.0050144834,0.0054391446,0.22527857,0.2052876,0.48481137,0.47639382,0.023376215,0.036866594,0.1701526,0.16216293,0.0113711397293966,0.012247844719175132,0.00619089966415036,0.008460450574271227,0.014360195743533479,0.017530055148524428,0.016815466517575435,0.014671929680347489,0.01262595704199486,0.01392031220373056,0.008998392788812766,0.007998062300751242
44,0.046597414,0.056672834,0.07565764,0.08390904,0.025623765,0.024717879,0.0571126,0.051693384,0.6539998,0.65494984,0.029968584,0.028960561,0.11104015,0.09909644,0.047410257,0.05667307,0.07521247,0.08390936,0.024961237,0.024719186,0.05727234,0.051692676,0.65248835,0.654949,0.030193413,0.02896087,0.112461954,0.09909584,0.08938338,0.08855561,0.005152778,0.0036784268,0.0032974228,0.004522991,0.2248686,0.23774782,0.46711174,0.47033682,0.040209297,0.03334885,0.167011,0.15237507,0.009055684944774236,0.009798659779754275,0.006365094202526081,0.006095520872368662,0.013259303952680327,0.01176015044575532,0.015390576681850609,0.015277630424431305,0.012163435020472436,0.010100273826752297,0.008315771887058569,0.008632539546579623
45,0.040488817,0.0556634,0.076413915,0.10343807,0.022278676,0.029317604,0.06358766,0.054189134,0.6629691,0.5957218,0.027977364,0.040263355,0.10628449,0.12140669,0.04116605,0.055662837,0.07622441,0.10343377,0.022567587,0.029313952,0.06387695,0.054188758,0.66038847,0.595709,0.028497234,0.040262632,0.1072793,0.12142899,0.08466178,0.08755904,0.0038852696,0.0049772095,0.0033776069,0.0042032804,0.24386412,0.22547078,0.44555348,0.47178566,0.032059822,0.036197845,0.17393038,0.15412395,0.009301207325245744,0.011398371777093783,0.006147617712495094,0.00722188289115242,0.011591563833350322,0.014932423771618514,0.015049535924997868,0.014159481778063322,0.009897918213379271,0.012958943897399775,0.007445963013239145,0.008304336581566313
46,0.06195434,0.05946469,0.08896169,0.115194134,0.031728253,0.030229421,0.040771056,0.036031432,0.64054114,0.6221012,0.025865454,0.040950425,0.11017806,0.096028686,0.06297802,0.059463166,0.08900619,0.11520692,0.032119874,0.030232696,0.042791504,0.036083926,0.6359513,0.6220308,0.026228901,0.040954005,0.11092421,0.09602846,0.09131077,0.10690663,0.0034090918,0.006129103,0.0060278536,0.004131354,0.21848859,0.19912596,0.47492048,0.48687986,0.027743343,0.03820153,0.16994104,0.15700051,0.010980555743035084,0.012420267624266705,0.00606560051907744,0.008103092664250187,0.015205347698317844,0.017109971899886563,0.015122058534963925,0.015181356007181651,0.012305425934608136,0.015020001847196445,0.008172525799956584,0.00898151724595982
47,0.044364337,0.049689133,0.06867718,0.079207346,0.027393386,0.042586002,0.050351962,0.05951035,0.66589993,0.63112724,0.024759151,0.02867023,0.118554056,0.10920969,0.044586442,0.049793426,0.06843758,0.07928408,0.027255667,0.042587433,0.05117732,0.059506632,0.663902,0.63098556,0.025852129,0.028670685,0.11878891,0.10917216,0.07605072,0.08751814,0.003521875,0.0039327005,0.0053538918,0.006304171,0.22313882,0.21952154,0.4781011,0.49374464,0.022883983,0.0323861,0.18138273,0.14016066,0.00902477592146095,0.010150198123476931,0.006614079813648495,0.006206887211519053,0.012834216707016082,0.01664729157829833,0.01245396794635671,0.014689969612625593,0.010661306762348178,0.01132257264406141,0.007340236574393415,0.007976830220061615
48,0.056948204,0.054509044,0.08715116,0.08892206,0.02755461,0.033848885,0.046834383,0.048602797,0.64619327,0.62784463,0.027072614,0.029385494,0.10824574,0.11688706,0.057711065,0.05450603,0.08648274,0.08893713,0.02833244,0.033849712,0.04718358,0.048598774,0.64385253,0.6277514,0.027343119,0.029381553,0.10909447,0.11697538,0.08395437,0.08248203,0.0030309584,0.004546098,0.0041356236,0.004728939,0.22376171,0.21653768,0.48417866,0.4906926,0.027155505,0.033432744,0.17402735,0.15252778,0.01099587372529123,0.012037853665905731,0.006925601565585021,0.007831193159328882,0.01494474635158049,0.015432639969847499,0.013923630599783719,0.01370912227931858,0.012253613857826182,0.013370966795509621,0.008512437259344096,0.007764585478071299
49,0.041247904,0.066290885,0.06564364,0.10307929,0.030855922,0.041645285,0.047466513,0.049704727,0.66756266,0.5958403,0.028397603,0.041960116,0.118825786,0.101479374,0.04161412,0.06626677,0.06541566,0.10303612,0.030408995,0.04167321,0.04800784,0.049708758,0.6661432,0.59590715,0.029547444,0.041954633,0.11886273,0.10145334,0.06881825,0.08964974,0.0028157963,0.004113514,0.006015553,0.005342675,0.23679212,0.21581672,0.4665489,0.46395153,0.030165218,0.04065399,0.17628832,0.15749475,0.007758587542579575,0.011866694263515016,0.005122646651000696,0.00735748090458372,0.01081948661089055,0.016912189651890525,0.013227891779309182,0.014351302816333298,0.00941726615938654,0.012947709651024706,0.008351247938590307,0.00834527672333966
50,0.052431062,0.06534666,0.08175269,0.10607669,0.03241571,0.037193358,0.04591995,0.045337953,0.6423866,0.60592586,0.02747227,0.0378306,0.117621705,0.10228891,0.05357002,0.065262295,0.0821954,0.10605163,0.03240068,0.037183456,0.046355724,0.045370705,0.63980293,0.60599655,0.027730433,0.03782635,0.117944814,0.10230906,0.08655467,0.10175344,0.0037686508,0.004937502,0.0043124883,0.004912643,0.22376633,0.19860049,0.45421016,0.48875535,0.03199455,0.03575192,0.1829871,0.15845607,0.010460635741695892,0.012519272862612413,0.005297844300374584,0.0077077009127337025,0.01216709139268,0.016566757621138344,0.01500349920576403,0.014136351551230313,0.012171209611259878,0.015201731347885267,0.009929651748634163,0.007262304290678842
51,0.050540518,0.06942531,0.0961041,0.101052724,0.022455249,0.035443038,0.05606036,0.03980965,0.61776406,0.60382,0.030786633,0.04261138,0.12628908,0.10783786,0.051281895,0.069385126,0.09615498,0.10112525,0.02247416,0.03541706,0.056602627,0.03980886,0.6159732,0.6038482,0.03148863,0.042620547,0.12602457,0.10779498,0.09509196,0.101346165,0.0055943653,0.0050481977,0.0028386258,0.0061517283,0.2288472,0.20057626,0.45670447,0.468442,0.033615723,0.039480854,0.17091188,0.16561787,0.01077298356132559,0.012155805511022192,0.006631806098732619,0.007958968220711758,0.012596805422403828,0.015717136988887333,0.015068196059145753,0.015577581967395481,0.01069607207654624,0.01387821675468217,0.008212161961054206,0.007818016954726158
52,0.040722672,0.061097294,0.07635742,0.09341574,0.025190515,0.02733495,0.050703004,0.06629394,0.6306393,0.60132664,0.028059507,0.045477528,0.14832756,0.10505386,0.040715113,0.061104484,0.07616047,0.09346369,0.025132487,0.027316181,0.051275644,0.06628659,0.6292818,0.60134304,0.02820753,0.045489993,0.14922695,0.10499604,0.07781399,0.09171671,0.0032966796,0.0047493814,0.0058089043,0.0038179487,0.22889277,0.22141884,0.46930638,0.4726764,0.026508909,0.042593405,0.17254128,0.14882873,0.0072460263808060525,0.00963776134581958,0.005911374552874233,0.00647181922937403,0.010358881809946839,0.012769873652535658,0.013580685567209493,0.014130433650290975,0.008880610354770913,0.012237496894105438,0.007912888710208293,0.007537976782509084
53,0.04793898,0.06283575,0.07724325,0.09480684,0.03686487,0.04501446,0.05397286,0.037269972,0.6493882,0.6078398,0.021524956,0.042025756,0.11306683,0.110207416,0.048550755,0.0628593,0.07734773,0.094820835,0.03708903,0.04501572,0.054136876,0.03727,0.6475456,0.6077955,0.021567253,0.04202927,0.11376275,0.110209376,0.08386446,0.0955387,0.0031317556,0.0046940483,0.0042399247,0.008711023,0.21532603,0.19814773,0.4781656,0.48922095,0.029029084,0.0371946,0.18201914,0.15590785,0.009452485229205687,0.011262484355804962,0.007082119887802779,0.006645239667151857,0.014724308810724436,0.015879084324655082,0.012858808578014838,0.013207606229707703,0.011909131090248262,0.012410649672716451,0.008167345056445926,0.006811435847410893
54,0.034061857,0.048998106,0.06558994,0.08556585,0.033446867,0.032620914,0.054675974,0.04957458,0.6574404,0.6290139,0.028422622,0.039668873,0.12636228,0.114557765,0.03467368,0.048998084,0.06593769,0.08555249,0.03356607,0.03262717,0.05520354,0.049580947,0.65552807,0.62900645,0.028614404,0.039668895,0.12647651,0.11456595,0.071801156,0.090881415,0.0035189448,0.0059100203,0.0030182607,0.0049537434,0.21174563,0.2197226,0.49351308,0.47434384,0.030920852,0.03790509,0.17284296,0.1616547,0.008669332618756843,0.01121658682054739,0.006975577630834073,0.007842837280125432,0.012879874188863537,0.015532205138279633,0.01423975235497236,0.014006464600372522,0.01152401581727371,0.011772927348238621,0.009006781419953772,0.009518553901263771
55,0.038033657,0.045254543,0.06232359,0.085200764,0.018682553,0.030017367,0.051966235,0.05948153,0.680536,0.6245783,0.023531308,0.039781597,0.12492669,0.1156859,0.039010804,0.045259226,0.062389005,0.0852,0.018948104,0.030026339,0.053095274,0.059487775,0.677235,0.62460047,0.02359118,0.039784662,0.12573065,0.11564152,0.07320496,0.08553047,0.0034025242,0.0043050046,0.0035743376,0.0056034895,0.2373047,0.23586646,0.4808612,0.46028304,0.022314068,0.034804452,0.16126996,0.15370761,0.006495253838754144,0.008691125784481949,0.005065935327206719,0.006556287487372532,0.010717464220447568,0.01330567193689176,0.0159621904122559,0.01480729739343989,0.009098538588820284,0.012083498918512525,0.010925950460710238,0.00826909174160442
56,0.04881634,0.06059003,0.08384073,0.09892422,0.037821032,0.027030436,0.063472666,0.06611858,0.62399906,0.6083466,0.0245346,0.036795877,0.11751555,0.10219432,0.049681865,0.060583677,0.083547756,0.09890934,0.038364053,0.027030896,0.06421449,0.066130996,0.6214218,0.60826784,0.024863245,0.036835752,0.11790676,0.1022415,0.08360693,0.09927975,0.003495859,0.005058487,0.008685857,0.004235812,0.23730929,0.23734109,0.451201,0.45971406,0.029330933,0.036620356,0.17541389,0.15004657,0.009785824461976463,0.010477452085693787,0.005950051335947363,0.007098277533219464,0.01289314645785591,0.014332970080781637,0.015385882099235752,0.01544571761146096,0.009962800418284987,0.0124376770373312,0.008707238838880587,0.008677542014634259
57,0.05412734,0.067086264,0.07996984,0.10437607,0.034367435,0.031604275,0.050556295,0.04799939,0.6265571,0.58396024,0.033186857,0.04859299,0.12123513,0.11638081,0.054869287,0.06714025,0.079637,0.10437282,0.03419519,0.031603258,0.05079622,0.04800132,0.62560487,0.5838695,0.033368513,0.048588347,0.12152891,0.11642449,0.09132105,0.0907927,0.0038098851,0.004404765,0.005542354,0.005457246,0.2081523,0.19913606,0.46399292,0.48675728,0.041459214,0.04236374,0.16874307,0.16516624,0.008650854751507852,0.013640563993278594,0.0056208458177965,0.007626163704540864,0.013195673147382746,0.014994712326383655,0.014323403447247442,0.014557457849694082,0.010604908291402081,0.012602083439970574,0.007601879680253636,0.00936833559670495
58,0.039656986,0.059937786,0.06816171,0.10805433,0.024606282,0.038755897,0.0485098,0.041420516,0.6699707,0.6006497,0.029096587,0.03753118,0.119997926,0.1136506,0.04087784,0.060059622,0.068599604,0.10799767,0.024010474,0.039050173,0.04851421,0.041432176,0.6682056,0.6002894,0.029745422,0.037540045,0.1200468,0.11363091,0.08486329,0.08047974,0.003943575,0.005562982,0.0027177068,0.0053427345,0.21937363,0.19703571,0.48283297,0.50046587,0.032814495,0.032405388,0.16227144,0.16880433,0.008345417148013127,0.009747123201474328,0.006578675866020307,0.00799231596888586,0.013534275297930205,0.013454919171468517,0.01721971626270027,0.01359939362180519,0.010496014784971768,0.012098821209066751,0.009805684240279684,0.0076701009489715645
59,0.05313167,0.06023044,0.088682435,0.09373576,0.03143947,0.028900482,0.042287573,0.042675372,0.6192846,0.63119036,0.030223256,0.03300988,0.13495103,0.11025771,0.05394701,0.06024278,0.08863749,0.09371484,0.03234932,0.028889196,0.04399728,0.042675395,0.6149126,0.6311941,0.030505348,0.033013336,0.13565089,0.11027032,0.092325285,0.0880903,0.0033298195,0.0029176262,0.003318771,0.0031567276,0.1932379,0.21650656,0.4853506,0.49144387,0.036799505,0.033704944,0.17315148,0.1598919,0.009749680063695842,0.011416199793077064,0.006547097162626393,0.006432473435887334,0.013219277982790418,0.016003842817750722,0.013142706641751543,0.015502872806993983,0.00939904455632277,0.012024250236784564,0.00796859731187142,0.008375334917158802
60,0.051612042,0.055857636,0.08839754,0.09617867,0.027457941,0.028925441,0.034214858,0.057162073,0.6477891,0.5894303,0.031588327,0.04416546,0.118940204,0.12828043,0.05225693,0.055836655,0.088569716,0.096288525,0.027534561,0.028926292,0.033553395,0.05715102,0.6472364,0.5893489,0.031755332,0.044181038,0.119093634,0.12826754,0.10422783,0.08978502,0.004115166,0.0029790266,0.0040690815,0.0022876957,0.21013933,0.2152147,0.46177813,0.46851525,0.035742316,0.042392083,0.1770198,0.16507828,0.009088685006143024,0.011743064155247838,0.005996171086780989,0.007822870040804031,0.012405235956475844,0.015315557781913796,0.013312063769088037,0.01560674332144477,0.01100609340916126,0.01293119542184755,0.007220037320851926,0.008523188646407193
61,0.03576938,0.0516037,0.07888994,0.08137253,0.021775017,0.04174616,0.05136959,0.04492061,0.658424,0.62931937,0.030615237,0.037550464,0.12315684,0.11348718,0.03621494,0.0516037,0.07875041,0.08137253,0.022063512,0.04174616,0.051899344,0.04492061,0.656716,0.62931937,0.030900361,0.03755046,0.12345545,0.113487184,0.07424034,0.08596913,0.0044368776,0.005089459,0.0037230111,0.0059798257,0.23491865,0.22405595,0.46644104,0.4733538,0.03084959,0.032857854,0.17733355,0.16409674,0.007586528054393787,0.011605210604998906,0.004703336591409793,0.007229153554673968,0.010646882225369225,0.017655095162285514,0.015642347638128277,0.015320400671265654,0.009900213765738736,0.012584857876852384,0.008522767218156401,0.00896740100868669
62,0.04348932,0.057193983,0.061087064,0.08487986,0.025265582,0.040839173,0.063375175,0.048545193,0.6448827,0.617056,0.026418466,0.04058896,0.13548169,0.11089682,0.043942448,0.057191186,0.061233945,0.08486538,0.02525401,0.040838573,0.06383632,0.04854442,0.6438162,0.6170403,0.026642988,0.04063384,0.1352741,0.11088635,0.079956,0.09025139,0.003140418,0.004590103,0.00455159,0.0052940906,0.23406604,0.2149701,0.465236,0.48779392,0.028322708,0.035115737,0.17519248,0.15710908,0.007659349488431787,0.011549116740433069,0.0052537821598215685,0.007667158467767406,0.01215456484585016,0.014957920213357007,0.012152058117387853,0.013381895647384089,0.010234806356133113,0.01223572830434331,0.00684763932382604,0.009349451999239144
63,0.052088175,0.044888258,0.09146292,0.07021068,0.03260199,0.029505754,0.044626527,0.063733816,0.6475869,0.6331098,0.031760328,0.03750213,0.09987315,0.121049576,0.054216426,0.044888202,0.090509996,0.07021076,0.0326356,0.029505711,0.044831563,0.063735865,0.64409226,0.63311267,0.032218773,0.03750086,0.101495385,0.12104597,0.09727756,0.07834197,0.0059358543,0.0035889272,0.0046001067,0.0054731327,0.2543163,0.23398146,0.43826324,0.45956948,0.04388394,0.03570474,0.15773478,0.17162566,0.00964678238413699,0.008618153531449667,0.006335802834091126,0.006292364492347911,0.011515599979116173,0.01275910978322978,0.01636469250735607,0.014707834172799882,0.012005490314632314,0.010408978830589517,0.009829983153958796,0.007695385988008018
64,0.04194837,0.040445015,0.07079901,0.075363725,0.021458337,0.028175155,0.04663585,0.05409499,0.67465067,0.6398733,0.03111459,0.040765956,0.11339317,0.121281825,0.042273402,0.040444214,0.07035695,0.07536094,0.021478463,0.028175218,0.047141824,0.054084618,0.67317224,0.63987446,0.0313444,0.040766105,0.11423278,0.121294476,0.07614051,0.08553036,0.0033967427,0.003536416,0.004015409,0.0046016145,0.21518405,0.2254686,0.47745565,0.47441548,0.032645844,0.033981763,0.19501044,0.16057332,0.00704549021685679,0.008913682069756344,0.005269186978241222,0.006200264451884859,0.010007505833980797,0.01196615788887518,0.013662202587544539,0.014571036255904874,0.008659408449291774,0.010388806103861458,0.007656623504808316,0.00786972835850374
65,0.043039296,0.05403982,0.06847584,0.103333674,0.02639749,0.033307973,0.050289176,0.06814898,0.65344477,0.5956738,0.030268138,0.038065977,0.12808529,0.10742977,0.04366568,0.05403982,0.06857729,0.103333674,0.026580812,0.033307973,0.050744213,0.06814898,0.6512761,0.5956738,0.030400358,0.038065977,0.1287555,0.10742977,0.08242271,0.08353916,0.004442309,0.0061016213,0.0049727317,0.0059694275,0.21746391,0.23447324,0.45773387,0.45011356,0.03563017,0.03723521,0.19122876,0.16570085,0.009129018113279609,0.011846023218275947,0.004906055574734535,0.007364826917027263,0.01145948669950571,0.015943858250922156,0.015265169532226681,0.01479977306163814,0.010720158249124132,0.014018305597767436,0.007894902729088127,0.008048832230012713
66,0.05073296,0.057156917,0.08037122,0.091700494,0.031232923,0.040544543,0.039310474,0.04675565,0.6232246,0.57891834,0.029285947,0.047807567,0.14584187,0.13711652,0.051432665,0.057159565,0.08071329,0.091706865,0.03260839,0.04054355,0.039853778,0.046756875,0.61929023,0.57897776,0.029012265,0.04780866,0.1470894,0.1370467,0.08575317,0.08788575,0.003453941,0.006532466,0.006016936,0.0060235467,0.2153479,0.21699853,0.45837757,0.44961816,0.03240677,0.042755645,0.17787132,0.1823694,0.009733159333982286,0.010775876170770204,0.005516615391052466,0.0074942655530184895,0.013526078598352998,0.014533101103876242,0.01376259349090708,0.015540965793736372,0.010140200536942354,0.012441371544300908,0.008190427968593789,0.00935946994700388
67,0.045084696,0.0660825,0.07936977,0.10209609,0.02255283,0.051798277,0.050908294,0.044678636,0.6463949,0.58257526,0.02694524,0.046220534,0.12874426,0.10654869,0.045676075,0.06609171,0.07943188,0.10213038,0.02261308,0.051787477,0.051634006,0.044674803,0.64393854,0.5825664,0.027162172,0.046222147,0.12954426,0.106527135,0.08327179,0.104677096,0.003922992,0.0048635425,0.005346698,0.009590962,0.22232571,0.19512258,0.4585559,0.47344255,0.03518118,0.045589093,0.16754729,0.15525335,0.008915942255197646,0.012667125178261249,0.005325228141325634,0.0077268954224301,0.012895928486627654,0.0177607266687383,0.01415840667642584,0.014025876365549727,0.010711532657521353,0.014635826554713675,0.008042344078265689,0.00903586516807686
68,0.051741768,0.05806166,0.06918568,0.102552414,0.017748332,0.033416957,0.046090282,0.042735215,0.6703434,0.6038374,0.03272715,0.040432658,0.1121634,0.11896372,0.0531194,0.05821942,0.069286756,0.10273681,0.018351858,0.033346534,0.046834674,0.042735793,0.66544074,0.60355926,0.033321396,0.04040725,0.11364515,0.11899495,0.07865683,0.08973938,0.0024740081,0.0046813707,0.0022510989,0.004282419,0.20686065,0.2093263,0.49163818,0.4854027,0.027702311,0.040511053,0.17979677,0.15695405,0.00841921365310578,0.011628154674598,0.004890003148767757,0.007002774049309437,0.010800614707764056,0.01676134882304534,0.013542248758050778,0.01488381917172345,0.009282902422886352,0.012481316316912447,0.007874238779071565,0.009331664979470623
69,0.047236387,0.061951876,0.08680819,0.09006786,0.027760852,0.032500558,0.05425473,0.049382962,0.63697016,0.61413705,0.022898981,0.034958128,0.1240707,0.11700157,0.047770265,0.061947513,0.08643432,0.09006631,0.027959503,0.032500073,0.054962117,0.049399756,0.6346893,0.61413735,0.023482632,0.034954596,0.1247019,0.11699445,0.07873763,0.08478223,0.0030164549,0.0041237082,0.0051969527,0.004398087,0.22266577,0.21382418,0.46951973,0.48107603,0.02736062,0.027831042,0.1799301,0.1630335,0.009353574997239447,0.010712950996792443,0.005580535824389817,0.0073874356657907024,0.013120568855749411,0.01585745584594142,0.013959328781158483,0.012843991434612973,0.010589162216464892,0.01208838017969456,0.008025225122077487,0.008323362121474562
70,0.046858925,0.06686176,0.082414195,0.10415988,0.02950776,0.03199345,0.06018676,0.041779097,0.6268175,0.5977635,0.031699527,0.03970508,0.12251531,0.11773728,0.048299234,0.0668809,0.08213891,0.10416578,0.02945576,0.031993676,0.06145325,0.041779023,0.6230751,0.59773207,0.03175985,0.039705515,0.12381784,0.11774301,0.080737405,0.100699715,0.0037073414,0.006459521,0.005332841,0.0043370426,0.24082448,0.21046509,0.44827813,0.47330162,0.034205094,0.040118814,0.17728655,0.15516946,0.007600523035356588,0.012719950041764934,0.005116521634589131,0.008300158612106421,0.011861038287725246,0.016523869275871402,0.015251573271217785,0.014293305865993805,0.010706615394110938,0.015627677475633907,0.00945522628429737,0.008198476948861898
71,0.09805512,0.054849528,0.10757255,0.07645726,0.035132024,0.022545086,0.030806238,0.05216629,0.5889461,0.6383915,0.03806558,0.0291834,0.10142239,0.12640695,0.09836439,0.05484656,0.10766691,0.076447845,0.03502788,0.022542616,0.031080525,0.052232053,0.586746,0.6383987,0.038942475,0.029155238,0.10217182,0.12637697,0.10662035,0.082320906,0.004477973,0.0038848424,0.0048567136,0.003274001,0.18670264,0.20746036,0.48517427,0.49474198,0.032713,0.030001799,0.17028797,0.17303357,0.012882556630280022,0.011300266135506843,0.007724383391601928,0.006497061776124472,0.015078585675589007,0.013044799330182379,0.012709108636284152,0.014574069530733152,0.013979194253177715,0.009969786101331334,0.008616859490625682,0.009220353915709058
72,0.05163184,0.06139073,0.08507285,0.10606412,0.027282638,0.024993414,0.0625415,0.06676289,0.6110994,0.600106,0.03343628,0.03527162,0.12893543,0.105411224,0.052068595,0.06138879,0.08450409,0.106062934,0.027463803,0.02499372,0.06365595,0.06677997,0.6093229,0.6000965,0.033360396,0.035271257,0.12962425,0.1054068,0.089526035,0.09218763,0.003509961,0.0052239206,0.0038915237,0.0026512397,0.24360089,0.24738699,0.42867228,0.45398492,0.029968487,0.030863568,0.18113352,0.16146189,0.009476634206550328,0.011398005061427187,0.0063220812421237015,0.006917873924630427,0.013320337803499385,0.015570270973025855,0.014262350782015612,0.017096748314030515,0.01145953001754897,0.012347449722037798,0.008177524524448334,0.009691669803384829
73,0.042021904,0.06286349,0.07573666,0.08396154,0.033301577,0.033324152,0.060646664,0.047659125,0.65273,0.61534303,0.023906272,0.03807839,0.11165697,0.11877029,0.04381356,0.06286335,0.07605464,0.08395685,0.03341371,0.033324532,0.06137421,0.04765137,0.648355,0.6153226,0.024478659,0.038081236,0.11251022,0.11880004,0.0887061,0.090246245,0.0032933303,0.003760572,0.0062400503,0.00417513,0.22953889,0.2064896,0.46000972,0.49652478,0.0289973,0.035932004,0.1710801,0.14769422,0.008104334339628087,0.009912561571222549,0.005037600738415775,0.006789160302153665,0.01238497157665232,0.014152365817067237,0.01281193229094434,0.01484593680342864,0.01060702119896324,0.011301037202158805,0.00795842011834797,0.00888573028722566
74,0.04345688,0.05137507,0.07360303,0.0877472,0.023469275,0.037874974,0.047209773,0.05593397,0.655538,0.6187551,0.032630764,0.033894565,0.12409229,0.11441916,0.044253945,0.051399913,0.07399945,0.087741025,0.023771925,0.03788071,0.047081295,0.055943947,0.6527223,0.6187973,0.033126887,0.03389856,0.12504421,0.11433852,0.073148385,0.08321711,0.0027527087,0.0033186614,0.004362552,0.005695488,0.21485442,0.22238438,0.48389208,0.4904469,0.03049814,0.037508767,0.18473555,0.1533537,0.009028925237272096,0.010655184899079044,0.005294368365195404,0.006682483810597628,0.01322124583720147,0.014623908248717158,0.01437889433024946,0.013093435292767328,0.009839148216758329,0.012197571772402195,0.008385392080425737,0.00695464158131415
75,0.056441758,0.0527012,0.100781485,0.08232738,0.03455273,0.029713167,0.03785213,0.06535006,0.6129131,0.6178146,0.030436955,0.033195958,0.12702183,0.11889767,0.056869008,0.052683983,0.10096676,0.08236819,0.034980513,0.02969991,0.03772468,0.06536073,0.6113973,0.61781347,0.030709248,0.03319524,0.12735248,0.11887848,0.09009204,0.08286391,0.003478571,0.00426562,0.003171676,0.0057995454,0.19059287,0.21725596,0.4997466,0.49303836,0.026671,0.02995039,0.18397023,0.1574557,0.009860624225656724,0.01006353862511718,0.006549008473429102,0.006263887328468604,0.014747363524347896,0.014479466658322105,0.012079600540321091,0.01691565307822265,0.011276197084329476,0.011658324155747668,0.00832344982201514,0.009182984110451832
76,0.04553037,0.05921099,0.0766954,0.102577746,0.029355524,0.031029195,0.050581433,0.048965365,0.6355293,0.61227286,0.03313423,0.034701474,0.12917379,0.11124236,0.045735423,0.05921116,0.07646897,0.10257806,0.029700646,0.031029357,0.05083182,0.04897272,0.63395846,0.6122568,0.033294983,0.03470255,0.13000974,0.11124933,0.08789389,0.09793662,0.0044250106,0.004774148,0.0061091688,0.0059003956,0.21485943,0.20951433,0.4616166,0.47162026,0.037693404,0.039000966,0.17586358,0.15144819,0.010456721726907153,0.01132016612173188,0.006980029619220931,0.007901869266362249,0.014300113682429378,0.01568559102718638,0.01641927035657622,0.014765936630186325,0.009692098174914985,0.014791594951116968,0.008762370190782928,0.00864261245484996
77,0.04946254,0.057403855,0.08488569,0.09501837,0.022796571,0.04109706,0.05576389,0.047725193,0.649869,0.61865675,0.027668811,0.03894222,0.10955348,0.10115661,0.0507906,0.05740505,0.08470138,0.095017925,0.02378182,0.041096665,0.05653661,0.047750458,0.64601314,0.6186083,0.027853316,0.03896035,0.11032318,0.10116128,0.084459074,0.08987341,0.0032898658,0.0044322456,0.004203521,0.005462078,0.23059356,0.22823027,0.4601334,0.47189736,0.03353697,0.038206235,0.17010976,0.15171136,0.009186604261167458,0.010743053387008083,0.006255822815469873,0.007113707261398993,0.012747715758584152,0.014202285680790704,0.013012758293051858,0.012490400179072074,0.010598283378493022,0.01257749496365697,0.0077277202177427045,0.007714477220573323
78,0.05018765,0.06316207,0.08439839,0.100592665,0.032323867,0.03221741,0.03535335,0.049311206,0.66224635,0.60845494,0.026368298,0.04012033,0.10912215,0.10614138,0.050991613,0.06321229,0.08489376,0.100642495,0.032457087,0.032218926,0.03602848,0.049312886,0.6593028,0.6083015,0.02661157,0.040127657,0.10971475,0.10618424,0.08915131,0.09031459,0.0030321851,0.0039697317,0.005677684,0.0037728874,0.20072086,0.212384,0.48433092,0.48869854,0.030678472,0.030638736,0.17463155,0.15924308,0.009759255709613276,0.013167059892965472,0.006402231271065117,0.007175416061695931,0.015233453488686637,0.015416376104219682,0.012443326088806966,0.014519707977665297,0.0110461348123676,0.013449026039207971,0.008511728041331226,0.008441072012744293
79,0.05052097,0.05865697,0.10263818,0.08158871,0.04506441,0.036703918,0.050228126,0.043103017,0.5909917,0.6385246,0.03952375,0.043488957,0.12103286,0.097933844,0.051177245,0.058692344,0.10274429,0.08150249,0.04506848,0.036729198,0.051117748,0.04312101,0.5891112,0.63843423,0.039444417,0.043519847,0.121336624,0.098000884,0.09211597,0.08660604,0.0071956823,0.005385026,0.0058921333,0.007391676,0.22102837,0.21712206,0.44192746,0.48088792,0.035254274,0.043208063,0.17999777,0.15342546,0.010985678922627386,0.010175106195325271,0.007418588887152599,0.006647295701969046,0.014473411771467779,0.01495607856227639,0.015779207830474876,0.013074200230024953,0.013571304645235534,0.012484550087636376,0.009266942744798234,0.008039250422645102
80,0.061949372,0.051191177,0.09202322,0.08804193,0.029116154,0.037079882,0.041937087,0.04120775,0.62322336,0.63644505,0.026349215,0.03521915,0.1254016,0.11081503,0.0622151,0.051197186,0.0924112,0.08803618,0.02894555,0.03708026,0.042630654,0.041160688,0.62206227,0.6364824,0.025889527,0.035218515,0.12584572,0.110824764,0.09101643,0.09219699,0.0030703498,0.0045587546,0.0035011927,0.0059550274,0.21094002,0.20050137,0.46799836,0.48632216,0.02776468,0.032133933,0.18451713,0.16323923,0.012743356121891753,0.009720044566286683,0.00755554738300885,0.007327301957601538,0.014191544432455227,0.014659708166612107,0.015862355601212998,0.014388278988840805,0.012224518887187568,0.011613895344238387,0.010373385625113614,0.008331752884168367
81,0.043284737,0.06853116,0.089961916,0.095558785,0.024292355,0.032469958,0.0423604,0.045424413,0.65907574,0.61982536,0.026093649,0.03691099,0.11493125,0.10127933,0.043975733,0.06853354,0.090125956,0.09556576,0.02440864,0.032469597,0.042367045,0.045414366,0.6563441,0.6198711,0.026634399,0.036914997,0.11614414,0.10123071,0.09159536,0.10797804,0.0041361754,0.0043499237,0.0039812904,0.004442213,0.2031437,0.17854843,0.47084752,0.50602925,0.03147025,0.03591756,0.18752046,0.15090823,0.008603263404588514,0.010618690028904488,0.004864055343919409,0.00783482292002309,0.012135498814984961,0.015137913356555848,0.012888399540998859,0.01253240741694326,0.009575313369117548,0.013176443823686622,0.008537513065711261,0.007311279784484723
82,0.05615783,0.05352171,0.10778953,0.0900376,0.028034065,0.045431156,0.032790355,0.059998974,0.6309888,0.59845924,0.023036426,0.034925386,0.121203035,0.11762589,0.05722864,0.053521495,0.10765582,0.09003496,0.02797496,0.04546836,0.03278486,0.06000268,0.62811553,0.5984536,0.02408499,0.034926187,0.12215518,0.11759272,0.09750407,0.0761716,0.0072244424,0.0036684251,0.0062095756,0.0065056733,0.19803277,0.2210706,0.47965628,0.4615611,0.027566385,0.034147456,0.17444338,0.17835112,0.009915993759936011,0.01005082678153111,0.007295318739776467,0.006916284877480711,0.01461669689175915,0.01579121262970307,0.015335203279721444,0.014954050011859203,0.01006025198351289,0.012077721455955322,0.008230713301595026,0.008436355850014324
83,0.049191616,0.060939427,0.07660911,0.08554851,0.029962873,0.028878842,0.055720173,0.044061102,0.63456404,0.6325096,0.026818868,0.038723025,0.12713331,0.10933954,0.0498728,0.06093537,0.07661903,0.08553118,0.03040238,0.028866598,0.05655768,0.044061307,0.63171524,0.6325543,0.026641458,0.038723737,0.12819137,0.1093275,0.08407724,0.08929528,0.0044516413,0.003959601,0.005197271,0.0034220272,0.21411392,0.19260426,0.4722191,0.49771142,0.029694906,0.03911825,0.17534117,0.16319627,0.008689325548960942,0.012786461731084192,0.005917832768448724,0.006554779198029694,0.012207541204042481,0.017775824412064857,0.013784820060339271,0.015037044572575186,0.009995545502134556,0.014573732707139672,0.008909756325153973,0.009756267966827062
84,0.042032916,0.053643666,0.078775115,0.08659381,0.022138111,0.03449783,0.053582333,0.046845797,0.64444596,0.6303398,0.032307193,0.044502832,0.12671836,0.10357627,0.04262449,0.053628895,0.078627944,0.086572714,0.022773342,0.0345335,0.05411642,0.046835393,0.6425655,0.63036907,0.032556064,0.044479795,0.12673628,0.10358063,0.08909903,0.088787496,0.0032358572,0.0045144334,0.0020451145,0.00408745,0.23232983,0.21981826,0.46029824,0.45929787,0.035967693,0.04912609,0.16600743,0.1629087,0.008908073011233416,0.009901239746598662,0.005628021572843743,0.006703151236782324,0.01389145204163189,0.013866181870052115,0.013485849281000337,0.012935123062636056,0.010050838058548393,0.010973417444636164,0.008021352070425489,0.007387372937170627
85,0.040497597,0.056763604,0.07329176,0.10618332,0.027682811,0.03267817,0.05841018,0.036148574,0.6484968,0.61625594,0.026551396,0.036350638,0.12506945,0.115619786,0.04099695,0.05675659,0.073437035,0.10618079,0.027805356,0.032677267,0.059391305,0.036148824,0.6460775,0.6162645,0.02670982,0.03635055,0.125582,0.11562147,0.07885087,0.09715082,0.003785715,0.006300643,0.0057319966,0.0055405507,0.24815176,0.20413534,0.43363297,0.4899276,0.029521273,0.038524173,0.18048157,0.14884166,0.008558336280518464,0.012739980711936803,0.004470219800477632,0.007296827101191533,0.010227301787102783,0.016920386687307512,0.016891677755993775,0.014916919723735446,0.010259666840662457,0.01384886457800153,0.008694274259177726,0.00901726453531144
86,0.04965576,0.060664803,0.08422035,0.09783908,0.025081575,0.038492363,0.062111538,0.04567691,0.63144404,0.6086987,0.025118973,0.03451514,0.12236776,0.11411301,0.050182898,0.060718678,0.084409244,0.09786397,0.025347183,0.038436215,0.063439,0.045682423,0.6273823,0.6086295,0.025406666,0.034524154,0.12383271,0.11414501,0.08856146,0.09542004,0.0043004183,0.0064798133,0.0030454698,0.007229296,0.2504745,0.2229128,0.4444653,0.4702606,0.032917093,0.033981163,0.16181508,0.15698358,0.009266165170730584,0.01205228640314802,0.0064099263077864906,0.007836612246314522,0.012084059343768093,0.01546138412829895,0.014724030515113142,0.014478363488541281,0.009345337054351994,0.012950146313540654,0.007212816579005131,0.008343401442464454
87,0.047864165,0.05012935,0.08153394,0.08638819,0.032166436,0.02200431,0.058962222,0.058200892,0.6149969,0.635866,0.029153414,0.03811936,0.13532287,0.10929187,0.048290882,0.05015464,0.08169026,0.08638156,0.032550696,0.022002762,0.059670854,0.058201384,0.6116424,0.63581383,0.029339844,0.03815195,0.13681506,0.10929386,0.08275977,0.089247756,0.003932717,0.0033910694,0.0089187035,0.0032114214,0.22191474,0.22426163,0.47343206,0.46979207,0.027362552,0.039322756,0.16578175,0.1569217,0.009167880181384857,0.00971736875240703,0.006530425970319698,0.006053786285560821,0.013632878965565323,0.01310818712330339,0.016107385561726313,0.014072839222148803,0.011127463869706818,0.011350197244969634,0.009129702363143559,0.008505296700801938
88,0.049787223,0.05621107,0.08530052,0.09233502,0.029472888,0.027982777,0.060804997,0.05209669,0.61857706,0.63174665,0.034710333,0.03709168,0.121346936,0.1025361,0.050154764,0.056219924,0.08610782,0.09234835,0.029590214,0.027980935,0.06084209,0.052103058,0.6164419,0.63174504,0.03519366,0.037090674,0.121669576,0.102511995,0.081083156,0.08035289,0.0034315432,0.004741276,0.003924318,0.0048600733,0.2189902,0.22895387,0.4496755,0.46540478,0.03589004,0.037595175,0.18361643,0.15763108,0.00949479311978889,0.009962989393362506,0.006159862910930976,0.006548560361561659,0.013172977715027309,0.013069009117194975,0.016142893504524705,0.016011105050837342,0.011211183344993759,0.010124341352846063,0.009038020143049877,0.008074731853348937
89,0.06474147,0.05775695,0.105434366,0.08806179,0.050239246,0.027626554,0.040549595,0.04711226,0.5961855,0.6232117,0.024780186,0.035221722,0.11806959,0.12100905,0.066121966,0.057773538,0.10601045,0.08808205,0.050632786,0.027631095,0.041257173,0.04711373,0.59168494,0.62315935,0.025293961,0.03522702,0.11899874,0.1210132,0.099494845,0.08984521,0.0041919355,0.0039210343,0.011240076,0.0054769195,0.20967205,0.21495552,0.4607645,0.48432183,0.024804706,0.033823323,0.1746251,0.1527191,0.010280079948585616,0.01042130708298966,0.006867500735860062,0.007506060551382926,0.0149437990681555,0.014812961499615135,0.014948072989452764,0.013709246814659175,0.010615520656209828,0.011224821629046654,0.008712398171796958,0.008149252005075656
90,0.05644922,0.053654,0.08770831,0.09077342,0.033808842,0.026361687,0.060279127,0.06341147,0.6077445,0.6123472,0.031639066,0.036856182,0.12237096,0.11659607,0.05710646,0.053655118,0.088071264,0.09077532,0.034104604,0.026361022,0.06099391,0.06342898,0.6046922,0.6123286,0.031876612,0.03685611,0.1231549,0.11659487,0.09308096,0.098163515,0.0045543364,0.0071570715,0.003869243,0.0024032516,0.22172344,0.22092234,0.45513278,0.4535843,0.037274078,0.037130024,0.17653207,0.15882565,0.010977602819336279,0.01120810317060297,0.006450618967369201,0.0074412034130762784,0.013379941927502192,0.013764334810485687,0.016444317126756893,0.014745038635816813,0.011262034911558479,0.012312075347476921,0.008501814053157697,0.007372000119505286
91,0.054531336,0.057020277,0.07559062,0.10875644,0.034621153,0.04329394,0.056153066,0.04075575,0.6238094,0.59835255,0.03183445,0.037592832,0.12345999,0.114228204,0.055072553,0.05702128,0.07626828,0.10876555,0.03475745,0.04328972,0.056969546,0.040751502,0.62006855,0.5984106,0.031906273,0.03757627,0.12495739,0.11418508,0.07900652,0.10095222,0.003919153,0.0064580855,0.008337422,0.007319522,0.23149365,0.20256098,0.46068874,0.48312905,0.029956693,0.040223524,0.16792873,0.15333194,0.01036412296620628,0.009904985559145872,0.007289382098541912,0.005968997034888234,0.013276257133316052,0.013525605296317392,0.017513048987316687,0.013926625914532828,0.013205220270376478,0.011450995479176053,0.010721483377988172,0.008257535336524026
92,0.04362674,0.05582571,0.07677248,0.08304481,0.024555156,0.027534323,0.05849372,0.06412041,0.6282938,0.63072264,0.032286942,0.034830112,0.13597113,0.103921995,0.04390638,0.055820435,0.077355206,0.08307927,0.02465651,0.02753441,0.058622673,0.064123206,0.62567073,0.6307032,0.03262651,0.034828678,0.13716194,0.10391079,0.07165666,0.089608304,0.0048770956,0.0040891604,0.005668773,0.004549534,0.2246633,0.21681422,0.46747023,0.49217954,0.026837753,0.03365836,0.17064546,0.15196301,0.009117270068083565,0.00883508356203314,0.006141754365849564,0.005787816328720039,0.011062422144252956,0.012563017322620612,0.015342906217975112,0.015110729720760557,0.00966141110933693,0.010596810545602657,0.008201113963444593,0.008009304029755186
93,0.048457462,0.058900665,0.08435275,0.116585016,0.028569477,0.03377059,0.059009258,0.04309227,0.6232918,0.583793,0.026850592,0.040948622,0.12946866,0.12290986,0.048549455,0.05890347,0.084506474,0.11651071,0.028341541,0.034357935,0.059300065,0.043310963,0.6221349,0.58309555,0.026951617,0.040954307,0.13021591,0.12286703,0.08071473,0.09898018,0.0034045626,0.008342903,0.006903716,0.003880781,0.23653622,0.1957751,0.44719988,0.45890528,0.030563228,0.04306686,0.18691,0.17422141,0.0075078043686634946,0.012548383933637537,0.005105484410509319,0.008072421832816602,0.010946435079980176,0.016372184034432406,0.015042434523790922,0.013868830589256118,0.008857519876886981,0.013210048081531743,0.00888402313446179,0.008086407200208368
94,0.06119655,0.06237337,0.086025,0.10023933,0.031268124,0.03140401,0.04963195,0.055209238,0.6216315,0.61235094,0.028296972,0.03882817,0.12194992,0.09959499,0.06212364,0.062380075,0.08638059,0.10028518,0.031396575,0.03143242,0.050644424,0.055210017,0.6176449,0.6122716,0.028885491,0.03882457,0.12292437,0.099596106,0.08702746,0.08734588,0.0045217276,0.004640747,0.0046219784,0.0030572182,0.21907246,0.2332507,0.46305746,0.46017542,0.032997955,0.041643493,0.17673306,0.15476228,0.010839889399771936,0.011135934453209853,0.007044284038989446,0.008330495788311435,0.01292959270156104,0.01458033737133544,0.01632861730213307,0.01578767493445143,0.01293378695478974,0.012055212988641784,0.009627285291299557,0.009607257617378588
95,0.046764188,0.052348178,0.07642296,0.08101018,0.025174865,0.032862473,0.061027203,0.05637839,0.6040217,0.6241606,0.033116605,0.046465445,0.15347248,0.10677477,0.04798593,0.052329205,0.07724267,0.08101823,0.025050439,0.032894105,0.064427,0.05631887,0.5967001,0.62425816,0.033288836,0.046452943,0.15530504,0.10672844,0.08433248,0.088084795,0.003762504,0.0035782927,0.0047328603,0.0038219953,0.24034393,0.21617378,0.44414762,0.46919245,0.035445053,0.038843572,0.16796069,0.16029038,0.00828174431453864,0.011073956499620658,0.006388790042232105,0.006212484434189507,0.011097170217958807,0.013706194722359667,0.014429062518941263,0.016466704220245303,0.010163131450340148,0.012623321276403554,0.008586290537099472,0.008402814166485875
96,0.050772145,0.058458406,0.08466233,0.09261257,0.031539373,0.030370547,0.04944983,0.041920956,0.6378417,0.6379574,0.030041749,0.031214021,0.11569284,0.10746614,0.05227877,0.05845813,0.08560341,0.0926468,0.032098997,0.030376283,0.05001621,0.041907545,0.6337021,0.63804674,0.029876558,0.031180022,0.11642394,0.10738448,0.08204789,0.08685058,0.0045048166,0.004450522,0.0034018203,0.0034374807,0.21711493,0.20089133,0.45545942,0.4906399,0.03375116,0.03243115,0.18494083,0.16940498,0.009229234785875964,0.009938631724869558,0.0065943307265618105,0.006756501224414617,0.012367468904887536,0.013793764202753134,0.015399723321980386,0.014156672576346622,0.011110554893080871,0.011032757620847376,0.008722273735202093,0.009111712787436745
97,0.04894084,0.059919372,0.102614,0.092578925,0.038766522,0.029542446,0.03711331,0.047840852,0.6283349,0.60879254,0.030992214,0.046380084,0.11323824,0.1149458,0.050406456,0.06004056,0.10298207,0.09282772,0.03978728,0.02966288,0.03717706,0.047913946,0.6243976,0.6081656,0.031428773,0.04624362,0.11382082,0.11514564,0.08663172,0.09686955,0.005478356,0.005051198,0.008074604,0.0059391353,0.22414486,0.21193936,0.45910528,0.4786312,0.03443465,0.044411194,0.15930855,0.13778585,0.008811606579987743,0.010451029348414399,0.007010336218351949,0.005511510492072211,0.013003631609981919,0.012990777420116046,0.016348585401514695,0.014987518741570562,0.010934378222876871,0.011468889117808224,0.009172306648022299,0.008295324556321627
98,0.056957077,0.049712818,0.08386658,0.09198326,0.05000636,0.0442864,0.048357446,0.042692494,0.60859925,0.60313636,0.031827718,0.047313157,0.12038558,0.120875575,0.058408,0.0502893,0.08484987,0.09204334,0.050548464,0.044318143,0.049210306,0.042969793,0.6039636,0.60168755,0.032696623,0.047652256,0.12032316,0.1210396,0.0828137,0.08438212,0.0039318283,0.005483651,0.0097042285,0.008471286,0.21405439,0.20468058,0.46450207,0.48464045,0.032977197,0.037335258,0.17022805,0.15634534,0.009720161859846086,0.010651939556628421,0.007324975748350335,0.007512160950237826,0.01447323047215721,0.014723324259822621,0.014622650997953889,0.014594319285108627,0.010357441995637123,0.013491161996713031,0.008071314194502993,0.0093468353418568
99,0.060898386,0.04933226,0.08041088,0.09639816,0.03810219,0.034660526,0.045541305,0.052624892,0.63225365,0.60951024,0.02465643,0.035417072,0.11813714,0.12205681,0.062498838,0.049123563,0.081165195,0.09627155,0.038164187,0.03475536,0.045995653,0.0526961,0.6278533,0.60927165,0.025207862,0.03537606,0.11911498,0.1225057,0.08740993,0.09039644,0.0028503304,0.004482568,0.0040322323,0.0062044086,0.22069722,0.21087848,0.46530765,0.47082385,0.026924709,0.041285228,0.1776075,0.1655615,0.010781227947706582,0.011515087343013899,0.007146274321648089,0.007198315241315081,0.01502951970644349,0.013509054273280726,0.014949950536275083,0.013084971082447702,0.01112372459077364,0.011140093979084558,0.008794339583228452,0.008121440332569774
100,0.057645634,0.0664795,0.094668515,0.10328508,0.027962733,0.03972898,0.047593568,0.047480386,0.6160235,0.58466756,0.029827166,0.046167832,0.1262789,0.11219066,0.058591448,0.06659515,0.095478944,0.10346873,0.028250936,0.039885126,0.04780566,0.047478076,0.6137796,0.5841976,0.030589147,0.04599568,0.12550423,0.11237964,0.09276673,0.09721,0.0046222066,0.004725968,0.0053088022,0.0050045694,0.20021921,0.20260139,0.47282493,0.49401113,0.034177065,0.03770647,0.17451578,0.14772838,0.010888130334673542,0.012252763879482511,0.007598075388041187,0.007710584845573374,0.013526969942769553,0.01660020989008782,0.013886341641122278,0.013630847511151716,0.010526482841312952,0.013021223246011605,0.008143330492004672,0.008143744791179379
101,0.06679389,0.054397777,0.08993067,0.08840442,0.033715922,0.02807511,0.038075794,0.05287603,0.6265843,0.6155912,0.033584297,0.035108857,0.11131509,0.12554657,0.06835656,0.05441251,0.09176975,0.0884261,0.034583997,0.028176144,0.039516367,0.053050786,0.6194989,0.6151325,0.03410631,0.03521168,0.1121681,0.12559028,0.10079078,0.09381325,0.0036158888,0.0039000886,0.0051443256,0.003346438,0.20908853,0.21628778,0.48145792,0.4820168,0.036705993,0.031770784,0.14863345,0.16249149,0.008837235224288245,0.01056720376880942,0.006674427252578597,0.006928366964304231,0.013720966320159372,0.013210033552849271,0.0142283744849315,0.014121921597820287,0.010583395898428776,0.0099254335522735,0.0074275843253876405,0.008064249356187388
102,0.05879498,0.067634135,0.08377617,0.09949909,0.032682817,0.02583945,0.038087614,0.05227118,0.64300394,0.595871,0.027609896,0.04611476,0.116044596,0.11277038,0.060120866,0.06768705,0.084206216,0.09949743,0.033946235,0.0258264,0.037372075,0.05227637,0.6387171,0.59562194,0.027768701,0.046117812,0.1178688,0.112973005,0.097667135,0.11252967,0.0032020349,0.004369855,0.0039052286,0.0032068635,0.21282396,0.19663094,0.47507188,0.48172998,0.036338534,0.043317854,0.1668405,0.15080841,0.009885671545152252,0.011750546326844196,0.0061503404832877326,0.0077637848986272535,0.013464212449757052,0.014451779650684097,0.013364587795255864,0.013656029521712486,0.011949120594127708,0.01311650106173964,0.0077354655169763215,0.008286950921606967
103,0.055086475,0.053099647,0.09385576,0.09871997,0.03741638,0.031273358,0.051023133,0.042958234,0.623335,0.6215766,0.02409298,0.036126096,0.115190245,0.11624605,0.056790322,0.053207755,0.09405044,0.09862567,0.03762872,0.031266753,0.052076444,0.042770125,0.61893606,0.6215762,0.024807855,0.036120694,0.11571013,0.11643283,0.09615867,0.09091225,0.0042248466,0.007487536,0.0077874176,0.004109906,0.21740443,0.19814456,0.45900112,0.48346657,0.029747246,0.03383031,0.17147335,0.16880313,0.009683758005360808,0.009926880435492284,0.0060873143267457545,0.006890053092720627,0.012277045957993416,0.01348877354724411,0.01668858905653645,0.014437476672002868,0.009773518223898325,0.013449060390195392,0.008411863503062524,0.008220715780384158
104,0.04573667,0.06231003,0.07866487,0.097844824,0.022198569,0.029713115,0.06942718,0.053187776,0.6507862,0.61656404,0.026853992,0.037342034,0.10633254,0.10303815,0.047400057,0.06231605,0.07960843,0.09785321,0.02231892,0.029709218,0.07052383,0.053181674,0.6462746,0.6164855,0.027239034,0.037340544,0.106635116,0.103113845,0.07877513,0.101693064,0.003396943,0.0043433527,0.0026124679,0.0038692465,0.2363091,0.22059944,0.45467013,0.4814261,0.026931925,0.036003456,0.18224616,0.1439225,0.007767092622017665,0.012301879599560792,0.006317188313373516,0.008061551521061796,0.011297583122788215,0.017271544642955192,0.014452928036001216,0.013302546186663232,0.009505176272891993,0.01182088172881044,0.00751787631783371,0.008105643491185272
105,0.058124818,0.056923725,0.11189801,0.08887207,0.04272986,0.023510912,0.0412839,0.059704922,0.5916033,0.59715855,0.032236245,0.04398913,0.12212386,0.1298407,0.059126817,0.05719518,0.11250765,0.08902954,0.04279223,0.023598747,0.04176373,0.059768554,0.58800775,0.5966188,0.032631785,0.043995585,0.12317001,0.1297936,0.099315464,0.088564456,0.00608937,0.004913044,0.0072006797,0.0035523816,0.21160842,0.21346496,0.45468715,0.47421277,0.037927035,0.043408632,0.17196882,0.15469916,0.01171830781820578,0.010989637883360963,0.007632301507571938,0.006780892541710417,0.014392039748312515,0.014474040330041207,0.012977376118483668,0.015070835370463153,0.011987984603105436,0.012345667309736283,0.007393926959541029,0.008671561034272458
106,0.062568784,0.052679926,0.0919431,0.087603845,0.053460184,0.02489516,0.04788285,0.052540597,0.5953955,0.61578876,0.035593472,0.050488625,0.11315616,0.11600308,0.06404585,0.053095885,0.09229305,0.08766523,0.054753724,0.024900872,0.048263106,0.05256103,0.5907087,0.61534655,0.03626812,0.05052821,0.11366747,0.11590223,0.09124122,0.08946419,0.0043274295,0.004271732,0.008441334,0.0045890654,0.21719527,0.20909484,0.44959962,0.47623372,0.036508814,0.046617504,0.17536817,0.15781356,0.011670384398719235,0.0092201179373211,0.007818679682192521,0.007141226406158055,0.01717234525617246,0.013694533700438232,0.018125853417982753,0.013010173625209476,0.014239826163253479,0.012305359647498324,0.01004408302867809,0.007742299350205462
107,0.058101464,0.04770448,0.09251172,0.07957013,0.028146014,0.03127342,0.040617183,0.05807921,0.62177604,0.61642426,0.03488027,0.046556517,0.12396732,0.12039197,0.06015832,0.047700416,0.09420282,0.07960071,0.028597161,0.03125876,0.041936297,0.058060016,0.616445,0.6164371,0.034963198,0.046558734,0.12369721,0.12038428,0.10209128,0.084595986,0.004580649,0.0045639332,0.006853164,0.005228575,0.19091964,0.2261878,0.48273575,0.47670838,0.035252698,0.041249715,0.17260458,0.14277405,0.009931309630124932,0.010002838844927964,0.007556984096023025,0.007366519677478187,0.01306471971497367,0.013174990803258518,0.013610498538149461,0.013185008975344926,0.011317362518202721,0.011177817053552305,0.008170637917502268,0.007751470132079899
108,0.059285857,0.059797112,0.09520491,0.100101754,0.035548713,0.0261401,0.04211075,0.054447047,0.60410124,0.6209883,0.038026303,0.03442594,0.1257222,0.10409971,0.060523476,0.05984006,0.09586476,0.09967238,0.035763763,0.026093412,0.042476404,0.05445406,0.6007467,0.6208229,0.038128197,0.034434337,0.12649672,0.10468286,0.09406672,0.08567285,0.004415204,0.0045732385,0.0059964126,0.0034389552,0.20016925,0.20943357,0.46848646,0.49422595,0.036910832,0.03745157,0.1822193,0.15758613,0.010302800592691336,0.010471930512026483,0.007129437271153014,0.008210501598090381,0.014905868723027394,0.013197641709581555,0.014824675536458358,0.013984964133081418,0.012358673426155816,0.012325768511369522,0.00913323857913532,0.007520967905672319
109,0.06553557,0.059675388,0.10555152,0.097191446,0.028181715,0.026677283,0.04613644,0.04601483,0.6091612,0.6155939,0.030742066,0.04121562,0.114691526,0.113631494,0.06724596,0.059703216,0.10638866,0.09725201,0.02859124,0.026650378,0.046880353,0.046014387,0.6039394,0.6154153,0.030959612,0.041199103,0.11599477,0.11376565,0.098917395,0.09173089,0.0057453346,0.0045299768,0.004638407,0.0045817057,0.2054642,0.1968236,0.487598,0.50724095,0.02786029,0.0412724,0.15691926,0.14199299,0.011555774718959286,0.011107874106983322,0.008249711348040301,0.007959485246738607,0.01368291620711485,0.013340268402430806,0.01524460107532909,0.014423996068854255,0.01217300518229848,0.01233182034401055,0.008122836318424394,0.008620322295878382
110,0.054492727,0.054801457,0.09688322,0.082270496,0.04183274,0.031126644,0.04349706,0.052417304,0.6126598,0.63278216,0.029366914,0.029371558,0.12126752,0.11723037,0.056395058,0.054904852,0.098792754,0.08275672,0.042924687,0.031262897,0.044354096,0.052394044,0.6067366,0.6319035,0.029347697,0.029585874,0.12144908,0.11719206,0.09404636,0.0952947,0.0055981544,0.0028339082,0.0056645754,0.004151263,0.20924927,0.20682941,0.47249174,0.4948728,0.03190881,0.027360585,0.16489327,0.15947585,0.009985407247492136,0.009675320409178814,0.006514765201083263,0.005693753356232657,0.014189193197893095,0.013648488633410453,0.014827316608871948,0.015283678741800833,0.010124069079387588,0.011852133816820756,0.00732037061302456,0.008881431983826465
111,0.04034107,0.054000024,0.07484713,0.10444753,0.025415704,0.034993965,0.04072551,0.0412939,0.66708213,0.6294188,0.026849259,0.03254572,0.12473915,0.10330008,0.04124599,0.054047037,0.07650507,0.104256,0.026075419,0.035003964,0.04142204,0.041200195,0.6615643,0.6296577,0.02785221,0.03249966,0.12533495,0.103335485,0.086060256,0.08192757,0.0045478703,0.005426031,0.0037100092,0.0053981026,0.20885174,0.20135316,0.4978217,0.50266004,0.029840384,0.032924436,0.16285282,0.16022044,0.007664753549456844,0.011274293808668371,0.006047388142417617,0.007593003597591622,0.010196537706043802,0.01579649437825254,0.013954717983651837,0.012976416388943637,0.009093853421516201,0.012384772071743391,0.007691194990386025,0.007425014437342331
112,0.060740948,0.053664688,0.09044633,0.09456694,0.032517735,0.034332827,0.051845975,0.033289906,0.6200038,0.628974,0.034357056,0.03478062,0.11008815,0.12039104,0.0623163,0.05344907,0.090835854,0.09480099,0.032499976,0.034221284,0.05355861,0.03330328,0.61505145,0.6287221,0.03455651,0.03475356,0.11118131,0.120749705,0.09002396,0.09567949,0.0041105556,0.003995838,0.0045527103,0.0043261717,0.22695942,0.1799946,0.46695498,0.5137131,0.042103626,0.033416618,0.15828428,0.1648253,0.009302158714648392,0.01051948755748165,0.006331169499043135,0.0070218086653216355,0.012986774073546575,0.014395558862630536,0.014035816850235113,0.01400583178108801,0.011427503003906036,0.01238112300248323,0.008739689167267514,0.007891798630985753
113,0.07165075,0.051532347,0.10246886,0.095482595,0.02860284,0.02440791,0.04077386,0.05269545,0.61598134,0.6208312,0.03250623,0.033732593,0.10801608,0.121317916,0.073303126,0.05159517,0.10353789,0.09557557,0.028754856,0.024398558,0.040918417,0.05268694,0.6125234,0.6209502,0.032800455,0.033719536,0.108161874,0.12107404,0.10478379,0.08354154,0.0045607286,0.0044223852,0.003715192,0.004508378,0.18618447,0.21427149,0.4983868,0.48875332,0.029868905,0.031074736,0.16002312,0.1626468,0.009943253490128876,0.009900738469932124,0.006049454648186888,0.007307581340017594,0.012486656049203642,0.013441350412036188,0.013671317027664304,0.0154023890978399,0.010836725492165212,0.011284943672521244,0.008649000491883234,0.00971117261604648
114,0.055746913,0.050827783,0.09363299,0.09069173,0.029731676,0.024690377,0.047359686,0.041040666,0.6258378,0.62003577,0.036956307,0.04953202,0.110734604,0.12318166,0.05607844,0.050869584,0.094229765,0.0907202,0.029461488,0.024690708,0.047175497,0.041047543,0.62391245,0.61995226,0.037652254,0.049537934,0.11149009,0.123181775,0.10047188,0.09000986,0.0040692277,0.0051006842,0.005983537,0.0040121833,0.21267872,0.20770477,0.47684395,0.4696766,0.03464838,0.051339727,0.15043896,0.16384582,0.01023696406847738,0.011130688553952158,0.006040321335492588,0.007491791845756988,0.012023108723142486,0.013690471194302247,0.015688620092661074,0.011418954978475957,0.010596486366663823,0.012579104291061146,0.00782351870819021,0.006402150749534162
115,0.057212986,0.04570651,0.10178691,0.08150494,0.029087638,0.032610476,0.036780305,0.06848306,0.62475926,0.61426497,0.028355524,0.03812966,0.122017354,0.11930041,0.059208654,0.045738254,0.101623476,0.08154016,0.02906036,0.03262035,0.037980646,0.06879418,0.61829466,0.6136461,0.029146159,0.038446244,0.12468608,0.11921472,0.09838339,0.085443765,0.004248339,0.004065175,0.0040400326,0.0029730417,0.20304574,0.21163578,0.4836779,0.50045615,0.033177804,0.034490477,0.15684223,0.14714819,0.009756488337434107,0.009567085987244152,0.007042208419158887,0.0067231106320399395,0.012309699193144976,0.013275421517944282,0.014214100296005514,0.014217301769604361,0.011349752901714291,0.01110725776007144,0.008626540852005822,0.007894853069304892
116,0.073710695,0.07275393,0.104620986,0.09840639,0.03724082,0.036336225,0.03428306,0.04608371,0.61163276,0.5859933,0.030824775,0.0391585,0.1076869,0.12126794,0.076163575,0.07275359,0.104495615,0.09843224,0.03748605,0.036353514,0.035948467,0.046028953,0.6058122,0.5859962,0.032159004,0.039178155,0.10793508,0.12125729,0.10470244,0.092958964,0.0058870213,0.0057250164,0.0051831575,0.0072306823,0.19665834,0.22524484,0.4845338,0.46839306,0.034238417,0.037543308,0.15943152,0.145596,0.011231041010017907,0.010903177854817108,0.007600014869761872,0.00738827856107348,0.016428330575486684,0.015552022078107231,0.016818580620420607,0.013875460783939175,0.013299316386309884,0.013366077331328063,0.0096618664109526,0.008592009029103669
117,0.05717488,0.062127955,0.09389295,0.09311567,0.035805892,0.029833322,0.045211066,0.04607218,0.6298394,0.6216191,0.032348767,0.038043708,0.10572703,0.10918807,0.058838587,0.062285822,0.093732946,0.09295823,0.036955513,0.030266274,0.04531051,0.0461933,0.6249552,0.6208294,0.03274981,0.038080778,0.10745743,0.10938621,0.10755534,0.09175708,0.004587142,0.0036946905,0.0053174896,0.0059856945,0.22609432,0.18033019,0.43808147,0.512875,0.042376477,0.037533727,0.16869734,0.15805095,0.010309498898995635,0.011993641120920264,0.006085097379633333,0.009186253135150058,0.014608493876050595,0.018823337233937622,0.015185829797397367,0.013203148379514926,0.011814401064002698,0.014061889879067256,0.007620433503674291,0.008007422517514464
118,0.049295403,0.066712655,0.09303375,0.113801986,0.032557204,0.03189799,0.036908593,0.04201804,0.6361211,0.56824344,0.033149242,0.045311783,0.1189347,0.13201414,0.05088315,0.06679748,0.093160056,0.113487415,0.032919154,0.032237843,0.03982396,0.042024646,0.6294681,0.56799394,0.0333593,0.045458104,0.12038627,0.13200054,0.0948052,0.097583495,0.005649034,0.0072944243,0.0039400663,0.0044461065,0.20531297,0.20435935,0.48144647,0.4500315,0.03189682,0.051402573,0.16639358,0.17026556,0.008286602573365354,0.012660437242703807,0.0063813659692968094,0.008986252794966431,0.012186732401304752,0.016952374149261065,0.01336917094111527,0.013506134475926891,0.009628606897878332,0.013845026659717407,0.007254566639478052,0.008450364281723799
119,0.052847102,0.050055336,0.09621733,0.1003038,0.029510483,0.032022655,0.054468375,0.07004987,0.6046077,0.5896809,0.042078733,0.04859081,0.12027033,0.10929661,0.053753424,0.050003354,0.09702828,0.10030854,0.030367253,0.032010276,0.054860614,0.07002697,0.60083264,0.58966106,0.041846354,0.048643313,0.12131142,0.10934647,0.08736587,0.086904176,0.0065313964,0.004820486,0.0052148267,0.004765869,0.22112349,0.2389616,0.45969644,0.46056384,0.034918364,0.0453079,0.17512849,0.1459685,0.009921445144476768,0.012705559742714983,0.005641796054229154,0.006994336094871665,0.012791789691703742,0.015228963204145095,0.01275841784397583,0.014632204865580898,0.011475604856026634,0.012554640643812637,0.008871312723218021,0.007589752431962921
120,0.0725024,0.06499545,0.10736856,0.09052297,0.037531633,0.031635202,0.044720918,0.050148156,0.5871045,0.61054134,0.031927675,0.037460063,0.118844286,0.114696816,0.07446382,0.06512915,0.108263694,0.09039038,0.037400357,0.031683084,0.045363907,0.050149724,0.58285254,0.6103578,0.032700546,0.03756124,0.11895513,0.11472855,0.098525405,0.07830103,0.005310872,0.0046998947,0.0048962557,0.0044968994,0.20644256,0.21555153,0.4736329,0.50107384,0.031929165,0.032625847,0.16665132,0.15578468,0.011781628388794596,0.010493791911638134,0.008080453353309794,0.006678488538492017,0.013963418765937192,0.013772736504792785,0.014829844328148987,0.014701476554709493,0.011921891599823375,0.011950621060945962,0.008321320613117536,0.008445193197740048
121,0.06783641,0.05685316,0.106180556,0.106606916,0.023918785,0.024254546,0.048852716,0.053231824,0.6075792,0.61373454,0.03574408,0.04074039,0.1098883,0.104578644,0.06938447,0.056826398,0.106753886,0.10641971,0.024077222,0.024287593,0.04993031,0.05336278,0.6030319,0.6136879,0.03623371,0.040736295,0.11058852,0.10467937,0.1043028,0.09105464,0.0052147335,0.007190247,0.004404822,0.0038396409,0.20456909,0.20355421,0.4659857,0.49136338,0.042615946,0.046021804,0.16101201,0.14595173,0.010839562957051626,0.010622286445922755,0.006887447256486343,0.007961079704441933,0.014193452065600399,0.015336586359687024,0.014773550526041552,0.014317947543883196,0.011974415124026208,0.01315144299519925,0.0081294466478587,0.009467575326097046
122,0.057460595,0.05782588,0.096733995,0.091151275,0.03165743,0.028810853,0.03567797,0.049461048,0.64080065,0.6339462,0.032157604,0.035137713,0.105511755,0.103667066,0.059438728,0.057813816,0.09680588,0.09110966,0.032586716,0.028792154,0.03624109,0.049623273,0.6360647,0.6337422,0.031946175,0.035214692,0.10691669,0.10370419,0.101154394,0.08888758,0.005115666,0.0034022396,0.0058480413,0.0030354192,0.19882952,0.22659695,0.4788877,0.47625244,0.03372612,0.036672857,0.16533747,0.15531898,0.010505486159301003,0.01100625328792348,0.006961988564562072,0.006489580970933248,0.01364519215338301,0.015652916299684648,0.015315948241522524,0.013064248311008912,0.011538993806549819,0.010462960367696355,0.008606464985803232,0.009175841271140581
123,0.0614026,0.07083924,0.09624801,0.10617485,0.025475433,0.03429036,0.041811965,0.030706095,0.61528283,0.6233473,0.038267616,0.0329882,0.12151155,0.10165397,0.062324088,0.070995845,0.0961697,0.10629349,0.026079219,0.03432392,0.042835314,0.030711703,0.6116789,0.6229916,0.03874431,0.033049576,0.12216843,0.101633824,0.10004788,0.11395757,0.0054422757,0.0051481286,0.0025633285,0.004435546,0.2015646,0.19388823,0.4620548,0.49101937,0.03873165,0.038395938,0.17579196,0.15357304,0.010186686796330962,0.012598648795414108,0.007197810977752786,0.0068451195731254605,0.013978023577742638,0.017174284712552536,0.013020879669222378,0.014836909204619128,0.011817680104151967,0.013215651612716463,0.009010469991982167,0.009428822818093773
124,0.054356236,0.066101015,0.091422245,0.10022986,0.02591376,0.02010342,0.046427205,0.060764026,0.64758545,0.6033417,0.029863501,0.037330482,0.10443159,0.1121295,0.055294972,0.06616997,0.09168017,0.10023793,0.026258513,0.020082256,0.047270916,0.06112878,0.64385843,0.6028973,0.030220456,0.03736198,0.10541652,0.11212179,0.09024081,0.09024301,0.0038096206,0.0039795316,0.0055011474,0.0041138595,0.23581205,0.22820477,0.46530202,0.46813467,0.0340932,0.036247328,0.15517515,0.14994492,0.008787759533218113,0.010321186213356277,0.0067187379200919686,0.007821328414811233,0.012126930301059241,0.013926307456619444,0.014602297120237365,0.016838039176892996,0.010327076656040253,0.012180617370888975,0.007442244527769376,0.0088327812679123
125,0.05903164,0.050131124,0.09718209,0.08992238,0.030415636,0.023249209,0.036557272,0.048427675,0.6330971,0.6440782,0.03155148,0.031013206,0.11216479,0.11317824,0.060341172,0.050682604,0.097736984,0.089878805,0.030423695,0.023282174,0.038275078,0.048395064,0.62683755,0.6434532,0.03243885,0.031029928,0.113946654,0.11327827,0.09684898,0.08580934,0.0038502882,0.004027055,0.005518621,0.0026238833,0.20501265,0.21287459,0.48478815,0.49917796,0.032566488,0.029983038,0.1557075,0.15245673,0.01024851336013781,0.010582632150358316,0.006595052092104523,0.00648973348599605,0.01398251475638235,0.013642815220493949,0.013745691720062394,0.013380731627082521,0.013350409959192273,0.012086528928742773,0.008522716443334808,0.008163501989695423
126,0.065448634,0.052823942,0.10451101,0.08962759,0.028634187,0.029897232,0.045841713,0.047607385,0.61320764,0.62127066,0.031154556,0.03681951,0.11120226,0.12195374,0.06713229,0.053367306,0.10526558,0.08989735,0.028862422,0.029904546,0.046295684,0.04771293,0.6076527,0.62001085,0.03160434,0.03695849,0.113186955,0.12214857,0.10828556,0.07914231,0.0044278638,0.003655544,0.0057626446,0.0028252841,0.19993204,0.21399264,0.4779927,0.50448346,0.032069195,0.035237446,0.16153233,0.14645997,0.010050496133065643,0.009295377378142178,0.007186916363225131,0.006336451032769364,0.014484857513023443,0.012336065595271957,0.014599274894943953,0.014025768536164336,0.013037356447821688,0.010486284298715471,0.008818819697661582,0.008851584916633733
127,0.06408155,0.06887567,0.102996305,0.10868146,0.032727264,0.03446383,0.03945641,0.046353955,0.6145146,0.59914386,0.033632513,0.040331665,0.112591356,0.1021496,0.06641103,0.06893966,0.10430634,0.108697265,0.03278609,0.0344842,0.041542158,0.04638355,0.6064359,0.59909445,0.034858618,0.040345505,0.11365984,0.10205536,0.10668994,0.09671914,0.0058579645,0.006818305,0.0060728607,0.0051017236,0.19983466,0.21464962,0.48231277,0.4788873,0.03942591,0.04093976,0.14931437,0.14579426,0.009640080321622599,0.011917476843844437,0.006342152798869934,0.00786700167967965,0.013484743354079677,0.016063858766081077,0.014648491116585713,0.01509055832260888,0.011231520558718561,0.011150114224420532,0.009140401795311962,0.009350954086159302
128,0.05435795,0.047621675,0.08784331,0.087128036,0.026695605,0.02795006,0.03170658,0.04068338,0.6320752,0.6499262,0.030658092,0.03332998,0.13666323,0.11336067,0.055309888,0.047694426,0.08800131,0.087348655,0.027091142,0.027876224,0.032136787,0.040880676,0.62845063,0.64961827,0.03103996,0.03334804,0.13797028,0.113233775,0.09402718,0.074650586,0.003224705,0.003380544,0.0046316683,0.0031949708,0.19099577,0.21084653,0.4775961,0.4921954,0.03444354,0.03197244,0.1826823,0.17177157,0.009204241060154364,0.00982532322745832,0.006795965044658349,0.0066704887213479905,0.012014138404224443,0.013260809658929751,0.013340053978286835,0.01336957246393584,0.00983095978001475,0.01178517000061804,0.008064200463809155,0.008591689007381883
129,0.05887047,0.0646407,0.088345714,0.08210858,0.023744633,0.026894515,0.05679827,0.051927794,0.62512064,0.6197031,0.03023553,0.040119514,0.11688479,0.114605814,0.059748422,0.06470451,0.09028669,0.08232754,0.02463264,0.026887957,0.057926565,0.05167411,0.6179619,0.6200422,0.030915108,0.04006541,0.118528694,0.114298254,0.09410064,0.09495122,0.0055416585,0.0032907273,0.002977242,0.005335708,0.19683942,0.21378587,0.48311535,0.48613855,0.03233419,0.039046943,0.17816848,0.14078821,0.010085388278084566,0.010421347120166532,0.007050789874670698,0.007837609261793868,0.013459779380729361,0.01241727457933139,0.015266569879207548,0.013772123539231787,0.010847001379284148,0.010910937093241448,0.007601022591465841,0.007919502241089647
130,0.07715634,0.04912492,0.09576126,0.082597055,0.029599221,0.029877413,0.039581686,0.054265838,0.6287425,0.6327802,0.02707094,0.03813012,0.10208803,0.113224484,0.07846082,0.049156897,0.096677534,0.08268654,0.029706918,0.029860374,0.040163305,0.054471526,0.6251574,0.6320084,0.027620496,0.038314715,0.10221357,0.11350156,0.11203506,0.08074149,0.0046043615,0.0038610187,0.0037888964,0.0052201943,0.17947066,0.22356609,0.4912112,0.479969,0.0361165,0.036606647,0.16522828,0.15744875,0.012077818788598935,0.009534410625632053,0.008547125485008902,0.007540323073225541,0.013864380969069634,0.013254430857357903,0.014162281500996233,0.013729095696694176,0.013063914058285218,0.012497946280103717,0.00965897855282727,0.008099480933535096
131,0.070708446,0.06532047,0.09776999,0.09823456,0.03320066,0.025929563,0.042555463,0.05359291,0.61850315,0.59424824,0.030244652,0.04349656,0.10701765,0.11917775,0.07278747,0.065506674,0.09783176,0.098315455,0.03313714,0.026119718,0.04275956,0.054005522,0.61289436,0.5935532,0.031700455,0.0435398,0.108889244,0.11895961,0.10609784,0.09624023,0.003936516,0.0036085101,0.0047790585,0.0036648612,0.20656495,0.22431765,0.4727112,0.4592334,0.036571436,0.043604463,0.16207793,0.14947286,0.011554763122198518,0.009816210195390652,0.007416219736497052,0.006931969608092428,0.01454292579496004,0.01443656887456163,0.014880847914510897,0.0141608730738811,0.012669919310361185,0.011929767224537202,0.009111081621166832,0.008005508882316397
132,0.061336454,0.06909967,0.094466776,0.10522493,0.035151266,0.03670226,0.039364863,0.043841496,0.6394024,0.5892286,0.030675853,0.033544842,0.09960242,0.122358225,0.06286668,0.06963184,0.09507308,0.105703585,0.03521907,0.03673625,0.040479913,0.044581905,0.63468015,0.5865043,0.031216629,0.034037445,0.100464456,0.12280466,0.09855143,0.086827435,0.0044715526,0.0051025962,0.0047993152,0.0039707934,0.20846425,0.20935412,0.47801104,0.48184338,0.035762664,0.030892938,0.15954334,0.16934563,0.009846054575990554,0.011770795206337527,0.007333666559901308,0.00839613688564286,0.015069222425524002,0.01839717209889368,0.014180385057675512,0.011678810999323656,0.01301205137385533,0.012918110635261883,0.008358054955712593,0.00876550201308658
133,0.07440499,0.053595334,0.09818734,0.098795004,0.045890152,0.025773607,0.033368077,0.061583694,0.5900981,0.612315,0.0419286,0.034970105,0.11612277,0.1129673,0.07627857,0.05419262,0.0989627,0.09924681,0.04574217,0.02586121,0.03426529,0.061350044,0.58492523,0.61091304,0.04237806,0.035291202,0.11744794,0.113145046,0.105368,0.08275381,0.0050786114,0.0064740973,0.009249761,0.0041455985,0.19378884,0.22823659,0.4848082,0.4720398,0.03804114,0.035261866,0.14326593,0.14770103,0.012538888861744844,0.011028176998269352,0.007837332300057629,0.008193094715470382,0.01634755444993079,0.015212539728644461,0.013766051698956472,0.014573642648367044,0.011827516432477075,0.013751098198904079,0.009156226720800749,0.007888780630754055
134,0.063987486,0.06057147,0.08863354,0.088545546,0.025278378,0.033371273,0.03619627,0.059634913,0.6417642,0.60242873,0.036708724,0.034144804,0.10743137,0.12130328,0.064659715,0.060908854,0.089246884,0.08881701,0.025357185,0.033864792,0.037142057,0.059586845,0.6382017,0.6010927,0.03734375,0.034226146,0.10804869,0.12150369,0.096439846,0.0862116,0.0044209105,0.0057127606,0.0048894268,0.0055644494,0.2069623,0.20507598,0.48415715,0.4901119,0.039951462,0.03216233,0.15965198,0.15775682,0.00930206232258333,0.010847705642801153,0.005541942148660005,0.006789711418799347,0.013731825890163682,0.014566444382954416,0.013683509053052679,0.014381387873501392,0.01054115647566071,0.011641646501032442,0.00753145205545845,0.009302866266338307
135,0.059287194,0.05993946,0.095740914,0.09970662,0.027476795,0.022834377,0.04832655,0.04473428,0.6096038,0.6164416,0.029689921,0.042394724,0.12987477,0.11394897,0.060427614,0.060408182,0.09546153,0.09973841,0.027614111,0.022798624,0.04869398,0.04475347,0.60701066,0.61504596,0.02974141,0.042488836,0.13105072,0.114766516,0.08997648,0.09241526,0.005117515,0.005115245,0.0035303659,0.0034626725,0.2106591,0.20620054,0.47663304,0.5002249,0.035128735,0.038868275,0.16976337,0.14243639,0.010383897732363468,0.01245291828028038,0.007616252731203359,0.00734724920188153,0.01391140858737348,0.016531799777492077,0.014327029917369076,0.01157523926075329,0.011920120316248149,0.012316412951247444,0.00811301850688675,0.007926072528730347
136,0.07747784,0.06941665,0.12562189,0.08796261,0.029315427,0.030224876,0.033470172,0.06656764,0.59359634,0.5886502,0.037099175,0.037867617,0.10341916,0.11931037,0.079496466,0.069847,0.12520477,0.087927796,0.030405268,0.030065402,0.03391323,0.06669412,0.5893352,0.5876633,0.03824816,0.03805369,0.10339685,0.119748704,0.11048958,0.086404696,0.006794293,0.0052752392,0.0056234146,0.004201691,0.19643585,0.23591782,0.4833542,0.47619337,0.039672174,0.033660974,0.14174826,0.14439373,0.0107303312676479,0.01086105651005387,0.0077986576707069,0.007819157553147986,0.014884847772543966,0.014584983147393383,0.01355616015554364,0.013298348392453847,0.012245599425632048,0.01178642275351254,0.009208837518016544,0.008558286011636619
137,0.069738135,0.06919306,0.09162356,0.111048564,0.034797505,0.032411087,0.030234901,0.042673174,0.63168037,0.60276157,0.036659732,0.032885842,0.105265774,0.10902669,0.072020784,0.069451675,0.09150644,0.1117326,0.03518928,0.032469735,0.031312168,0.04272132,0.626877,0.60162437,0.03678855,0.032945458,0.10630579,0.10905485,0.09225069,0.09855643,0.004698156,0.0058339164,0.004332997,0.005433034,0.1943392,0.19562931,0.5019208,0.48891062,0.032977756,0.031679004,0.15467797,0.16131598,0.011030011550085157,0.01115512132607879,0.006913489843114237,0.007924165585203617,0.013994894935712092,0.015116905982731358,0.014323305709807107,0.013261121162971339,0.01051264240477742,0.010603498190927402,0.008228646783626843,0.008021796014348532
