,m1_anger,m1_anger,m1_disgust,m1_disgust,m1_fear,m1_fear,m1_joy,m1_joy,m1_neutral,m1_neutral,m1_sadness,m1_sadness,m1_surprise,m1_surprise,m1m_anger,m1m_anger,m1m_disgust,m1m_disgust,m1m_fear,m1m_fear,m1m_joy,m1m_joy,m1m_neutral,m1m_neutral,m1m_sadness,m1m_sadness,m1m_surprise,m1m_surprise,m2_anger,m2_anger,m2_disgust,m2_disgust,m2_fear,m2_fear,m2_joy,m2_joy,m2_neutral,m2_neutral,m2_sadness,m2_sadness,m2_surprise,m2_surprise,m3_anger,m3_anger,m3_disgust,m3_disgust,m3_fear,m3_fear,m3_joy,m3_joy,m3_sadness,m3_sadness,m3_surprise,m3_surprise
group,ai,control,ai,control,ai,control,ai,control,ai,control,ai,control,ai,control,ai,control,ai,control,ai,control,ai,control,ai,control,ai,control,ai,control,ai,control,ai,control,ai,control,ai,control,ai,control,ai,control,ai,control,ai,control,ai,control,ai,control,ai,control,ai,control,ai,control
t,,,,,,,,,,,,,,,,,,,,,,,,,,,,,,,,,,,,,,,,,,,,,,,,,,,,,,
0,0.059368562,0.050484926,0.07219813,0.07807378,0.037725918,0.028821686,0.04735274,0.05976511,0.6274387,0.6111282,0.031130793,0.043136295,0.12478518,0.12858999,0.059972018,0.050487015,0.07149121,0.07808146,0.039306905,0.028823005,0.048951045,0.059771013,0.6225325,0.6111106,0.032227967,0.043111876,0.12551838,0.128615,0.09327276,0.0797268,0.0031970886,0.003829544,0.0046956595,0.0055068787,0.21038926,0.2226206,0.46374056,0.462165,0.031154703,0.0417307,0.17163295,0.16607898,0.009827907487221654,0.010445751214673235,0.005883770570780933,0.00726308473111321,0.014979679437988528,0.012888301437298374,0.0161787884331992,0.014078635951655863,0.011508914062030971,0.011307743268871961,0.009872153060608808,0.008195417676586046
1,0.03215375,0.059325952,0.04352589,0.08488525,0.037234597,0.027186045,0.06884113,0.04173759,0.69036555,0.6346046,0.027814496,0.035373766,0.100064546,0.11688687,0.03279891,0.059327804,0.043581154,0.084880225,0.03792688,0.027187442,0.06921396,0.04171238,0.68720365,0.634611,0.02825959,0.03538153,0.10101585,0.116899595,0.062603176,0.09125381,0.0026987751,0.003360784,0.0058099567,0.0040247934,0.26127958,0.23245564,0.45109865,0.4541703,0.030217128,0.037662487,0.17377236,0.16666433,0.007950939125747961,0.009543994696111063,0.005761988417086195,0.006945805901113317,0.012461387266852328,0.014191687716518015,0.015224042147881601,0.0116757035938259,0.00788693753560684,0.010797994861174847,0.008646388116642461,0.006564228324368478
2,0.051459983,0.060247313,0.07925721,0.0956499,0.037785225,0.025588825,0.05887742,0.045275033,0.65094805,0.63087887,0.014891351,0.032011863,0.10678077,0.110348165,0.051753275,0.060249325,0.079467215,0.09564955,0.038156707,0.025592186,0.059110925,0.045289803,0.6504351,0.63063055,0.015045829,0.032207258,0.10603096,0.11038137,0.081294835,0.092666335,0.0029526807,0.003984083,0.0048063803,0.003139249,0.2429326,0.22285838,0.47093716,0.46657863,0.019654201,0.038848355,0.16320665,0.157719,0.007929597180340319,0.010967591572508836,0.005937726359949348,0.0068999231488408785,0.013228425338164833,0.015091104012189173,0.01405491791677398,0.016443217235401944,0.010447335082538832,0.01148078578780464,0.0075133836715998575,0.008603955178708243
3,0.033926066,0.061395,0.05266459,0.10632228,0.026238816,0.03542064,0.068133526,0.05159822,0.65773743,0.591505,0.033296,0.038696215,0.12800355,0.115062684,0.03431992,0.061395,0.052353248,0.10632228,0.026459392,0.035420645,0.069314435,0.051598217,0.65501535,0.591505,0.033702172,0.038696215,0.12883548,0.115062684,0.078019366,0.09886849,0.0024179055,0.004208594,0.004197384,0.004283777,0.26693532,0.22944148,0.43854383,0.44787204,0.03486754,0.03689057,0.17114893,0.16483982,0.007429257050193034,0.010203774669913858,0.004596163462786576,0.008191229232595215,0.012934911423055867,0.013334922789703683,0.015303340652026324,0.01561517128184109,0.010958170146584598,0.012615628043725418,0.009218716756687144,0.009908476417793455
4,0.036515452,0.05386663,0.052186504,0.09390522,0.0435752,0.032469176,0.050585423,0.0452127,0.6457896,0.6143661,0.02910721,0.03558037,0.14224055,0.12459975,0.03710539,0.0538667,0.05197558,0.09390389,0.043652497,0.032468203,0.051100086,0.045211934,0.6444462,0.61438096,0.029319124,0.035580035,0.1424011,0.12458824,0.07414329,0.0875033,0.0037561615,0.0036626568,0.008462016,0.0038630671,0.2350794,0.20860328,0.4708756,0.4850955,0.02633225,0.034142926,0.17248271,0.15944476,0.005779776610436776,0.011148601268794321,0.006547998393015487,0.006603327579429844,0.01141517122604941,0.016364554733879468,0.015756154176737185,0.012440637856522802,0.007801116358930499,0.012782813786401967,0.006952430825379449,0.008207253281886087
5,0.051483132,0.055768587,0.07814046,0.08273104,0.029700272,0.026492571,0.0675705,0.05362116,0.6071051,0.6259464,0.021491418,0.04210047,0.14450915,0.11333978,0.05241102,0.05577321,0.077991284,0.08272428,0.029706443,0.026492525,0.068396024,0.05362461,0.6049726,0.6259428,0.021096366,0.0421052,0.14542629,0.11333731,0.08003225,0.08818038,0.0038087775,0.0046457374,0.008989271,0.0041547585,0.23144825,0.23789631,0.46826258,0.45807746,0.030802786,0.04001342,0.16441846,0.14679702,0.010383461429341333,0.010751544634255834,0.007600475883630351,0.007116201940499135,0.011700717087137602,0.013378845051662546,0.018532829066518885,0.015248655955386353,0.013352053869947157,0.013337758170885877,0.009367687297288284,0.008276202213063721
6,0.04451183,0.06821808,0.07691398,0.0868622,0.03414696,0.03179652,0.070483945,0.0494419,0.6274234,0.59658027,0.025725229,0.040843517,0.12079463,0.12625748,0.04522279,0.06821682,0.076425925,0.08686684,0.035054687,0.031793352,0.070917584,0.04944294,0.62546164,0.5965799,0.025972566,0.04084536,0.12094482,0.12625481,0.07592521,0.09310634,0.0031935752,0.004403052,0.0040915324,0.0034383994,0.24090491,0.19964655,0.4581168,0.4813841,0.026754832,0.046691205,0.1731779,0.15810183,0.009518286746455546,0.010788500510417166,0.006202931294050584,0.0065944844701489105,0.015888688378879256,0.015113017868294333,0.01377008774573094,0.015406107718704647,0.010081559697613813,0.012093285554724992,0.007421456896294211,0.008552443865025081
7,0.033890136,0.049785286,0.065451436,0.0915028,0.021378076,0.037233107,0.083457634,0.045834057,0.65011656,0.6265782,0.021292508,0.04195456,0.12441363,0.107112005,0.034333806,0.049776364,0.06549101,0.09153294,0.02117647,0.037212234,0.084398694,0.045816537,0.64834434,0.6265975,0.021448392,0.04195704,0.12480732,0.107107334,0.0714709,0.083034016,0.0022218407,0.0044789007,0.0024758144,0.00702701,0.2757114,0.21409015,0.4291336,0.4995349,0.026914453,0.032503787,0.17534423,0.1396524,0.006400948908341875,0.01182033122507709,0.005381598997951116,0.0075599549865691135,0.008773651608043762,0.015754098908586183,0.01698837326583925,0.01468773968082487,0.01077930667124667,0.01291595866743704,0.007305086870323659,0.008856878126038078
8,0.0397281,0.056343775,0.06618279,0.103900515,0.03517263,0.035632633,0.071031496,0.059782583,0.6260032,0.58306164,0.018158201,0.042022906,0.14372358,0.119255915,0.040012095,0.056379013,0.066012084,0.10389979,0.03509533,0.035636365,0.07102992,0.059745267,0.62468207,0.58306384,0.018305361,0.04202582,0.14486314,0.1192499,0.07488534,0.088172086,0.0031531656,0.0044953753,0.0097077135,0.008018339,0.26654935,0.22341241,0.4066911,0.45882338,0.021070203,0.034872275,0.19765264,0.16043206,0.009817862847538238,0.012433257689461307,0.006457102208217434,0.00681791221586796,0.013925780702047284,0.014718465218196862,0.018257539478311775,0.01720862311379212,0.010495024211413002,0.013181280033288525,0.009198273262026362,0.00929250668971799
9,0.03628133,0.069221646,0.059998482,0.11054605,0.024296751,0.030285694,0.051471908,0.048185956,0.6629782,0.60424364,0.03122713,0.03560423,0.13374622,0.10191279,0.03638419,0.069221735,0.059877075,0.11054848,0.024173528,0.030285668,0.051360585,0.04818637,0.66294223,0.6042387,0.03133008,0.0356052,0.13393232,0.10191384,0.06816311,0.09910742,0.0035471532,0.0040667043,0.002723792,0.0032717402,0.24032569,0.21756172,0.46334854,0.47394216,0.030713174,0.032831706,0.17392051,0.15687624,0.006488770335743708,0.012411908623647461,0.004456678145988317,0.007691471406027591,0.010104477005883909,0.014183217358561784,0.01325449241836785,0.01936693748884539,0.011154718057594113,0.0134983587021548,0.008031629170554378,0.009133912808621329
10,0.03306493,0.05439831,0.056148395,0.08776159,0.025310835,0.045172274,0.07564791,0.045881107,0.6358387,0.6186246,0.028491294,0.026534941,0.14549795,0.12162716,0.03388795,0.05439962,0.05683528,0.08776437,0.025226671,0.0451727,0.073784955,0.045879997,0.6365786,0.61861956,0.028597757,0.02653545,0.14508873,0.121628284,0.061139833,0.08136155,0.0044924715,0.00429375,0.003369534,0.008590947,0.24542044,0.20450267,0.44931456,0.4880206,0.030650277,0.02770674,0.18494587,0.1617938,0.006677195094197526,0.011998433869641055,0.005708781477108914,0.008641268619630183,0.010309750891682377,0.01647784087520536,0.015591610121928634,0.012500464165610837,0.0094920016719321,0.012200317436879243,0.009150068325964295,0.007653093321948883
11,0.050268482,0.06868987,0.0793964,0.12579559,0.04154928,0.023503646,0.050838836,0.036858514,0.63595814,0.59304315,0.025993407,0.03876257,0.11599542,0.113346696,0.05076662,0.0686914,0.07886782,0.12582757,0.042567216,0.023500523,0.05131579,0.036858175,0.63404,0.5929984,0.026487827,0.03878105,0.11595469,0.11334287,0.09354573,0.10591088,0.003496642,0.0057743927,0.00515649,0.0039968267,0.20560208,0.19976602,0.47034365,0.46882075,0.03028542,0.044172753,0.18313292,0.15618724,0.009461969017266071,0.010520113529509436,0.00588355643629177,0.00954472335943817,0.014335662385306813,0.015493070206949256,0.014262710219171285,0.013426347164278629,0.010624409605217433,0.013469054791099576,0.0075809293241256796,0.008195369355814778
12,0.04145269,0.053994387,0.05632478,0.0987093,0.031887922,0.028323472,0.056303687,0.0511279,0.658644,0.61029255,0.03595721,0.041228738,0.11942966,0.11632364,0.04224446,0.053994097,0.05626898,0.09870335,0.03227073,0.028323254,0.056647204,0.0511244,0.65634125,0.61029196,0.036811545,0.041228294,0.119415775,0.11633465,0.071721345,0.07982887,0.0036026586,0.004356846,0.0049453075,0.004637675,0.22909829,0.23881204,0.46167377,0.46438277,0.036412984,0.033098605,0.17116104,0.16563629,0.00827316439206687,0.009680822874111056,0.004646911827156592,0.00812189995262813,0.012381812843700197,0.01415604204692369,0.014051599625795693,0.015511805823837928,0.010894101145577612,0.01257738968641282,0.007502334589101449,0.009260191940928674
13,0.047562025,0.058757473,0.075881116,0.08681454,0.03911151,0.036750518,0.05690931,0.05167052,0.6129339,0.62243086,0.02482058,0.044357542,0.14278162,0.0992185,0.048171595,0.05876576,0.07602999,0.08681775,0.039313357,0.036827024,0.05749341,0.051749386,0.60980886,0.62226164,0.024863444,0.04436255,0.14431936,0.09921588,0.080787286,0.09016363,0.0042292536,0.0038078527,0.0045489767,0.0056794104,0.22823967,0.22743165,0.4587547,0.46186188,0.03130432,0.042597976,0.17734115,0.16412094,0.008452605886198127,0.01189390765457164,0.00546153492932624,0.007783214305021781,0.012682848019743077,0.014672760171729481,0.014868973175751973,0.015103389282979444,0.011470993920071277,0.012578091262824612,0.008833469974382023,0.00807222748575916
14,0.041829646,0.065069705,0.06522354,0.07963367,0.02694619,0.037769895,0.064611815,0.048845157,0.6359021,0.6151881,0.029198332,0.044152174,0.13628837,0.10934128,0.041981146,0.065091245,0.06526987,0.07965092,0.027010255,0.03783093,0.0650765,0.048838705,0.6348498,0.61509067,0.029352538,0.04414912,0.13645986,0.109348394,0.07528932,0.09620559,0.0027186542,0.005368175,0.005323137,0.007559686,0.25079507,0.20530865,0.4512196,0.47301608,0.03490636,0.041999143,0.16736741,0.15586784,0.008503561087694502,0.012265402801427412,0.005150747724001476,0.007152090591555316,0.011897414961691168,0.016340649801990226,0.015762682983882583,0.015057716817340142,0.011249743209527662,0.011881883052395386,0.008111873572585295,0.008426087229119538
15,0.03049865,0.052632235,0.053818718,0.08823092,0.025176106,0.03832382,0.06410091,0.04869146,0.6689399,0.62677604,0.03904041,0.036202088,0.1184253,0.10914346,0.030522197,0.052666105,0.05369126,0.08822834,0.02530811,0.038529903,0.064020574,0.04864146,0.66735196,0.6265279,0.039563637,0.036303945,0.119542256,0.10910234,0.07660709,0.08443151,0.002314213,0.00460447,0.0025434801,0.0051940233,0.24363756,0.203262,0.4594997,0.4898716,0.033112753,0.038969345,0.16738287,0.16220893,0.0070496028582680385,0.011148344528755452,0.004155407912467934,0.009042478111839765,0.011119132087407477,0.0149174674149019,0.01548513158114178,0.014482891041154302,0.010169618011143569,0.012226888267226194,0.007966609945412477,0.00864667728687875
16,0.049848843,0.0643132,0.06401537,0.108543426,0.03412739,0.038220488,0.055232797,0.053530626,0.63465005,0.5847817,0.032901976,0.030954858,0.12922356,0.1196557,0.051078346,0.064343296,0.0641456,0.108481966,0.034373242,0.03840166,0.055682823,0.053604722,0.6319092,0.58454174,0.033163648,0.030909093,0.1296472,0.11971754,0.079757616,0.09361422,0.0032284756,0.0070208996,0.005167775,0.0069440184,0.21827614,0.212157,0.4684531,0.48329014,0.031473223,0.03358327,0.1750003,0.15133421,0.008094942470077549,0.010756579028233577,0.005699847285105245,0.006190224377449019,0.012980838380392148,0.013941749244785393,0.014807967122877911,0.015973896064641203,0.010715004572274346,0.01203045978205109,0.00915960471875344,0.009097669474059742
17,0.057071563,0.056261245,0.07972678,0.089124136,0.038222805,0.04065433,0.047268108,0.051015917,0.6354852,0.62335217,0.026676571,0.03668236,0.115549006,0.10290985,0.057862476,0.05626124,0.07969394,0.08912414,0.038356148,0.04065433,0.04749866,0.05101592,0.63382924,0.62335217,0.026659083,0.03668236,0.11610042,0.10290985,0.08704733,0.083257474,0.0043988754,0.0045861523,0.0051182397,0.0045846915,0.22729546,0.24304458,0.46450877,0.46884435,0.033607036,0.038036253,0.16334036,0.13092253,0.009667678177840302,0.011270650239979408,0.006242279963440649,0.008370870592307997,0.015126536216028823,0.015909298141091734,0.014767694099850388,0.01563199590953034,0.010790898869388091,0.012388663523805037,0.00761486551305803,0.010172406759401344
18,0.037611116,0.05164851,0.062680684,0.0967723,0.023549832,0.039056774,0.04800239,0.052884135,0.6841369,0.6099627,0.02722839,0.04494312,0.11679066,0.10473245,0.038036037,0.05165159,0.0623124,0.09677572,0.023658952,0.039056074,0.048297923,0.052882377,0.68224084,0.60995585,0.027726192,0.044946574,0.117727645,0.10473185,0.074969724,0.09929667,0.0036923687,0.0046530035,0.0048526847,0.0060173213,0.23865251,0.20761767,0.46405712,0.46821108,0.027806018,0.040897653,0.17970191,0.158826,0.007984025054918674,0.012411751776183704,0.0048591674663940685,0.007906385598435083,0.010993636239910969,0.01775997588994697,0.012343976123380503,0.014182129671852658,0.01024186223718513,0.014180337186512924,0.008469825781506584,0.009649341259314017
19,0.03655985,0.057313103,0.072401494,0.08264652,0.023873068,0.02998669,0.046305522,0.047231417,0.6681808,0.62953293,0.029989144,0.041074697,0.12269013,0.112214684,0.03709574,0.05731574,0.07232951,0.08265355,0.023723833,0.029986499,0.046582233,0.047231786,0.6665342,0.629521,0.030088369,0.041075036,0.12364612,0.112216346,0.07815973,0.093470946,0.0046134777,0.0031847237,0.005295691,0.0035691373,0.23726691,0.1990987,0.45845723,0.485923,0.031302854,0.043056592,0.17070626,0.16261293,0.00731516566396269,0.010146906360661241,0.005996582452592375,0.006889255839635123,0.010850494906164423,0.012171024158661031,0.015033723639749827,0.014109931504970464,0.010681883696854112,0.011180871114354734,0.007830150118775874,0.008123010879705551
20,0.046108518,0.06484513,0.075926155,0.10218753,0.02083827,0.04279432,0.036909435,0.04541051,0.66983545,0.6021452,0.02328372,0.03716109,0.12709846,0.1054562,0.04678656,0.064845905,0.07568429,0.10218534,0.021188019,0.0427991,0.03737887,0.04541032,0.66756064,0.6021468,0.02345794,0.037154432,0.1279437,0.105458125,0.0748086,0.09476958,0.0024643433,0.0053007044,0.0032134433,0.005123712,0.19926175,0.20667352,0.4934427,0.4827919,0.024984537,0.03445347,0.1919524,0.16230862,0.007656405385643813,0.011244012061900517,0.005325152788243847,0.008944055183493303,0.012840977277967524,0.01621468216376977,0.0134821832401124,0.013604152929345963,0.009074237757982164,0.013298644609064063,0.006970507259060638,0.007093807434750153
21,0.036569066,0.060728796,0.070456855,0.08671754,0.030998524,0.032859687,0.059957325,0.041351616,0.63599014,0.60992134,0.029021038,0.046921935,0.13700706,0.1214991,0.037053365,0.0610237,0.0700446,0.0869425,0.03137457,0.032867033,0.060117006,0.04136675,0.633909,0.6094065,0.02960543,0.046946567,0.13789608,0.12144695,0.06768099,0.089009605,0.0035142857,0.0043120827,0.004012917,0.00707212,0.24070619,0.19554666,0.42722294,0.4823807,0.035629228,0.04240167,0.20323002,0.1720748,0.008891669036727905,0.010674545504841072,0.005707061192659275,0.006895084319249999,0.013387684680023357,0.01621301898105635,0.014220282354996148,0.012910266330543388,0.01110831562165113,0.01411689504917768,0.006656705261755434,0.00769919713217265
22,0.038431358,0.06745519,0.068101436,0.116176665,0.035439562,0.045703337,0.057804115,0.05520219,0.64560145,0.5667835,0.028442454,0.037914984,0.1261796,0.11076418,0.03874926,0.0674569,0.06866108,0.11618121,0.0356094,0.04570607,0.058029786,0.0552023,0.64369196,0.56677496,0.028597405,0.037916098,0.12666112,0.11076243,0.07035046,0.09753926,0.0044122296,0.0053403205,0.008500982,0.009152636,0.2341691,0.23637384,0.47299087,0.44367182,0.025464479,0.04204363,0.17020154,0.14789006,0.008156681842276444,0.012348461912130767,0.006342281277943599,0.007780016254811601,0.011743248013846453,0.016521036156018156,0.013109971919224734,0.014262154369537743,0.010638419403981306,0.012799238993628332,0.007082468426432524,0.009259055620467667
23,0.03426994,0.056374185,0.055283103,0.09747865,0.032098252,0.025782468,0.054824695,0.06396329,0.6571242,0.60428596,0.03032116,0.04137919,0.13607863,0.11073629,0.034935135,0.05637375,0.05484473,0.09747731,0.032353215,0.025782032,0.055616464,0.063956074,0.6538162,0.6043216,0.031211933,0.04137817,0.13722228,0.11071113,0.0670305,0.08954523,0.0022081935,0.0061077145,0.005921904,0.004819127,0.24851419,0.22572237,0.45725554,0.44691595,0.027898522,0.041566066,0.17622004,0.16875358,0.007297481366383037,0.010514728825851645,0.004297375404985481,0.007316317903703013,0.00934617704211876,0.013662225607711211,0.015723142711949547,0.014596463781268502,0.008875788687662018,0.01153414320128617,0.009403121822511296,0.009600507625931596
24,0.039568387,0.067092456,0.059077363,0.109397024,0.029603707,0.031499226,0.05816082,0.045373783,0.6648422,0.6073566,0.026308464,0.034600027,0.1224391,0.104680866,0.04014588,0.06709275,0.058864802,0.10939751,0.029686106,0.031509645,0.058254443,0.045373637,0.66350764,0.6073446,0.02655512,0.034599975,0.122986004,0.10468186,0.077858254,0.107629836,0.0032109553,0.005233455,0.0031930534,0.0045228503,0.2416997,0.2258542,0.45277038,0.45757332,0.028002042,0.03893652,0.18162644,0.15789251,0.007304035600667261,0.0113605167810905,0.005269285070165459,0.006639976408318809,0.011126566804766742,0.015529904892861508,0.014178596799525501,0.013787212480599968,0.009462223019322582,0.01195154475182866,0.008098346764832407,0.007289145362061353
25,0.043598812,0.054653097,0.06414203,0.07166329,0.02806936,0.031860184,0.055156905,0.06421073,0.64959973,0.6412934,0.029217795,0.03246347,0.13021533,0.103855826,0.04360779,0.05461189,0.06397094,0.07165061,0.028162206,0.031879667,0.055982426,0.06421135,0.64837235,0.64136046,0.029155329,0.032478895,0.13074897,0.10380715,0.081723236,0.07948484,0.0026761417,0.0030747673,0.0052260244,0.005999347,0.23747648,0.2358487,0.45094016,0.46579728,0.032104794,0.02723196,0.17454985,0.1712829,0.006824844418457131,0.009273976276267746,0.004193353418607074,0.006559939704460831,0.010154047538862331,0.01271407869641216,0.01616873363842199,0.014583966351981628,0.010331776119580393,0.011878090278871305,0.009140008400775033,0.00900136005099771
26,0.040366568,0.054605585,0.07217887,0.09623145,0.024237368,0.035067763,0.050152104,0.05236879,0.65738755,0.6040126,0.030962965,0.045245443,0.12471458,0.112468354,0.041257057,0.054601308,0.07199671,0.09622508,0.024958605,0.035075825,0.051438905,0.05234077,0.65466166,0.60403496,0.031085636,0.045249473,0.12460144,0.11247255,0.083836734,0.087726146,0.0033261299,0.005855489,0.0033808562,0.00505216,0.23925415,0.23243047,0.44895986,0.46765894,0.033798914,0.04197006,0.17872232,0.14130148,0.008434327473834357,0.010387164628338087,0.007083733676858516,0.007261304633939682,0.01140022406455355,0.014809141224736132,0.01600660218933566,0.014322205795785551,0.01118692022672256,0.011526043465121922,0.008997219071063057,0.009866141773992856
27,0.040469415,0.0663406,0.066945545,0.101739295,0.027615087,0.04019868,0.06685321,0.033386573,0.65464103,0.60303324,0.028491322,0.040498167,0.11498444,0.11480347,0.04118399,0.066303045,0.066027015,0.101629004,0.027781403,0.04020408,0.06846799,0.033369858,0.6516236,0.603233,0.029627498,0.040499978,0.11528849,0.114761025,0.07409225,0.10581077,0.0041129687,0.0037926657,0.004198598,0.006439143,0.25171104,0.1970682,0.43908548,0.48134205,0.033281893,0.036238123,0.17226899,0.15893653,0.00893829393505861,0.010571833222488029,0.005601398611097793,0.007851184468623675,0.013638291451413308,0.015979224293333278,0.016588327874753186,0.012393850822423306,0.011750074511695496,0.012204413765338066,0.008921287685718305,0.008049327390738265
28,0.042820755,0.04766552,0.07019525,0.07360365,0.029984802,0.03237935,0.048499197,0.042583954,0.65449744,0.6605683,0.03107399,0.03298712,0.122928545,0.1102121,0.04341119,0.04771562,0.0702744,0.07361874,0.030397957,0.032493375,0.04899965,0.042572606,0.65178466,0.66041446,0.0314314,0.0329692,0.12370076,0.11021602,0.08307451,0.085596755,0.0037520116,0.003300551,0.004529301,0.0042463117,0.22268794,0.20825863,0.48364744,0.48798087,0.03235307,0.036391668,0.16300046,0.16762894,0.007830373185517166,0.010380102546154088,0.00558033217051486,0.006446086281853268,0.011469474526496728,0.01455524949837379,0.014916598740119335,0.014104212747145241,0.010891752860029157,0.012352561791224634,0.007319347009575399,0.00879575469570077
29,0.039401624,0.063417114,0.07473552,0.104589775,0.033922825,0.037867624,0.05551075,0.041335598,0.655708,0.6110917,0.03331714,0.037976466,0.10740409,0.103721775,0.039596207,0.06341694,0.07461851,0.104583025,0.033950094,0.037872847,0.056086265,0.041344,0.653693,0.61107695,0.03363842,0.0379764,0.10841747,0.10372981,0.07306826,0.10084711,0.0038881237,0.004939142,0.0060060737,0.0041325935,0.21899065,0.19501413,0.4755829,0.47953016,0.032163866,0.039742436,0.17307007,0.1680378,0.010397295483340181,0.011085026158881515,0.00623836183319075,0.0072499761559851736,0.012984895220427489,0.01649035778819721,0.011893511722687341,0.013888057347026111,0.01201504137935338,0.012690604143713044,0.007736446404070238,0.007843878131965439
30,0.05233737,0.05185634,0.07454899,0.0773296,0.043484583,0.027725562,0.05789737,0.05369787,0.6296422,0.6639242,0.025905944,0.027880747,0.11618355,0.09758563,0.053051785,0.051843554,0.0745044,0.077323124,0.044460073,0.027745353,0.058364227,0.053697903,0.6271923,0.6639224,0.025915937,0.027881822,0.11651123,0.09758579,0.08561922,0.08908822,0.0032593661,0.0031408002,0.0052538943,0.0032925482,0.22853798,0.22390518,0.46608558,0.4991713,0.028880881,0.026600081,0.16487658,0.14817193,0.009759474628528955,0.011469727390071729,0.006332277159737077,0.006288663421007797,0.015102799745162874,0.014100452923187538,0.014818222420446009,0.015062695885801515,0.0125637224158644,0.011990459226164304,0.008301311470360426,0.009957812524566064
31,0.050932903,0.058565497,0.080966085,0.10120516,0.029188216,0.024194863,0.06316709,0.045734745,0.6335097,0.59789366,0.026894085,0.05060336,0.115341924,0.12180274,0.051159,0.058600795,0.08095449,0.101203054,0.029137371,0.02416517,0.06324419,0.045727275,0.63263226,0.59784603,0.026786353,0.050632026,0.11608634,0.12182561,0.084660575,0.08926221,0.003393747,0.006359067,0.006487864,0.0034921544,0.23433976,0.20142227,0.46414694,0.47870252,0.031618703,0.04376131,0.16603434,0.16764773,0.009309269288739682,0.01043698911313554,0.006452177082515242,0.007430999149976553,0.014306564173427981,0.013307294146516721,0.015520368164828177,0.013133980286528502,0.01236398360612608,0.011320431534069211,0.009703761621512897,0.007793770889929317
32,0.054500915,0.05764166,0.10019662,0.085913114,0.029571038,0.034479193,0.041606475,0.04360704,0.63212335,0.61070776,0.02497006,0.044476762,0.117031544,0.12317445,0.055042695,0.057641655,0.10006526,0.085913114,0.03022935,0.034479193,0.042017963,0.04360704,0.62879467,0.61070776,0.025119642,0.044476762,0.118730396,0.12317446,0.08470106,0.08538626,0.0032750177,0.004341464,0.0031833118,0.0068885647,0.21485333,0.20317161,0.4816321,0.47761974,0.030044682,0.03875988,0.16162308,0.17019436,0.008852056750012773,0.010708446883086774,0.005813307351006568,0.007110818821405968,0.012633096883336086,0.01549667438179247,0.015526857838793404,0.014831224620435518,0.01063209379533755,0.01349272580560641,0.008046401704715553,0.008828166182942798
33,0.040272873,0.05243066,0.07202173,0.086716786,0.025823483,0.032783527,0.055035982,0.05235847,0.6527605,0.60606724,0.024942134,0.04291287,0.12914327,0.12673044,0.040645912,0.052430008,0.07248503,0.08671655,0.025972143,0.032781627,0.05530086,0.052358355,0.65075284,0.6060791,0.025120225,0.04291285,0.12972298,0.12672152,0.07995473,0.07498711,0.002797806,0.0035572702,0.0026155526,0.005811347,0.22835359,0.21675023,0.4614781,0.462845,0.025547683,0.041711822,0.18391816,0.17386521,0.009097620270587916,0.011576987347482805,0.006209691855545395,0.008719979208172269,0.014424124053476919,0.014418802830837426,0.01508165443623351,0.018573388705973227,0.012285278463867151,0.014313338289291952,0.008595160409150256,0.011165054226148318
34,0.04401386,0.05608849,0.077579856,0.09136105,0.03034063,0.029893087,0.03762523,0.05186787,0.667149,0.6248565,0.025825506,0.03955095,0.11746593,0.106382065,0.044693343,0.05608671,0.07750824,0.09136182,0.03061166,0.029892461,0.03817688,0.051832497,0.66472036,0.624878,0.02663716,0.039552778,0.117652364,0.106395766,0.090970695,0.08069971,0.0042497353,0.0038633975,0.0068174545,0.00413397,0.21261527,0.21405995,0.4668435,0.4830656,0.027809292,0.04090558,0.17721988,0.16078816,0.00865724985498333,0.013657850457021663,0.004912326598039171,0.007677892412522265,0.012768426762595913,0.017958912895880277,0.013967529970865289,0.015290768267402263,0.011108357998653177,0.012740006535752078,0.007624287931594713,0.008895843165605969
35,0.041603904,0.06501338,0.08040584,0.09704121,0.035495788,0.033413745,0.051173843,0.045502424,0.636126,0.6009678,0.029341461,0.037531704,0.12585315,0.12052972,0.041920282,0.065010376,0.08042544,0.097031124,0.035458997,0.033412598,0.052916892,0.04550822,0.63388854,0.6009845,0.029594716,0.037533507,0.12579516,0.12051963,0.07354468,0.087837964,0.0035017026,0.0035956595,0.005503719,0.0040352647,0.21172124,0.19172272,0.47413078,0.49662283,0.028019264,0.0379507,0.1931456,0.16823547,0.008716680314446086,0.01025064127121403,0.006819870115587807,0.007458051196578747,0.012858697744744128,0.014895003547181228,0.01540642979469402,0.015607068773938455,0.010181954510625792,0.011873121642337768,0.008471564815657003,0.00820837434798655
36,0.0534974,0.056456067,0.079441234,0.0899969,0.03130254,0.029888516,0.05813255,0.039131407,0.6237876,0.63741934,0.030576939,0.03666605,0.12326174,0.11044172,0.054514293,0.056456827,0.07897858,0.08999657,0.031060593,0.029886035,0.058616813,0.039130498,0.6228052,0.6374224,0.030704796,0.03666884,0.12331977,0.110438816,0.08292024,0.09171042,0.004423978,0.004049388,0.0071236906,0.0057985415,0.25192982,0.1979208,0.44719377,0.48083022,0.02953676,0.038133238,0.16602129,0.17450349,0.009336082923030661,0.010236561850683282,0.006438119572436411,0.006573693472869956,0.012018981287103204,0.014587406279819422,0.013209797111940352,0.013614271993055916,0.010338799018060089,0.011100173587098569,0.007212085268837417,0.008485003443443223
37,0.055835146,0.058767788,0.09577159,0.085520305,0.029396147,0.035321027,0.0501328,0.038496166,0.6260354,0.63324314,0.027310364,0.03525181,0.1155186,0.113399796,0.056146793,0.058773074,0.095550016,0.08552238,0.029964922,0.035319977,0.051113628,0.038495053,0.6238781,0.6331354,0.027277688,0.03526239,0.116068825,0.113491744,0.08789063,0.09724222,0.0045205094,0.0047032973,0.008450527,0.0045084553,0.2123531,0.20806001,0.4671621,0.4819332,0.029936986,0.03765782,0.17759314,0.1568013,0.01098120132350916,0.010217668956344463,0.0076830561833518005,0.005657598309811136,0.013417723076355885,0.013722387901430296,0.0139562340439475,0.014031834364574515,0.011547524198920897,0.010782866002073564,0.007941086919264866,0.008513666765321741
38,0.04920962,0.05863328,0.076595634,0.0826013,0.027859373,0.039277602,0.063224815,0.054694887,0.6323291,0.6214484,0.030848311,0.043851584,0.11993313,0.09949295,0.05053275,0.058654536,0.07634497,0.08257736,0.027854457,0.039257746,0.06358231,0.05437589,0.63017315,0.6217367,0.030913154,0.043889917,0.12059925,0.099507846,0.08191099,0.07619376,0.0034611395,0.0037983807,0.0051065907,0.0078387,0.23384087,0.2294753,0.45598102,0.45506275,0.032185614,0.042266775,0.17360085,0.16416794,0.009527885982699704,0.009938702320704521,0.007011637727335426,0.0076295563406823304,0.01371190987758102,0.014655880127724657,0.015071659631017115,0.015606982390313644,0.011608764273472964,0.013377245936053783,0.009891540800108548,0.008437800786526577
39,0.044978257,0.06042835,0.07405168,0.10264605,0.023216086,0.027834851,0.055581138,0.05082104,0.65073407,0.62329775,0.032299496,0.037186883,0.119139254,0.09778507,0.04553139,0.06043332,0.073930204,0.102646716,0.023269162,0.027836988,0.05608328,0.05090706,0.6489924,0.62319636,0.032679953,0.037190363,0.119513586,0.09778921,0.07910878,0.09297776,0.0040139137,0.0063846633,0.0048251124,0.0039524096,0.24276903,0.23436692,0.4578319,0.46697304,0.033339534,0.037591923,0.1619467,0.14347364,0.008055089520364414,0.01169327514036909,0.004347807382336418,0.007992388113303455,0.010980917763377538,0.015555155502690153,0.013953956885081178,0.014669620148897394,0.008452968422565689,0.012190496630791291,0.00842252920633325,0.008828582583533466
40,0.05017153,0.059042618,0.08091589,0.10030403,0.033326056,0.03144181,0.06469425,0.046519756,0.62827706,0.61323804,0.019092001,0.045589432,0.1235232,0.103864275,0.050528567,0.05904204,0.0810291,0.10030044,0.033226755,0.031432644,0.06613878,0.046621766,0.62568283,0.6131627,0.019156491,0.04559116,0.124237515,0.10384921,0.08744574,0.09563861,0.0035868138,0.006167947,0.006820703,0.0052106357,0.2256644,0.20606054,0.4706918,0.46753672,0.027272778,0.03481691,0.16624758,0.17182888,0.009509454495075741,0.011428198310905307,0.005041830325286989,0.006857166261633215,0.013858329959546192,0.015327066401106383,0.014607974458431828,0.016364480599790798,0.010048508838457986,0.012421435758890268,0.007635316588445908,0.00960801091022589
41,0.054841053,0.06299677,0.092473045,0.108801946,0.024427984,0.034907512,0.050401613,0.047673278,0.6427224,0.5924775,0.03265438,0.04787165,0.1024795,0.10527132,0.056187227,0.062997155,0.092487946,0.108805545,0.024481403,0.034902103,0.05067964,0.047673974,0.64056325,0.59247565,0.033412755,0.047874626,0.1021878,0.10527094,0.08372661,0.09838596,0.0033459468,0.004861619,0.0033237222,0.0063022813,0.21426977,0.2168262,0.48945233,0.46345973,0.031652316,0.039849136,0.17048672,0.14878365,0.0129907330207801,0.011898735314665987,0.008116451213131022,0.008140749226994823,0.01731720651309889,0.01564309655239392,0.015005802284895613,0.015915753182615976,0.013094366479953923,0.012669217742743594,0.008919106469408243,0.007775431878109199
42,0.050922208,0.058186505,0.080496736,0.084033616,0.031405162,0.031614423,0.04403491,0.03954532,0.6571756,0.6376982,0.029091116,0.03165292,0.1068743,0.11726909,0.051805705,0.05822008,0.08060188,0.0840396,0.03132905,0.031613037,0.044049006,0.039545942,0.6555924,0.6376538,0.029351104,0.031650864,0.10727087,0.11727662,0.08328148,0.09187438,0.003302587,0.0037908538,0.0043446454,0.005021982,0.2149348,0.19760966,0.48091185,0.5078331,0.029082045,0.03187259,0.18472137,0.1515943,0.0076010923270361545,0.011587706886210669,0.004504100599441394,0.006915940019792248,0.011736901566657762,0.015199209552815972,0.01350573980405754,0.015969749717221447,0.00941194593155316,0.012189382666772474,0.007392489793491908,0.008756696587628824
43,0.039405778,0.06085295,0.0723683,0.11089871,0.03317748,0.03319791,0.054138433,0.048308384,0.64955485,0.5853452,0.027517501,0.04695144,0.12383764,0.11444543,0.04015425,0.06084873,0.072471336,0.11088759,0.033741303,0.033136275,0.055547606,0.0483742,0.6454066,0.5853558,0.02816058,0.046950724,0.12451833,0.11444665,0.07262454,0.093655325,0.0030151757,0.0038140982,0.0068564876,0.008315534,0.23504575,0.22605246,0.4607038,0.4524768,0.030410837,0.046242483,0.17404135,0.15822133,0.010409510946792594,0.011933134904569586,0.006440867722204685,0.007245811984883392,0.014438829584981522,0.01690493370783004,0.01741123286675879,0.016464071239077574,0.01301241216775239,0.014595819511357053,0.009154016769118948,0.008888598654853816
44,0.044586647,0.057419315,0.0739625,0.09917395,0.023993526,0.037003707,0.06082629,0.03770935,0.66079617,0.63077396,0.029396713,0.033376012,0.10643813,0.10454369,0.045342967,0.057420287,0.07323843,0.09917518,0.023363264,0.03690427,0.06125403,0.037710074,0.65991503,0.6308792,0.029526025,0.033377934,0.10736023,0.104533054,0.089826725,0.09190607,0.004282271,0.0037022382,0.0033629537,0.004852432,0.2330187,0.20649529,0.46677467,0.48607525,0.03766762,0.03333047,0.16111249,0.15888391,0.00898561557092653,0.010184843541594997,0.0057435194903340024,0.00774862950870552,0.012260394961245147,0.014877450863376315,0.01521957444450759,0.013592091016636975,0.011443704219851577,0.012334588788495148,0.008263003962004531,0.00877325297701953
45,0.044366036,0.06206503,0.08099015,0.08711733,0.021416621,0.026920395,0.070213675,0.036609497,0.64193034,0.631981,0.025513362,0.040599078,0.11556983,0.11470762,0.045339387,0.062065955,0.08115308,0.08711634,0.021636948,0.026916774,0.07059643,0.03660935,0.6395158,0.6319589,0.02599549,0.04059919,0.115762815,0.11473346,0.08462482,0.08846843,0.0041771373,0.0036473689,0.0036844553,0.003096229,0.24031179,0.20070831,0.4442972,0.48618382,0.033904012,0.038776614,0.17479219,0.16893631,0.009495881917330787,0.010085710752702232,0.006376610166803049,0.006517604735764681,0.011320594546061593,0.012067775074474039,0.01522815671656142,0.012424416331955524,0.01112261015439839,0.01110076627848337,0.008943879954993862,0.007856583317161924
46,0.061152656,0.057009686,0.085975066,0.10042924,0.033347525,0.03623388,0.0413564,0.03782569,0.6322554,0.62615377,0.026043082,0.027872099,0.119869865,0.11447561,0.062008422,0.05678976,0.08611924,0.10043457,0.03330131,0.036461014,0.04293019,0.037826322,0.6284985,0.6261437,0.02669025,0.02787306,0.1204521,0.11447156,0.084795415,0.092640586,0.0030031775,0.005438805,0.005983078,0.0063673044,0.21805674,0.20219514,0.4657703,0.48222014,0.029570442,0.032155912,0.17994766,0.17107862,0.012148901466915331,0.011354985397388868,0.0066571335829260884,0.007172898006597477,0.016710315487927858,0.014353618894930288,0.015376896845332774,0.014206855795445145,0.012450406791236126,0.011393987362442038,0.00849961164538546,0.008196604508411238
47,0.04371056,0.0633691,0.06512788,0.09124053,0.025959399,0.026825711,0.057226315,0.052683603,0.65698147,0.6178101,0.022416985,0.030087085,0.12857737,0.11798391,0.043861683,0.06336051,0.06525324,0.09122532,0.025825484,0.02681913,0.05787977,0.052737523,0.65451777,0.61773866,0.022799375,0.030092388,0.12986267,0.11802645,0.0776243,0.089456305,0.0033864088,0.0054432354,0.005705671,0.005429832,0.24741256,0.21468152,0.45508948,0.4686548,0.024427675,0.03165167,0.17802739,0.16230679,0.008545565139955854,0.010064073843849716,0.00595374122416668,0.007176989419705034,0.012623429269131669,0.013206292706763956,0.013003207261721297,0.016461099945242027,0.010187469134464415,0.011155513521587954,0.008301773401846393,0.009613627139986602
48,0.0525164,0.060175624,0.08260581,0.09007492,0.02810889,0.026187431,0.05068298,0.039750945,0.6425754,0.65260637,0.022578262,0.027334534,0.12093232,0.10387021,0.053331982,0.060193844,0.08240188,0.09008412,0.029325964,0.026191348,0.051286772,0.039750997,0.639469,0.652548,0.022811139,0.027336499,0.12137319,0.10389519,0.08573439,0.091414995,0.003454002,0.005417495,0.0035930034,0.0032119183,0.23517546,0.20781286,0.4683747,0.48113984,0.028107138,0.032219317,0.17110844,0.17088468,0.00985519820569377,0.009190347031288248,0.0069113360463492896,0.0064885315994413105,0.015516491544814116,0.01312971254309066,0.014919897684944264,0.01338265585813692,0.012224408083326846,0.01126906287839376,0.008309145673971318,0.0075203664640107505
49,0.046071574,0.058968116,0.08966396,0.08519349,0.033747733,0.027945515,0.046296343,0.043257125,0.6498409,0.6317501,0.026302787,0.031650018,0.10807669,0.1212356,0.046584606,0.058978833,0.089056544,0.0851908,0.033903502,0.027899116,0.04695476,0.04326796,0.64833957,0.6317224,0.027078662,0.031624727,0.10808234,0.12131621,0.0843839,0.09152289,0.005131397,0.0057631726,0.006332351,0.0032436282,0.22755945,0.21888219,0.47228134,0.47195664,0.029201211,0.029876279,0.16568494,0.16699234,0.008435162281023388,0.010292441048018984,0.005202676897340266,0.005857431231643402,0.014327012599348325,0.014800727934905566,0.014816845014258681,0.013388499011559073,0.010986876919565972,0.011608116620162501,0.007432481381136578,0.008292585263122085
50,0.04939042,0.04442257,0.07775318,0.075465344,0.03669475,0.020510746,0.044143703,0.07433588,0.6568107,0.6299836,0.025559219,0.040735867,0.109648004,0.11454595,0.04967146,0.04442777,0.07786308,0.07544254,0.036975548,0.020483688,0.044681527,0.07426357,0.6543099,0.6300055,0.026335984,0.040714685,0.11016247,0.1146623,0.08785795,0.079087645,0.0029931648,0.0035542494,0.0039631957,0.0030718988,0.22885422,0.2563609,0.45744112,0.44854724,0.02714625,0.038787767,0.17959903,0.1487707,0.009895315476722424,0.007251819732080424,0.0050473779737586705,0.005539549183159042,0.01263157582442471,0.012625900882890251,0.015508714334748269,0.015291593899166445,0.011921418673661663,0.011716691162064901,0.010271428171785826,0.009296115711940967
51,0.061985232,0.05275536,0.09837299,0.09278508,0.025184305,0.028737163,0.05936248,0.061152924,0.60227096,0.6140928,0.031709448,0.03224717,0.1211146,0.11822949,0.062366262,0.052751373,0.097890355,0.09278344,0.025304472,0.028727412,0.059872665,0.061151832,0.599994,0.61416745,0.032539938,0.03224382,0.12203231,0.11817464,0.09496587,0.08571991,0.003843704,0.0045015793,0.002858469,0.007393608,0.22058022,0.2306129,0.455223,0.46351808,0.03174554,0.031003356,0.17041034,0.16250698,0.010366593370205675,0.01073424936922169,0.006790220387754094,0.007900272894572109,0.011898125735122009,0.014044405725565631,0.015385754421830801,0.01523288962384482,0.010220097946987161,0.013354223446763203,0.009122813881601504,0.00869312115656521
52,0.04430384,0.05816885,0.08007077,0.08760199,0.022614295,0.020661466,0.049209774,0.0541593,0.62922597,0.6265027,0.027280768,0.04889821,0.14729458,0.10400754,0.04406367,0.05818028,0.08020648,0.08763277,0.022433706,0.020657536,0.049761172,0.05415354,0.6273322,0.6264629,0.027644288,0.048900936,0.1485585,0.10401208,0.079745986,0.101196334,0.0032670212,0.004061169,0.0055272114,0.0028214327,0.2271894,0.20725946,0.46640372,0.48046067,0.02653659,0.035948314,0.17417645,0.16236179,0.007363644721699094,0.00926605341900224,0.005840790010775918,0.006437131880629848,0.010301227420350861,0.013747886612569286,0.013291948363975827,0.013756405951758394,0.009562179022898808,0.011568013241979421,0.007945076300916058,0.007367615326701441
53,0.04859099,0.051257975,0.08527444,0.08282577,0.030967563,0.028945174,0.052210104,0.05067971,0.6470086,0.6275975,0.021777589,0.034282982,0.11417068,0.124410845,0.049325425,0.051258396,0.08536569,0.08282105,0.031206815,0.028967416,0.052490618,0.0506815,0.6454028,0.6275886,0.021931332,0.03428153,0.11427738,0.124401435,0.0849253,0.08116362,0.0040488513,0.007240488,0.0038905246,0.004827964,0.2116684,0.20572652,0.476772,0.49548483,0.031229388,0.03056228,0.18234667,0.16114093,0.008902265176000368,0.010862212552059776,0.006670939285971562,0.007550331914258207,0.014607737210478203,0.015955111726347903,0.013322038748158134,0.013274177671170981,0.01083737320553934,0.013758497048268769,0.008080743907226618,0.00937606556878697
54,0.03212777,0.045322422,0.067594804,0.08281323,0.029550726,0.036146402,0.059625838,0.058446605,0.649145,0.6270562,0.029566415,0.0358066,0.13238946,0.11440857,0.032699306,0.045319468,0.06772187,0.082800604,0.029464196,0.036145143,0.059781834,0.05844643,0.64836216,0.6270614,0.029763106,0.03580589,0.13220747,0.11442104,0.07409981,0.08471477,0.002863221,0.004793009,0.002771625,0.0071820826,0.22012056,0.20680304,0.49151844,0.4805154,0.029723672,0.033900194,0.16656041,0.16880022,0.008548443872990365,0.008717189594031666,0.0062214569535427875,0.0062735290652622755,0.012481838963211703,0.013524100181891477,0.01423888702695494,0.013942755768449541,0.011285222553546657,0.011953300129321392,0.008761304938930448,0.007764105014091336
55,0.039109908,0.05390981,0.074361406,0.09185037,0.017211802,0.03279961,0.05247842,0.043534793,0.65814686,0.623501,0.024472293,0.038713794,0.13421932,0.11569059,0.039692484,0.05392113,0.074566506,0.091860205,0.017801665,0.032804508,0.052861866,0.04353229,0.6560653,0.62345517,0.024628224,0.038743164,0.13438393,0.115683556,0.07215367,0.09235015,0.0027995275,0.0047681034,0.0023730288,0.0049840747,0.24568446,0.2048807,0.46699858,0.4953005,0.024738254,0.03719497,0.17154878,0.15103701,0.007490808116049753,0.00926281000795386,0.005382778190679247,0.006366463162248027,0.010939262827807267,0.015315690184267903,0.015490560115947311,0.015175794358432224,0.00908390167654839,0.012269210300776436,0.009995810683054343,0.008505752091489526
56,0.051005915,0.05987952,0.09081305,0.094372526,0.037510473,0.025337195,0.061109487,0.053186793,0.61714005,0.62452,0.02554118,0.035867784,0.11687987,0.10683617,0.051882558,0.059889436,0.09046377,0.09438006,0.038204584,0.025365049,0.06195419,0.05318641,0.6142753,0.6244386,0.025836138,0.035933476,0.117383435,0.10680696,0.089319125,0.09137578,0.004902682,0.004056085,0.007743142,0.0027680688,0.22725788,0.21287628,0.44952747,0.5021235,0.030388828,0.03502571,0.17581409,0.14253753,0.010055871392564409,0.01120159229528025,0.006331990344495036,0.007122674782694895,0.013707278354653763,0.015496461249658545,0.01437480753550237,0.014526383581017778,0.009912974540073458,0.012473494946515245,0.009315179859053786,0.009457743271588964
57,0.05229663,0.075162254,0.08082804,0.106067434,0.03468956,0.038492616,0.05645522,0.040643387,0.6222359,0.6013439,0.030750507,0.033951562,0.122744136,0.10433882,0.05269486,0.075161904,0.08067388,0.10606725,0.034560017,0.038491838,0.057014737,0.040642798,0.6211263,0.6013253,0.030994084,0.03395289,0.122936144,0.10435809,0.08899798,0.09834475,0.004790681,0.0044342945,0.007194318,0.006136858,0.22151904,0.2028891,0.4651371,0.49642125,0.037013907,0.035087787,0.15660372,0.14413847,0.008243651757505872,0.013144377755303388,0.00532037205025978,0.009083147625954484,0.012601083757596472,0.01631244990699698,0.014323426562633794,0.014446059834797641,0.009825637487188392,0.013902941879258843,0.0078055661700054116,0.007738502761639472
58,0.042637385,0.06260681,0.073895104,0.10990234,0.02489265,0.029126422,0.039896764,0.035388544,0.66914743,0.6228928,0.036373682,0.030787209,0.113156974,0.1092959,0.043192737,0.06266787,0.07418026,0.10983632,0.025039481,0.029140005,0.04025706,0.03541124,0.66697013,0.62289685,0.03692466,0.030824598,0.11343567,0.109223105,0.08500511,0.098607965,0.0034904426,0.005078498,0.0041054557,0.004629778,0.20441502,0.18532969,0.49596226,0.490867,0.039129954,0.035628688,0.1626226,0.17547867,0.010469485030711396,0.010823334141249558,0.007637138807519561,0.007369239070197563,0.014130258343337396,0.01487231342267514,0.01772331609996047,0.012820845029322089,0.011336435592946427,0.011150978170170522,0.010098358275720084,0.00812316959572745
59,0.049578626,0.05646363,0.08597197,0.07745349,0.028264383,0.028474202,0.043983612,0.05126981,0.6455138,0.6449042,0.025509588,0.032662917,0.12117802,0.10877181,0.050178558,0.056471426,0.08595083,0.07745332,0.029202778,0.02847381,0.046168175,0.051265303,0.6410793,0.6448841,0.025874313,0.0326729,0.12154604,0.10877913,0.09254633,0.08241716,0.0034998413,0.0040237363,0.0034984255,0.003931768,0.19634227,0.23199348,0.49065575,0.48529634,0.030898836,0.0335818,0.16885453,0.14710452,0.008717587052398964,0.01005736925050017,0.0054616531627912695,0.007106586377144204,0.012777658344386645,0.013686475920559,0.014090755055134048,0.01566308560177515,0.010080019264021195,0.012158113497055983,0.00801578782500801,0.008982949033408315
60,0.05493385,0.06178793,0.094786406,0.10242417,0.021560846,0.036568277,0.04533239,0.040146008,0.65295094,0.6310264,0.02408008,0.037773103,0.1063555,0.09027411,0.055532403,0.061759133,0.09521807,0.102367036,0.021530893,0.03657105,0.044881772,0.040155202,0.6513045,0.63111335,0.024460398,0.03777065,0.10707195,0.09026357,0.10132885,0.09538548,0.0039233603,0.0037665055,0.0030843422,0.0055812853,0.21084076,0.20482522,0.47610202,0.4991207,0.027882377,0.037482552,0.16991432,0.15144235,0.010048517479763057,0.01276216534050923,0.005892861400024718,0.008282880516723205,0.01299037214047974,0.018518294747507175,0.013353898485474058,0.014388581777109085,0.010536643838867528,0.014999861896893582,0.007240769788309027,0.008753281905565137
61,0.0414063,0.059606973,0.08380138,0.08777448,0.020946769,0.03750538,0.057244174,0.04549355,0.6459922,0.60868526,0.031570815,0.03482523,0.11903837,0.12610912,0.04168016,0.059609495,0.08358967,0.08779391,0.021329649,0.037506964,0.05792797,0.045515507,0.6443471,0.6086379,0.031875473,0.03482738,0.119249985,0.12610881,0.07753102,0.08555944,0.004739407,0.0070776353,0.0018315011,0.004715253,0.23573792,0.21195439,0.46787536,0.47017664,0.030363379,0.03447463,0.16814554,0.17415518,0.007218515595772009,0.011467151131467065,0.004930250493346583,0.007046328751960228,0.011322977214510406,0.016752997384545155,0.014573745411106445,0.015630082294166694,0.010686161072897375,0.012078558953562435,0.007841191678719849,0.008815278742911475
62,0.04362604,0.042060927,0.05690069,0.083655514,0.027488617,0.042779963,0.06273033,0.050946802,0.649632,0.6258846,0.028421713,0.040983487,0.13120069,0.11368872,0.044033635,0.042075396,0.05705679,0.08364209,0.027471285,0.04277866,0.06307707,0.050965704,0.6486565,0.62588084,0.028597275,0.040984917,0.13110743,0.113672346,0.08129509,0.08384528,0.0029414464,0.004106046,0.0044877618,0.009304271,0.23923212,0.2151776,0.4661244,0.47455353,0.027957907,0.035775922,0.17299877,0.15823813,0.007238119297752266,0.011014066742005106,0.004830579385040531,0.007411765067894669,0.011444630914016544,0.016621350649364194,0.013147849771648085,0.014688391092024989,0.009524848940336323,0.012588908317458727,0.006497320015538899,0.008882682941439202
63,0.051087487,0.05891328,0.09121434,0.098086566,0.033970688,0.02026067,0.05284535,0.05825251,0.63437,0.61217153,0.03503626,0.03720689,0.1014758,0.11510851,0.05304427,0.058914647,0.08980009,0.09808888,0.033962373,0.020263331,0.05353447,0.05819646,0.6312389,0.6122477,0.035432845,0.037210222,0.10298702,0.11507872,0.09533171,0.095131464,0.006184519,0.0031653042,0.0062632337,0.002949397,0.26236108,0.23540813,0.42988124,0.4568047,0.04177432,0.037495837,0.14788194,0.15994048,0.008903222551350698,0.01112234581304003,0.006191425194340543,0.007450937701435081,0.011822263681219788,0.015700045335038937,0.016761392198600476,0.016617429824097717,0.01260767647171329,0.01356696081639017,0.00958314419894113,0.009091668736333684
64,0.041710887,0.05093539,0.081310846,0.08090989,0.024088686,0.025287334,0.052362457,0.050617564,0.65351707,0.64356977,0.02989526,0.036357537,0.11711479,0.112322494,0.04247495,0.05099249,0.08054514,0.08091317,0.024609623,0.0252895,0.052871842,0.050554443,0.65109366,0.64344275,0.030529918,0.036363292,0.11787489,0.11244436,0.0815631,0.09408322,0.004702818,0.0032019238,0.00364283,0.0035086584,0.22496645,0.22807063,0.46518835,0.4637272,0.035150807,0.032112118,0.18088606,0.1631776,0.006987389740146161,0.010863203757807607,0.00567370855901356,0.0062121498429100145,0.01044235325618424,0.014548924015831965,0.014353621246374482,0.014247174625838303,0.009354255968975983,0.011601633289675834,0.009046105374261764,0.008794552985695757
65,0.040424045,0.052393913,0.07054898,0.06872214,0.026080472,0.04261864,0.04872902,0.06122052,0.6553955,0.626219,0.034306355,0.037605457,0.12451565,0.11122041,0.040382955,0.052377213,0.07119018,0.068673894,0.026362604,0.04258544,0.049133424,0.061254703,0.6533098,0.62608683,0.034539506,0.037586216,0.12508151,0.11143571,0.0797375,0.07488013,0.004064129,0.0035985967,0.004206968,0.004261952,0.22868186,0.22630487,0.4591641,0.4667553,0.035744056,0.03654344,0.18290196,0.17565535,0.008317184594067101,0.010146683524033247,0.004289826473059251,0.006062973744919837,0.011335742487289047,0.014671407075057749,0.014785490075282072,0.01569618546579834,0.011275758315933661,0.011111671225755014,0.007559134361775533,0.008668672834393
66,0.039065387,0.05173798,0.071701586,0.08508587,0.02475548,0.0271201,0.04827966,0.06124604,0.6553281,0.629706,0.026402585,0.034358792,0.1344672,0.1107452,0.03979397,0.051789645,0.07202648,0.08512177,0.025053188,0.027096076,0.04902658,0.06132826,0.6521204,0.6295557,0.026660109,0.03435954,0.1353193,0.11074896,0.08280845,0.077344425,0.0030675484,0.0026916612,0.003959749,0.0039271284,0.2353523,0.22685945,0.4482412,0.47215316,0.026587294,0.03231414,0.17895338,0.1757009,0.007710155916734751,0.008942671503909996,0.005355159482226329,0.006190271953209972,0.01145293291813621,0.013199662430979205,0.013809188384480848,0.011870108971301793,0.010388259513979802,0.010514831703609057,0.007849941098918454,0.007558913638849358
67,0.048720963,0.054547045,0.09147842,0.0811135,0.021073656,0.023943793,0.051447816,0.060596276,0.6373772,0.6230271,0.024830362,0.030349117,0.12507156,0.12642317,0.04922704,0.054550763,0.091131546,0.0811137,0.021274913,0.02393969,0.052069552,0.06059509,0.6347632,0.6230115,0.024998192,0.03035484,0.12653555,0.12643437,0.08720527,0.08231406,0.0043213917,0.0046516894,0.004862616,0.0029522919,0.21481974,0.22230947,0.4632093,0.47245213,0.03353458,0.031665668,0.16955385,0.17443638,0.008631282988911602,0.010179338478162847,0.00557705305180905,0.00743312307765828,0.012679612508795918,0.012798933418081838,0.012849521042924908,0.01447438244326035,0.009653605343249107,0.010811370341554173,0.008021224676850429,0.008357456641671868
68,0.04315221,0.05574124,0.07563637,0.10903069,0.018242102,0.035571642,0.04616369,0.04218976,0.66784805,0.6117677,0.026903816,0.033319693,0.12205381,0.11237923,0.044342913,0.055745367,0.07507819,0.10903021,0.018730635,0.035571575,0.04705917,0.042192437,0.6641145,0.6117275,0.027450994,0.03332523,0.12322363,0.112407714,0.07726596,0.091812454,0.0026034259,0.005260033,0.00333177,0.0049408674,0.20988366,0.20278436,0.48199373,0.48755822,0.029729303,0.036452316,0.185817,0.16843955,0.008229443734399293,0.010448550980432465,0.004913313212224832,0.007342646138213881,0.010979910161314402,0.014734877983154523,0.01414631023908553,0.014625617374395446,0.00907844820707739,0.012180277741139311,0.008917926515957686,0.008941959550654594
69,0.054768216,0.0544057,0.0939408,0.0953923,0.032204967,0.034751624,0.060481843,0.04950916,0.6154231,0.608492,0.026817009,0.040726174,0.116364054,0.116723046,0.05544292,0.054415,0.09402411,0.09529322,0.032926563,0.034800176,0.060668398,0.049558986,0.612568,0.60835636,0.027817586,0.04073148,0.116552405,0.11684476,0.09139826,0.090425946,0.0034410604,0.004781729,0.0059984806,0.0057138945,0.22431535,0.21929258,0.46477783,0.45499465,0.02826526,0.041709594,0.1691855,0.16501722,0.009971829081796424,0.01010496508417065,0.006688237235277239,0.0065409267118286055,0.014271243865506367,0.013318789954273094,0.015426749125265177,0.015344198841508694,0.01210240299711652,0.011535764036457436,0.008208382214335055,0.009339698015115104
70,0.043593977,0.04662756,0.078798294,0.075977854,0.030984337,0.022959279,0.06291852,0.045803756,0.6169201,0.6719446,0.031727992,0.029454486,0.13505673,0.10723247,0.045126885,0.046613734,0.07861204,0.07600073,0.030130176,0.022930933,0.064012446,0.045872215,0.61323637,0.6719159,0.031837787,0.029444389,0.13704425,0.10722208,0.07778623,0.08268455,0.0033628969,0.0043432433,0.0033367786,0.0029104988,0.25146255,0.22004688,0.43622077,0.4896588,0.035935,0.026420504,0.18243508,0.16548014,0.0074962306065029915,0.008002936368953776,0.005117644613969088,0.005800403168342171,0.011816872973968983,0.012170835432765629,0.0169139325400296,0.014337392123316367,0.011379957804547449,0.009857200211031182,0.009856360083995252,0.00816730416414331
71,0.09071355,0.05704663,0.117266044,0.0854699,0.036650453,0.025188826,0.031925626,0.051001053,0.5726339,0.6287349,0.0449352,0.03603715,0.10587521,0.11652151,0.090994306,0.05703983,0.11722695,0.08550328,0.036600184,0.025191093,0.032239582,0.051078275,0.57133037,0.62863696,0.045282517,0.03603253,0.10632611,0.11651801,0.11464264,0.08573522,0.0045949677,0.0040348433,0.005879883,0.0046633654,0.19291563,0.21970594,0.47622648,0.4847889,0.04340195,0.03380498,0.15962993,0.1483414,0.013430514618211183,0.010217556823972776,0.008354115866605144,0.006294468045994732,0.015006898744018931,0.014123690916560646,0.013624800987744037,0.015449827410893357,0.01404484613624702,0.012365232949841726,0.008353626542396351,0.009322447329395633
72,0.045941986,0.04989823,0.079633854,0.10578359,0.026723187,0.03177896,0.06168168,0.039781176,0.6197029,0.6350789,0.03737071,0.03285515,0.12894574,0.104823984,0.04625812,0.04989446,0.07918055,0.10578287,0.02685424,0.031778943,0.062726125,0.03978126,0.61746806,0.6350225,0.037641175,0.032855056,0.12987174,0.10488489,0.08444472,0.09463088,0.0029031807,0.0062824553,0.0049989074,0.006761391,0.25288767,0.20037174,0.43023875,0.48350888,0.03315373,0.033480566,0.1693971,0.16193947,0.010018973592378903,0.010559325000021023,0.006401322905371586,0.007123121402804973,0.013732932167876745,0.014169773280909303,0.013517686234503824,0.013363156499590158,0.011183999049641917,0.012386905187611178,0.008004307691112768,0.008324998514630522
73,0.04512158,0.07037011,0.07448299,0.10887571,0.032991685,0.03907195,0.06295204,0.039887257,0.6558598,0.5968217,0.030374315,0.03545417,0.09821757,0.10951912,0.04608716,0.07041914,0.07477696,0.10889123,0.033391677,0.03906729,0.06345058,0.039892126,0.65202034,0.5967571,0.030892711,0.03545787,0.09938056,0.10951523,0.088892505,0.09802078,0.003477764,0.0049927644,0.00898231,0.008303205,0.22970867,0.21854019,0.4531676,0.47027367,0.033320807,0.036003426,0.17145786,0.15153873,0.008203603836183914,0.010183304408020462,0.005232170210254575,0.007286427545636001,0.012115657876077084,0.014248446537506624,0.011644156923832595,0.013120344467683911,0.010130182208998898,0.011672407423375858,0.0074557627869827675,0.00795953866817908
74,0.05264706,0.059542272,0.07261879,0.08882762,0.023867434,0.03696432,0.048908617,0.044875205,0.65572137,0.6218353,0.028339753,0.036058348,0.11789701,0.111896954,0.05372407,0.059592914,0.07289878,0.08888262,0.024040263,0.036998138,0.04862411,0.044848982,0.65413743,0.62169206,0.028404046,0.036093105,0.11817132,0.11189218,0.07576759,0.088895835,0.0026974394,0.0047073714,0.0050772405,0.0045685326,0.20987022,0.21065007,0.48353592,0.474138,0.024105273,0.036545012,0.1884132,0.16507713,0.009570435335275117,0.011792403654768524,0.005871411690137248,0.00836602202592156,0.014457320665336634,0.015717951010348747,0.014689450615162853,0.014108370951149614,0.010411369940521175,0.012925258283049277,0.008055389354885674,0.007050148858981034
75,0.0543937,0.053873442,0.09235828,0.08418756,0.03250948,0.03920293,0.036197625,0.057163566,0.6331466,0.6102214,0.031332843,0.037523344,0.120061494,0.11782776,0.05448677,0.053873565,0.09214742,0.08418657,0.032779027,0.039202943,0.035813626,0.05718349,0.6323874,0.6101009,0.032092843,0.037523773,0.12029289,0.11792872,0.08730936,0.07929697,0.0031619573,0.005133394,0.0045979135,0.0055068987,0.19318768,0.23719434,0.5097219,0.48225358,0.028548812,0.03454483,0.17432967,0.14453632,0.009693924064038432,0.01007209765526796,0.006484670786903737,0.006352183477558958,0.014523597783723365,0.013808727448426192,0.012081742202147795,0.013854784245244544,0.010843503125942403,0.011328740889585511,0.007306765339950208,0.00834175661578733
76,0.044802807,0.057126127,0.084881075,0.1116791,0.025907652,0.03249597,0.05040806,0.047824718,0.63708234,0.6082047,0.03228582,0.032101184,0.12463224,0.11056819,0.0453441,0.057126928,0.084376685,0.11167982,0.026542705,0.032496024,0.050393403,0.047824107,0.635835,0.6082051,0.032630455,0.03210168,0.12487769,0.11056638,0.08830017,0.096400075,0.004951383,0.0065859156,0.005251259,0.0039277095,0.21705426,0.22486405,0.4731347,0.4656885,0.032558687,0.035619546,0.16899122,0.15633383,0.010871265733282585,0.010131393767540806,0.0069526668461393085,0.00755453866844941,0.013447955493536123,0.013867579751589209,0.015006753485869287,0.013146638102063072,0.00953021155786251,0.012190897776615446,0.008201237838323881,0.0075196585560408915
77,0.04661889,0.06023537,0.07990493,0.09691938,0.023503643,0.038242765,0.061278604,0.050457653,0.6484641,0.59894025,0.030827984,0.03949794,0.109401874,0.11570666,0.047709573,0.060185757,0.080283195,0.0967933,0.02383253,0.03823708,0.062040273,0.05043879,0.64514905,0.5989302,0.03116755,0.03949603,0.10981784,0.1159189,0.08161125,0.0906214,0.0028327878,0.0041874587,0.0045710676,0.0057841144,0.23246577,0.20682009,0.45661035,0.48113316,0.031808008,0.038764253,0.174106,0.1602911,0.00928107625375218,0.012512935253641206,0.006392175136318184,0.008141462101092026,0.013380001418957422,0.01663571299646065,0.012368115745784704,0.014793491060580246,0.011282233261989393,0.013494836188921598,0.006831640628245802,0.00903288621210088
78,0.055219714,0.05527619,0.08826529,0.091037236,0.03603695,0.04617257,0.04144428,0.05547624,0.6242982,0.60333896,0.030131565,0.046336632,0.12460404,0.102362156,0.05729358,0.05525536,0.0887965,0.091011815,0.036250785,0.04629418,0.04215939,0.055567715,0.6195825,0.6032059,0.030618401,0.046308722,0.12529887,0.102356285,0.098774455,0.08591904,0.004646765,0.0054205307,0.005876864,0.0071672183,0.20228602,0.21853325,0.47473004,0.46799076,0.0398959,0.03901348,0.16453652,0.16505589,0.010641100589632942,0.01013752073524345,0.00651410609348536,0.006881803829716508,0.014760678308590427,0.014940915382178906,0.012932765507674398,0.015554056945255934,0.011791717607902215,0.011016338668606709,0.008256557126267607,0.008916487591662138
79,0.054228462,0.053473607,0.11295905,0.07792155,0.039606586,0.026964294,0.05117404,0.038384233,0.5914773,0.6687621,0.03184441,0.03668514,0.11871018,0.097809084,0.054461416,0.05347715,0.11341462,0.07794907,0.039797224,0.026965123,0.052177597,0.038386345,0.58904094,0.66872716,0.03184801,0.03668742,0.11926018,0.09780777,0.0859531,0.100900285,0.0051945257,0.004223489,0.0062852115,0.0028794727,0.20936829,0.20406574,0.454428,0.49527222,0.03527572,0.03721489,0.18943202,0.15384123,0.011224716051473885,0.007989684583221081,0.007173873145980878,0.006075304253324094,0.015095593756007667,0.014133023445279185,0.013806341984936982,0.01448012756055851,0.0137724167864975,0.012015599345430507,0.007489418549953753,0.007120744229919781
80,0.059042536,0.07016969,0.0880878,0.0998448,0.03495097,0.04075786,0.03562216,0.041812442,0.63469,0.58720577,0.027250722,0.040701363,0.120355844,0.119508065,0.06017361,0.07017002,0.08821334,0.09984552,0.035164163,0.04075885,0.03640791,0.04181282,0.6322381,0.5872048,0.026861787,0.040702045,0.12094107,0.11950593,0.096248835,0.09402834,0.003622517,0.005838747,0.006570294,0.0065687057,0.18962054,0.19925965,0.4785253,0.46883956,0.029248616,0.0434412,0.184114,0.16014214,0.01165299069274108,0.012251663647076975,0.0067569100450935666,0.006481110383602868,0.013881073541509087,0.017485536368338894,0.013944658247843586,0.01470655796580836,0.011319723582242038,0.012626472522749616,0.007654819373071633,0.010151392817692659
81,0.04587205,0.06413106,0.08133516,0.09853214,0.023150224,0.03802348,0.039505005,0.05004978,0.6730991,0.5865809,0.022473127,0.04230609,0.114565365,0.12037656,0.046856046,0.06413367,0.081341624,0.098530665,0.023664063,0.038026795,0.039350674,0.050083905,0.6698081,0.58652306,0.022747653,0.042307228,0.11623186,0.1203947,0.09262234,0.08822403,0.004951685,0.005348092,0.0032986347,0.0055226465,0.20728098,0.20135517,0.46999463,0.49214196,0.028536621,0.035737336,0.18290363,0.15595502,0.007910539276377644,0.01016075929349859,0.0047764240848327125,0.008073065288940187,0.011434678976485447,0.01491369045079571,0.012946425367707294,0.01318299820065582,0.009885051380092998,0.01253128130957856,0.007981115710213468,0.008601645032793842
82,0.057843916,0.048972927,0.10096725,0.08467845,0.026223514,0.02753917,0.03609418,0.06082738,0.6256996,0.6123565,0.026890839,0.04121469,0.12628073,0.124410875,0.059156287,0.04897416,0.101201065,0.084683366,0.02590014,0.02753869,0.036217984,0.060832225,0.62243634,0.6123502,0.028195089,0.041216806,0.12689309,0.124404535,0.09549614,0.07849371,0.0040550414,0.0037964508,0.0058701737,0.0043765535,0.20562842,0.23602632,0.4751808,0.46087784,0.028082872,0.04075886,0.18250425,0.16490464,0.010193711232584305,0.009945660407914558,0.007223554077775529,0.006975774554788973,0.014256119223874557,0.014301687357604802,0.013614826612944081,0.013840665835252869,0.00974177202248281,0.011758196152343544,0.007892549971379989,0.009104885465846035
83,0.052274328,0.070311114,0.073691405,0.09985698,0.032037426,0.030090006,0.053805068,0.057297386,0.63438314,0.59114754,0.025371905,0.04786651,0.12843674,0.10343048,0.052826103,0.07030509,0.07406453,0.099725656,0.032215904,0.030076377,0.054821584,0.057297047,0.63090026,0.5910689,0.02540117,0.048089594,0.12977043,0.103437334,0.08360877,0.095409065,0.0036858134,0.004472585,0.0068326485,0.0041113184,0.20429859,0.23143715,0.47693977,0.4575487,0.029911999,0.038111877,0.17781742,0.14533404,0.008661096601018046,0.012594530430609728,0.0058414018831582,0.008410611877799184,0.013090326865373118,0.015971539564069867,0.014199692130559207,0.017792499641477808,0.00968925513368713,0.013231637206605739,0.009557729173273641,0.011289879809796528
84,0.04414863,0.04381479,0.07484088,0.089608654,0.025033792,0.023341144,0.049221165,0.06170288,0.64150834,0.62851447,0.030432722,0.033377584,0.13481447,0.11964046,0.045136783,0.043814596,0.074726716,0.08960874,0.025485083,0.023341153,0.050232913,0.061702732,0.6393851,0.62850446,0.030557802,0.033377558,0.1344756,0.1196508,0.091344096,0.088611454,0.0030762178,0.0037460383,0.0025704184,0.0038277733,0.22576495,0.24184832,0.45893568,0.45971316,0.034302857,0.032320388,0.16878793,0.15804358,0.008586314887823219,0.01009039172621093,0.005550913543085732,0.007426392479733759,0.013210484551967576,0.013786145406486944,0.013803289004903064,0.015359339109836532,0.01074356397763236,0.012432995355855004,0.00815583450397722,0.007643175417702537
85,0.045570493,0.047955625,0.08241724,0.07728764,0.02771504,0.038522407,0.059582654,0.062184304,0.6344179,0.62789524,0.025979025,0.042508338,0.124317616,0.103646435,0.04587988,0.047954127,0.081603676,0.07727513,0.028196752,0.03852286,0.06050664,0.062234525,0.63248307,0.6279051,0.02655693,0.042512022,0.12477306,0.10359622,0.08461818,0.077429645,0.0035083022,0.00416935,0.004965145,0.0040077227,0.24729386,0.24228346,0.43365055,0.47599962,0.026610855,0.035642993,0.17390388,0.14364913,0.009172378068260777,0.008269595062372128,0.005146290124178909,0.005380679835512333,0.010652953583432071,0.013922693042976811,0.016153015474066078,0.0154054987020761,0.011569689307190476,0.011354741733074184,0.009330596652155904,0.008350706602124943
86,0.04560815,0.077446274,0.08444878,0.11489239,0.025020259,0.03715517,0.056135092,0.05131852,0.62436867,0.57691014,0.03472915,0.043664746,0.1296899,0.098612785,0.046211082,0.07744839,0.0843475,0.1148969,0.024567708,0.03715494,0.05738873,0.05131812,0.62070376,0.5769067,0.03545866,0.043665417,0.13132255,0.098609544,0.087660365,0.09396013,0.004559398,0.00427333,0.003452218,0.0044452483,0.2300936,0.21737012,0.45191666,0.46044326,0.036576252,0.036123253,0.17164518,0.1623773,0.008195689810969697,0.013695598730361695,0.005815607012225162,0.00897101060048336,0.011106143993185408,0.018156608554110578,0.01461350770558424,0.016023298514493002,0.009071636271800281,0.014119852886088729,0.006371283735998373,0.008393202211813045
87,0.052059345,0.04660563,0.09031225,0.08701045,0.030727334,0.021559373,0.05601798,0.074143596,0.60725415,0.6147229,0.0276822,0.040199578,0.13594669,0.11575847,0.052481588,0.046608884,0.09081331,0.087009326,0.031586695,0.02155866,0.05621095,0.07414308,0.6047847,0.61471844,0.027663795,0.040199827,0.13645895,0.11576176,0.08101332,0.08301807,0.004294825,0.0046321787,0.0075892187,0.005474623,0.22798748,0.24484466,0.46312326,0.44445646,0.028513065,0.04026995,0.17369618,0.1551422,0.00929289581556571,0.009889784562638502,0.0074344863632357025,0.007289531175039637,0.012880128724049447,0.013596487657020264,0.016122338676234513,0.01480041903075077,0.010704964191952463,0.012565599809947103,0.008862555284300742,0.010008433081750782
88,0.048829563,0.059445478,0.08444339,0.092151836,0.02797572,0.038791724,0.05503201,0.051433913,0.6394117,0.60131395,0.029369378,0.044773463,0.11493823,0.112089634,0.04933584,0.059439134,0.084949605,0.09214685,0.028044177,0.038790047,0.055279106,0.051422965,0.63733953,0.6012631,0.029772524,0.04483877,0.115279205,0.1120991,0.08321397,0.09016917,0.0045316415,0.0056352555,0.0046970495,0.005752412,0.21549162,0.21411568,0.45804533,0.46160582,0.029823594,0.038005542,0.18463579,0.16370852,0.010039292937699755,0.011021443889676751,0.00674641770959665,0.007780650728537278,0.013496893863890809,0.01694002611238257,0.017729539124499004,0.014544864488823434,0.012390469923192041,0.012696251896734864,0.010249522757019215,0.008897910555248573
89,0.06834418,0.06171367,0.09901981,0.10566971,0.040176746,0.027390953,0.041173957,0.04188865,0.607483,0.63099504,0.030449018,0.030829461,0.113353245,0.1015125,0.070197396,0.061902724,0.10039062,0.10565116,0.04004783,0.027394136,0.04166588,0.041888308,0.6031186,0.6309441,0.03093717,0.030833673,0.113642514,0.101385914,0.09580819,0.1065177,0.0040053837,0.0055078752,0.007258665,0.0047087083,0.20632346,0.21697277,0.4641066,0.47096398,0.030103462,0.035517003,0.18135248,0.14552692,0.00994024889909971,0.012082161254184801,0.007086390444727452,0.007450810470287259,0.014898096518690342,0.017061105664997526,0.015700984297056682,0.013274945266812199,0.011350151635816269,0.013616163055699054,0.009538482543608262,0.007617529494144272
90,0.056288373,0.05651736,0.0855163,0.080947086,0.033320434,0.025385832,0.05846191,0.04877222,0.60922897,0.6341078,0.032373145,0.037618633,0.12481086,0.116651036,0.057035286,0.056514192,0.08589313,0.08095025,0.033430945,0.025384964,0.059068687,0.048757527,0.60674506,0.63412106,0.032493785,0.037618715,0.1253331,0.11665331,0.08986377,0.08813744,0.0047947518,0.004525287,0.0039743143,0.0037712953,0.21953347,0.21125999,0.45677114,0.48702124,0.036787827,0.036110368,0.17799522,0.1628718,0.01088133253028807,0.010703210667460918,0.006682170756275565,0.005616016838531128,0.013403167780991477,0.011829021504914352,0.017186390508696834,0.014269781677028373,0.01109013810964076,0.00990152028319958,0.00852309411729219,0.008872767222161569
91,0.049929924,0.058238935,0.07802936,0.10305612,0.0344143,0.03019642,0.04846663,0.042744413,0.6387096,0.6188257,0.026138434,0.031128788,0.12431172,0.11580964,0.050368927,0.05828538,0.0792109,0.1030646,0.0341201,0.030190822,0.049181603,0.04273919,0.63516235,0.61877054,0.026469681,0.031127557,0.12548637,0.11582191,0.0783817,0.09301193,0.0041915034,0.005531034,0.006988868,0.0052978406,0.21014826,0.20131195,0.46804175,0.48908743,0.027878912,0.029641341,0.1846892,0.16424079,0.010283312608872433,0.011053044395392944,0.007414750583722075,0.00785728396162109,0.011232765812430847,0.015092101486084947,0.016120657757150485,0.015775298587768476,0.011932906661377215,0.013268101967729444,0.010906165480603478,0.008886729775958955
92,0.034130868,0.06452963,0.07896376,0.09561109,0.028730085,0.039496586,0.074467264,0.041463446,0.6134554,0.60849565,0.030646183,0.037402302,0.13960646,0.11300126,0.034380335,0.064530045,0.07919998,0.095589966,0.028858418,0.03950126,0.07483375,0.04146397,0.6115643,0.6084903,0.031051636,0.03741393,0.14011164,0.113010496,0.06865271,0.08779749,0.0052303234,0.004051259,0.0061037745,0.0066625234,0.25327232,0.2043158,0.44647792,0.5043518,0.030479465,0.031446356,0.17051607,0.15127824,0.007902062996189308,0.01054263803744433,0.005889211188138575,0.006865304674102374,0.01086045099260414,0.014865514505164868,0.01776310052656951,0.014570268342232465,0.010960798507187413,0.011865086688816287,0.011116766384160755,0.009624736107135429
93,0.05793867,0.060302097,0.09652799,0.10544268,0.024302313,0.02558037,0.053642076,0.037292555,0.61118686,0.6341552,0.024324493,0.035238236,0.13207763,0.101988845,0.058964953,0.06030084,0.09653498,0.10542458,0.024036976,0.02557709,0.055206828,0.03728993,0.6083806,0.63389045,0.024418246,0.03552847,0.1324574,0.101988636,0.09286123,0.103356756,0.005520611,0.0046185055,0.004869423,0.0038031647,0.22239564,0.18578467,0.4574712,0.50453866,0.032079317,0.034770336,0.17665578,0.1560822,0.009810627567110387,0.01141956745498473,0.0064883225189537805,0.007268043916614878,0.011520941373107614,0.015063118801944244,0.015366745632153374,0.013494601399727517,0.010752849102348841,0.013356417988632506,0.009461213349486424,0.00808852387873168
94,0.05810448,0.05278165,0.08535065,0.10353174,0.027328178,0.028116096,0.049917124,0.058561668,0.61285084,0.604979,0.033014096,0.039932873,0.13343461,0.112096965,0.059208136,0.052794006,0.08486058,0.10352618,0.027826203,0.028114846,0.05152873,0.058556687,0.6088941,0.6049013,0.033395477,0.039934486,0.13428672,0.112172455,0.089476325,0.10123091,0.0038736912,0.00526309,0.0038021046,0.0025092375,0.21637979,0.23280981,0.45843282,0.45816034,0.034049567,0.038043372,0.18306555,0.1489935,0.009066371653023986,0.012689321448005735,0.006901344225450426,0.008418500233909314,0.01265486546415727,0.01622577738166659,0.015189372037714588,0.015779718744274553,0.012236655327031977,0.013283474787563638,0.009347339640162211,0.010330254031975551
95,0.049332637,0.0625155,0.08455774,0.091654345,0.046004232,0.031131776,0.047862776,0.046779387,0.629228,0.60724634,0.030785527,0.04601375,0.11222907,0.11465886,0.050539725,0.062532976,0.08554547,0.09170475,0.045693345,0.031105984,0.048577253,0.046692323,0.6250798,0.6074767,0.03151272,0.04604952,0.11305168,0.11443779,0.086644836,0.1051966,0.006222282,0.006353584,0.007910372,0.0028260886,0.24023612,0.2127825,0.44314992,0.47203264,0.03991333,0.046639323,0.15552193,0.14558834,0.009360101874619844,0.011970020477579064,0.006412239188345222,0.007622873700787076,0.012220921333136148,0.01660965295634519,0.015293314037426295,0.014225976034685082,0.010763356088771827,0.012735543488707066,0.008884913872911022,0.008996291724000856
96,0.051914293,0.045810834,0.0862805,0.09053541,0.033766914,0.026952283,0.050699566,0.059222117,0.63081664,0.6160517,0.029862452,0.03446568,0.11665967,0.12696198,0.053408023,0.045924995,0.087585695,0.09066711,0.034542434,0.027001869,0.05143489,0.059456088,0.6256111,0.6153829,0.029722044,0.034506146,0.117695816,0.12706088,0.08480126,0.08976503,0.003523636,0.0060227118,0.0085045695,0.004129107,0.20656061,0.22528812,0.47234794,0.47626513,0.03557009,0.03315478,0.17676578,0.14824283,0.00805263508125896,0.01031998338202946,0.005442261405690274,0.006858266949976286,0.012500000888943697,0.015367301317538735,0.016067678020510394,0.014676022929892856,0.009598192250065368,0.010913843288643676,0.008380653066479608,0.008970985056617056
97,0.050777305,0.056750223,0.075932026,0.08177327,0.032583997,0.034572817,0.041605186,0.038210727,0.6541256,0.63374,0.028762493,0.039331324,0.11621344,0.115621604,0.05172299,0.056804013,0.076268524,0.08186456,0.03291719,0.03455411,0.042131398,0.03816117,0.6506489,0.6334253,0.029383909,0.039323185,0.116927125,0.11586767,0.08362413,0.08283417,0.003951756,0.004708603,0.0054976796,0.0040403144,0.21966627,0.20105317,0.49491057,0.50831294,0.026478743,0.030724492,0.15119398,0.15985756,0.009411017792205848,0.010758159550228038,0.0061013949824491945,0.006758241825921686,0.013467007035029389,0.016109917672212804,0.014898825687630495,0.015199211346971768,0.010669877939060933,0.012427429295473979,0.009741951655847706,0.009399571365138125
98,0.05832533,0.05650597,0.08614963,0.10242502,0.035775084,0.03173399,0.050609086,0.050541256,0.62481105,0.6006069,0.022167807,0.04400124,0.12216198,0.114185624,0.060075365,0.056473695,0.087016895,0.10245308,0.037078615,0.03175248,0.050857,0.05065134,0.62010217,0.6004309,0.022459812,0.04401647,0.1224101,0.11422205,0.08390836,0.09710086,0.0046038367,0.005048866,0.0050013256,0.0049727587,0.21749675,0.21209097,0.46524692,0.47394782,0.027247688,0.044988003,0.18098336,0.1501321,0.009313746869020385,0.010470025801768607,0.005956714210586531,0.00725576716740557,0.013656503769376336,0.015904196237521786,0.01407905492676307,0.01568623837150132,0.00979799683862755,0.013107451409718921,0.0078570516812105,0.008414042571850843
99,0.046554916,0.06375044,0.06578115,0.11148557,0.041753978,0.035565883,0.0500801,0.04944226,0.6712523,0.5992725,0.02298618,0.03869011,0.10159133,0.1017933,0.04894353,0.06374264,0.066036135,0.11181958,0.043099247,0.035359226,0.050619595,0.049441732,0.66473657,0.59918267,0.023297975,0.038555898,0.10326697,0.10189824,0.07896663,0.09597811,0.00268906,0.004833116,0.006825631,0.0034355866,0.21877901,0.22296989,0.48994914,0.4679108,0.027944958,0.035410777,0.16330962,0.15536879,0.00840655641446974,0.012993822926945462,0.005652291296947931,0.007911374977761388,0.011109018022862408,0.017256778481227208,0.015284097395883859,0.015011165056868735,0.009131204838106425,0.014017092632099415,0.008940136291951001,0.007655850345937268
100,0.06484781,0.061149467,0.10023931,0.09749977,0.037247177,0.029076267,0.03370815,0.04488103,0.6066337,0.6145914,0.03393184,0.0346331,0.123391986,0.118168935,0.06426725,0.06119743,0.10112046,0.09768269,0.037726115,0.02911776,0.034536257,0.04487367,0.6029212,0.6141056,0.034863092,0.034703016,0.12456564,0.118319824,0.10328123,0.1016278,0.004593247,0.0036665555,0.008018722,0.004506622,0.19437355,0.20489325,0.48590598,0.48659232,0.041258864,0.03716138,0.15665555,0.15487552,0.00924185734768243,0.012252542827120481,0.006953711495178149,0.008177000176404499,0.014362210142921373,0.015290701344095011,0.015127745810540867,0.015512650800089237,0.011444966884194639,0.012941972439376332,0.007813634271294532,0.0085254919605991
101,0.066630006,0.0706299,0.10107036,0.11026303,0.02810943,0.031281866,0.039590243,0.033201512,0.63075614,0.61105925,0.025192859,0.037590146,0.10865096,0.10597429,0.069008954,0.07063934,0.10230533,0.11032248,0.02825628,0.03126936,0.040392898,0.033249475,0.6263303,0.610991,0.02554968,0.03759351,0.10815654,0.10593479,0.09418764,0.101985134,0.00536158,0.0068113487,0.0053946166,0.004689521,0.19668928,0.19649531,0.48717314,0.4786688,0.03285538,0.03773081,0.16318795,0.15713155,0.010833676380074183,0.01225740052691097,0.008114675271445562,0.007849518420257292,0.012924096071739314,0.016979783987579027,0.01513829403215694,0.013412490264308373,0.011281307988037895,0.012908976787069674,0.008070821683719628,0.008158179284782281
102,0.048560817,0.054055337,0.0882838,0.09610824,0.02696618,0.029687593,0.043238044,0.05582298,0.6500296,0.6033269,0.03397182,0.043631695,0.10894972,0.11736721,0.049382724,0.05425398,0.0894151,0.096508734,0.027134117,0.02960471,0.04395667,0.055906024,0.64569217,0.6028289,0.03435271,0.043597877,0.11006652,0.117299706,0.09632403,0.09476961,0.0034218563,0.0068055987,0.00553935,0.0036362705,0.21321133,0.21777038,0.47379622,0.45998937,0.037247077,0.041681126,0.15608194,0.15707469,0.009039327887471764,0.009910298133686607,0.006203948076924267,0.006874262029185967,0.011925420749535965,0.011824892284039155,0.014199207091866955,0.013876117895049672,0.011586143671805224,0.010381049567975779,0.008592615087943137,0.008569373183423044
103,0.05104054,0.075528085,0.0751863,0.11198604,0.026141832,0.03973688,0.055316903,0.03803746,0.63249975,0.5708988,0.030874042,0.043951347,0.1289406,0.119861424,0.051956713,0.07588782,0.075452074,0.11172722,0.026562596,0.039754447,0.056281682,0.037882023,0.6295027,0.57087046,0.030486286,0.04394613,0.12975793,0.119931884,0.08966047,0.10257262,0.0058220113,0.005883698,0.0036917117,0.0062978594,0.22318813,0.1953255,0.46113238,0.47522956,0.032626566,0.042365994,0.17697673,0.15721451,0.009296180995095136,0.011659971480422492,0.00621219352853961,0.008222599827997109,0.011808049817258557,0.016644763510729542,0.013742369662370591,0.013945920237679932,0.00964333849994786,0.013522430215100611,0.007793421967412553,0.009276478208639798
104,0.041321427,0.04393537,0.077240035,0.08507039,0.023101455,0.027369479,0.05098721,0.055831198,0.66219753,0.6285123,0.026151344,0.032663412,0.11900099,0.12661782,0.042500693,0.044127308,0.077789925,0.08511444,0.023343522,0.027623136,0.05137509,0.05592265,0.65937144,0.6279801,0.026119921,0.03271238,0.11949945,0.12652,0.07221176,0.082567215,0.0040472625,0.0039716205,0.0023204498,0.0074004545,0.24408843,0.22984849,0.46074483,0.46181613,0.030133868,0.035140306,0.1748742,0.16502117,0.00808876109392979,0.010418662235260142,0.005350774274603734,0.006914331289638688,0.010888015823427254,0.012382729789802762,0.012515690897840197,0.015091054867122256,0.008907925167146053,0.012052098882318884,0.006447775112671758,0.009432140935365657
105,0.059590623,0.051304277,0.09802558,0.08833965,0.035521887,0.029447244,0.040548887,0.050941814,0.6141531,0.6222673,0.034037367,0.040241912,0.11812259,0.11745784,0.060611743,0.051758934,0.09839536,0.08853313,0.03566721,0.02945585,0.039908767,0.05111851,0.6109824,0.62102926,0.03452888,0.04027814,0.11990558,0.117826186,0.10011021,0.08686614,0.0055520725,0.0033925935,0.0053277095,0.005044799,0.20521778,0.20596665,0.48119175,0.48216158,0.034141354,0.037839755,0.15782994,0.16389713,0.010171718220535437,0.01047279736880778,0.007004868436650858,0.007041234668559375,0.014839316948355337,0.01462394851433988,0.014443431956791706,0.017134392206238632,0.011412337990855163,0.013384608528867767,0.00741974132384334,0.01003886323242347
106,0.05572744,0.058024228,0.091339886,0.11010575,0.047262117,0.023274472,0.04162763,0.053921185,0.6228038,0.606002,0.032551255,0.035984017,0.10868788,0.11268841,0.05761753,0.05803685,0.09172829,0.11013398,0.048127525,0.023294201,0.042911716,0.053927157,0.6174886,0.6061979,0.032795977,0.035881877,0.1093303,0.11252804,0.08506489,0.1013744,0.004674245,0.0053826687,0.008597275,0.0058982186,0.20145372,0.21004383,0.48331094,0.488858,0.032715037,0.03729428,0.16490589,0.14063796,0.010624760616600983,0.010566533212903436,0.005729769313888901,0.0075839726702558756,0.014662257988461883,0.014780133850754466,0.015634555586934926,0.01203717202016149,0.011843290030259118,0.012063728453264831,0.009763603666244442,0.008501726243482787
107,0.063572474,0.05393058,0.0907297,0.09227652,0.030581597,0.03235593,0.041288216,0.04778886,0.62909603,0.62051344,0.027757632,0.035578303,0.116974354,0.11755636,0.06434091,0.05408612,0.09208322,0.092355974,0.03048294,0.032367013,0.041750196,0.04779164,0.62581754,0.6201623,0.027519545,0.0356074,0.11800564,0.11762953,0.09533883,0.088399746,0.004179635,0.0043473486,0.0042196736,0.0048438665,0.20185705,0.21134065,0.4778913,0.49612534,0.03214333,0.032765932,0.17075141,0.14709052,0.01094225847140417,0.010146555635064058,0.006690661170711601,0.008832547162557143,0.013472443714222784,0.013439190150464781,0.013526836865688804,0.013162011994139083,0.010221035562944247,0.011414665426340436,0.008205899949373256,0.008737251372056453
108,0.073694766,0.06095803,0.10755078,0.09337101,0.03364299,0.027531246,0.0357068,0.055452988,0.615286,0.5917639,0.032590114,0.04313375,0.10152857,0.1277891,0.07411929,0.060828857,0.10822807,0.093323655,0.033959694,0.027577486,0.03655105,0.055424258,0.61216605,0.59182173,0.03251883,0.043160677,0.10245698,0.12786336,0.09755708,0.09114877,0.0053820815,0.0066790637,0.005243093,0.005021015,0.18342772,0.20830931,0.50362676,0.4802098,0.034340292,0.038911343,0.1603229,0.15548539,0.012717587846574209,0.01028064167697508,0.007653320567655131,0.007815975163401873,0.015876046467633347,0.014889430559711963,0.01311812581332938,0.012465042360492184,0.012418948787541958,0.013202536551493732,0.008312233686190763,0.007685722269924989
109,0.070911445,0.049803864,0.10770076,0.091115534,0.031703938,0.02519385,0.041851375,0.049734224,0.6153534,0.62105364,0.035134073,0.040233362,0.097344965,0.12286556,0.07281187,0.049913567,0.109164685,0.09109703,0.032663345,0.02525498,0.041622207,0.049858827,0.6100713,0.6205064,0.035829846,0.040330194,0.09783675,0.12303896,0.10759169,0.08397474,0.0050949273,0.004907167,0.004339784,0.003760508,0.20704295,0.21279359,0.45594966,0.4844401,0.03807026,0.03993707,0.17209184,0.16017437,0.012576376163477737,0.008946454965989625,0.008558491071295679,0.006404533425350513,0.014126079898146373,0.013659440025294678,0.014842033669587097,0.01615992225540197,0.01330860292677893,0.013642746775519307,0.007664105909477895,0.009195255463583449
110,0.058544353,0.055111464,0.09721831,0.10046826,0.026397968,0.023590472,0.04915703,0.053854443,0.60635996,0.6152704,0.033169486,0.03151423,0.12915291,0.12019081,0.060042527,0.05513918,0.097819276,0.10040118,0.02680997,0.023590324,0.0497073,0.05391501,0.6007249,0.61527205,0.033738136,0.03151139,0.13115793,0.12017086,0.1011297,0.09341219,0.00505995,0.0057532922,0.0048767114,0.0031688535,0.21539158,0.20046785,0.46027526,0.48234072,0.037748497,0.032611847,0.16131173,0.1668666,0.010716094056303263,0.010418792627481644,0.007589321913656771,0.006661596537002309,0.014079335241884016,0.014950070919634077,0.01490758755832208,0.0144822457773935,0.01187409696502748,0.01262935873420205,0.009041383489353494,0.007703618667415441
111,0.06254421,0.07021451,0.10992356,0.09152824,0.026133541,0.026771218,0.03388863,0.041717224,0.6200133,0.60944355,0.03489548,0.03612997,0.11260125,0.12419527,0.06435791,0.070229635,0.11061009,0.09160244,0.027046243,0.026782671,0.03413512,0.041734647,0.6155156,0.60931575,0.0353644,0.036170557,0.11297068,0.1241643,0.09728072,0.09142557,0.004724793,0.0047462257,0.0029589832,0.002803451,0.19587415,0.19782771,0.48971698,0.49879006,0.03482535,0.03737323,0.1664209,0.15887354,0.01117128488642026,0.01034619732246469,0.007990848038172082,0.007216231084445765,0.01405229854886333,0.012706590862311703,0.015392718403304391,0.01388494176102893,0.0127949258120315,0.011970888464378415,0.008153377228188027,0.008120236628196609
112,0.074704684,0.048898656,0.107476965,0.07319241,0.031337507,0.03182275,0.040604245,0.059623763,0.5899899,0.6329558,0.036763087,0.03394617,0.119123645,0.11956044,0.07644964,0.04888764,0.10813211,0.07331893,0.032056034,0.031826824,0.041043602,0.059629314,0.5860751,0.63292193,0.03711449,0.033947248,0.11912897,0.119468115,0.099496886,0.07151954,0.006966322,0.004514629,0.008345531,0.0039629578,0.19640902,0.2277893,0.47183308,0.47293988,0.04236744,0.03076875,0.15225795,0.16418178,0.010861447808272296,0.01017673975955899,0.007526461885068096,0.006875589532579495,0.012822385737308959,0.012050135672241495,0.013444480428221595,0.014863564780609106,0.011105422309496123,0.011654640142012198,0.007623780187311935,0.009381249034891806
113,0.050484136,0.06337733,0.08507711,0.111464016,0.027658049,0.03331487,0.038335543,0.037800714,0.6425995,0.58812785,0.031042917,0.04608887,0.12480275,0.11982634,0.05203186,0.063442536,0.08582893,0.11143165,0.02780759,0.033323877,0.039236933,0.037975002,0.63817656,0.587827,0.031722505,0.046114087,0.12519564,0.1198858,0.08901145,0.096737236,0.003815935,0.005661337,0.004273035,0.009133376,0.18884139,0.18633316,0.4949009,0.4737272,0.031868067,0.041135278,0.17846598,0.17166103,0.008733427794556912,0.01129760729515921,0.006010545127612605,0.010242590757193507,0.01159515041378137,0.015222728881641707,0.012999546517249915,0.015460802070640739,0.010183649233759941,0.013369329694530446,0.008218973745376779,0.00958363785862822
114,0.061412435,0.04983127,0.09484013,0.07787021,0.02915125,0.027080258,0.035422187,0.070335925,0.6457839,0.61257166,0.030081522,0.04138456,0.10330854,0.1209261,0.063511,0.049829125,0.096659005,0.07785916,0.029831119,0.027075026,0.036293246,0.07047888,0.6392039,0.6124734,0.031144746,0.04139108,0.103356995,0.12089328,0.10164451,0.08688633,0.0052597867,0.004309018,0.003901408,0.004990386,0.20732082,0.22836576,0.49130896,0.46241856,0.03347233,0.041157972,0.15615106,0.16257444,0.010372866932670158,0.009617333863735526,0.007638928016993926,0.00556107327342986,0.013819418483902975,0.013883652760258554,0.016186234238546662,0.013000482040307576,0.011285209255428055,0.011157809277296118,0.007786988185166206,0.007876603523239035
115,0.059652746,0.06171595,0.08362915,0.1169836,0.023934485,0.04548172,0.05668674,0.05427194,0.6273862,0.5752243,0.03274488,0.03810912,0.11596577,0.10821337,0.060016274,0.06172179,0.08431206,0.11700946,0.023771027,0.045487847,0.05687654,0.054273188,0.6260362,0.57518476,0.033067096,0.038100768,0.11592078,0.10822216,0.09714849,0.09251243,0.0038615628,0.006346934,0.0029396985,0.0069575273,0.21504366,0.21250844,0.4788062,0.46656215,0.035378065,0.044684075,0.1663179,0.16434446,0.010199373372758938,0.010443587063784157,0.0076994667502769025,0.007758166073720184,0.014299095574863143,0.018289129899090994,0.013825376556319631,0.013717864546308012,0.01160111292542107,0.012923114628997612,0.00861851123738765,0.007940999514756873
116,0.058177345,0.058439832,0.08401521,0.08433073,0.03094907,0.021203749,0.040200472,0.052914046,0.646042,0.6373977,0.031381857,0.03607592,0.10923407,0.10963797,0.05929631,0.058423527,0.08467822,0.08431751,0.032053594,0.021214297,0.041118678,0.052907806,0.6395441,0.63730913,0.032032575,0.0361976,0.11127652,0.109630115,0.085396506,0.08658304,0.003744691,0.003979356,0.0057788156,0.002783412,0.2024725,0.21672122,0.48798925,0.4815787,0.033541672,0.032795638,0.169193,0.15870923,0.009793477658239961,0.0099052944974647,0.00722829341957738,0.0070254924408124884,0.012647618492015275,0.012484414214590569,0.014112478859182102,0.01364010675999248,0.011222186420397484,0.011384728826304126,0.008182268611976962,0.008015457445302746
117,0.056050282,0.055342622,0.098590925,0.085362464,0.03575543,0.034712207,0.045941077,0.041427623,0.6046777,0.625096,0.032460194,0.033346232,0.12652443,0.124712795,0.057044256,0.055424634,0.09954776,0.08557784,0.03561953,0.03473707,0.0468342,0.041400414,0.6006706,0.6245678,0.032680355,0.03336197,0.12760332,0.124930285,0.09758151,0.07998758,0.0049228934,0.004577955,0.006795275,0.0049516982,0.21779981,0.20318002,0.45555726,0.4956892,0.04154973,0.03612064,0.16923685,0.1695122,0.00853790281257454,0.01023755231547374,0.005977935999709433,0.00685965552811672,0.013086518351342379,0.01462980860744525,0.013523129363477809,0.011548988271540292,0.010394050294106963,0.010644512725496573,0.007965348548752374,0.007743227335591445
118,0.060014494,0.060264364,0.09751944,0.10219184,0.031210545,0.036205117,0.053938344,0.048752062,0.61481184,0.6024802,0.024515018,0.035972804,0.1179903,0.11413365,0.061733317,0.060426563,0.098724574,0.10227478,0.03128645,0.036020257,0.054208506,0.048603322,0.61023706,0.60219187,0.02498808,0.036123164,0.11882199,0.11436006,0.09457874,0.095652774,0.004299024,0.005467652,0.0065375348,0.0063678017,0.21215458,0.2095803,0.46773967,0.4711234,0.031982403,0.035161484,0.16214691,0.16398053,0.010248562948826416,0.01112438768499798,0.006912464143732966,0.008900063462248477,0.01272850831752904,0.014959529560244168,0.015577135486386087,0.014352767401151371,0.012367945439237098,0.014149040097090025,0.008482559459971591,0.00973887399386498
119,0.058204535,0.04073221,0.094280966,0.07207085,0.028906645,0.026310336,0.038775217,0.06121163,0.6361084,0.63049155,0.035170797,0.03627173,0.10855346,0.13291171,0.0602013,0.040820148,0.09537569,0.072178714,0.029276073,0.026308334,0.039132416,0.0614275,0.63113964,0.6301974,0.035652228,0.03626618,0.10922264,0.13280174,0.103269316,0.07445513,0.005173407,0.0036875498,0.004917445,0.002580426,0.20174329,0.21771173,0.48371595,0.47925067,0.03163072,0.033563934,0.16176605,0.17429972,0.010962599997898458,0.009148150675074077,0.006136158621405856,0.006039348130386262,0.014894664013315972,0.011744724265588808,0.015209514494552994,0.014238465867903212,0.01389382631538825,0.009517240107432474,0.008838792787428692,0.008274692706003029
120,0.068890914,0.065159954,0.10616818,0.10407802,0.042404413,0.026718909,0.04931388,0.06231919,0.5826377,0.5910843,0.029726159,0.031736046,0.12085875,0.118903585,0.07047337,0.065254405,0.10657097,0.10395539,0.04244758,0.026738402,0.05182129,0.06238426,0.5775337,0.5911835,0.030381864,0.031823687,0.12077118,0.118660346,0.105828725,0.097648576,0.0061157425,0.0047978153,0.0041973884,0.0049496805,0.20030278,0.20451047,0.47598374,0.48641106,0.03635821,0.03460615,0.1579417,0.15432052,0.01139453071256417,0.012339246150169852,0.007479280434487158,0.007656671893707079,0.014752965388418453,0.013714914337286659,0.013827487409198567,0.014025961353133772,0.011851513139303962,0.012590100619115491,0.00830592042219693,0.008846046160075755
121,0.06603678,0.06502195,0.10000974,0.10270635,0.021779006,0.037005592,0.040954992,0.066372156,0.63728863,0.5958877,0.031711012,0.0324911,0.10221981,0.10051512,0.06742897,0.06499917,0.101160154,0.10257525,0.022167493,0.03698323,0.041635707,0.06638726,0.63293606,0.5962215,0.03184889,0.032494124,0.1028227,0.10033946,0.105930686,0.09705075,0.0063098124,0.005257672,0.0038727934,0.0056256927,0.2111026,0.23339434,0.4651902,0.4635482,0.03937625,0.034826025,0.15415695,0.14247839,0.01089426639790184,0.012005484968958457,0.007337682770333336,0.007898098588947243,0.012452342904190462,0.014459760332014585,0.015730398795450552,0.017263050756603497,0.010418336743093289,0.012424831815435793,0.008628311824667884,0.010492369201363528
122,0.06189798,0.06082601,0.09183413,0.097063124,0.032981608,0.03869758,0.040042352,0.048153494,0.6459108,0.61111474,0.023821289,0.033985578,0.103511855,0.11015944,0.06364928,0.060973357,0.09153901,0.09743304,0.032925762,0.038683914,0.04175937,0.0481846,0.64173776,0.6105065,0.023750693,0.03404699,0.10463812,0.110171646,0.0932098,0.09120214,0.004011987,0.004192385,0.0074491776,0.0047612186,0.19757207,0.2043834,0.4826127,0.4961906,0.025499756,0.034338232,0.17342098,0.15106781,0.009459149480124843,0.010934109708551026,0.0058505865348638265,0.006964625629112142,0.013928606967812665,0.015956427005319407,0.01487331658277145,0.013219184992505784,0.011707126754956585,0.011829629801764045,0.008741820544574062,0.00785311455987886
123,0.0548138,0.075326055,0.08101763,0.100998975,0.02319021,0.032231737,0.052506734,0.040813588,0.6291747,0.6100619,0.034475885,0.033657916,0.12482107,0.10690988,0.056722447,0.07530303,0.081395715,0.10090468,0.02368655,0.032410745,0.052617457,0.040817775,0.6247823,0.6097216,0.035190385,0.033785418,0.1256051,0.107056744,0.09000678,0.10321084,0.003962686,0.0045162644,0.0031980579,0.0026442255,0.22746962,0.19159491,0.45360333,0.49362072,0.035754863,0.03623108,0.16671273,0.15706734,0.009225547556730813,0.011688995811978766,0.005841787153615949,0.007287379353666631,0.01205325560744253,0.016236124933115208,0.016626703829492544,0.013420480146819156,0.010377045031539816,0.012726556055842731,0.008815079883842423,0.008183620808145184
124,0.054450963,0.048461735,0.08367171,0.08067181,0.025667852,0.02458549,0.054152012,0.06513733,0.6318349,0.6215684,0.03158642,0.037821893,0.11863616,0.121753365,0.056361217,0.048319988,0.08435741,0.08055141,0.025809439,0.024504289,0.05477775,0.0650783,0.626614,0.6219987,0.032669265,0.037790194,0.11941093,0.12175709,0.09351562,0.07924936,0.0038548552,0.0047983024,0.004217165,0.0025180352,0.22282752,0.22893232,0.4611868,0.47120944,0.035057206,0.035473574,0.1664821,0.15955108,0.00987609826529892,0.009632843418878342,0.006757784673641877,0.005822305525534661,0.012453392572768474,0.01335952596357986,0.014521817298728649,0.01290112965724499,0.010318841075434558,0.010926192309905807,0.008220176396360803,0.007008873860253006
125,0.0670646,0.053134847,0.095149316,0.10329252,0.02885328,0.022467926,0.035361778,0.050367393,0.63316935,0.6181809,0.035429858,0.040701997,0.10497177,0.11185441,0.06826913,0.053695947,0.09605241,0.10271932,0.029985193,0.022888826,0.035983387,0.05064594,0.6278205,0.6177696,0.03619589,0.040795818,0.10569352,0.111484535,0.107772745,0.09729943,0.0043796445,0.0054284898,0.002615405,0.004263014,0.20662735,0.20936245,0.4631016,0.47719648,0.038982313,0.043840215,0.16550827,0.15366195,0.009545611964427016,0.010476764800265898,0.005885121962434762,0.007709540685497269,0.012298595603316151,0.014672988029432666,0.01366144592429334,0.012488786393181055,0.0101757643518053,0.01257614845810868,0.008552025887544458,0.007204232892846987
126,0.05563462,0.06325765,0.09316461,0.09591641,0.021262271,0.041450106,0.045971252,0.03669361,0.6402355,0.6175835,0.037287664,0.03693468,0.10644413,0.108164035,0.057199515,0.06351671,0.09355658,0.09611198,0.02175621,0.041505665,0.047792334,0.037367005,0.63467145,0.6160922,0.037517957,0.036945608,0.10750597,0.10846081,0.1030181,0.08462348,0.00459756,0.004459121,0.0028250364,0.0058954298,0.22148325,0.19398078,0.46154213,0.5087636,0.03789227,0.040434837,0.16245225,0.15202835,0.009231261229283718,0.009885880631702149,0.006389635405068362,0.00628860676813962,0.014018760063809732,0.014804592230575198,0.014041697535280133,0.012741799364830072,0.012875296652998516,0.0116429927073352,0.006704974150935507,0.007791848874695262
127,0.063636646,0.063241675,0.09638804,0.10412684,0.027942818,0.040690903,0.04315141,0.050542187,0.6111588,0.59371734,0.030805035,0.037313975,0.12691727,0.11036707,0.0652004,0.06330855,0.096754245,0.10416853,0.027855905,0.04067422,0.044466145,0.050379008,0.60560334,0.5937461,0.031748597,0.037309453,0.12837136,0.11041413,0.10078676,0.088542975,0.004560412,0.005774841,0.0024002192,0.0053696097,0.19419406,0.21997821,0.4855876,0.4756241,0.03326535,0.038130723,0.1636274,0.1467662,0.0098127515158561,0.009788787852363137,0.00686024437514171,0.0075704733588736655,0.012462535670139075,0.015710056239651323,0.013492603418214049,0.01460765909840187,0.010848103015472057,0.010889731848858109,0.007554833636314067,0.0084804828353281
128,0.07163226,0.06816579,0.10301245,0.101181895,0.04080629,0.03893611,0.045872916,0.06450908,0.60370475,0.5754327,0.033291046,0.037375744,0.1016803,0.1143987,0.07240607,0.06817718,0.10318691,0.10125878,0.0420634,0.038968295,0.047332954,0.06441465,0.59890455,0.57540387,0.033786353,0.037434712,0.10231978,0.11434249,0.09871478,0.09566871,0.004375804,0.005079245,0.006712519,0.0056430553,0.20677803,0.23446816,0.47559202,0.4666927,0.03437384,0.034062754,0.16672099,0.14585431,0.01191870309726343,0.011086426982758751,0.008254589874206724,0.007091882608847876,0.01583469872979314,0.014811720126849674,0.015808610771713385,0.014214604693818224,0.012883556053484688,0.01174557344734305,0.007772926566587904,0.007311743685305398
129,0.07433475,0.06721146,0.1270382,0.10836403,0.043187175,0.027124235,0.033760697,0.035219587,0.58949405,0.61254185,0.036195595,0.032721482,0.09598955,0.116817385,0.076351106,0.067287296,0.1274422,0.108306326,0.044285186,0.027126802,0.03448354,0.03527164,0.5835467,0.6124959,0.036746666,0.03272312,0.0971446,0.1167889,0.11173403,0.094171666,0.006430597,0.004920396,0.008254132,0.004381362,0.18783852,0.20506823,0.47902688,0.49035713,0.039208733,0.031094577,0.1577443,0.1624304,0.014340279613567703,0.013474831186311311,0.0090100989719009,0.008134446515806946,0.018944243670177698,0.016812220756594182,0.0142914411089177,0.014081404716567289,0.014467141021385408,0.012715865661729735,0.008789708466020557,0.00892243865745659
130,0.075316355,0.055772882,0.108472385,0.08929209,0.029145118,0.021415645,0.024317477,0.061110754,0.61282337,0.6174573,0.03401139,0.03560941,0.1159139,0.119341955,0.07585665,0.05589953,0.10932746,0.08947345,0.029276391,0.021445185,0.024705451,0.061153933,0.6096696,0.6170692,0.03434094,0.035593543,0.1168235,0.11936514,0.115458,0.09029359,0.005132592,0.0052978746,0.004183912,0.0036924859,0.16282307,0.20950842,0.5084139,0.49010494,0.041605942,0.035639707,0.1612669,0.1514356,0.013233039063954271,0.009174417444279798,0.00768562766054371,0.005981270253183413,0.01558015087676422,0.014375388631500107,0.013509305178671993,0.013757473079852789,0.014100503656846564,0.01179676281768005,0.008661737088086312,0.00817002584067333
131,0.07450793,0.061729655,0.117045194,0.09209433,0.03240775,0.0316094,0.030538525,0.054585695,0.6033242,0.623596,0.03717275,0.036319222,0.10500369,0.10006569,0.076572016,0.061829664,0.117535606,0.092323266,0.0324164,0.031646375,0.03128191,0.054812204,0.5979196,0.62276655,0.038207337,0.03648412,0.10606713,0.100137845,0.1127755,0.08840213,0.0053915433,0.006343834,0.0062120436,0.003998624,0.19720152,0.2083106,0.46869692,0.4776656,0.03898402,0.04096189,0.159686,0.15865168,0.0115363373388523,0.011641847302687115,0.007734497839111531,0.007672089506813261,0.014838418913393514,0.014375257839591881,0.015250927918401753,0.01515014782600613,0.011301259780352412,0.012793151687396719,0.009187313784006288,0.008024517878121749
132,0.061915636,0.05705188,0.1005747,0.09252081,0.025608392,0.032710876,0.040299747,0.05245263,0.6255371,0.6157575,0.033907216,0.031635094,0.11215723,0.117871195,0.06316409,0.05687012,0.1006628,0.09275949,0.026288345,0.03286523,0.04083798,0.052878834,0.62079215,0.61483985,0.03454399,0.031780988,0.113710634,0.1180055,0.099961005,0.08247618,0.006498317,0.0052310866,0.003061344,0.005097926,0.19826297,0.22224918,0.5018584,0.48297697,0.033781152,0.031892564,0.14527585,0.15238458,0.009580506961188512,0.009345239199244293,0.008331482349747916,0.007117704281574579,0.013035697110232853,0.012751976214046168,0.013764379297431031,0.014655390017183662,0.0113550642258212,0.010781350222363248,0.008198654962187534,0.0076776982400052944
133,0.064830385,0.065158814,0.095988,0.10682712,0.046072092,0.02898057,0.032951754,0.049807962,0.62709224,0.5965921,0.027591683,0.041492805,0.105473794,0.1111406,0.06536828,0.065279536,0.09681625,0.10673955,0.045933362,0.029090395,0.033307735,0.049846306,0.624783,0.5964851,0.027167758,0.041469045,0.10662366,0.111090064,0.08955423,0.08941002,0.00593965,0.0055722124,0.0074186884,0.0030224386,0.2049093,0.21478295,0.48628554,0.48021454,0.026469054,0.038710095,0.16476665,0.1534834,0.010932666307444666,0.011913669957812118,0.00710913388027302,0.008173458387795502,0.014906683723250049,0.016097664021733377,0.013241449805578334,0.012913110691472308,0.010986716007909911,0.012063878295369711,0.007765856266201219,0.007559351826547012
134,0.06488487,0.062181804,0.1072375,0.10134785,0.032604627,0.030237725,0.034873955,0.0466121,0.61704683,0.6127901,0.030991796,0.036435127,0.11236038,0.11039529,0.0666851,0.062487744,0.10727743,0.10197115,0.033124797,0.03066692,0.035682205,0.04680047,0.612499,0.61152726,0.031666547,0.036677036,0.11306491,0.10986941,0.09541407,0.09554919,0.0047398047,0.0054990887,0.005357888,0.0037293374,0.20396882,0.20707586,0.47666925,0.4775139,0.032902993,0.035625044,0.16238691,0.16759095,0.01172390239496172,0.010760475967241351,0.0076216579945249585,0.00854108849912205,0.015180860500759093,0.01570143505481885,0.015177411036696975,0.014730875505734969,0.012632369462622903,0.01215328857037261,0.008673495254989848,0.008737597690893523
135,0.07304787,0.06261276,0.104730934,0.090920895,0.0359817,0.022427998,0.042504698,0.053834274,0.6035821,0.6090598,0.030679628,0.036599267,0.109473065,0.12454497,0.07495706,0.06282769,0.10502932,0.0913462,0.036169663,0.022453537,0.043003283,0.053759497,0.5986845,0.60809654,0.031289697,0.036748685,0.11086648,0.124767855,0.10334045,0.08961898,0.004082721,0.0041370885,0.005957714,0.0040606414,0.19982322,0.19920412,0.48086467,0.49351,0.036439046,0.034804754,0.16220275,0.15516536,0.010819511018995408,0.009548477384878072,0.007117672440760056,0.007866940771918147,0.014209518601460691,0.01350417762922528,0.014639275711802286,0.013817616954733008,0.010785903538005927,0.011175390855833424,0.008605577147588932,0.008434466814176377
136,0.0609335,0.06474913,0.100182965,0.09736884,0.031396586,0.03737293,0.047707,0.047100045,0.6194251,0.60141397,0.03413875,0.04110888,0.106216095,0.110886194,0.06308564,0.065138385,0.101578444,0.097293645,0.03215142,0.03740384,0.048666414,0.047259867,0.6120836,0.6003009,0.03448032,0.04127595,0.107954144,0.11132741,0.113050066,0.09728911,0.005600703,0.004271423,0.0062684338,0.008566388,0.20383202,0.18955025,0.47241154,0.4967904,0.036819704,0.03598247,0.15532711,0.1551978,0.011388125730950422,0.01041273638756769,0.007353172044759937,0.0073185104335226,0.013401991656956639,0.015519545397771497,0.014682528408311305,0.013463016734710556,0.011485246339317284,0.012684284634123213,0.008211950857897065,0.008735385546446869
137,0.08206484,0.057250403,0.10033491,0.10937773,0.036179304,0.03722092,0.03205217,0.04455238,0.5943485,0.60615224,0.030474234,0.047764678,0.12454608,0.097681664,0.08396421,0.057527624,0.101571575,0.10934426,0.035445813,0.037230976,0.033149965,0.045242634,0.5900724,0.60518587,0.030932192,0.047860257,0.12486387,0.097608395,0.09978642,0.09535518,0.005482934,0.006693674,0.00631994,0.0057584257,0.20148732,0.21440245,0.4804193,0.46734613,0.03496573,0.048386615,0.15654446,0.15185615,0.013028219966024749,0.012035001419163948,0.007936971807249173,0.009649203702102371,0.014329173755004193,0.01688432296661334,0.015079269594638131,0.012216777669356279,0.012349299117441398,0.013147940492676239,0.010655836579870136,0.0077664556651635425
