item_id,anger,disgust,fear,joy,sadness,surprise,neutral,target,raw
C0000,0,0,0,0,0,0,2,none,"{""anger"":0,""disgust"":0,""fear"":0,""joy"":0,""sadness"":0,""surprise"":0,""neutral"":2,""target"":""none""}"
C0001,0,0,0,0,0,0,2,none,"{""anger"":0,""disgust"":0,""fear"":0,""joy"":0,""sadness"":0,""surprise"":0,""neutral"":2,""target"":""none""}"
C0002,0,0,0,0,0,0,2,none,"{""anger"":0,""disgust"":0,""fear"":0,""joy"":0,""sadness"":0,""surprise"":0,""neutral"":2,""target"":""none""}"
C0003,1,0,0,0,0,0,0,ai_org,"{""anger"":1,""disgust"":0,""fear"":0,""joy"":0,""sadness"":0,""surprise"":0,""neutral"":0,""target"":""ai_org""}"
C0004,0,0,0,0,0,1,0,other,"{""anger"":0,""disgust"":0,""fear"":0,""joy"":0,""sadness"":0,""surprise"":1,""neutral"":0,""target"":""other""}"
C0005,0,0,0,0,0,0,2,none,"{""anger"":0,""disgust"":0,""fear"":0,""joy"":0,""sadness"":0,""surprise"":0,""neutral"":2,""target"":""none""}"
C0006,1,0,0,0,0,0,1,other,"{""anger"":1,""disgust"":0,""fear"":0,""joy"":0,""sadness"":0,""surprise"":0,""neutral"":1,""target"":""other""}"
C0007,0,0,0,1,0,0,0,ai_tech,"{""anger"":0,""disgust"":0,""fear"":0,""joy"":1,""sadness"":0,""surprise"":0,""neutral"":0,""target"":""ai_tech""}"
C0008,0,0,0,0,0,0,2,none,"{""anger"":0,""disgust"":0,""fear"":0,""joy"":0,""sadness"":0,""surprise"":0,""neutral"":2,""target"":""none""}"
C0009,0,0,0,0,0,0,2,none,"{""anger"":0,""disgust"":0,""fear"":0,""joy"":0,""sadness"":0,""surprise"":0,""neutral"":2,""target"":""none""}"
C0010,1,2,0,0,0,0,0,people,"{""anger"":1,""disgust"":2,""fear"":0,""joy"":0,""sadness"":0,""surprise"":0,""neutral"":0,""target"":""people""}"
C0011,0,0,0,0,0,0,2,none,"{""anger"":0,""disgust"":0,""fear"":0,""joy"":0,""sadness"":0,""surprise"":0,""neutral"":2,""target"":""none""}"
C0012,0,0,0,0,0,0,1,other,"{""anger"":0,""disgust"":0,""fear"":0,""joy"":0,""sadness"":0,""surprise"":0,""neutral"":1,""target"":""other""}"
C0013,0,0,0,0,0,1,0,other,"{""anger"":0,""disgust"":0,""fear"":0,""joy"":0,""sadness"":0,""surprise"":1,""neutral"":0,""target"":""other""}"
C0014,2,1,0,0,0,0,0,ai_org,"{""anger"":2,""disgust"":1,""fear"":0,""joy"":0,""sadness"":0,""surprise"":0,""neutral"":0,""target"":""ai_org""}"
C0015,0,0,0,0,0,0,2,none,"{""anger"":0,""disgust"":0,""fear"":0,""joy"":0,""sadness"":0,""surprise"":0,""neutral"":2,""target"":""none""}"
C0016,0,0,0,0,0,0,2,none,"{""anger"":0,""disgust"":0,""fear"":0,""joy"":0,""sadness"":0,""surprise"":0,""neutral"":2,""target"":""none""}"
C0017,1,0,0,0,0,0,0,other,"{""anger"":1,""disgust"":0,""fear"":0,""joy"":0,""sadness"":0,""surprise"":0,""neutral"":0,""target"":""other""}"
C0018,1,2,0,0,0,0,0,other,"{""anger"":1,""disgust"":2,""fear"":0,""joy"":0,""sadness"":0,""surprise"":0,""neutral"":0,""target"":""other""}"
C0019,0,0,0,0,0,0,2,none,"{""anger"":0,""disgust"":0,""fear"":0,""joy"":0,""sadness"":0,""surprise"":0,""neutral"":2,""target"":""none""}"
C0020,0,0,0,0,0,0,2,none,"{""anger"":0,""disgust"":0,""fear"":0,""joy"":0,""sadness"":0,""surprise"":0,""neutral"":2,""target"":""none""}"
C0021,0,0,0,0,1,0,0,ai_product,"{""anger"":0,""disgust"":0,""fear"":0,""joy"":0,""sadness"":1,""surprise"":0,""neutral"":0,""target"":""ai_product""}"
C0022,0,0,0,0,0,0,2,none,"{""anger"":0,""disgust"":0,""fear"":0,""joy"":0,""sadness"":0,""surprise"":0,""neutral"":2,""target"":""none""}"
C0023,0,0,0,0,0,0,2,none,"{""anger"":0,""disgust"":0,""fear"":0,""joy"":0,""sadness"":0,""surprise"":0,""neutral"":2,""target"":""none""}"
C0024,2,2,0,0,0,0,0,people,"{""anger"":2,""disgust"":2,""fear"":0,""joy"":0,""sadness"":0,""surprise"":0,""neutral"":0,""target"":""people""}"
C0025,1,0,0,0,0,0,0,ai_org,"{""anger"":1,""disgust"":0,""fear"":0,""joy"":0,""sadness"":0,""surprise"":0,""neutral"":0,""target"":""ai_org""}"
C0026,0,0,0,0,0,0,1,other,"{""anger"":0,""disgust"":0,""fear"":0,""joy"":0,""sadness"":0,""surprise"":0,""neutral"":1,""target"":""other""}"
C0027,1,0,0,0,0,0,0,other,"{""anger"":1,""disgust"":0,""fear"":0,""joy"":0,""sadness"":0,""surprise"":0,""neutral"":0,""target"":""other""}"
C0028,0,0,0,0,0,0,2,none,"{""anger"":0,""disgust"":0,""fear"":0,""joy"":0,""sadness"":0,""surprise"":0,""neutral"":2,""target"":""none""}"
C0029,0,0,0,0,0,0,2,none,"{""anger"":0,""disgust"":0,""fear"":0,""joy"":0,""sadness"":0,""surprise"":0,""neutral"":2,""target"":""none""}"
C0030,0,0,0,0,0,1,0,other,"{""anger"":0,""disgust"":0,""fear"":0,""joy"":0,""sadness"":0,""surprise"":1,""neutral"":0,""target"":""other""}"
C0031,1,0,0,0,0,0,0,other,"{""anger"":1,""disgust"":0,""fear"":0,""joy"":0,""sadness"":0,""surprise"":0,""neutral"":0,""target"":""other""}"
C0032,0,0,0,0,0,0,2,none,"{""anger"":0,""disgust"":0,""fear"":0,""joy"":0,""sadness"":0,""surprise"":0,""neutral"":2,""target"":""none""}"
C0033,0,0,0,0,0,0,2,none,"{""anger"":0,""disgust"":0,""fear"":0,""joy"":0,""sadness"":0,""surprise"":0,""neutral"":2,""target"":""none""}"
C0034,1,0,0,0,0,0,0,ai_org,"{""anger"":1,""disgust"":0,""fear"":0,""joy"":0,""sadness"":0,""surprise"":0,""neutral"":0,""target"":""ai_org""}"
C0035,0,0,0,0,0,0,2,none,"{""anger"":0,""disgust"":0,""fear"":0,""joy"":0,""sadness"":0,""surprise"":0,""neutral"":2,""target"":""none""}"
C0036,0,0,0,0,0,1,0,ai_tech,"{""anger"":0,""disgust"":0,""fear"":0,""joy"":0,""sadness"":0,""surprise"":1,""neutral"":0,""target"":""ai_tech""}"
C0037,0,0,0,1,0,0,0,ai_product,"{""anger"":0,""disgust"":0,""fear"":0,""joy"":1,""sadness"":0,""surprise"":0,""neutral"":0,""target"":""ai_product""}"
C0038,2,0,0,0,0,0,0,ai_org,"{""anger"":2,""disgust"":0,""fear"":0,""joy"":0,""sadness"":0,""surprise"":0,""neutral"":0,""target"":""ai_org""}"
C0039,0,0,0,0,0,0,2,none,"{""anger"":0,""disgust"":0,""fear"":0,""joy"":0,""sadness"":0,""surprise"":0,""neutral"":2,""target"":""none""}"
C0040,0,1,0,0,0,0,0,ai_product,"{""anger"":0,""disgust"":1,""fear"":0,""joy"":0,""sadness"":0,""surprise"":0,""neutral"":0,""target"":""ai_product""}"
C0041,2,1,0,0,0,0,0,people,"{""anger"":2,""disgust"":1,""fear"":0,""joy"":0,""sadness"":0,""surprise"":0,""neutral"":0,""target"":""people""}"
C0042,0,0,0,0,0,1,0,ai_product,"{""anger"":0,""disgust"":0,""fear"":0,""joy"":0,""sadness"":0,""surprise"":1,""neutral"":0,""target"":""ai_product""}"
C0043,0,0,0,0,0,0,2,none,"{""anger"":0,""disgust"":0,""fear"":0,""joy"":0,""sadness"":0,""surprise"":0,""neutral"":2,""target"":""none""}"
C0044,0,0,0,1,0,0,0,ai_product,"{""anger"":0,""disgust"":0,""fear"":0,""joy"":1,""sadness"":0,""surprise"":0,""neutral"":0,""target"":""ai_product""}"
C0045,0,0,0,1,0,0,0,people,"{""anger"":0,""disgust"":0,""fear"":0,""joy"":1,""sadness"":0,""surprise"":0,""neutral"":0,""target"":""people""}"
C0046,1,0,0,0,1,0,0,ai_product,"{""anger"":1,""disgust"":0,""fear"":0,""joy"":0,""sadness"":1,""surprise"":0,""neutral"":0,""target"":""ai_product""}"
C0047,1,2,0,0,0,0,0,ai_tech,"{""anger"":1,""disgust"":2,""fear"":0,""joy"":0,""sadness"":0,""surprise"":0,""neutral"":0,""target"":""ai_tech""}"
C0048,0,0,0,0,0,0,2,none,"{""anger"":0,""disgust"":0,""fear"":0,""joy"":0,""sadness"":0,""surprise"":0,""neutral"":2,""target"":""none""}"
C0049,0,0,0,0,0,0,2,none,"{""anger"":0,""disgust"":0,""fear"":0,""joy"":0,""sadness"":0,""surprise"":0,""neutral"":2,""target"":""none""}"
C0050,0,0,0,0,0,0,2,none,"{""anger"":0,""disgust"":0,""fear"":0,""joy"":0,""sadness"":0,""surprise"":0,""neutral"":2,""target"":""none""}"
C0051,0,0,0,0,0,0,2,none,"{""anger"":0,""disgust"":0,""fear"":0,""joy"":0,""sadness"":0,""surprise"":0,""neutral"":2,""target"":""none""}"
C0052,0,0,1,2,0,0,0,other,"{""anger"":0,""disgust"":0,""fear"":1,""joy"":2,""sadness"":0,""surprise"":0,""neutral"":0,""target"":""other""}"
C0053,0,0,2,0,1,0,0,other,"{""anger"":0,""disgust"":0,""fear"":2,""joy"":0,""sadness"":1,""surprise"":0,""neutral"":0,""target"":""other""}"
C0054,0,0,0,0,0,2,0,other,"{""anger"":0,""disgust"":0,""fear"":0,""joy"":0,""sadness"":0,""surprise"":2,""neutral"":0,""target"":""other""}"
C0055,0,0,0,0,0,1,0,other,"{""anger"":0,""disgust"":0,""fear"":0,""joy"":0,""sadness"":0,""surprise"":1,""neutral"":0,""target"":""other""}"
C0056,1,2,0,0,0,0,0,ai_org,"{""anger"":1,""disgust"":2,""fear"":0,""joy"":0,""sadness"":0,""surprise"":0,""neutral"":0,""target"":""ai_org""}"
C0057,0,0,0,1,0,0,0,ai_product,"{""anger"":0,""disgust"":0,""fear"":0,""joy"":1,""sadness"":0,""surprise"":0,""neutral"":0,""target"":""ai_product""}"
C0058,0,0,0,0,0,1,0,other,"{""anger"":0,""disgust"":0,""fear"":0,""joy"":0,""sadness"":0,""surprise"":1,""neutral"":0,""target"":""other""}"
C0059,0,0,0,0,0,1,0,other,"{""anger"":0,""disgust"":0,""fear"":0,""joy"":0,""sadness"":0,""surprise"":1,""neutral"":0,""target"":""other""}"
C0060,1,1,0,0,0,0,0,other,"{""anger"":1,""disgust"":1,""fear"":0,""joy"":0,""sadness"":0,""surprise"":0,""neutral"":0,""target"":""other""}"
C0061,2,0,0,0,0,0,0,ai_tech,"{""anger"":2,""disgust"":0,""fear"":0,""joy"":0,""sadness"":0,""surprise"":0,""neutral"":0,""target"":""ai_tech""}"
C0062,0,0,0,0,0,0,2,none,"{""anger"":0,""disgust"":0,""fear"":0,""joy"":0,""sadness"":0,""surprise"":0,""neutral"":2,""target"":""none""}"
C0063,0,0,0,0,0,0,2,none,"{""anger"":0,""disgust"":0,""fear"":0,""joy"":0,""sadness"":0,""surprise"":0,""neutral"":2,""target"":""none""}"
C0064,0,0,0,1,0,0,0,ai_tech,"{""anger"":0,""disgust"":0,""fear"":0,""joy"":1,""sadness"":0,""surprise"":0,""neutral"":0,""target"":""ai_tech""}"
C0065,0,0,0,1,0,1,0,ai_tech,"{""anger"":0,""disgust"":0,""fear"":0,""joy"":1,""sadness"":0,""surprise"":1,""neutral"":0,""target"":""ai_tech""}"
C0066,0,0,0,0,0,0,2,none,"{""anger"":0,""disgust"":0,""fear"":0,""joy"":0,""sadness"":0,""surprise"":0,""neutral"":2,""target"":""none""}"
C0067,0,0,0,0,0,0,2,none,"{""anger"":0,""disgust"":0,""fear"":0,""joy"":0,""sadness"":0,""surprise"":0,""neutral"":2,""target"":""none""}"
C0068,1,0,0,0,0,2,0,other,"{""anger"":1,""disgust"":0,""fear"":0,""joy"":0,""sadness"":0,""surprise"":2,""neutral"":0,""target"":""other""}"
C0069,2,2,0,0,0,0,0,other,"{""anger"":2,""disgust"":2,""fear"":0,""joy"":0,""sadness"":0,""surprise"":0,""neutral"":0,""target"":""other""}"
C0070,1,1,2,0,0,0,0,ai_org,"{""anger"":1,""disgust"":1,""fear"":2,""joy"":0,""sadness"":0,""surprise"":0,""neutral"":0,""target"":""ai_org""}"
C0071,0,0,0,1,0,0,0,other,"{""anger"":0,""disgust"":0,""fear"":0,""joy"":1,""sadness"":0,""surprise"":0,""neutral"":0,""target"":""other""}"
C0072,2,0,0,0,0,0,0,people,"{""anger"":2,""disgust"":0,""fear"":0,""joy"":0,""sadness"":0,""surprise"":0,""neutral"":0,""target"":""people""}"
C0073,0,0,0,1,0,0,0,none,"{""anger"":0,""disgust"":0,""fear"":0,""joy"":1,""sadness"":0,""surprise"":0,""neutral"":0,""target"":""none""}"
C0074,0,0,0,1,0,0,0,ai_tech,"{""anger"":0,""disgust"":0,""fear"":0,""joy"":1,""sadness"":0,""surprise"":0,""neutral"":0,""target"":""ai_tech""}"
C0075,0,0,0,0,0,0,2,none,"{""anger"":0,""disgust"":0,""fear"":0,""joy"":0,""sadness"":0,""surprise"":0,""neutral"":2,""target"":""none""}"
C0076,0,0,0,0,0,0,2,none,"{""anger"":0,""disgust"":0,""fear"":0,""joy"":0,""sadness"":0,""surprise"":0,""neutral"":2,""target"":""none""}"
C0077,0,0,0,0,1,0,0,other,"{""anger"":0,""disgust"":0,""fear"":0,""joy"":0,""sadness"":1,""surprise"":0,""neutral"":0,""target"":""other""}"
C0078,0,0,0,0,0,0,2,none,"{""anger"":0,""disgust"":0,""fear"":0,""joy"":0,""sadness"":0,""surprise"":0,""neutral"":2,""target"":""none""}"
C0079,1,2,0,0,0,0,0,other,"{""anger"":1,""disgust"":2,""fear"":0,""joy"":0,""sadness"":0,""surprise"":0,""neutral"":0,""target"":""other""}"
C0080,2,2,0,0,0,0,0,ai_product,"{""anger"":2,""disgust"":2,""fear"":0,""joy"":0,""sadness"":0,""surprise"":0,""neutral"":0,""target"":""ai_product""}"
C0081,0,0,0,0,1,0,0,other,"{""anger"":0,""disgust"":0,""fear"":0,""joy"":0,""sadness"":1,""surprise"":0,""neutral"":0,""target"":""other""}"
C0082,0,0,0,0,0,0,2,none,"{""anger"":0,""disgust"":0,""fear"":0,""joy"":0,""sadness"":0,""surprise"":0,""neutral"":2,""target"":""none""}"
C0083,2,1,0,0,0,0,0,other,"{""anger"":2,""disgust"":1,""fear"":0,""joy"":0,""sadness"":0,""surprise"":0,""neutral"":0,""target"":""other""}"
C0084,2,2,0,0,0,0,0,people,"{""anger"":2,""disgust"":2,""fear"":0,""joy"":0,""sadness"":0,""surprise"":0,""neutral"":0,""target"":""people""}"
C0085,0,0,0,0,0,2,0,ai_org,"{""anger"":0,""disgust"":0,""fear"":0,""joy"":0,""sadness"":0,""surprise"":2,""neutral"":0,""target"":""ai_org""}"
C0086,2,0,0,0,0,0,0,ai_org,"{""anger"":2,""disgust"":0,""fear"":0,""joy"":0,""sadness"":0,""surprise"":0,""neutral"":0,""target"":""ai_org""}"
C0087,0,0,1,0,0,0,1,other,"{""anger"":0,""disgust"":0,""fear"":1,""joy"":0,""sadness"":0,""surprise"":0,""neutral"":1,""target"":""other""}"
C0088,0,0,0,0,0,1,0,ai_tech,"{""anger"":0,""disgust"":0,""fear"":0,""joy"":0,""sadness"":0,""surprise"":1,""neutral"":0,""target"":""ai_tech""}"
C0089,0,0,0,1,0,0,0,ai_product,"{""anger"":0,""disgust"":0,""fear"":0,""joy"":1,""sadness"":0,""surprise"":0,""neutral"":0,""target"":""ai_product""}"
C0090,1,2,0,0,0,0,0,other,"{""anger"":1,""disgust"":2,""fear"":0,""joy"":0,""sadness"":0,""surprise"":0,""neutral"":0,""target"":""other""}"
C0091,1,0,0,0,0,0,0,other,"{""anger"":1,""disgust"":0,""fear"":0,""joy"":0,""sadness"":0,""surprise"":0,""neutral"":0,""target"":""other""}"
C0092,0,0,0,0,0,0,2,none,"{""anger"":0,""disgust"":0,""fear"":0,""joy"":0,""sadness"":0,""surprise"":0,""neutral"":2,""target"":""none""}"
C0093,0,0,0,0,0,0,2,none,"{""anger"":0,""disgust"":0,""fear"":0,""joy"":0,""sadness"":0,""surprise"":0,""neutral"":2,""target"":""none""}"
C0094,0,0,0,0,0,0,2,none,"{""anger"":0,""disgust"":0,""fear"":0,""joy"":0,""sadness"":0,""surprise"":0,""neutral"":2,""target"":""none""}"
C0095,1,1,0,0,0,0,0,ai_product,"{""anger"":1,""disgust"":1,""fear"":0,""joy"":0,""sadness"":0,""surprise"":0,""neutral"":0,""target"":""ai_product""}"
C0096,1,1,0,0,0,0,0,ai_product,"{""anger"":1,""disgust"":1,""fear"":0,""joy"":0,""sadness"":0,""surprise"":0,""neutral"":0,""target"":""ai_product""}"
C0097,0,0,0,0,0,0,2,none,"{""anger"":0,""disgust"":0,""fear"":0,""joy"":0,""sadness"":0,""surprise"":0,""neutral"":2,""target"":""none""}"
C0098,1,0,0,0,0,0,0,other,"{""anger"":1,""disgust"":0,""fear"":0,""joy"":0,""sadness"":0,""surprise"":0,""neutral"":0,""target"":""other""}"
C0099,0,0,0,0,0,1,0,ai_tech,"{""anger"":0,""disgust"":0,""fear"":0,""joy"":0,""sadness"":0,""surprise"":1,""neutral"":0,""target"":""ai_tech""}"
C0100,0,0,0,0,0,0,2,none,"{""anger"":0,""disgust"":0,""fear"":0,""joy"":0,""sadness"":0,""surprise"":0,""neutral"":2,""target"":""none""}"
C0101,0,0,0,2,0,0,0,ai_tech,"{""anger"":0,""disgust"":0,""fear"":0,""joy"":2,""sadness"":0,""surprise"":0,""neutral"":0,""target"":""ai_tech""}"
C0102,0,0,0,0,0,0,2,none,"{""anger"":0,""disgust"":0,""fear"":0,""joy"":0,""sadness"":0,""surprise"":0,""neutral"":2,""target"":""none""}"
C0103,2,1,0,0,0,0,0,ai_org,"{""anger"":2,""disgust"":1,""fear"":0,""joy"":0,""sadness"":0,""surprise"":0,""neutral"":0,""target"":""ai_org""}"
C0104,0,0,0,1,0,0,0,other,"{""anger"":0,""disgust"":0,""fear"":0,""joy"":1,""sadness"":0,""surprise"":0,""neutral"":0,""target"":""other""}"
C0105,0,0,0,0,0,0,2,none,"{""anger"":0,""disgust"":0,""fear"":0,""joy"":0,""sadness"":0,""surprise"":0,""neutral"":2,""target"":""none""}"
C0106,0,0,0,0,0,0,2,none,"{""anger"":0,""disgust"":0,""fear"":0,""joy"":0,""sadness"":0,""surprise"":0,""neutral"":2,""target"":""none""}"
C0107,0,0,0,1,0,0,0,other,"{""anger"":0,""disgust"":0,""fear"":0,""joy"":1,""sadness"":0,""surprise"":0,""neutral"":0,""target"":""other""}"
C0108,0,0,0,0,0,1,0,other,"{""anger"":0,""disgust"":0,""fear"":0,""joy"":0,""sadness"":0,""surprise"":1,""neutral"":0,""target"":""other""}"
C0109,0,0,0,0,0,0,2,none,"{""anger"":0,""disgust"":0,""fear"":0,""joy"":0,""sadness"":0,""surprise"":0,""neutral"":2,""target"":""none""}"
C0110,1,0,0,0,1,0,0,other,"{""anger"":1,""disgust"":0,""fear"":0,""joy"":0,""sadness"":1,""surprise"":0,""neutral"":0,""target"":""other""}"
C0111,0,0,0,0,0,0,2,none,"{""anger"":0,""disgust"":0,""fear"":0,""joy"":0,""sadness"":0,""surprise"":0,""neutral"":2,""target"":""none""}"
C0112,0,1,0,0,0,0,0,other,"{""anger"":0,""disgust"":1,""fear"":0,""joy"":0,""sadness"":0,""surprise"":0,""neutral"":0,""target"":""other""}"
C0113,1,0,0,0,0,0,0,other,"{""anger"":1,""disgust"":0,""fear"":0,""joy"":0,""sadness"":0,""surprise"":0,""neutral"":0,""target"":""other""}"
C0114,0,0,0,0,0,0,2,none,"{""anger"":0,""disgust"":0,""fear"":0,""joy"":0,""sadness"":0,""surprise"":0,""neutral"":2,""target"":""none""}"
C0115,0,0,0,0,0,0,2,none,"{""anger"":0,""disgust"":0,""fear"":0,""joy"":0,""sadness"":0,""surprise"":0,""neutral"":2,""target"":""none""}"
C0116,1,1,0,0,0,0,0,ai_product,"{""anger"":1,""disgust"":1,""fear"":0,""joy"":0,""sadness"":0,""surprise"":0,""neutral"":0,""target"":""ai_product""}"
C0117,0,0,0,0,0,0,2,none,"{""anger"":0,""disgust"":0,""fear"":0,""joy"":0,""sadness"":0,""surprise"":0,""neutral"":2,""target"":""none""}"
C0118,0,0,0,0,0,1,0,other,"{""anger"":0,""disgust"":0,""fear"":0,""joy"":0,""sadness"":0,""surprise"":1,""neutral"":0,""target"":""other""}"
C0119,0,2,0,0,0,0,0,other,"{""anger"":0,""disgust"":2,""fear"":0,""joy"":0,""sadness"":0,""surprise"":0,""neutral"":0,""target"":""other""}"
C0120,0,0,0,0,0,0,2,none,"{""anger"":0,""disgust"":0,""fear"":0,""joy"":0,""sadness"":0,""surprise"":0,""neutral"":2,""target"":""none""}"
C0121,1,0,0,0,0,0,1,other,"{""anger"":1,""disgust"":0,""fear"":0,""joy"":0,""sadness"":0,""surprise"":0,""neutral"":1,""target"":""other""}"
C0122,0,0,0,0,0,0,2,none,"{""anger"":0,""disgust"":0,""fear"":0,""joy"":0,""sadness"":0,""surprise"":0,""neutral"":2,""target"":""none""}"
C0123,0,0,0,1,0,0,0,other,"{""anger"":0,""disgust"":0,""fear"":0,""joy"":1,""sadness"":0,""surprise"":0,""neutral"":0,""target"":""other""}"
C0124,2,0,0,0,0,0,0,other,"{""anger"":2,""disgust"":0,""fear"":0,""joy"":0,""sadness"":0,""surprise"":0,""neutral"":0,""target"":""other""}"
C0125,0,0,0,0,0,0,1,ai_tech,"{""anger"":0,""disgust"":0,""fear"":0,""joy"":0,""sadness"":0,""surprise"":0,""neutral"":1,""target"":""ai_tech""}"
C0126,0,0,0,0,0,0,2,none,"{""anger"":0,""disgust"":0,""fear"":0,""joy"":0,""sadness"":0,""surprise"":0,""neutral"":2,""target"":""none""}"
C0127,0,0,0,1,0,0,0,people,"{""anger"":0,""disgust"":0,""fear"":0,""joy"":1,""sadness"":0,""surprise"":0,""neutral"":0,""target"":""people""}"
C0128,0,0,0,0,0,0,2,none,"{""anger"":0,""disgust"":0,""fear"":0,""joy"":0,""sadness"":0,""surprise"":0,""neutral"":2,""target"":""none""}"
C0129,0,2,0,0,0,0,0,other,"{""anger"":0,""disgust"":2,""fear"":0,""joy"":0,""sadness"":0,""surprise"":0,""neutral"":0,""target"":""other""}"
C0130,0,0,0,0,0,0,2,none,"{""anger"":0,""disgust"":0,""fear"":0,""joy"":0,""sadness"":0,""surprise"":0,""neutral"":2,""target"":""none""}"
C0131,0,0,0,0,0,0,2,none,"{""anger"":0,""disgust"":0,""fear"":0,""joy"":0,""sadness"":0,""surprise"":0,""neutral"":2,""target"":""none""}"
C0132,0,0,0,0,0,1,0,ai_product,"{""anger"":0,""disgust"":0,""fear"":0,""joy"":0,""sadness"":0,""surprise"":1,""neutral"":0,""target"":""ai_product""}"
C0133,0,0,0,0,0,0,2,none,"{""anger"":0,""disgust"":0,""fear"":0,""joy"":0,""sadness"":0,""surprise"":0,""neutral"":2,""target"":""none""}"
C0134,1,0,0,0,0,0,0,other,"{""anger"":1,""disgust"":0,""fear"":0,""joy"":0,""sadness"":0,""surprise"":0,""neutral"":0,""target"":""other""}"
C0135,0,0,0,0,0,0,1,none,"{""anger"":0,""disgust"":0,""fear"":0,""joy"":0,""sadness"":0,""surprise"":0,""neutral"":1,""target"":""none""}"
C0136,0,0,0,0,0,0,2,none,"{""anger"":0,""disgust"":0,""fear"":0,""joy"":0,""sadness"":0,""surprise"":0,""neutral"":2,""target"":""none""}"
C0137,2,0,0,0,0,0,0,other,"{""anger"":2,""disgust"":0,""fear"":0,""joy"":0,""sadness"":0,""surprise"":0,""neutral"":0,""target"":""other""}"
C0138,0,0,0,0,0,0,2,none,"{""anger"":0,""disgust"":0,""fear"":0,""joy"":0,""sadness"":0,""surprise"":0,""neutral"":2,""target"":""none""}"
C0139,1,0,0,0,0,0,0,other,"{""anger"":1,""disgust"":0,""fear"":0,""joy"":0,""sadness"":0,""surprise"":0,""neutral"":0,""target"":""other""}"
C0140,0,0,0,0,0,0,2,none,"{""anger"":0,""disgust"":0,""fear"":0,""joy"":0,""sadness"":0,""surprise"":0,""neutral"":2,""target"":""none""}"
C0141,0,0,0,0,0,0,2,none,"{""anger"":0,""disgust"":0,""familiarity"":0,""fear"":0,""joy"":0,""sadness"":0,""surprise"":0,""neutral"":2,""target"":""none""}"
C0142,0,0,0,2,0,0,0,other,"{""anger"":0,""disgust"":0,""fear"":0,""joy"":2,""sadness"":0,""surprise"":0,""neutral"":0,""target"":""other""}"
C0143,0,0,0,1,0,0,0,ai_product,"{""anger"":0,""disgust"":0,""fear"":0,""joy"":1,""sadness"":0,""surprise"":0,""neutral"":0,""target"":""ai_product""}"
C0144,0,0,0,0,0,0,2,none,"{""anger"":0,""disgust"":0,""fear"":0,""joy"":0,""sadness"":0,""surprise"":0,""neutral"":2,""target"":""none""}"
C0145,1,2,0,0,0,0,0,other,"{""anger"":1,""disgust"":2,""fear"":0,""joy"":0,""sadness"":0,""surprise"":0,""neutral"":0,""target"":""other""}"
C0146,1,1,0,0,0,0,0,other,"{""anger"":1,""disgust"":1,""fear"":0,""joy"":0,""sadness"":0,""surprise"":0,""neutral"":0,""target"":""other""}"
C0147,0,0,0,0,0,0,2,none,"{""anger"":0,""disgust"":0,""fear"":0,""joy"":0,""sadness"":0,""surprise"":0,""neutral"":2,""target"":""none""}"
C0148,0,0,0,0,0,0,2,none,"{""anger"":0,""disgust"":0,""fear"":0,""joy"":0,""sadness"":0,""surprise"":0,""neutral"":2,""target"":""none""}"
C0149,0,0,0,0,0,1,0,ai_tech,"{""anger"":0,""disgust"":0,""fear"":0,""joy"":0,""sadness"":0,""surprise"":1,""neutral"":0,""target"":""ai_tech""}"
C0150,0,0,0,1,0,0,0,ai_tech,"{""anger"":0,""disgust"":0,""fear"":0,""joy"":1,""sadness"":0,""surprise"":0,""neutral"":0,""target"":""ai_tech""}"
C0151,2,0,0,0,0,0,0,other,"{""anger"":2,""disgust"":0,""fear"":0,""joy"":0,""sadness"":0,""surprise"":0,""neutral"":0,""target"":""other""}"
C0152,0,0,0,0,0,0,2,none,"{""anger"":0,""disgust"":0,""fear"":0,""joy"":0,""sadness"":0,""surprise"":0,""neutral"":2,""target"":""none""}"
C0153,0,0,0,1,0,0,0,ai_tech,"{""anger"":0,""disgust"":0,""fear"":0,""joy"":1,""sadness"":0,""surprise"":0,""neutral"":0,""target"":""ai_tech""}"
C0154,0,0,0,0,0,0,2,none,"{""anger"":0,""disgust"":0,""fear"":0,""joy"":0,""sadness"":0,""surprise"":0,""neutral"":2,""target"":""none""}"
C0155,2,1,0,0,0,0,0,other,"{""anger"":2,""disgust"":1,""fear"":0,""joy"":0,""sadness"":0,""surprise"":0,""neutral"":0,""target"":""other""}"
C0156,0,0,0,1,0,0,0,ai_tech,"{""anger"":0,""disgust"":0,""fear"":0,""joy"":1,""sadness"":0,""surprise"":0,""neutral"":0,""target"":""ai_tech""}"
C0157,0,0,0,1,0,0,0,other,"{""anger"":0,""disgust"":0,""fear"":0,""joy"":1,""sadness"":0,""surprise"":0,""neutral"":0,""target"":""other""}"
C0158,0,1,0,0,0,0,0,other,"{""anger"":0,""disgust"":1,""fear"":0,""joy"":0,""sadness"":0,""surprise"":0,""neutral"":0,""target"":""other""}"
C0159,1,0,1,2,0,0,0,ai_product,"{""anger"":1,""disgust"":0,""fear"":1,""joy"":2,""sadness"":0,""surprise"":0,""neutral"":0,""target"":""ai_product""}"
C0160,0,0,2,0,0,0,0,ai_tech,"{""anger"":0,""disgust"":0,""fear"":2,""joy"":0,""sadness"":0,""surprise"":0,""neutral"":0,""target"":""ai_tech""}"
C0161,0,0,0,0,0,0,2,none,"{""anger"":0,""disgust"":0,""fear"":0,""joy"":0,""sadness"":0,""surprise"":0,""neutral"":2,""target"":""none""}"
C0162,2,1,0,0,0,0,0,ai_tech,"{""anger"":2,""disgust"":1,""fear"":0,""joy"":0,""sadness"":0,""surprise"":0,""neutral"":0,""target"":""ai_tech""}"
C0163,0,1,0,0,0,0,0,ai_org,"{""anger"":0,""disgust"":1,""fear"":0,""joy"":0,""sadness"":0,""surprise"":0,""neutral"":0,""target"":""ai_org""}"
C0164,0,0,0,0,0,0,2,none,"{""anger"":0,""disgust"":0,""fear"":0,""joy"":0,""sadness"":0,""surprise"":0,""neutral"":2,""target"":""none""}"
C0165,0,0,0,0,0,0,2,none,"{""anger"":0,""disgust"":0,""fear"":0,""joy"":0,""sadness"":0,""surprise"":0,""neutral"":2,""target"":""none""}"
C0166,0,0,1,0,0,0,0,ai_tech,"{""anger"":0,""disgust"":0,""fear"":1,""joy"":0,""sadness"":0,""surprise"":0,""neutral"":0,""target"":""ai_tech""}"
C0167,0,0,0,0,0,0,2,none,"{""anger"":0,""disgust"":0,""fear"":0,""joy"":0,""sadness"":0,""surprise"":0,""neutral"":2,""target"":""none""}"
C0168,0,0,0,1,0,0,0,ai_product,"{""anger"":0,""disgust"":0,""fear"":0,""joy"":1,""sadness"":0,""surprise"":0,""neutral"":0,""target"":""ai_product""}"
C0169,0,0,0,1,0,1,0,other,"{""anger"":0,""disgust"":0,""fear"":0,""joy"":1,""sadness"":0,""surprise"":1,""neutral"":0,""target"":""other""}"
C0170,1,0,0,0,0,2,0,other,"{""anger"":1,""disgust"":0,""fear"":0,""joy"":0,""sadness"":0,""surprise"":2,""neutral"":0,""target"":""other""}"
C0171,0,0,0,0,0,0,2,none,"{""anger"":0,""disgust"":0,""fear"":0,""joy"":0,""sadness"":0,""surprise"":0,""neutral"":2,""target"":""none""}"
C0172,0,0,0,0,0,0,2,none,"{""anger"":0,""disgust"":0,""fear"":0,""joy"":0,""sadness"":0,""surprise"":0,""neutral"":2,""target"":""none""}"
C0173,1,0,0,0,0,0,0,people,"{""anger"":1,""disgust"":0,""fear"":0,""joy"":0,""sadness"":0,""surprise"":0,""neutral"":0,""target"":""people""}"
C0174,0,0,0,1,0,0,0,other,"{""anger"":0,""disgust"":0,""fear"":0,""joy"":1,""sadness"":0,""surprise"":0,""neutral"":0,""target"":""other""}"
C0175,1,0,0,0,0,0,1,ai_product,"{""anger"":1,""disgust"":0,""fear"":0,""joy"":0,""sadness"":0,""surprise"":0,""neutral"":1,""target"":""ai_product""}"
C0176,0,0,0,0,0,0,2,none,"{""anger"":0,""disgust"":0,""fear"":0,""joy"":0,""sadness"":0,""surprise"":0,""neutral"":2,""target"":""none""}"
C0177,2,2,0,0,0,0,0,ai_org,"{""anger"":2,""disgust"":2,""fear"":0,""joy"":0,""sadness"":0,""surprise"":0,""neutral"":0,""target"":""ai_org""}"
C0178,0,0,0,1,0,0,0,other,"{""anger"":0,""disgust"":0,""fear"":0,""joy"":1,""sadness"":0,""surprise"":0,""neutral"":0,""target"":""other""}"
C0179,1,0,0,0,0,0,0,ai_org,"{""anger"":1,""disgust"":0,""fear"":0,""joy"":0,""sadness"":0,""surprise"":0,""neutral"":0,""target"":""ai_org""}"
C0180,0,0,0,0,0,0,2,none,"{""anger"":0,""disgust"":0,""fear"":0,""joy"":0,""sadness"":0,""surprise"":0,""neutral"":2,""target"":""none""}"
C0181,0,1,0,0,0,0,0,ai_product,"{""anger"":0,""disgust"":1,""fear"":0,""joy"":0,""sadness"":0,""surprise"":0,""neutral"":0,""target"":""ai_product""}"
C0182,0,0,0,0,0,0,2,none,"{""anger"":0,""disgust"":0,""fear"":0,""joy"":0,""sadness"":0,""surprise"":0,""neutral"":2,""target"":""none""}"
C0183,0,0,0,0,0,0,2,none,"{""anger"":0,""disgust"":0,""fear"":0,""joy"":0,""sadness"":0,""surprise"":0,""neutral"":2,""target"":""none""}"
C0184,2,1,0,0,0,0,0,other,"{""anger"":2,""disgust"":1,""fear"":0,""joy"":0,""sadness"":0,""surprise"":0,""neutral"":0,""target"":""other""}"
C0185,0,0,0,1,0,2,0,people,"{""anger"":0,""disgust"":0,""fear"":0,""joy"":1,""sadness"":0,""surprise"":2,""neutral"":0,""target"":""people""}"
C0186,0,0,0,1,0,1,0,ai_tech,"{""anger"":0,""disgust"":0,""fear"":0,""joy"":1,""sadness"":0,""surprise"":1,""neutral"":0,""target"":""ai_tech""}"
C0187,0,0,1,0,0,0,0,other,"{""anger"":0,""disgust"":0,""fear"":1,""joy"":0,""sadness"":0,""surprise"":0,""neutral"":0,""target"":""other""}"
C0188,0,0,0,0,0,0,2,none,"{""anger"":0,""disgust"":0,""fear"":0,""joy"":0,""sadness"":0,""surprise"":0,""neutral"":2,""target"":""none""}"
C0189,0,0,0,0,0,0,2,none,"{""anger"":0,""disgust"":0,""fear"":0,""joy"":0,""sadness"":0,""surprise"":0,""neutral"":2,""target"":""none""}"
C0190,0,0,0,1,0,0,0,other,"{""anger"":0,""disgust"":0,""fear"":0,""joy"":1,""sadness"":0,""surprise"":0,""neutral"":0,""target"":""other""}"
C0191,2,0,0,0,0,0,0,people,"{""anger"":2,""disgust"":0,""fear"":0,""joy"":0,""sadness"":0,""surprise"":0,""neutral"":0,""target"":""people""}"
C0192,0,0,0,0,0,0,2,none,"{""anger"":0,""disgust"":0,""fear"":0,""joy"":0,""sadness"":0,""surprise"":0,""neutral"":2,""target"":""none""}"
C0193,1,0,0,0,0,0,0,other,"{""anger"":1,""disgust"":0,""fear"":0,""joy"":0,""sadness"":0,""surprise"":0,""neutral"":0,""target"":""other""}"
C0194,0,0,0,0,0,2,0,other,"{""anger"":0,""disgust"":0,""fear"":0,""joy"":0,""sadness"":0,""surprise"":2,""neutral"":0,""target"":""other""}"
C0195,0,0,0,1,0,0,0,other,"{""anger"":0,""disgust"":0,""fear"":0,""joy"":1,""sadness"":0,""surprise"":0,""neutral"":0,""target"":""other""}"
C0196,0,0,0,0,0,1,0,other,"{""anger"":0,""disgust"":0,""fear"":0,""joy"":0,""sadness"":0,""surprise"":1,""neutral"":0,""target"":""other""}"
C0197,2,0,0,0,0,0,0,other,"{""anger"":2,""disgust"":0,""fear"":0,""joy"":0,""sadness"":0,""surprise"":0,""neutral"":0,""target"":""other""}"
C0198,0,0,0,1,0,0,0,other,"{""anger"":0,""disgust"":0,""fear"":0,""joy"":1,""sadness"":0,""surprise"":0,""neutral"":0,""target"":""other""}"
C0199,2,1,0,0,1,0,0,other,"{""anger"":2,""disgust"":1,""fear"":0,""joy"":0,""sadness"":1,""surprise"":0,""neutral"":0,""target"":""other""}"
C0200,0,0,0,0,0,0,2,none,"{""anger"":0,""disgust"":0,""fear"":0,""joy"":0,""sadness"":0,""surprise"":0,""neutral"":2,""target"":""none""}"
C0201,0,0,1,0,0,0,0,other,"{""anger"":0,""disgust"":0,""fear"":1,""joy"":0,""sadness"":0,""surprise"":0,""neutral"":0,""target"":""other""}"
C0202,0,0,0,0,0,0,2,none,"{""anger"":0,""disgust"":0,""fear"":0,""joy"":0,""sadness"":0,""surprise"":0,""neutral"":2,""target"":""none""}"
C0203,1,2,0,0,0,0,0,other,"{""anger"":1,""disgust"":2,""fear"":0,""joy"":0,""sadness"":0,""surprise"":0,""neutral"":0,""target"":""other""}"
C0204,0,0,2,0,1,0,0,people,"{""anger"":0,""disgust"":0,""fear"":2,""joy"":0,""sadness"":1,""surprise"":0,""neutral"":0,""target"":""people""}"
C0205,0,0,0,1,0,0,0,people,"{""anger"":0,""disgust"":0,""fear"":0,""joy"":1,""sadness"":0,""surprise"":0,""neutral"":0,""target"":""people""}"
C0206,0,0,1,0,0,0,0,other,"{""anger"":0,""disgust"":0,""fear"":1,""joy"":0,""sadness"":0,""surprise"":0,""neutral"":0,""target"":""other""}"
C0207,0,0,0,1,0,2,0,people,"{""anger"":0,""disgust"":0,""fear"":0,""joy"":1,""sadness"":0,""surprise"":2,""neutral"":0,""target"":""people""}"
C0208,0,0,1,0,0,0,0,other,"{""anger"":0,""disgust"":0,""fear"":1,""joy"":0,""sadness"":0,""surprise"":0,""neutral"":0,""target"":""other""}"
C0209,0,0,0,0,0,0,2,none,"{""anger"":0,""disgust"":0,""fear"":0,""joy"":0,""sadness"":0,""surprise"":0,""neutral"":2,""target"":""none""}"
C0210,0,1,0,0,0,0,0,other,"{""anger"":0,""disgust"":1,""fear"":0,""joy"":0,""sadness"":0,""surprise"":0,""neutral"":0,""target"":""other""}"
C0211,2,0,0,0,0,0,0,ai_org,"{""anger"":2,""disgust"":0,""fear"":0,""joy"":0,""sadness"":0,""surprise"":0,""neutral"":0,""target"":""ai_org""}"
C0212,0,0,0,0,0,0,2,none,"{""anger"":0,""disgust"":0,""fear"":0,""joy"":0,""sadness"":0,""surprise"":0,""neutral"":2,""target"":""none""}"
C0213,2,1,0,0,0,0,0,ai_product,"{""anger"":2,""disgust"":1,""fear"":0,""joy"":0,""sadness"":0,""surprise"":0,""neutral"":0,""target"":""ai_product""}"
C0214,0,0,0,0,0,2,0,other,"{""anger"":0,""disgust"":0,""fear"":0,""joy"":0,""sadness"":0,""surprise"":2,""neutral"":0,""target"":""other""}"
C0215,0,2,0,0,0,0,0,people,"{""anger"":0,""disgust"":2,""fear"":0,""joy"":0,""sadness"":0,""surprise"":0,""neutral"":0,""target"":""people""}"
C0216,1,0,0,0,2,0,0,people,"{""anger"":1,""disgust"":0,""fear"":0,""joy"":0,""sadness"":2,""surprise"":0,""neutral"":0,""target"":""people""}"
C0217,0,0,0,0,0,0,2,none,"{""anger"":0,""disgust"":0,""fear"":0,""joy"":0,""sadness"":0,""surprise"":0,""neutral"":2,""target"":""none""}"
C0218,0,0,0,0,0,0,2,none,"{""anger"":0,""disgust"":0,""fear"":0,""joy"":0,""sadness"":0,""surprise"":0,""neutral"":2,""target"":""none""}"
C0219,0,0,0,1,0,0,0,other,"{""anger"":0,""disgust"":0,""fear"":0,""joy"":1,""sadness"":0,""surprise"":0,""neutral"":0,""target"":""other""}"
C0220,0,0,0,1,0,0,0,people,"{""anger"":0,""disgust"":0,""fear"":0,""joy"":1,""sadness"":0,""surprise"":0,""neutral"":0,""target"":""people""}"
C0221,1,0,0,0,0,0,0,ai_org,"{""anger"":1,""disgust"":0,""fear"":0,""joy"":0,""sadness"":0,""surprise"":0,""neutral"":0,""target"":""ai_org""}"
C0222,0,0,0,0,0,0,2,none,"{""anger"":0,""disgust"":0,""fear"":0,""joy"":0,""sadness"":0,""surprise"":0,""neutral"":2,""target"":""none""}"
C0223,2,1,2,0,0,0,0,ai_tech,"{""anger"":2,""disgust"":1,""fear"":2,""joy"":0,""sadness"":0,""surprise"":0,""neutral"":0,""target"":""ai_tech""}"
C0224,0,0,0,0,0,1,0,other,"{""anger"":0,""disgust"":0,""fear"":0,""joy"":0,""sadness"":0,""surprise"":1,""neutral"":0,""target"":""other""}"
C0225,1,2,0,0,0,0,0,ai_org,"{""anger"":1,""disgust"":2,""fear"":0,""joy"":0,""sadness"":0,""surprise"":0,""neutral"":0,""target"":""ai_org""}"
C0226,0,0,0,0,0,0,2,none,"{""anger"":0,""disgust"":0,""fear"":0,""joy"":0,""sadness"":0,""surprise"":0,""neutral"":2,""target"":""none""}"
C0227,0,0,2,0,0,0,0,ai_product,"{""anger"":0,""disgust"":0,""fear"":2,""joy"":0,""sadness"":0,""surprise"":0,""neutral"":0,""target"":""ai_product""}"
C0228,1,0,0,0,0,0,0,ai_org,"{""anger"":1,""disgust"":0,""fear"":0,""joy"":0,""sadness"":0,""surprise"":0,""neutral"":0,""target"":""ai_org""}"
C0229,1,2,0,0,0,0,0,ai_org,"{""anger"":1,""disgust"":2,""fear"":0,""joy"":0,""sadness"":0,""surprise"":0,""neutral"":0,""target"":""ai_org""}"
C0230,1,2,0,0,0,0,0,ai_product,"{""anger"":1,""disgust"":2,""fear"":0,""joy"":0,""sadness"":0,""surprise"":0,""neutral"":0,""target"":""ai_product""}"
C0231,0,2,0,0,0,0,0,people,"{""anger"":0,""disgust"":2,""fear"":0,""joy"":0,""sadness"":0,""surprise"":0,""neutral"":0,""target"":""people""}"
C0232,0,0,0,0,0,0,0,other,"{""anger"":0,""disgust"":0,""fear"":0,""joy"":0,""sadness"":0,""surprise"":0,""neutral"":0,""target"":""other""}"
C0233,0,0,0,0,0,0,2,none,"{""anger"":0,""disgust"":0,""fear"":0,""joy"":0,""sadness"":0,""surprise"":0,""neutral"":2,""target"":""none""}"
C0234,0,0,0,0,0,0,2,none,"{""anger"":0,""disgust"":0,""fear"":0,""joy"":0,""sadness"":0,""surprise"":0,""neutral"":2,""target"":""none""}"
C0235,1,2,0,0,0,0,0,other,"{""anger"":1,""disgust"":2,""fear"":0,""joy"":0,""sadness"":0,""surprise"":0,""neutral"":0,""target"":""other""}"
C0236,1,1,0,0,0,0,0,ai_product,"{""anger"":1,""disgust"":1,""fear"":0,""joy"":0,""sadness"":0,""surprise"":0,""neutral"":0,""target"":""ai_product""}"
C0237,0,0,0,0,0,0,2,none,"{""anger"":0,""disgust"":0,""fear"":0,""joy"":0,""sadness"":0,""surprise"":0,""neutral"":2,""target"":""none""}"
C0238,1,0,0,0,0,0,0,other,"{""anger"":1,""disgust"":0,""fear"":0,""joy"":0,""sadness"":0,""surprise"":0,""neutral"":0,""target"":""other""}"
C0239,0,0,1,0,0,0,0,ai_tech,"{""anger"":0,""disgust"":0,""fear"":1,""joy"":0,""sadness"":0,""surprise"":0,""neutral"":0,""target"":""ai_tech""}"
C0240,1,0,0,0,0,0,0,other,"{""anger"":1,""disgust"":0,""fear"":0,""joy"":0,""sadness"":0,""surprise"":0,""neutral"":0,""target"":""other""}"
C0241,2,1,0,0,0,0,0,other,"{""anger"":2,""disgust"":1,""fear"":0,""joy"":0,""sadness"":0,""surprise"":0,""neutral"":0,""target"":""other""}"
C0242,0,0,0,0,0,1,0,other,"{""anger"":0,""disgust"":0,""fear"":0,""joy"":0,""sadness"":0,""surprise"":1,""neutral"":0,""target"":""other""}"
C0243,2,0,0,0,0,0,0,ai_product,"{""anger"":2,""disgust"":0,""fear"":0,""joy"":0,""sadness"":0,""surprise"":0,""neutral"":0,""target"":""ai_product""}"
C0244,0,0,0,0,0,1,0,other,"{""anger"":0,""disgust"":0,""fear"":0,""joy"":0,""sadness"":0,""surprise"":1,""neutral"":0,""target"":""other""}"
C0245,1,0,0,0,0,0,1,ai_tech,"{""anger"":1,""disgust"":0,""fear"":0,""joy"":0,""sadness"":0,""surprise"":0,""neutral"":1,""target"":""ai_tech""}"
C0246,0,0,0,1,0,0,0,ai_tech,"{""anger"":0,""disgust"":0,""fear"":0,""joy"":1,""sadness"":0,""surprise"":0,""neutral"":0,""target"":""ai_tech""}"
C0247,2,1,0,0,0,0,0,other,"{""anger"":2,""disgust"":1,""fear"":0,""joy"":0,""sadness"":0,""surprise"":0,""neutral"":0,""target"":""other""}"
C0248,0,0,0,0,0,2,0,other,"{""anger"":0,""disgust"":0,""fear"":0,""joy"":0,""sadness"":0,""surprise"":2,""neutral"":0,""target"":""other""}"
C0249,0,0,0,0,0,0,2,none,"{""anger"":0,""disgust"":0,""fear"":0,""joy"":0,""sadness"":0,""surprise"":0,""neutral"":2,""target"":""none""}"
C0250,1,1,0,0,0,0,0,ai_tech,"{""anger"":1,""disgust"":1,""fear"":0,""joy"":0,""sadness"":0,""surprise"":0,""neutral"":0,""target"":""ai_tech""}"
C0251,2,1,0,0,0,0,0,ai_tech,"{""anger"":2,""disgust"":1,""fear"":0,""joy"":0,""sadness"":0,""surprise"":0,""neutral"":0,""target"":""ai_tech""}"
C0252,0,0,0,0,0,0,2,none,"{""anger"":0,""disgust"":0,""fear"":0,""joy"":0,""sadness"":0,""surprise"":0,""neutral"":2,""target"":""none""}"
C0253,2,2,0,0,0,0,0,other,"{""anger"":2,""disgust"":2,""fear"":0,""joy"":0,""sadness"":0,""surprise"":0,""neutral"":0,""target"":""other""}"
C0254,0,0,0,0,1,0,0,other,"{""anger"":0,""disgust"":0,""fear"":0,""joy"":0,""sadness"":1,""surprise"":0,""neutral"":0,""target"":""other""}"
C0255,0,1,0,0,0,0,0,other,"{""anger"":0,""disgust"":1,""fear"":0,""joy"":0,""sadness"":0,""surprise"":0,""neutral"":0,""target"":""other""}"
C0256,0,0,0,1,0,0,0,ai_tech,"{""anger"":0,""disgust"":0,""fear"":0,""joy"":1,""sadness"":0,""surprise"":0,""neutral"":0,""target"":""ai_tech""}"
C0257,0,0,0,0,0,1,0,other,"{""anger"":0,""disgust"":0,""fear"":0,""joy"":0,""sadness"":0,""surprise"":1,""neutral"":0,""target"":""other""}"
C0258,0,0,0,1,0,0,0,other,"{""anger"":0,""disgust"":0,""fear"":0,""joy"":1,""sadness"":0,""surprise"":0,""neutral"":0,""target"":""other""}"
C0259,2,0,0,0,0,0,0,people,"{""anger"":2,""disgust"":0,""fear"":0,""joy"":0,""sadness"":0,""surprise"":0,""neutral"":0,""target"":""people""}"
C0260,1,0,0,0,1,0,0,ai_org,"{""anger"":1,""disgust"":0,""fear"":0,""joy"":0,""sadness"":1,""surprise"":0,""neutral"":0,""target"":""ai_org""}"
C0261,0,0,1,0,0,0,1,other,"{""anger"":0,""disgust"":0,""fear"":1,""joy"":0,""sadness"":0,""surprise"":0,""neutral"":1,""target"":""other""}"
C0262,0,0,0,2,0,0,0,ai_product,"{""anger"":0,""disgust"":0,""fear"":0,""joy"":2,""sadness"":0,""surprise"":0,""neutral"":0,""target"":""ai_product""}"
C0263,0,0,0,1,1,0,0,people,"{""anger"":0,""disgust"":0,""fear"":0,""joy"":1,""sadness"":1,""surprise"":0,""neutral"":0,""target"":""people""}"
C0264,0,0,0,0,0,0,2,none,"{""anger"":0,""disgust"":0,""fear"":0,""joy"":0,""sadness"":0,""surprise"":0,""neutral"":2,""target"":""none""}"
C0265,0,0,0,1,0,0,0,ai_product,"{""anger"":0,""disgust"":0,""fear"":0,""joy"":1,""sadness"":0,""surprise"":0,""neutral"":0,""target"":""ai_product""}"
C0266,2,1,0,0,0,0,0,ai_tech,"{""anger"":2,""disgust"":1,""fear"":0,""joy"":0,""sadness"":0,""surprise"":0,""neutral"":0,""target"":""ai_tech""}"
C0267,1,1,0,0,0,0,0,other,"{""anger"":1,""disgust"":1,""fear"":0,""joy"":0,""sadness"":0,""surprise"":0,""neutral"":0,""target"":""other""}"
C0268,2,1,0,0,0,0,0,ai_org,"{""anger"":2,""disgust"":1,""fear"":0,""joy"":0,""sadness"":0,""surprise"":0,""neutral"":0,""target"":""ai_org""}"
C0269,1,2,0,0,0,0,0,other,"{""anger"":1,""disgust"":2,""fear"":0,""joy"":0,""sadness"":0,""surprise"":0,""neutral"":0,""target"":""other""}"
C0270,0,1,0,0,0,0,0,ai_product,"{""anger"":0,""disgust"":1,""fear"":0,""joy"":0,""sadness"":0,""surprise"":0,""neutral"":0,""target"":""ai_product""}"
C0271,0,0,0,1,0,0,0,other,"{""anger"":0,""disgust"":0,""fear"":0,""joy"":1,""sadness"":0,""surprise"":0,""neutral"":0,""target"":""other""}"
C0272,0,1,0,0,0,0,0,other,"{""anger"":0,""disgust"":1,""fear"":0,""joy"":0,""sadness"":0,""surprise"":0,""neutral"":0,""target"":""other""}"
C0273,2,1,0,0,0,0,0,ai_org,"{""anger"":2,""disgust"":1,""fear"":0,""joy"":0,""sadness"":0,""surprise"":0,""neutral"":0,""target"":""ai_org""}"
C0274,2,1,1,0,0,0,0,ai_org,"{""anger"":2,""disgust"":1,""fear"":1,""joy"":0,""sadness"":0,""surprise"":0,""neutral"":0,""target"":""ai_org""}"
C0275,1,0,0,0,1,0,0,ai_product,"{""anger"":1,""disgust"":0,""fear"":0,""joy"":0,""sadness"":1,""surprise"":0,""neutral"":0,""target"":""ai_product""}"
C0276,0,0,0,0,0,0,2,none,"{""anger"":0,""disgust"":0,""fear"":0,""joy"":0,""sadness"":0,""surprise"":0,""neutral"":2,""target"":""none""}"
C0277,0,0,0,0,0,0,2,none,"{""anger"":0,""disgust"":0,""fear"":0,""joy"":0,""sadness"":0,""surprise"":0,""neutral"":2,""target"":""none""}"
C0278,0,0,0,0,0,0,1,other,"{""anger"":0,""disgust"":0,""fear"":0,""joy"":0,""sadness"":0,""surprise"":0,""neutral"":1,""target"":""other""}"
C0279,0,0,0,0,0,0,2,none,"{""anger"":0,""disgust"":0,""fear"":0,""joy"":0,""sadness"":0,""surprise"":0,""neutral"":2,""target"":""none""}"
C0280,0,0,0,0,0,2,0,ai_org,"{""anger"":0,""disgust"":0,""fear"":0,""joy"":0,""sadness"":0,""surprise"":2,""neutral"":0,""target"":""ai_org""}"
C0281,0,0,0,0,0,0,2,none,"{""anger"":0,""disgust"":0,""fear"":0,""joy"":0,""sadness"":0,""surprise"":0,""neutral"":2,""target"":""none""}"
C0282,0,0,0,0,0,0,2,none,"{""anger"":0,""disgust"":0,""fear"":0,""joy"":0,""sadness"":0,""surprise"":0,""neutral"":2,""target"":""none""}"
C0283,0,0,0,0,0,0,2,none,"{""anger"":0,""disgust"":0,""fear"":0,""joy"":0,""sadness"":0,""surprise"":0,""neutral"":2,""target"":""none""}"
C0284,0,0,0,0,0,0,2,none,"{""anger"":0,""disgust"":0,""fear"":0,""joy"":0,""sadness"":0,""surprise"":0,""neutral"":2,""target"":""none""}"
C0285,0,0,0,0,0,0,2,none,"{""anger"":0,""disgust"":0,""fear"":0,""joy"":0,""sadness"":0,""surprise"":0,""neutral"":2,""target"":""none""}"
C0286,1,0,0,0,0,0,0,people,"{""anger"":1,""disgust"":0,""fear"":0,""joy"":0,""sadness"":0,""surprise"":0,""neutral"":0,""target"":""people""}"
C0287,0,1,0,1,0,0,0,ai_product,"{""anger"":0,""disgust"":1,""fear"":0,""joy"":1,""sadness"":0,""surprise"":0,""neutral"":0,""target"":""ai_product""}"
C0288,0,0,0,0,0,1,0,other,"{""anger"":0,""disgust"":0,""fear"":0,""joy"":0,""sadness"":0,""surprise"":1,""neutral"":0,""target"":""other""}"
C0289,0,0,0,1,0,0,0,ai_tech,"{""anger"":0,""disgust"":0,""fear"":0,""joy"":1,""sadness"":0,""surprise"":0,""neutral"":0,""target"":""ai_tech""}"
C0290,0,0,0,0,0,0,1,ai_product,"{""anger"":0,""disgust"":0,""fear"":0,""joy"":0,""sadness"":0,""surprise"":0,""neutral"":1,""target"":""ai_product""}"
C0291,0,0,0,1,0,0,0,ai_tech,"{""anger"":0,""disgust"":0,""fear"":0,""joy"":1,""sadness"":0,""surprise"":0,""neutral"":0,""target"":""ai_tech""}"
C0292,0,0,0,0,0,0,2,none,"{""anger"":0,""disgust"":0,""fear"":0,""joy"":0,""sadness"":0,""surprise"":0,""neutral"":2,""target"":""none""}"
C0293,2,1,0,0,2,0,0,ai_org,"{""anger"":2,""disgust"":1,""fear"":0,""joy"":0,""sadness"":2,""surprise"":0,""neutral"":0,""target"":""ai_org""}"
C0294,2,0,0,0,0,0,0,other,"{""anger"":2,""disgust"":0,""fear"":0,""joy"":0,""sadness"":0,""surprise"":0,""neutral"":0,""target"":""other""}"
C0295,0,0,1,0,0,0,0,other,"{""anger"":0,""disgust"":0,""fear"":1,""joy"":0,""sadness"":0,""surprise"":0,""neutral"":0,""target"":""other""}"
C0296,0,0,0,0,0,0,2,none,"{""anger"":0,""disgust"":0,""fear"":0,""joy"":0,""sadness"":0,""surprise"":0,""neutral"":2,""target"":""none""}"
C0297,0,0,0,0,0,0,2,none,"{""anger"":0,""disgust"":0,""fear"":0,""joy"":0,""sadness"":0,""surprise"":0,""neutral"":2,""target"":""none""}"
C0298,2,1,0,0,0,0,0,ai_org,"{""anger"":2,""disgust"":1,""fear"":0,""joy"":0,""sadness"":0,""surprise"":0,""neutral"":0,""target"":""ai_org""}"
C0299,1,0,2,0,0,0,0,ai_tech,"{""anger"":1,""disgust"":0,""fear"":2,""joy"":0,""sadness"":0,""surprise"":0,""neutral"":0,""target"":""ai_tech""}"
C0300,0,0,0,1,0,1,0,ai_org,"{""anger"":0,""disgust"":0,""fear"":0,""joy"":1,""sadness"":0,""surprise"":1,""neutral"":0,""target"":""ai_org""}"
C0301,0,0,0,0,0,1,0,other,"{""anger"":0,""disgust"":0,""fear"":0,""joy"":0,""sadness"":0,""surprise"":1,""neutral"":0,""target"":""other""}"
C0302,0,0,0,0,1,0,0,ai_product,"{""anger"":0,""disgust"":0,""fear"":0,""joy"":0,""sadness"":1,""surprise"":0,""neutral"":0,""target"":""ai_product""}"
C0303,0,0,0,0,0,0,2,none,"{""anger"":0,""disgust"":0,""fear"":0,""joy"":0,""sadness"":0,""surprise"":0,""neutral"":2,""target"":""none""}"
C0304,0,0,2,0,0,1,0,other,"{""anger"":0,""disgust"":0,""fear"":2,""joy"":0,""sadness"":0,""surprise"":1,""neutral"":0,""target"":""other""}"
C0305,1,1,0,0,0,0,0,people,"{""anger"":1,""disgust"":1,""fear"":0,""joy"":0,""sadness"":0,""surprise"":0,""neutral"":0,""target"":""people""}"
C0306,0,0,0,0,0,0,2,none,"{""anger"":0,""disgust"":0,""fear"":0,""joy"":0,""sadness"":0,""surprise"":0,""neutral"":2,""target"":""none""}"
C0307,0,0,1,1,0,0,0,other,"{""anger"":0,""disgust"":0,""fear"":1,""joy"":1,""sadness"":0,""surprise"":0,""neutral"":0,""target"":""other""}"
C0308,0,0,0,0,0,2,0,other,"{""anger"":0,""disgust"":0,""fear"":0,""joy"":0,""sadness"":0,""surprise"":2,""neutral"":0,""target"":""other""}"
C0309,2,0,0,0,0,0,0,other,"{""anger"":2,""disgust"":0,""fear"":0,""joy"":0,""sadness"":0,""surprise"":0,""neutral"":0,""target"":""other""}"
C0310,0,0,0,0,0,0,2,none,"{""anger"":0,""disgust"":0,""fear"":0,""joy"":0,""sadness"":0,""surprise"":0,""neutral"":2,""target"":""none""}"
C0311,0,0,0,0,1,0,0,ai_product,"{""anger"":0,""disgust"":0,""fear"":0,""joy"":0,""sadness"":1,""surprise"":0,""neutral"":0,""target"":""ai_product""}"
C0312,0,0,0,0,0,0,2,none,"{""anger"":0,""disgust"":0,""fear"":0,""joy"":0,""sadness"":0,""surprise"":0,""neutral"":2,""target"":""none""}"
C0313,0,0,0,1,0,0,0,ai_product,"{""anger"":0,""disgust"":0,""fear"":0,""joy"":1,""sadness"":0,""surprise"":0,""neutral"":0,""target"":""ai_product""}"
C0314,1,0,0,0,0,0,0,other,"{""anger"":1,""disgust"":0,""fear"":0,""joy"":0,""sadness"":0,""surprise"":0,""neutral"":0,""target"":""other""}"
C0315,2,1,2,0,1,0,0,ai_org,"{""anger"":2,""disgust"":1,""fear"":2,""joy"":0,""sadness"":1,""surprise"":0,""neutral"":0,""target"":""ai_org""}"
C0316,0,0,0,2,0,2,0,ai_product,"{""anger"":0,""disgust"":0,""fear"":0,""joy"":2,""sadness"":0,""surprise"":2,""neutral"":0,""target"":""ai_product""}"
C0317,0,0,0,0,0,0,2,none,"{""anger"":0,""disgust"":0,""fear"":0,""joy"":0,""sadness"":0,""surprise"":0,""neutral"":2,""target"":""none""}"
C0318,0,0,0,0,0,0,2,none,"{""anger"":0,""disgust"":0,""fear"":0,""joy"":0,""sadness"":0,""surprise"":0,""neutral"":2,""target"":""none""}"
C0319,1,0,0,0,0,0,0,other,"{""anger"":1,""disgust"":0,""fear"":0,""joy"":0,""sadness"":0,""surprise"":0,""neutral"":0,""target"":""other""}"
C0320,2,2,1,0,0,0,0,ai_tech,"{""anger"":2,""disgust"":2,""fear"":1,""joy"":0,""sadness"":0,""surprise"":0,""neutral"":0,""target"":""ai_tech""}"
C0321,0,0,1,0,0,0,0,ai_tech,"{""anger"":0,""disgust"":0,""fear"":1,""joy"":0,""sadness"":0,""surprise"":0,""neutral"":0,""target"":""ai_tech""}"
C0322,0,0,0,0,0,0,2,none,"{""anger"":0,""disgust"":0,""fear"":0,""joy"":0,""sadness"":0,""surprise"":0,""neutral"":2,""target"":""none""}"
C0323,0,0,0,1,0,0,0,other,"{""anger"":0,""disgust"":0,""fear"":0,""joy"":1,""sadness"":0,""surprise"":0,""neutral"":0,""target"":""other""}"
C0324,0,0,0,0,0,0,2,none,"{""anger"":0,""disgust"":0,""fear"":0,""joy"":0,""sadness"":0,""surprise"":0,""neutral"":2,""target"":""none""}"
C0325,0,0,0,0,0,0,2,none,"{""anger"":0,""disgust"":0,""fear"":0,""joy"":0,""sadness"":0,""surprise"":0,""neutral"":2,""target"":""none""}"
C0326,0,0,0,0,0,0,2,none,"{""anger"":0,""disgust"":0,""fear"":0,""joy"":0,""sadness"":0,""surprise"":0,""neutral"":2,""target"":""none""}"
C0327,0,0,0,0,0,0,2,none,"{""anger"":0,""disgust"":0,""fear"":0,""joy"":0,""sadness"":0,""surprise"":0,""neutral"":2,""target"":""none""}"
C0328,1,0,2,0,1,0,0,other,"{""anger"":1,""disgust"":0,""fear"":2,""joy"":0,""sadness"":1,""surprise"":0,""neutral"":0,""target"":""other""}"
C0329,0,0,0,0,0,0,2,none,"{""anger"":0,""disgust"":0,""fear"":0,""joy"":0,""sadness"":0,""surprise"":0,""neutral"":2,""target"":""none""}"
C0330,0,0,0,0,0,1,0,other,"{""anger"":0,""disgust"":0,""fear"":0,""joy"":0,""sadness"":0,""surprise"":1,""neutral"":0,""target"":""other""}"
C0331,2,1,0,0,0,0,0,ai_org,"{""anger"":2,""disgust"":1,""fear"":0,""joy"":0,""sadness"":0,""surprise"":0,""neutral"":0,""target"":""ai_org""}"
C0332,0,0,0,0,0,0,2,none,"{""anger"":0,""disgust"":0,""fear"":0,""joy"":0,""sadness"":0,""surprise"":0,""neutral"":2,""target"":""none""}"
C0333,0,0,0,0,0,1,0,ai_tech,"{""anger"":0,""disgust"":0,""fear"":0,""joy"":0,""sadness"":0,""surprise"":1,""neutral"":0,""target"":""ai_tech""}"
C0334,0,0,0,1,0,0,0,ai_product,"{""anger"":0,""disgust"":0,""fear"":0,""joy"":1,""sadness"":0,""surprise"":0,""neutral"":0,""target"":""ai_product""}"
C0335,0,1,0,0,0,0,0,ai_tech,"{""anger"":0,""disgust"":1,""fear"":0,""joy"":0,""sadness"":0,""surprise"":0,""neutral"":0,""target"":""ai_tech""}"
C0336,0,2,0,0,1,0,0,ai_org,"{""anger"":0,""disgust"":2,""fear"":0,""joy"":0,""sadness"":1,""surprise"":0,""neutral"":0,""target"":""ai_org""}"
C0337,0,0,0,0,0,0,2,none,"{""anger"":0,""disgust"":0,""fear"":0,""joy"":0,""sadness"":0,""surprise"":0,""neutral"":2,""target"":""none""}"
C0338,1,2,0,0,0,0,0,ai_org,"{""anger"":1,""disgust"":2,""fear"":0,""joy"":0,""sadness"":0,""surprise"":0,""neutral"":0,""target"":""ai_org""}"
C0339,0,0,0,1,0,0,0,other,"{""anger"":0,""disgust"":0,""fear"":0,""joy"":1,""sadness"":0,""surprise"":0,""neutral"":0,""target"":""other""}"
C0340,1,0,0,0,0,0,0,people,"{""anger"":1,""disgust"":0,""fear"":0,""joy"":0,""sadness"":0,""surprise"":0,""neutral"":0,""target"":""people""}"
C0341,0,0,1,0,0,0,0,ai_org,"{""anger"":0,""disgust"":0,""fear"":1,""joy"":0,""sadness"":0,""surprise"":0,""neutral"":0,""target"":""ai_org""}"
C0342,0,0,0,0,0,0,2,none,"{""anger"":0,""disgust"":0,""fear"":0,""joy"":0,""sadness"":0,""surprise"":0,""neutral"":2,""target"":""none""}"
C0343,0,0,0,0,0,0,2,none,"{""anger"":0,""disgust"":0,""fear"":0,""joy"":0,""sadness"":0,""surprise"":0,""neutral"":2,""target"":""none""}"
C0344,0,0,0,0,0,0,2,none,"{""anger"":0,""disgust"":0,""fear"":0,""joy"":0,""sadness"":0,""surprise"":0,""neutral"":2,""target"":""none""}"
C0345,0,0,1,0,0,0,0,other,"{""anger"":0,""disgust"":0,""fear"":1,""joy"":0,""sadness"":0,""surprise"":0,""neutral"":0,""target"":""other""}"
C0346,0,0,0,0,0,0,2,none,"{""anger"":0,""disgust"":0,""fear"":0,""joy"":0,""sadness"":0,""surprise"":0,""neutral"":2,""target"":""none""}"
C0347,0,0,0,0,1,0,0,people,"{""anger"":0,""disgust"":0,""fear"":0,""joy"":0,""sadness"":1,""surprise"":0,""neutral"":0,""target"":""people""}"
C0348,1,1,0,0,0,0,0,other,"{""anger"":1,""disgust"":1,""fear"":0,""joy"":0,""sadness"":0,""surprise"":0,""neutral"":0,""target"":""other""}"
C0349,0,0,0,2,0,0,0,ai_tech,"{""anger"":0,""disgust"":0,""fear"":0,""joy"":2,""sadness"":0,""surprise"":0,""neutral"":0,""target"":""ai_tech""}"
C0350,0,0,0,1,0,1,0,other,"{""anger"":0,""disgust"":0,""fear"":0,""joy"":1,""sadness"":0,""surprise"":1,""neutral"":0,""target"":""other""}"
C0351,1,0,0,0,0,0,0,other,"{""anger"":1,""disgust"":0,""fear"":0,""joy"":0,""sadness"":0,""surprise"":0,""neutral"":0,""target"":""other""}"
C0352,2,2,0,0,0,0,0,ai_tech,"{""anger"":2,""disgust"":2,""fear"":0,""joy"":0,""sadness"":0,""surprise"":0,""neutral"":0,""target"":""ai_tech""}"
C0353,0,1,0,0,0,0,0,ai_tech,"{""anger"":0,""disgust"":1,""fear"":0,""joy"":0,""sadness"":0,""surprise"":0,""neutral"":0,""target"":""ai_tech""}"
C0354,0,0,0,0,0,0,2,none,"{""anger"":0,""disgust"":0,""fear"":0,""joy"":0,""sadness"":0,""surprise"":0,""neutral"":2,""target"":""none""}"
C0355,0,0,0,1,0,0,0,people,"{""anger"":0,""disgust"":0,""fear"":0,""joy"":1,""sadness"":0,""surprise"":0,""neutral"":0,""target"":""people""}"
C0356,1,0,1,0,0,0,0,ai_tech,"{""anger"":1,""disgust"":0,""fear"":1,""joy"":0,""sadness"":0,""surprise"":0,""neutral"":0,""target"":""ai_tech""}"
C0357,0,0,0,0,0,0,2,none,"{""anger"":0,""disgust"":0,""fear"":0,""joy"":0,""sadness"":0,""surprise"":0,""neutral"":2,""target"":""none""}"
C0358,0,0,0,0,0,0,2,none,"{""anger"":0,""disgust"":0,""fear"":0,""joy"":0,""sadness"":0,""surprise"":0,""neutral"":2,""target"":""none""}"
C0359,0,0,0,0,0,0,2,none,"{""anger"":0,""disgust"":0,""fear"":0,""joy"":0,""sadness"":0,""surprise"":0,""neutral"":2,""target"":""none""}"
C0360,0,0,0,0,0,1,0,other,"{""anger"":0,""disgust"":0,""fear"":0,""joy"":0,""sadness"":0,""surprise"":1,""neutral"":0,""target"":""other""}"
C0361,0,0,0,0,0,0,2,none,"{""anger"":0,""disgust"":0,""fear"":0,""joy"":0,""sadness"":0,""surprise"":0,""neutral"":2,""target"":""none""}"
C0362,0,0,0,0,0,0,2,none,"{""anger"":0,""disgust"":0,""fear"":0,""joy"":0,""sadness"":0,""surprise"":0,""neutral"":2,""target"":""none""}"
C0363,0,0,1,0,1,0,0,other,"{""anger"":0,""disgust"":0,""fear"":1,""joy"":0,""sadness"":1,""surprise"":0,""neutral"":0,""target"":""other""}"
C0364,2,0,0,0,0,0,0,other,"{""anger"":2,""disgust"":0,""fear"":0,""joy"":0,""sadness"":0,""surprise"":0,""neutral"":0,""target"":""other""}"
C0365,0,0,0,0,0,0,2,none,"{""anger"":0,""disgust"":0,""fear"":0,""joy"":0,""sadness"":0,""surprise"":0,""neutral"":2,""target"":""none""}"
C0366,0,2,0,0,0,0,0,other,"{""anger"":0,""disgust"":2,""fear"":0,""joy"":0,""sadness"":0,""surprise"":0,""neutral"":0,""target"":""other""}"
C0367,0,0,0,0,1,0,0,ai_tech,"{""anger"":0,""disgust"":0,""fear"":0,""joy"":0,""sadness"":1,""surprise"":0,""neutral"":0,""target"":""ai_tech""}"
C0368,0,0,0,0,0,1,0,other,"{""anger"":0,""disgust"":0,""fear"":0,""joy"":0,""sadness"":0,""surprise"":1,""neutral"":0,""target"":""other""}"
C0369,0,0,0,0,0,0,2,none,"{""anger"":0,""disgust"":0,""fear"":0,""joy"":0,""sadness"":0,""surprise"":0,""neutral"":2,""target"":""none""}"
C0370,0,0,0,0,0,0,2,none,"{""anger"":0,""disgust"":0,""fear"":0,""joy"":0,""sadness"":0,""surprise"":0,""neutral"":2,""target"":""none""}"
C0371,1,1,0,0,0,0,0,other,"{""anger"":1,""disgust"":1,""fear"":0,""joy"":0,""sadness"":0,""surprise"":0,""neutral"":0,""target"":""other""}"
C0372,1,0,0,0,0,0,0,ai_org,"{""anger"":1,""disgust"":0,""fear"":0,""joy"":0,""sadness"":0,""surprise"":0,""neutral"":0,""target"":""ai_org""}"
C0373,0,0,0,1,0,0,0,ai_tech,"{""anger"":0,""disgust"":0,""fear"":0,""joy"":1,""sadness"":0,""surprise"":0,""neutral"":0,""target"":""ai_tech""}"
C0374,0,0,0,0,0,0,2,none,"{""anger"":0,""disgust"":0,""fear"":0,""joy"":0,""sadness"":0,""surprise"":0,""neutral"":2,""target"":""none""}"
C0375,0,0,0,0,0,0,2,none,"{""anger"":0,""disgust"":0,""fear"":0,""joy"":0,""sadness"":0,""surprise"":0,""neutral"":2,""target"":""none""}"
C0376,2,2,0,0,0,0,0,ai_org,"{""anger"":2,""disgust"":2,""fear"":0,""joy"":0,""sadness"":0,""surprise"":0,""neutral"":0,""target"":""ai_org""}"
C0377,0,0,0,0,0,0,2,none,"{""anger"":0,""disgust"":0,""fear"":0,""joy"":0,""sadness"":0,""surprise"":0,""neutral"":2,""target"":""none""}"
C0378,0,0,0,0,0,0,2,none,"{""anger"":0,""disgust"":0,""fear"":0,""joy"":0,""sadness"":0,""surprise"":0,""neutral"":2,""target"":""none""}"
C0379,0,0,0,1,0,0,0,ai_product,"{""anger"":0,""disgust"":0,""fear"":0,""joy"":1,""sadness"":0,""surprise"":0,""neutral"":0,""target"":""ai_product""}"
C0380,0,0,0,0,0,0,2,none,"{""anger"":0,""disgust"":0,""fear"":0,""joy"":0,""sadness"":0,""surprise"":0,""neutral"":2,""target"":""none""}"
C0381,0,0,0,0,0,0,2,none,"{""anger"":0,""disgust"":0,""fear"":0,""joy"":0,""sadness"":0,""surprise"":0,""neutral"":2,""target"":""none""}"
C0382,0,0,0,0,0,0,2,none,"{""anger"":0,""disgust"":0,""fear"":0,""joy"":0,""sadness"":0,""surprise"":0,""neutral"":2,""target"":""none""}"
C0383,0,0,0,0,0,0,2,none,"{""anger"":0,""disgust"":0,""fear"":0,""joy"":0,""sadness"":0,""surprise"":0,""neutral"":2,""target"":""none""}"
C0384,1,0,0,0,0,0,1,other,"{""anger"":1,""disgust"":0,""fear"":0,""joy"":0,""sadness"":0,""surprise"":0,""neutral"":1,""target"":""other""}"
C0385,0,0,0,0,0,1,0,ai_product,"{""anger"":0,""disgust"":0,""fear"":0,""joy"":0,""sadness"":0,""surprise"":1,""neutral"":0,""target"":""ai_product""}"
C0386,0,0,0,0,0,0,1,ai_tech,"{""anger"":0,""disgust"":0,""fear"":0,""joy"":0,""sadness"":0,""surprise"":0,""neutral"":1,""target"":""ai_tech""}"
C0387,2,1,0,0,0,0,0,ai_tech,"{""anger"":2,""disgust"":1,""fear"":0,""joy"":0,""sadness"":0,""surprise"":0,""neutral"":0,""target"":""ai_tech""}"
C0388,0,0,0,0,0,0,1,none,"{""anger"":0,""disgust"":0,""fear"":0,""joy"":0,""sadness"":0,""surprise"":0,""neutral"":1,""target"":""none""}"
C0389,1,0,0,0,0,0,1,other,"{""anger"":1,""disgust"":0,""fear"":0,""joy"":0,""sadness"":0,""surprise"":0,""neutral"":1,""target"":""other""}"
C0390,0,0,0,0,0,0,2,none,"{""anger"":0,""disgust"":0,""fear"":0,""joy"":0,""sadness"":0,""surprise"":0,""neutral"":2,""target"":""none""}"
C0391,1,0,1,0,1,0,0,other,"{""anger"":1,""disgust"":0,""fear"":1,""joy"":0,""sadness"":1,""surprise"":0,""neutral"":0,""target"":""other""}"
C0392,0,0,0,0,0,0,2,none,"{""anger"":0,""disgust"":0,""fear"":0,""joy"":0,""sadness"":0,""surprise"":0,""neutral"":2,""target"":""none""}"
C0393,0,0,2,0,0,0,0,other,"{""anger"":0,""disgust"":0,""fear"":2,""joy"":0,""sadness"":0,""surprise"":0,""neutral"":0,""target"":""other""}"
C0394,0,0,0,0,0,1,0,other,"{""anger"":0,""disgust"":0,""fear"":0,""joy"":0,""sadness"":0,""surprise"":1,""neutral"":0,""target"":""other""}"
C0395,0,0,0,0,0,0,2,none,"{""anger"":0,""disgust"":0,""fear"":0,""joy"":0,""sadness"":0,""surprise"":0,""neutral"":2,""target"":""none""}"
C0396,2,0,0,0,0,0,0,ai_product,"{""anger"":2,""disgust"":0,""fear"":0,""joy"":0,""sadness"":0,""surprise"":0,""neutral"":0,""target"":""ai_product""}"
C0397,0,0,0,0,0,0,2,none,"{""anger"":0,""disgust"":0,""fear"":0,""joy"":0,""sadness"":0,""surprise"":0,""neutral"":2,""target"":""none""}"
C0398,0,0,0,0,0,1,0,ai_product,"{""anger"":0,""disgust"":0,""fear"":0,""joy"":0,""sadness"":0,""surprise"":1,""neutral"":0,""target"":""ai_product""}"
C0399,0,0,0,0,0,0,2,none,"{""anger"":0,""disgust"":0,""fear"":0,""joy"":0,""sadness"":0,""surprise"":0,""neutral"":2,""target"":""none""}"
C0400,1,0,0,0,0,0,0,ai_tech,"{""anger"":1,""disgust"":0,""fear"":0,""joy"":0,""sadness"":0,""surprise"":0,""neutral"":0,""target"":""ai_tech""}"
C0401,2,1,0,0,0,0,0,other,"{""anger"":2,""disgust"":1,""fear"":0,""joy"":0,""sadness"":0,""surprise"":0,""neutral"":0,""target"":""other""}"
C0402,0,0,0,0,0,0,2,none,"{""anger"":0,""disgust"":0,""fear"":0,""joy"":0,""sadness"":0,""surprise"":0,""neutral"":2,""target"":""none""}"
C0403,0,0,0,0,0,0,2,ai_tech,"{""anger"":0,""disgust"":0,""fear"":0,""joy"":0,""sadness"":0,""surprise"":0,""neutral"":2,""target"":""ai_tech""}"
C0404,2,0,0,0,0,0,0,other,"{""anger"":2,""disgust"":0,""fear"":0,""joy"":0,""sadness"":0,""surprise"":0,""neutral"":0,""target"":""other""}"
C0405,1,0,0,0,0,0,0,ai_org,"{""anger"":1,""disgust"":0,""fear"":0,""joy"":0,""sadness"":0,""surprise"":0,""neutral"":0,""target"":""ai_org""}"
C0406,0,0,0,0,0,0,2,none,"{""anger"":0,""disgust"":0,""fear"":0,""joy"":0,""sadness"":0,""surprise"":0,""neutral"":2,""target"":""none""}"
C0407,0,0,1,0,0,0,0,other,"{""anger"":0,""disgust"":0,""fear"":1,""joy"":0,""sadness"":0,""surprise"":0,""neutral"":0,""target"":""other""}"
C0408,0,0,0,1,0,0,0,other,"{""anger"":0,""disgust"":0,""fear"":0,""joy"":1,""sadness"":0,""surprise"":0,""neutral"":0,""target"":""other""}"
C0409,0,0,0,1,0,0,0,other,"{""anger"":0,""disgust"":0,""fear"":0,""joy"":1,""sadness"":0,""surprise"":0,""neutral"":0,""target"":""other""}"
C0410,0,0,0,0,0,2,0,other,"{""anger"":0,""disgust"":0,""fear"":0,""joy"":0,""sadness"":0,""surprise"":2,""neutral"":0,""target"":""other""}"
C0411,0,0,0,0,0,0,2,none,"{""anger"":0,""disgust"":0,""fear"":0,""joy"":0,""sadness"":0,""surprise"":0,""neutral"":2,""target"":""none""}"
C0412,0,0,0,0,0,0,2,none,"{""anger"":0,""disgust"":0,""fear"":0,""joy"":0,""sadness"":0,""surprise"":0,""neutral"":2,""target"":""none""}"
C0413,0,0,0,1,0,0,0,ai_product,"{""anger"":0,""disgust"":0,""fear"":0,""joy"":1,""sadness"":0,""surprise"":0,""neutral"":0,""target"":""ai_product""}"
C0414,1,0,0,0,0,0,0,other,"{""anger"":1,""disgust"":0,""fear"":0,""joy"":0,""sadness"":0,""surprise"":0,""neutral"":0,""target"":""other""}"
C0415,0,0,0,0,0,0,2,none,"{""anger"":0,""disgust"":0,""fear"":0,""joy"":0,""sadness"":0,""surprise"":0,""neutral"":2,""target"":""none""}"
C0416,2,0,0,0,0,0,0,other,"{""anger"":2,""disgust"":0,""fear"":0,""joy"":0,""sadness"":0,""surprise"":0,""neutral"":0,""target"":""other""}"
C0417,1,2,0,0,0,0,0,other,"{""anger"":1,""disgust"":2,""fear"":0,""joy"":0,""sadness"":0,""surprise"":0,""neutral"":0,""target"":""other""}"
C0418,2,0,0,0,0,0,0,people,"{""anger"":2,""disgust"":0,""fear"":0,""joy"":0,""sadness"":0,""surprise"":0,""neutral"":0,""target"":""people""}"
C0419,0,0,0,1,0,0,0,ai_product,"{""anger"":0,""disgust"":0,""fear"":0,""joy"":1,""sadness"":0,""surprise"":0,""neutral"":0,""target"":""ai_product""}"
C0420,0,0,0,0,0,0,2,none,"{""anger"":0,""disgust"":0,""fear"":0,""joy"":0,""sadness"":0,""surprise"":0,""neutral"":2,""target"":""none""}"
C0421,0,0,0,0,0,1,0,ai_tech,"{""anger"":0,""disgust"":0,""fear"":0,""joy"":0,""sadness"":0,""surprise"":1,""neutral"":0,""target"":""ai_tech""}"
C0422,1,0,0,0,0,0,0,other,"{""anger"":1,""disgust"":0,""fear"":0,""joy"":0,""sadness"":0,""surprise"":0,""neutral"":0,""target"":""other""}"
C0423,0,0,0,0,0,1,0,ai_tech,"{""anger"":0,""disgust"":0,""fear"":0,""joy"":0,""sadness"":0,""surprise"":1,""neutral"":0,""target"":""ai_tech""}"
C0424,0,0,0,0,0,2,0,other,"{""anger"":0,""disgust"":0,""fear"":0,""joy"":0,""sadness"":0,""surprise"":2,""neutral"":0,""target"":""other""}"
C0425,1,0,0,0,0,0,0,ai_product,"{""anger"":1,""disgust"":0,""fear"":0,""joy"":0,""sadness"":0,""surprise"":0,""neutral"":0,""target"":""ai_product""}"
C0426,0,0,1,0,0,0,0,people,"{""anger"":0,""disgust"":0,""fear"":1,""joy"":0,""sadness"":0,""surprise"":0,""neutral"":0,""target"":""people""}"
C0427,1,0,0,0,0,0,0,ai_tech,"{""anger"":1,""disgust"":0,""fear"":0,""joy"":0,""sadness"":0,""surprise"":0,""neutral"":0,""target"":""ai_tech""}"
C0428,0,0,0,0,0,0,2,none,"{""anger"":0,""disgust"":0,""fear"":0,""joy"":0,""sadness"":0,""surprise"":0,""neutral"":2,""target"":""none""}"
C0429,0,0,0,0,0,0,2,none,"{""anger"":0,""disgust"":0,""fear"":0,""joy"":0,""sadness"":0,""surprise"":0,""neutral"":2,""target"":""none""}"
C0430,0,0,0,0,0,0,2,none,"{""anger"":0,""disgust"":0,""fear"":0,""joy"":0,""sadness"":0,""surprise"":0,""neutral"":2,""target"":""none""}"
C0431,0,0,0,0,0,0,2,none,"{""anger"":0,""disgust"":0,""fear"":0,""joy"":0,""sadness"":0,""surprise"":0,""neutral"":2,""target"":""none""}"
C0432,0,0,2,0,2,0,0,other,"{""anger"":0,""disgust"":0,""fear"":2,""joy"":0,""sadness"":2,""surprise"":0,""neutral"":0,""target"":""other""}"
C0433,0,0,0,0,0,0,2,none,"{""anger"":0,""disgust"":0,""fear"":0,""joy"":0,""sadness"":0,""surprise"":0,""neutral"":2,""target"":""none""}"
C0434,1,0,0,0,0,0,0,people,"{""anger"":1,""disgust"":0,""fear"":0,""joy"":0,""sadness"":0,""surprise"":0,""neutral"":0,""target"":""people""}"
C0435,0,0,1,0,0,0,0,people,"{""anger"":0,""disgust"":0,""fear"":1,""joy"":0,""sadness"":0,""surprise"":0,""neutral"":0,""target"":""people""}"
C0436,2,1,0,0,0,0,0,ai_product,"{""anger"":2,""disgust"":1,""fear"":0,""joy"":0,""sadness"":0,""surprise"":0,""neutral"":0,""target"":""ai_product""}"
C0437,0,0,0,0,0,2,0,other,"{""anger"":0,""disgust"":0,""fear"":0,""joy"":0,""sadness"":0,""surprise"":2,""neutral"":0,""target"":""other""}"
C0438,0,0,0,0,0,0,2,none,"{""anger"":0,""disgust"":0,""fear"":0,""joy"":0,""sadness"":0,""surprise"":0,""neutral"":2,""target"":""none""}"
C0439,0,0,0,0,0,0,2,none,"{""anger"":0,""disgust"":0,""fear"":0,""joy"":0,""sadness"":0,""surprise"":0,""neutral"":2,""target"":""none""}"
C0440,0,0,0,0,0,0,2,none,"{""anger"":0,""disgust"":0,""fear"":0,""joy"":0,""sadness"":0,""surprise"":0,""neutral"":2,""target"":""none""}"
C0441,0,0,0,2,0,2,0,ai_tech,"{""anger"":0,""disgust"":0,""fear"":0,""joy"":2,""sadness"":0,""surprise"":2,""neutral"":0,""target"":""ai_tech""}"
C0442,0,0,0,0,0,2,0,other,"{""anger"":0,""disgust"":0,""fear"":0,""joy"":0,""sadness"":0,""surprise"":2,""neutral"":0,""target"":""other""}"
C0443,0,0,0,0,0,0,1,ai_tech,"{""anger"":0,""disgust"":0,""fear"":0,""joy"":0,""sadness"":0,""surprise"":0,""neutral"":1,""target"":""ai_tech""}"
C0444,0,0,0,0,0,1,0,other,"{""anger"":0,""disgust"":0,""fear"":0,""joy"":0,""sadness"":0,""surprise"":1,""neutral"":0,""target"":""other""}"
C0445,0,0,0,1,0,0,0,other,"{""anger"":0,""disgust"":0,""fear"":0,""joy"":1,""sadness"":0,""surprise"":0,""neutral"":0,""target"":""other""}"
C0446,0,0,0,0,0,0,2,none,"{""anger"":0,""disgust"":0,""fear"":0,""joy"":0,""sadness"":0,""surprise"":0,""neutral"":2,""target"":""none""}"
C0447,0,0,0,0,0,0,2,none,"{""anger"":0,""disgust"":0,""fear"":0,""joy"":0,""sadness"":0,""surprise"":0,""neutral"":2,""target"":""none""}"
C0448,0,0,0,0,0,0,2,none,"{""anger"":0,""disgust"":0,""fear"":0,""joy"":0,""sadness"":0,""surprise"":0,""neutral"":2,""target"":""none""}"
C0449,1,0,0,0,0,0,0,other,"{""anger"":1,""disgust"":0,""fear"":0,""joy"":0,""sadness"":0,""surprise"":0,""neutral"":0,""target"":""other""}"
C0450,1,0,0,0,0,0,1,ai_product,"{""anger"":1,""disgust"":0,""fear"":0,""joy"":0,""sadness"":0,""surprise"":0,""neutral"":1,""target"":""ai_product""}"
C0451,1,0,0,0,0,0,0,other,"{""anger"":1,""disgust"":0,""fear"":0,""joy"":0,""sadness"":0,""surprise"":0,""neutral"":0,""target"":""other""}"
C0452,1,0,0,0,0,0,0,other,"{""anger"":1,""disgust"":0,""fear"":0,""joy"":0,""sadness"":0,""surprise"":0,""neutral"":0,""target"":""other""}"
C0453,0,0,0,0,0,1,0,other,"{""anger"":0,""disgust"":0,""fear"":0,""joy"":0,""sadness"":0,""surprise"":1,""neutral"":0,""target"":""other""}"
C0454,0,0,0,0,0,0,2,none,"{""anger"":0,""disgust"":0,""fear"":0,""joy"":0,""sadness"":0,""surprise"":0,""neutral"":2,""target"":""none""}"
C0455,1,0,0,0,0,0,0,ai_org,"{""anger"":1,""disgust"":0,""fear"":0,""joy"":0,""sadness"":0,""surprise"":0,""neutral"":0,""target"":""ai_org""}"
C0456,0,0,1,0,0,0,0,ai_tech,"{""anger"":0,""disgust"":0,""fear"":1,""joy"":0,""sadness"":0,""surprise"":0,""neutral"":0,""target"":""ai_tech""}"
C0457,0,0,0,0,0,0,2,none,"{""anger"":0,""disgust"":0,""fear"":0,""joy"":0,""sadness"":0,""surprise"":0,""neutral"":2,""target"":""none""}"
C0458,0,0,0,0,0,0,2,none,"{""anger"":0,""disgust"":0,""fear"":0,""joy"":0,""sadness"":0,""surprise"":0,""neutral"":2,""target"":""none""}"
C0459,0,0,0,0,0,0,2,none,"{""anger"":0,""disgust"":0,""fear"":0,""joy"":0,""sadness"":0,""surprise"":0,""neutral"":2,""target"":""none""}"
C0460,0,0,0,0,0,0,1,none,"{""anger"":0,""disgust"":0,""fear"":0,""joy"":0,""sadness"":0,""surprise"":0,""neutral"":1,""target"":""none""}"
C0461,0,0,0,0,0,0,2,none,"{""anger"":0,""disgust"":0,""fear"":0,""joy"":0,""sadness"":0,""surprise"":0,""neutral"":2,""target"":""none""}"
C0462,0,0,0,2,0,0,0,ai_product,"{""anger"":0,""disgust"":0,""fear"":0,""joy"":2,""sadness"":0,""surprise"":0,""neutral"":0,""target"":""ai_product""}"
C0463,0,0,0,0,0,0,2,none,"{""anger"":0,""disgust"":0,""fear"":0,""joy"":0,""sadness"":0,""surprise"":0,""neutral"":2,""target"":""none""}"
C0464,0,0,0,0,0,0,2,none,"{""anger"":0,""disgust"":0,""fear"":0,""joy"":0,""sadness"":0,""surprise"":0,""neutral"":2,""target"":""none""}"
C0465,0,0,0,0,0,0,2,none,"{""anger"":0,""disgust"":0,""fear"":0,""joy"":0,""sadness"":0,""surprise"":0,""neutral"":2,""target"":""none""}"
C0466,2,0,0,0,0,0,0,other,"{""anger"":2,""disgust"":0,""fear"":0,""joy"":0,""sadness"":0,""surprise"":0,""neutral"":0,""target"":""other""}"
C0467,0,0,0,0,0,0,1,other,"{""anger"":0,""disgust"":0,""fear"":0,""joy"":0,""sadness"":0,""surprise"":0,""neutral"":1,""target"":""other""}"
C0468,0,0,0,0,0,0,2,none,"{""anger"":0,""disgust"":0,""fear"":0,""joy"":0,""sadness"":0,""surprise"":0,""neutral"":2,""target"":""none""}"
C0469,0,0,0,0,0,0,2,none,"{""anger"":0,""disgust"":0,""fear"":0,""joy"":0,""sadness"":0,""surprise"":0,""neutral"":2,""target"":""none""}"
C0470,0,0,0,1,0,0,0,ai_tech,"{""anger"":0,""disgust"":0,""fear"":0,""joy"":1,""sadness"":0,""surprise"":0,""neutral"":0,""target"":""ai_tech""}"
C0471,0,0,0,1,0,0,0,other,"{""anger"":0,""disgust"":0,""fear"":0,""joy"":1,""sadness"":0,""surprise"":0,""neutral"":0,""target"":""other""}"
C0472,0,0,0,0,0,0,2,none,"{""anger"":0,""disgust"":0,""fear"":0,""joy"":0,""sadness"":0,""surprise"":0,""neutral"":2,""target"":""none""}"
C0473,2,1,0,0,0,0,0,other,"{""anger"":2,""disgust"":1,""fear"":0,""joy"":0,""sadness"":0,""surprise"":0,""neutral"":0,""target"":""other""}"
C0474,0,0,0,0,0,2,0,other,"{""anger"":0,""disgust"":0,""fear"":0,""joy"":0,""sadness"":0,""surprise"":2,""neutral"":0,""target"":""other""}"
C0475,2,1,0,0,1,0,0,ai_product,"{""anger"":2,""disgust"":1,""fear"":0,""joy"":0,""sadness"":1,""surprise"":0,""neutral"":0,""target"":""ai_product""}"
C0476,1,0,0,0,0,0,0,people,"{""anger"":1,""disgust"":0,""fear"":0,""joy"":0,""sadness"":0,""surprise"":0,""neutral"":0,""target"":""people""}"
C0477,0,0,0,0,0,0,2,none,"{""anger"":0,""disgust"":0,""fear"":0,""joy"":0,""sadness"":0,""surprise"":0,""neutral"":2,""target"":""none""}"
C0478,0,0,0,0,0,0,2,none,"{""anger"":0,""disgust"":0,""fear"":0,""joy"":0,""sadness"":0,""surprise"":0,""neutral"":2,""target"":""none""}"
C0479,1,0,0,0,0,0,0,ai_org,"{""anger"":1,""disgust"":0,""fear"":0,""joy"":0,""sadness"":0,""surprise"":0,""neutral"":0,""target"":""ai_org""}"
C0480,0,0,0,0,0,0,2,none,"{""anger"":0,""disgust"":0,""fear"":0,""joy"":0,""sadness"":0,""surprise"":0,""neutral"":2,""target"":""none""}"
C0481,0,0,0,0,0,1,0,other,"{""anger"":0,""disgust"":0,""fear"":0,""joy"":0,""sadness"":0,""surprise"":1,""neutral"":0,""target"":""other""}"
C0482,0,0,0,0,0,0,2,none,"{""anger"":0,""disgust"":0,""fear"":0,""joy"":0,""sadness"":0,""surprise"":0,""neutral"":2,""target"":""none""}"
C0483,0,0,1,0,0,0,0,ai_tech,"{""anger"":0,""disgust"":0,""fear"":1,""joy"":0,""sadness"":0,""surprise"":0,""neutral"":0,""target"":""ai_tech""}"
C0484,0,0,0,0,0,0,1,none,"{""anger"":0,""disgust"":0,""fear"":0,""joy"":0,""sadness"":0,""surprise"":0,""neutral"":1,""target"":""none""}"
C0485,0,0,0,1,0,0,0,other,"{""anger"":0,""disgust"":0,""feynman"":0,""fear"":0,""joy"":1,""sadness"":0,""surprise"":0,""neutral"":0,""target"":""other""}"
C0486,0,0,0,0,0,0,2,none,"{""anger"":0,""disgust"":0,""fear"":0,""joy"":0,""sadness"":0,""surprise"":0,""neutral"":2,""target"":""none""}"
C0487,0,1,0,0,0,0,0,other,"{""anger"":0,""disgust"":1,""fear"":0,""joy"":0,""sadness"":0,""surprise"":0,""neutral"":0,""target"":""other""}"
C0488,0,0,0,0,0,0,2,none,"{""anger"":0,""disgust"":0,""fear"":0,""joy"":0,""sadness"":0,""surprise"":0,""neutral"":2,""target"":""none""}"
C0489,0,0,0,0,0,0,2,none,"{""anger"":0,""disgust"":0,""fear"":0,""joy"":0,""sadness"":0,""surprise"":0,""neutral"":2,""target"":""none""}"
C0490,0,0,0,2,0,0,0,ai_product,"{""anger"":0,""disgust"":0,""fear"":0,""joy"":2,""sadness"":0,""surprise"":0,""neutral"":0,""target"":""ai_product""}"
C0491,1,0,0,0,0,0,0,other,"{""anger"":1,""disgust"":0,""fear"":0,""joy"":0,""sadness"":0,""surprise"":0,""neutral"":0,""target"":""other""}"
C0492,0,0,0,0,0,0,2,none,"{""anger"":0,""disgust"":0,""fear"":0,""joy"":0,""sadness"":0,""surprise"":0,""neutral"":2,""target"":""none""}"
C0493,0,0,0,1,0,0,0,other,"{""anger"":0,""disgust"":0,""fear"":0,""joy"":1,""sadness"":0,""surprise"":0,""neutral"":0,""target"":""other""}"
C0494,2,1,0,0,0,0,0,people,"{""anger"":2,""disgust"":1,""fear"":0,""joy"":0,""sadness"":0,""surprise"":0,""neutral"":0,""target"":""people""}"
C0495,0,0,0,0,0,0,2,none,"{""anger"":0,""disgust"":0,""fear"":0,""joy"":0,""sadness"":0,""surprise"":0,""neutral"":2,""target"":""none""}"
C0496,1,0,0,0,0,0,1,ai_tech,"{""anger"":1,""disgust"":0,""fear"":0,""joy"":0,""sadness"":0,""surprise"":0,""neutral"":1,""target"":""ai_tech""}"
C0497,2,1,2,0,0,0,0,ai_tech,"{""anger"":2,""disgust"":1,""fear"":2,""joy"":0,""sadness"":0,""surprise"":0,""neutral"":0,""target"":""ai_tech""}"
C0498,0,0,0,1,0,0,0,other,"{""anger"":0,""disgust"":0,""fear"":0,""joy"":1,""sadness"":0,""surprise"":0,""neutral"":0,""target"":""other""}"
C0499,0,0,0,1,1,0,0,ai_product,"{""anger"":0,""disgust"":0,""fear"":0,""joy"":1,""sadness"":1,""surprise"":0,""neutral"":0,""target"":""ai_product""}"
C0500,0,0,1,0,0,0,0,other,"{""anger"":0,""disgust"":0,""fear"":1,""joy"":0,""sadness"":0,""surprise"":0,""neutral"":0,""target"":""other""}"
C0501,0,0,0,0,0,0,2,none,"{""anger"":0,""disgust"":0,""fear"":0,""joy"":0,""sadness"":0,""surprise"":0,""neutral"":2,""target"":""none""}"
C0502,0,2,0,0,0,0,0,other,"{""anger"":0,""disgust"":2,""fear"":0,""joy"":0,""sadness"":0,""surprise"":0,""neutral"":0,""target"":""other""}"
C0503,0,0,0,0,0,0,2,none,"{""anger"":0,""disgust"":0,""fear"":0,""joy"":0,""sadness"":0,""surprise"":0,""neutral"":2,""target"":""none""}"
C0504,0,1,0,0,0,0,0,people,"{""anger"":0,""disgust"":1,""fear"":0,""joy"":0,""sadness"":0,""surprise"":0,""neutral"":0,""target"":""people""}"
C0505,1,0,0,0,0,0,0,other,"{""anger"":1,""disgust"":0,""fear"":0,""joy"":0,""sadness"":0,""surprise"":0,""neutral"":0,""target"":""other""}"
C0506,0,0,0,0,0,1,0,other,"{""anger"":0,""disgust"":0,""fear"":0,""joy"":0,""sadness"":0,""surprise"":1,""neutral"":0,""target"":""other""}"
C0507,0,0,0,1,0,0,0,ai_product,"{""anger"":0,""disgust"":0,""fear"":0,""joy"":1,""sadness"":0,""surprise"":0,""neutral"":0,""target"":""ai_product""}"
C0508,0,0,0,0,0,0,2,none,"{""anger"":0,""disgust"":0,""fear"":0,""joy"":0,""sadness"":0,""surprise"":0,""neutral"":2,""target"":""none""}"
C0509,1,1,0,0,0,0,0,ai_org,"{""anger"":1,""disgust"":1,""fear"":0,""joy"":0,""sadness"":0,""surprise"":0,""neutral"":0,""target"":""ai_org""}"
C0510,0,0,0,1,0,0,0,other,"{""anger"":0,""disgust"":0,""fear"":0,""joy"":1,""sadness"":0,""surprise"":0,""neutral"":0,""target"":""other""}"
C0511,0,0,0,1,0,0,0,ai_tech,"{""anger"":0,""disgust"":0,""fear"":0,""joy"":1,""sadness"":0,""surprise"":0,""neutral"":0,""target"":""ai_tech""}"
C0512,0,0,0,0,0,0,2,none,"{""anger"":0,""disgust"":0,""fear"":0,""joy"":0,""sadness"":0,""surprise"":0,""neutral"":2,""target"":""none""}"
C0513,0,0,0,1,0,0,0,people,"{""anger"":0,""disgust"":0,""fear"":0,""joy"":1,""sadness"":0,""surprise"":0,""neutral"":0,""target"":""people""}"
C0514,0,2,0,0,0,0,0,other,"{""anger"":0,""disgust"":2,""fear"":0,""joy"":0,""sadness"":0,""surprise"":0,""neutral"":0,""target"":""other""}"
C0515,0,0,0,0,0,0,2,none,"{""anger"":0,""disgust"":0,""fear"":0,""joy"":0,""sadness"":0,""surprise"":0,""neutral"":2,""target"":""none""}"
C0516,0,0,0,0,0,1,0,ai_product,"{""anger"":0,""disgust"":0,""fear"":0,""joy"":0,""sadness"":0,""surprise"":1,""neutral"":0,""target"":""ai_product""}"
C0517,2,2,0,0,0,0,0,people,"{""anger"":2,""disgust"":2,""fear"":0,""joy"":0,""sadness"":0,""surprise"":0,""neutral"":0,""target"":""people""}"
C0518,0,0,2,0,0,0,0,ai_product,"{""anger"":0,""disgust"":0,""fear"":2,""joy"":0,""sadness"":0,""surprise"":0,""neutral"":0,""target"":""ai_product""}"
C0519,0,1,0,0,0,0,0,other,"{""anger"":0,""disgust"":1,""fear"":0,""joy"":0,""sadness"":0,""surprise"":0,""neutral"":0,""target"":""other""}"
C0520,0,0,0,0,0,0,2,none,"{""anger"":0,""disgust"":0,""fear"":0,""joy"":0,""sadness"":0,""surprise"":0,""neutral"":2,""target"":""none""}"
C0521,1,0,0,0,0,0,0,ai_tech,"{""anger"":1,""disgust"":0,""fear"":0,""joy"":0,""sadness"":0,""surprise"":0,""neutral"":0,""target"":""ai_tech""}"
C0522,0,0,0,0,0,0,2,none,"{""anger"":0,""disgust"":0,""fear"":0,""joy"":0,""sadness"":0,""surprise"":0,""neutral"":2,""target"":""none""}"
C0523,0,0,0,0,0,0,2,none,"{""anger"":0,""disgust"":0,""fear"":0,""joy"":0,""sadness"":0,""surprise"":0,""neutral"":2,""target"":""none""}"
C0524,0,0,1,0,0,0,0,other,"{""anger"":0,""disgust"":0,""fear"":1,""joy"":0,""sadness"":0,""surprise"":0,""neutral"":0,""target"":""other""}"
C0525,2,2,0,0,0,0,0,other,"{""anger"":2,""disgust"":2,""fear"":0,""joy"":0,""sadness"":0,""surprise"":0,""neutral"":0,""target"":""other""}"
C0526,0,0,0,0,0,0,2,none,"{""anger"":0,""disgust"":0,""fear"":0,""joy"":0,""sadness"":0,""surprise"":0,""neutral"":2,""target"":""none""}"
C0527,0,1,0,0,0,0,0,other,"{""anger"":0,""disgust"":1,""fear"":0,""joy"":0,""sadness"":0,""surprise"":0,""neutral"":0,""target"":""other""}"
C0528,0,0,0,0,0,0,2,none,"{""anger"":0,""disgust"":0,""fear"":0,""joy"":0,""sadness"":0,""surprise"":0,""neutral"":2,""target"":""none""}"
C0529,1,0,0,0,1,0,0,other,"{""anger"":1,""disgust"":0,""fear"":0,""joy"":0,""sadness"":1,""surprise"":0,""neutral"":0,""target"":""other""}"
C0530,1,0,0,0,0,0,0,other,"{""anger"":1,""disgust"":0,""fear"":0,""joy"":0,""sadness"":0,""surprise"":0,""neutral"":0,""target"":""other""}"
C0531,2,1,0,0,0,0,0,people,"{""anger"":2,""disgust"":1,""fear"":0,""joy"":0,""sadness"":0,""surprise"":0,""neutral"":0,""target"":""people""}"
C0532,0,0,0,0,0,0,2,none,"{""anger"":0,""disgust"":0,""fear"":0,""joy"":0,""sadness"":0,""surprise"":0,""neutral"":2,""target"":""none""}"
C0533,0,0,0,1,0,0,0,other,"{""anger"":0,""disgust"":0,""fear"":0,""joy"":1,""sadness"":0,""surprise"":0,""neutral"":0,""target"":""other""}"
C0534,2,0,0,0,0,0,0,people,"{""anger"":2,""disgust"":0,""fear"":0,""joy"":0,""sadness"":0,""surprise"":0,""neutral"":0,""target"":""people""}"
C0535,0,0,0,0,0,0,2,none,"{""anger"":0,""disgust"":0,""fear"":0,""joy"":0,""sadness"":0,""surprise"":0,""neutral"":2,""target"":""none""}"
C0536,0,0,0,0,0,0,2,none,"{""anger"":0,""disgust"":0,""fear"":0,""joy"":0,""sadness"":0,""surprise"":0,""neutral"":2,""target"":""none""}"
C0537,0,0,0,0,0,0,2,none,"{""anger"":0,""disgust"":0,""fear"":0,""joy"":0,""sadness"":0,""surprise"":0,""neutral"":2,""target"":""none""}"
C0538,0,0,0,0,0,0,2,none,"{""anger"":0,""disgust"":0,""fear"":0,""joy"":0,""sadness"":0,""surprise"":0,""neutral"":2,""target"":""none""}"
C0539,1,0,0,0,0,0,0,other,"{""anger"":1,""disgust"":0,""fear"":0,""joy"":0,""sadness"":0,""surprise"":0,""neutral"":0,""target"":""other""}"
C0540,1,0,0,0,0,0,0,other,"{""anger"":1,""disgust"":0,""fear"":0,""joy"":0,""sadness"":0,""surprise"":0,""neutral"":0,""target"":""other""}"
C0541,0,0,0,1,0,0,0,other,"{""anger"":0,""disgust"":0,""fear"":0,""joy"":1,""sadness"":0,""surprise"":0,""neutral"":0,""target"":""other""}"
C0542,1,1,0,0,0,0,0,ai_product,"{""anger"":1,""disgust"":1,""fear"":0,""joy"":0,""sadness"":0,""surprise"":0,""neutral"":0,""target"":""ai_product""}"
C0543,0,0,0,0,0,0,1,none,"{""anger"":0,""disgust"":0,""fear"":0,""joy"":0,""sadness"":0,""surprise"":0,""neutral"":1,""target"":""none""}"
C0544,0,0,0,0,0,0,2,none,"{""anger"":0,""disgust"":0,""fear"":0,""joy"":0,""sadness"":0,""surprise"":0,""neutral"":2,""target"":""none""}"
C0545,0,0,0,0,0,0,2,none,"{""anger"":0,""disgust"":0,""fear"":0,""joy"":0,""sadness"":0,""surprise"":0,""neutral"":2,""target"":""none""}"
C0546,0,0,0,0,0,0,1,other,"{""anger"":0,""disgust"":0,""fear"":0,""joy"":0,""sadness"":0,""surprise"":0,""neutral"":1,""target"":""other""}"
C0547,0,0,2,0,2,0,0,other,"{""anger"":0,""disgust"":0,""fear"":2,""joy"":0,""sadness"":2,""surprise"":0,""neutral"":0,""target"":""other""}"
C0548,1,0,0,0,0,0,0,people,"{""anger"":1,""disgust"":0,""fear"":0,""joy"":0,""sadness"":0,""surprise"":0,""neutral"":0,""target"":""people""}"
C0549,0,0,0,0,0,0,2,none,"{""anger"":0,""disgust"":0,""fear"":0,""joy"":0,""sadness"":0,""surprise"":0,""neutral"":2,""target"":""none""}"
C0550,0,0,0,1,0,0,0,ai_product,"{""anger"":0,""disgust"":0,""fear"":0,""joy"":1,""sadness"":0,""surprise"":0,""neutral"":0,""target"":""ai_product""}"
C0551,2,0,0,0,0,0,0,people,"{""anger"":2,""disgust"":0,""fear"":0,""joy"":0,""sadness"":0,""surprise"":0,""neutral"":0,""target"":""people""}"
C0552,0,0,0,0,0,0,2,none,"{""anger"":0,""disgust"":0,""fear"":0,""joy"":0,""sadness"":0,""surprise"":0,""neutral"":2,""target"":""none""}"
C0553,0,0,0,0,0,0,2,none,"{""anger"":0,""disgust"":0,""fear"":0,""joy"":0,""sadness"":0,""surprise"":0,""neutral"":2,""target"":""none""}"
C0554,0,0,1,0,0,0,1,ai_tech,"{""anger"":0,""disgust"":0,""fear"":1,""joy"":0,""sadness"":0,""surprise"":0,""neutral"":1,""target"":""ai_tech""}"
C0555,0,0,0,0,0,0,2,none,"{""anger"":0,""disgust"":0,""fear"":0,""joy"":0,""sadness"":0,""surprise"":0,""neutral"":2,""target"":""none""}"
C0556,0,0,0,1,0,0,0,other,"{""anger"":0,""disgust"":0,""fear"":0,""joy"":1,""sadness"":0,""surprise"":0,""neutral"":0,""target"":""other""}"
C0557,0,0,0,1,0,1,0,other,"{""anger"":0,""disgust"":0,""fear"":0,""joy"":1,""sadness"":0,""surprise"":1,""neutral"":0,""target"":""other""}"
C0558,1,0,0,0,0,0,0,other,"{""anger"":1,""disgust"":0,""fear"":0,""joy"":0,""sadness"":0,""surprise"":0,""neutral"":0,""target"":""other""}"
C0559,0,0,0,0,0,0,2,none,"{""anger"":0,""disgust"":0,""fear"":0,""joy"":0,""sadness"":0,""surprise"":0,""neutral"":2,""target"":""none""}"
C0560,0,1,0,0,0,0,0,ai_product,"{""anger"":0,""disgust"":1,""fear"":0,""joy"":0,""sadness"":0,""surprise"":0,""neutral"":0,""target"":""ai_product""}"
C0561,1,0,0,0,0,0,0,other,"{""anger"":1,""disgust"":0,""fear"":0,""joy"":0,""sadness"":0,""surprise"":0,""neutral"":0,""target"":""other""}"
C0562,0,0,0,1,0,0,0,other,"{""anger"":0,""disgust"":0,""fear"":0,""joy"":1,""sadness"":0,""surprise"":0,""neutral"":0,""target"":""other""}"
C0563,0,0,0,0,0,1,0,other,"{""anger"":0,""disgust"":0,""fear"":0,""joy"":0,""sadness"":0,""surprise"":1,""neutral"":0,""target"":""other""}"
C0564,1,0,0,0,0,0,0,other,"{""anger"":1,""disgust"":0,""fear"":0,""joy"":0,""sadness"":0,""surprise"":0,""neutral"":0,""target"":""other""}"
C0565,1,0,0,0,0,0,0,other,"{""anger"":1,""disgust"":0,""fear"":0,""joy"":0,""sadness"":0,""surprise"":0,""neutral"":0,""target"":""other""}"
C0566,0,0,0,1,0,0,0,other,"{""anger"":0,""disgust"":0,""fear"":0,""joy"":1,""sadness"":0,""surprise"":0,""neutral"":0,""target"":""other""}"
C0567,0,0,0,0,0,0,2,none,"{""anger"":0,""disgust"":0,""fear"":0,""joy"":0,""sadness"":0,""surprise"":0,""neutral"":2,""target"":""none""}"
C0568,1,0,0,0,0,0,1,other,"{""anger"":1,""disgust"":0,""fear"":0,""joy"":0,""sadness"":0,""surprise"":0,""neutral"":1,""target"":""other""}"
C0569,2,1,0,0,0,0,0,ai_product,"{""anger"":2,""disgust"":1,""fear"":0,""joy"":0,""sadness"":0,""surprise"":0,""neutral"":0,""target"":""ai_product""}"
C0570,0,0,0,0,0,0,2,none,"{""anger"":0,""disgust"":0,""fear"":0,""joy"":0,""sadness"":0,""surprise"":0,""neutral"":2,""target"":""none""}"
C0571,0,0,0,0,0,0,1,other,"{""anger"":0,""disgust"":0,""fear"":0,""joy"":0,""sadness"":0,""surprise"":0,""neutral"":1,""target"":""other""}"
C0572,1,0,1,0,0,0,0,ai_tech,"{""anger"":1,""disgust"":0,""fear"":1,""joy"":0,""sadness"":0,""surprise"":0,""neutral"":0,""target"":""ai_tech""}"
C0573,0,0,0,0,0,0,2,none,"{""anger"":0,""disgust"":0,""fear"":0,""joy"":0,""sadness"":0,""surprise"":0,""neutral"":2,""target"":""none""}"
C0574,0,0,0,0,0,0,2,none,"{""anger"":0,""disgust"":0,""fear"":0,""joy"":0,""sadness"":0,""surprise"":0,""neutral"":2,""target"":""none""}"
C0575,1,0,0,0,0,0,0,other,"{""anger"":1,""disgust"":0,""fear"":0,""joy"":0,""sadness"":0,""surprise"":0,""neutral"":0,""target"":""other""}"
C0576,0,0,0,0,0,0,2,none,"{""anger"":0,""disgust"":0,""fear"":0,""joy"":0,""sadness"":0,""surprise"":0,""neutral"":2,""target"":""none""}"
C0577,1,0,1,0,0,0,0,ai_product,"{""anger"":1,""disgust"":0,""fear"":1,""joy"":0,""sadness"":0,""surprise"":0,""neutral"":0,""target"":""ai_product""}"
C0578,1,0,0,0,0,0,1,other,"{""anger"":1,""disgust"":0,""fear"":0,""joy"":0,""sadness"":0,""surprise"":0,""neutral"":1,""target"":""other""}"
C0579,0,0,0,0,0,0,1,other,"{""anger"":0,""disgust"":0,""fear"":0,""joy"":0,""sadness"":0,""surprise"":0,""neutral"":1,""target"":""other""}"
C0580,0,0,0,0,0,0,2,none,"{""anger"":0,""disgust"":0,""fear"":0,""joy"":0,""sadness"":0,""surprise"":0,""neutral"":2,""target"":""none""}"
C0581,0,0,0,2,0,0,0,ai_product,"{""anger"":0,""disgust"":0,""fear"":0,""joy"":2,""sadness"":0,""surprise"":0,""neutral"":0,""target"":""ai_product""}"
C0582,0,0,0,1,0,0,0,ai_tech,"{""anger"":0,""disgust"":0,""fear"":0,""joy"":1,""sadness"":0,""surprise"":0,""neutral"":0,""target"":""ai_tech""}"
C0583,0,0,0,0,1,0,0,other,"{""anger"":0,""disgust"":0,""fear"":0,""joy"":0,""sadness"":1,""surprise"":0,""neutral"":0,""target"":""other""}"
C0584,0,0,0,1,0,0,0,ai_tech,"{""anger"":0,""disgust"":0,""fear"":0,""joy"":1,""sadness"":0,""surprise"":0,""neutral"":0,""target"":""ai_tech""}"
C0585,0,0,0,0,1,0,0,other,"{""anger"":0,""disgust"":0,""fear"":0,""joy"":0,""sadness"":1,""surprise"":0,""neutral"":0,""target"":""other""}"
C0586,0,0,0,0,0,0,2,none,"{""anger"":0,""disgust"":0,""fear"":0,""joy"":0,""sadness"":0,""surprise"":0,""neutral"":2,""target"":""none""}"
C0587,0,1,0,0,0,0,0,other,"{""anger"":0,""disgust"":1,""fear"":0,""joy"":0,""sadness"":0,""surprise"":0,""neutral"":0,""target"":""other""}"
C0588,0,0,0,0,0,0,2,none,"{""anger"":0,""disgust"":0,""fear"":0,""joy"":0,""sadness"":0,""surprise"":0,""neutral"":2,""target"":""none""}"
C0589,1,0,0,0,0,0,1,other,"{""anger"":1,""disgust"":0,""fear"":0,""joy"":0,""sadness"":0,""surprise"":0,""neutral"":1,""target"":""other""}"
C0590,1,1,0,0,0,0,0,ai_tech,"{""anger"":1,""disgust"":1,""fear"":0,""joy"":0,""sadness"":0,""surprise"":0,""neutral"":0,""target"":""ai_tech""}"
C0591,1,0,0,0,0,0,0,ai_product,"{""anger"":1,""disgust"":0,""fear"":0,""joy"":0,""sadness"":0,""surprise"":0,""neutral"":0,""target"":""ai_product""}"
C0592,0,0,0,0,0,0,2,none,"{""anger"":0,""disgust"":0,""fear"":0,""joy"":0,""sadness"":0,""surprise"":0,""neutral"":2,""target"":""none""}"
C0593,0,0,0,0,0,0,2,none,"{""anger"":0,""disgust"":0,""fear"":0,""joy"":0,""sadness"":0,""surprise"":0,""neutral"":2,""target"":""none""}"
C0594,0,0,0,0,0,0,2,none,"{""anger"":0,""disgust"":0,""fear"":0,""joy"":0,""sadness"":0,""surprise"":0,""neutral"":2,""target"":""none""}"
C0595,2,0,0,0,0,0,0,ai_org,"{""anger"":2,""disgust"":0,""fear"":0,""joy"":0,""sadness"":0,""surprise"":0,""neutral"":0,""target"":""ai_org""}"
C0596,0,0,0,0,0,0,2,none,"{""anger"":0,""disgust"":0,""fear"":0,""joy"":0,""sadness"":0,""surprise"":0,""neutral"":2,""target"":""none""}"
C0597,0,0,0,0,0,0,2,none,"{""anger"":0,""disgust"":0,""fear"":0,""joy"":0,""sadness"":0,""surprise"":0,""neutral"":2,""target"":""none""}"
C0598,2,1,0,0,0,0,0,other,"{""anger"":2,""disgust"":1,""fear"":0,""joy"":0,""sadness"":0,""surprise"":0,""neutral"":0,""target"":""other""}"
C0599,0,0,0,1,0,1,0,other,"{""anger"":0,""disgust"":0,""fear"":0,""joy"":1,""sadness"":0,""surprise"":1,""neutral"":0,""target"":""other""}"
C0600,0,0,0,0,0,0,2,none,"{""anger"":0,""disgust"":0,""fear"":0,""joy"":0,""sadness"":0,""surprise"":0,""neutral"":2,""target"":""none""}"
C0601,0,0,0,0,0,1,0,other,"{""anger"":0,""disgust"":0,""fear"":0,""joy"":0,""sadness"":0,""surprise"":1,""neutral"":0,""target"":""other""}"
C0602,0,0,2,0,1,0,0,people,"{""anger"":0,""disgust"":0,""fear"":2,""joy"":0,""sadness"":1,""surprise"":0,""neutral"":0,""target"":""people""}"
C0603,0,0,0,0,0,1,0,ai_product,"{""anger"":0,""disgust"":0,""fear"":0,""joy"":0,""sadness"":0,""surprise"":1,""neutral"":0,""target"":""ai_product""}"
C0604,0,0,0,0,0,0,2,none,"{""anger"":0,""disgust"":0,""fear"":0,""joy"":0,""sadness"":0,""surprise"":0,""neutral"":2,""target"":""none""}"
C0605,1,0,0,0,0,0,0,other,"{""anger"":1,""disgust"":0,""fear"":0,""joy"":0,""sadness"":0,""surprise"":0,""neutral"":0,""target"":""other""}"
C0606,0,0,0,1,0,2,0,other,"{""anger"":0,""disgust"":0,""fear"":0,""joy"":1,""sadness"":0,""surprise"":2,""neutral"":0,""target"":""other""}"
C0607,0,0,0,0,0,0,2,none,"{""anger"":0,""disgust"":0,""fear"":0,""joy"":0,""sadness"":0,""surprise"":0,""neutral"":2,""target"":""none""}"
C0608,0,0,0,0,0,0,2,none,"{""anger"":0,""disgust"":0,""fear"":0,""joy"":0,""sadness"":0,""surprise"":0,""neutral"":2,""target"":""none""}"
C0609,0,0,0,0,0,0,2,none,"{""anger"":0,""disgust"":0,""fear"":0,""joy"":0,""sadness"":0,""surprise"":0,""neutral"":2,""target"":""none""}"
C0610,0,0,2,0,0,0,0,other,"{""anger"":0,""disgust"":0,""fear"":2,""joy"":0,""sadness"":0,""surprise"":0,""neutral"":0,""target"":""other""}"
C0611,0,0,0,0,0,0,2,none,"{""anger"":0,""disgust"":0,""fear"":0,""joy"":0,""sadness"":0,""surprise"":0,""neutral"":2,""target"":""none""}"
C0612,0,0,0,0,0,0,2,none,"{""anger"":0,""disgust"":0,""fear"":0,""joy"":0,""sadness"":0,""surprise"":0,""neutral"":2,""target"":""none""}"
C0613,0,0,0,0,0,0,2,none,"{""anger"":0,""disgust"":0,""fear"":0,""joy"":0,""sadness"":0,""surprise"":0,""neutral"":2,""target"":""none""}"
C0614,0,0,0,0,0,0,2,none,"{""anger"":0,""disgust"":0,""fear"":0,""joy"":0,""sadness"":0,""surprise"":0,""neutral"":2,""target"":""none""}"
C0615,1,0,0,0,0,0,1,other,"{""anger"":1,""disgust"":0,""fear"":0,""joy"":0,""sadness"":0,""surprise"":0,""neutral"":1,""target"":""other""}"
C0616,2,1,0,0,0,0,0,ai_org,"{""anger"":2,""disgust"":1,""fear"":0,""joy"":0,""sadness"":0,""surprise"":0,""neutral"":0,""target"":""ai_org""}"
C0617,1,0,1,0,0,0,0,ai_tech,"{""anger"":1,""disgust"":0,""fear"":1,""joy"":0,""sadness"":0,""surprise"":0,""neutral"":0,""target"":""ai_tech""}"
C0618,0,1,0,0,0,0,0,people,"{""anger"":0,""disgust"":1,""fear"":0,""joy"":0,""sadness"":0,""surprise"":0,""neutral"":0,""target"":""people""}"
C0619,1,0,0,0,0,0,0,ai_tech,"{""anger"":1,""disgust"":0,""fear"":0,""joy"":0,""sadness"":0,""surprise"":0,""neutral"":0,""target"":""ai_tech""}"
C0620,0,0,0,1,0,0,0,other,"{""anger"":0,""disgust"":0,""fear"":0,""joy"":1,""sadness"":0,""surprise"":0,""neutral"":0,""target"":""other""}"
C0621,0,0,0,0,0,0,2,none,"{""anger"":0,""disgust"":0,""fear"":0,""joy"":0,""sadness"":0,""surprise"":0,""neutral"":2,""target"":""none""}"
C0622,0,0,2,0,0,0,0,people,"{""anger"":0,""disgust"":0,""fear"":2,""joy"":0,""sadness"":0,""surprise"":0,""neutral"":0,""target"":""people""}"
C0623,0,0,1,0,0,0,0,ai_tech,"{""anger"":0,""disgust"":0,""fear"":1,""joy"":0,""sadness"":0,""surprise"":0,""neutral"":0,""target"":""ai_tech""}"
C0624,0,0,0,1,0,0,0,other,"{""anger"":0,""disgust"":0,""fear"":0,""joy"":1,""sadness"":0,""surprise"":0,""neutral"":0,""target"":""other""}"
C0625,0,0,0,0,0,0,2,none,"{""anger"":0,""disgust"":0,""fear"":0,""joy"":0,""sadness"":0,""surprise"":0,""neutral"":2,""target"":""none""}"
C0626,1,1,1,0,0,0,0,other,"{""anger"":1,""disgust"":1,""fear"":1,""joy"":0,""sadness"":0,""surprise"":0,""neutral"":0,""target"":""other""}"
C0627,0,0,0,1,0,0,0,ai_tech,"{""anger"":0,""disgust"":0,""fear"":0,""joy"":1,""sadness"":0,""surprise"":0,""neutral"":0,""target"":""ai_tech""}"
C0628,0,0,0,0,0,2,0,other,"{""anger"":0,""disgust"":0,""fear"":0,""joy"":0,""sadness"":0,""surprise"":2,""neutral"":0,""target"":""other""}"
C0629,0,0,0,0,0,1,0,other,"{""anger"":0,""disgust"":0,""fear"":0,""joy"":0,""sadness"":0,""surprise"":1,""neutral"":0,""target"":""other""}"
C0630,2,1,0,0,0,0,0,ai_org,"{""anger"":2,""disgust"":1,""fear"":0,""joy"":0,""sadness"":0,""surprise"":0,""neutral"":0,""target"":""ai_org""}"
C0631,0,2,0,0,0,0,0,other,"{""anger"":0,""disgust"":2,""fear"":0,""joy"":0,""sadness"":0,""surprise"":0,""neutral"":0,""target"":""other""}"
C0632,1,0,0,0,0,0,0,other,"{""anger"":1,""disgust"":0,""fear"":0,""joy"":0,""sadness"":0,""surprise"":0,""neutral"":0,""target"":""other""}"
C0633,1,0,2,0,0,0,0,other,"{""anger"":1,""disgust"":0,""fear"":2,""joy"":0,""sadness"":0,""surprise"":0,""neutral"":0,""target"":""other""}"
C0634,1,0,0,0,0,0,0,other,"{""anger"":1,""disgust"":0,""fear"":0,""joy"":0,""sadness"":0,""surprise"":0,""neutral"":0,""target"":""other""}"
C0635,0,0,0,1,0,0,1,ai_product,"{""anger"":0,""disgust"":0,""fear"":0,""joy"":1,""sadness"":0,""surprise"":0,""neutral"":1,""target"":""ai_product""}"
C0636,1,2,0,0,0,0,0,ai_product,"{""anger"":1,""disgust"":2,""fear"":0,""joy"":0,""sadness"":0,""surprise"":0,""neutral"":0,""target"":""ai_product""}"
C0637,1,1,0,0,0,0,0,other,"{""anger"":1,""disgust"":1,""fear"":0,""joy"":0,""sadness"":0,""surprise"":0,""neutral"":0,""target"":""other""}"
C0638,0,0,0,0,0,0,2,none,"{""anger"":0,""disgust"":0,""fear"":0,""joy"":0,""sadness"":0,""surprise"":0,""neutral"":2,""target"":""none""}"
C0639,0,0,0,0,0,0,2,none,"{""anger"":0,""disgust"":0,""fear"":0,""joy"":0,""sadness"":0,""surprise"":0,""neutral"":2,""target"":""none""}"
C0640,0,0,0,0,0,0,2,none,"{""anger"":0,""disgust"":0,""fear"":0,""joy"":0,""sadness"":0,""surprise"":0,""neutral"":2,""target"":""none""}"
C0641,0,0,0,0,0,0,2,none,"{""anger"":0,""disgust"":0,""fear"":0,""joy"":0,""sadness"":0,""surprise"":0,""neutral"":2,""target"":""none""}"
C0642,0,0,0,0,0,1,0,other,"{""anger"":0,""disgust"":0,""fear"":0,""joy"":0,""sadness"":0,""surprise"":1,""neutral"":0,""target"":""other""}"
C0643,1,0,0,0,1,0,0,people,"{""anger"":1,""disgust"":0,""fear"":0,""joy"":0,""sadness"":1,""surprise"":0,""neutral"":0,""target"":""people""}"
C0644,0,0,0,1,0,0,0,other,"{""anger"":0,""disgust"":0,""fear"":0,""joy"":1,""sadness"":0,""surprise"":0,""neutral"":0,""target"":""other""}"
C0645,0,0,0,0,0,1,0,other,"{""anger"":0,""disgust"":0,""fear"":0,""joy"":0,""sadness"":0,""surprise"":1,""neutral"":0,""target"":""other""}"
C0646,0,0,0,0,0,0,2,none,"{""anger"":0,""disgust"":0,""fear"":0,""joy"":0,""sadness"":0,""surprise"":0,""neutral"":2,""target"":""none""}"
C0647,2,0,0,0,0,0,0,ai_org,"{""anger"":2,""disgust"":0,""fear"":0,""joy"":0,""sadness"":0,""surprise"":0,""neutral"":0,""target"":""ai_org""}"
C0648,0,0,0,0,0,0,1,none,"{""anger"":0,""disgust"":0,""fear"":0,""joy"":0,""sadness"":0,""surprise"":0,""neutral"":1,""target"":""none""}"
C0649,0,0,0,0,0,0,1,other,"{""anger"":0,""disgust"":0,""fear"":0,""joy"":0,""sadness"":0,""surprise"":0,""neutral"":1,""target"":""other""}"
C0650,0,0,1,0,0,0,0,other,"{""anger"":0,""disgust"":0,""fear"":1,""joy"":0,""sadness"":0,""surprise"":0,""neutral"":0,""target"":""other""}"
C0651,0,0,0,0,0,0,2,none,"{""anger"":0,""disgust"":0,""fear"":0,""joy"":0,""sadness"":0,""surprise"":0,""neutral"":2,""target"":""none""}"
C0652,0,0,0,0,0,0,1,other,"{""anger"":0,""disgust"":0,""fear"":0,""joy"":0,""sadness"":0,""surprise"":0,""neutral"":1,""target"":""other""}"
C0653,2,0,0,0,2,0,0,people,"{""anger"":2,""disgust"":0,""fear"":0,""joy"":0,""sadness"":2,""surprise"":0,""neutral"":0,""target"":""people""}"
C0654,1,0,0,0,0,0,1,other,"{""anger"":1,""disgust"":0,""fear"":0,""joy"":0,""sadness"":0,""surprise"":0,""neutral"":1,""target"":""other""}"
C0655,1,1,0,0,0,0,0,other,"{""anger"":1,""disgust"":1,""fear"":0,""joy"":0,""sadness"":0,""surprise"":0,""neutral"":0,""target"":""other""}"
C0656,1,0,0,0,0,0,0,other,"{""anger"":1,""disgust"":0,""fear"":0,""joy"":0,""sadness"":0,""surprise"":0,""neutral"":0,""target"":""other""}"
C0657,0,0,0,0,0,1,0,other,"{""anger"":0,""disgust"":0,""fear"":0,""joy"":0,""sadness"":0,""surprise"":1,""neutral"":0,""target"":""other""}"
C0658,0,0,1,0,0,0,0,people,"{""anger"":0,""disgust"":0,""fear"":1,""joy"":0,""sadness"":0,""surprise"":0,""neutral"":0,""target"":""people""}"
C0659,0,0,0,0,0,0,2,none,"{""anger"":0,""disgust"":0,""fear"":0,""joy"":0,""sadness"":0,""surprise"":0,""neutral"":2,""target"":""none""}"
C0660,0,0,0,0,0,0,2,none,"{""anger"":0,""disgust"":0,""fear"":0,""joy"":0,""sadness"":0,""surprise"":0,""neutral"":2,""target"":""none""}"
C0661,0,0,0,1,0,0,0,people,"{""anger"":0,""disgust"":0,""fear"":0,""joy"":1,""sadness"":0,""surprise"":0,""neutral"":0,""target"":""people""}"
C0662,1,0,0,0,0,0,1,people,"{""anger"":1,""disgust"":0,""fear"":0,""joy"":0,""sadness"":0,""surprise"":0,""neutral"":1,""target"":""people""}"
C0663,0,0,0,1,0,0,0,ai_product,"{""anger"":0,""disgust"":0,""fear"":0,""joy"":1,""sadness"":0,""surprise"":0,""neutral"":0,""target"":""ai_product""}"
C0664,0,0,0,0,0,0,2,none,"{""anger"":0,""disgust"":0,""fear"":0,""joy"":0,""sadness"":0,""surprise"":0,""neutral"":2,""target"":""none""}"
C0665,1,0,0,0,0,0,0,people,"{""anger"":1,""disgust"":0,""fear"":0,""joy"":0,""sadness"":0,""surprise"":0,""neutral"":0,""target"":""people""}"
C0666,0,0,2,0,0,0,0,ai_tech,"{""anger"":0,""disgust"":0,""fear"":2,""joy"":0,""sadness"":0,""surprise"":0,""neutral"":0,""target"":""ai_tech""}"
C0667,0,0,0,0,0,0,2,ai_tech,"{""anger"":0,""disgust"":0,""fear"":0,""joy"":0,""sadness"":0,""surprise"":0,""neutral"":2,""target"":""ai_tech""}"
C0668,0,0,0,0,0,0,2,none,"{""anger"":0,""disgust"":0,""fear"":0,""joy"":0,""sadness"":0,""surprise"":0,""neutral"":2,""target"":""none""}"
C0669,0,0,0,0,0,0,2,none,"{""anger"":0,""disgust"":0,""fear"":0,""joy"":0,""sadness"":0,""surprise"":0,""neutral"":2,""target"":""none""}"
C0670,1,0,0,0,0,0,0,other,"{""anger"":1,""disgust"":0,""fear"":0,""joy"":0,""sadness"":0,""surprise"":0,""neutral"":0,""target"":""other""}"
C0671,0,0,1,0,2,0,0,people,"{""anger"":0,""disgust"":0,""fear"":1,""joy"":0,""sadness"":2,""surprise"":0,""neutral"":0,""target"":""people""}"
C0672,0,0,1,0,0,0,0,other,"{""anger"":0,""disgust"":0,""fear"":1,""joy"":0,""sadness"":0,""surprise"":0,""neutral"":0,""target"":""other""}"
C0673,0,0,0,0,0,0,2,none,"{""anger"":0,""disgust"":0,""fear"":0,""joy"":0,""sadness"":0,""surprise"":0,""neutral"":2,""target"":""none""}"
C0674,0,2,0,0,0,0,0,people,"{""anger"":0,""disgust"":2,""fear"":0,""joy"":0,""sadness"":0,""surprise"":0,""neutral"":0,""target"":""people""}"
C0675,0,0,0,1,0,0,0,ai_org,"{""anger"":0,""disgust"":0,""fear"":0,""joy"":1,""sadness"":0,""surprise"":0,""neutral"":0,""target"":""ai_org""}"
C0676,0,0,0,0,0,1,0,ai_tech,"{""anger"":0,""disgust"":0,""fear"":0,""joy"":0,""sadness"":0,""surprise"":1,""neutral"":0,""target"":""ai_tech""}"
C0677,1,0,0,0,0,0,0,ai_org,"{""anger"":1,""disgust"":0,""fear"":0,""joy"":0,""sadness"":0,""surprise"":0,""neutral"":0,""target"":""ai_org""}"
C0678,0,0,0,0,0,0,2,none,"{""anger"":0,""disgust"":0,""fear"":0,""joy"":0,""sadness"":0,""surprise"":0,""neutral"":2,""target"":""none""}"
C0679,0,0,0,0,2,0,0,other,"{""anger"":0,""disgust"":0,""fear"":0,""joy"":0,""sadness"":2,""surprise"":0,""neutral"":0,""target"":""other""}"
C0680,2,0,0,0,0,1,0,other,"{""anger"":2,""disgust"":0,""fear"":0,""joy"":0,""sadness"":0,""surprise"":1,""neutral"":0,""target"":""other""}"
C0681,1,0,0,0,0,0,0,ai_tech,"{""anger"":1,""disgust"":0,""fear"":0,""joy"":0,""sadness"":0,""surprise"":0,""neutral"":0,""target"":""ai_tech""}"
C0682,0,0,0,0,0,0,2,other,"{""anger"":0,""disgust"":0,""fear"":0,""joy"":0,""sadness"":0,""surprise"":0,""neutral"":2,""target"":""other""}"
C0683,1,0,0,0,0,0,1,other,"{""anger"":1,""disgust"":0,""fear"":0,""joy"":0,""sadness"":0,""surprise"":0,""neutral"":1,""target"":""other""}"
C0684,0,1,0,0,0,0,0,ai_tech,"{""anger"":0,""disgust"":1,""fear"":0,""joy"":0,""sadness"":0,""surprise"":0,""neutral"":0,""target"":""ai_tech""}"
C0685,1,0,0,0,0,0,0,ai_product,"{""anger"":1,""disgust"":0,""fear"":0,""joy"":0,""sadness"":0,""surprise"":0,""neutral"":0,""target"":""ai_product""}"
C0686,0,0,0,0,0,0,2,none,"{""anger"":0,""disgust"":0,""fear"":0,""joy"":0,""sadness"":0,""surprise"":0,""neutral"":2,""target"":""none""}"
C0687,0,2,0,0,0,0,0,other,"{""anger"":0,""disgust"":2,""fear"":0,""joy"":0,""sadness"":0,""surprise"":0,""neutral"":0,""target"":""other""}"
C0688,0,0,0,0,0,0,2,none,"{""anger"":0,""disgust"":0,""fear"":0,""joy"":0,""sadness"":0,""surprise"":0,""neutral"":2,""target"":""none""}"
C0689,0,0,0,0,0,0,2,none,"{""anger"":0,""disgust"":0,""fear"":0,""joy"":0,""sadness"":0,""surprise"":0,""neutral"":2,""target"":""none""}"
C0690,0,0,0,0,0,0,2,none,"{""anger"":0,""disgust"":0,""fear"":0,""joy"":0,""sadness"":0,""surprise"":0,""neutral"":2,""target"":""none""}"
C0691,0,0,0,0,0,0,2,none,"{""anger"":0,""disgust"":0,""fear"":0,""joy"":0,""sadness"":0,""surprise"":0,""neutral"":2,""target"":""none""}"
C0692,2,0,0,0,0,0,0,people,"{""anger"":2,""disgust"":0,""fear"":0,""joy"":0,""sadness"":0,""surprise"":0,""neutral"":0,""target"":""people""}"
C0693,0,1,0,0,0,0,0,ai_product,"{""anger"":0,""disgust"":1,""fear"":0,""joy"":0,""sadness"":0,""surprise"":0,""neutral"":0,""target"":""ai_product""}"
C0694,0,0,0,0,0,0,2,none,"{""anger"":0,""disgust"":0,""fear"":0,""joy"":0,""sadness"":0,""surprise"":0,""neutral"":2,""target"":""none""}"
C0695,0,0,0,0,0,0,2,none,"{""anger"":0,""disgust"":0,""fear"":0,""joy"":0,""sadness"":0,""surprise"":0,""neutral"":2,""target"":""none""}"
C0696,1,2,0,0,0,0,0,ai_org,"{""anger"":1,""disgust"":2,""fear"":0,""joy"":0,""sadness"":0,""surprise"":0,""neutral"":0,""target"":""ai_org""}"
C0697,0,0,0,0,0,0,2,none,"{""anger"":0,""disgust"":0,""fear"":0,""joy"":0,""sadness"":0,""surprise"":0,""neutral"":2,""target"":""none""}"
C0698,0,0,0,0,0,0,2,none,"{""anger"":0,""disgust"":0,""fear"":0,""joy"":0,""sadness"":0,""surprise"":0,""neutral"":2,""target"":""none""}"
C0699,2,1,0,0,0,0,0,ai_org,"{""anger"":2,""disgust"":1,""fear"":0,""joy"":0,""sadness"":0,""surprise"":0,""neutral"":0,""target"":""ai_org""}"
C0700,2,0,0,0,0,0,0,other,"{""anger"":2,""disgust"":0,""fear"":0,""joy"":0,""sadness"":0,""surprise"":0,""neutral"":0,""target"":""other""}"
C0701,2,0,0,0,0,0,0,people,"{""anger"":2,""disgust"":0,""fear"":0,""joy"":0,""sadness"":0,""surprise"":0,""neutral"":0,""target"":""people""}"
C0702,0,0,1,0,0,0,0,ai_tech,"{""anger"":0,""disgust"":0,""fear"":1,""joy"":0,""sadness"":0,""surprise"":0,""neutral"":0,""target"":""ai_tech""}"
C0703,0,0,0,0,0,0,2,none,"{""anger"":0,""disgust"":0,""fear"":0,""joy"":0,""sadness"":0,""surprise"":0,""neutral"":2,""target"":""none""}"
C0704,0,0,1,2,0,2,0,ai_tech,"{""anger"":0,""disgust"":0,""fear"":1,""joy"":2,""sadness"":0,""surprise"":2,""neutral"":0,""target"":""ai_tech""}"
C0705,0,0,0,0,0,0,2,none,"{""anger"":0,""disgust"":0,""fear"":0,""joy"":0,""sadness"":0,""surprise"":0,""neutral"":2,""target"":""none""}"
C0706,1,2,0,0,0,0,0,ai_org,"{""anger"":1,""disgust"":2,""fear"":0,""joy"":0,""sadness"":0,""surprise"":0,""neutral"":0,""target"":""ai_org""}"
C0707,1,0,0,0,0,0,1,other,"{""anger"":1,""disgust"":0,""fear"":0,""joy"":0,""sadness"":0,""surprise"":0,""neutral"":1,""target"":""other""}"
C0708,0,0,0,0,0,0,2,none,"{""anger"":0,""disgust"":0,""fear"":0,""joy"":0,""sadness"":0,""surprise"":0,""neutral"":2,""target"":""none""}"
C0709,0,1,0,0,0,0,0,other,"{""anger"":0,""disgust"":1,""fear"":0,""joy"":0,""sadness"":0,""surprise"":0,""neutral"":0,""target"":""other""}"
C0710,0,0,0,0,0,0,2,none,"{""anger"":0,""disgust"":0,""fear"":0,""joy"":0,""sadness"":0,""surprise"":0,""neutral"":2,""target"":""none""}"
C0711,2,1,0,0,0,0,0,ai_tech,"{""anger"":2,""disgust"":1,""fear"":0,""joy"":0,""sadness"":0,""surprise"":0,""neutral"":0,""target"":""ai_tech""}"
C0712,0,0,1,0,0,0,0,other,"{""anger"":0,""disgust"":0,""fear"":1,""joy"":0,""sadness"":0,""surprise"":0,""neutral"":0,""target"":""other""}"
C0713,0,0,0,0,0,0,2,none,"{""anger"":0,""disgust"":0,""fear"":0,""joy"":0,""sadness"":0,""surprise"":0,""neutral"":2,""target"":""none""}"
C0714,0,0,0,0,0,0,1,other,"{""anger"":0,""disgust"":0,""fear"":0,""joy"":0,""sadness"":0,""surprise"":0,""neutral"":1,""target"":""other""}"
C0715,1,0,0,0,0,0,1,ai_org,"{""anger"":1,""disgust"":0,""fear"":0,""joy"":0,""sadness"":0,""surprise"":0,""neutral"":1,""target"":""ai_org""}"
C0716,0,0,0,0,0,0,2,none,"{""anger"":0,""disgust"":0,""fear"":0,""joy"":0,""sadness"":0,""surprise"":0,""neutral"":2,""target"":""none""}"
C0717,0,0,0,0,0,0,2,none,"{""anger"":0,""disgust"":0,""fear"":0,""joy"":0,""sadness"":0,""surprise"":0,""neutral"":2,""target"":""none""}"
C0718,0,0,0,0,0,0,2,none,"{""anger"":0,""disgust"":0,""fear"":0,""joy"":0,""sadness"":0,""surprise"":0,""neutral"":2,""target"":""none""}"
C0719,0,0,0,0,0,0,2,none,"{""anger"":0,""disgust"":0,""fear"":0,""joy"":0,""sadness"":0,""surprise"":0,""neutral"":2,""target"":""none""}"
C0720,0,0,0,0,0,0,2,none,"{""anger"":0,""disgust"":0,""fear"":0,""joy"":0,""sadness"":0,""surprise"":0,""neutral"":2,""target"":""none""}"
C0721,2,1,0,0,0,0,0,ai_org,"{""anger"":2,""disgust"":1,""fear"":0,""joy"":0,""sadness"":0,""surprise"":0,""neutral"":0,""target"":""ai_org""}"
C0722,1,0,0,0,0,0,1,other,"{""anger"":1,""disgust"":0,""fear"":0,""joy"":0,""sadness"":0,""surprise"":0,""neutral"":1,""target"":""other""}"
C0723,0,2,0,0,0,0,0,people,"{""anger"":0,""disgust"":2,""fear"":0,""joy"":0,""sadness"":0,""surprise"":0,""neutral"":0,""target"":""people""}"
C0724,0,0,0,0,0,2,0,ai_product,"{""anger"":0,""disgust"":0,""fear"":0,""joy"":0,""sadness"":0,""surprise"":2,""neutral"":0,""target"":""ai_product""}"
C0725,0,0,0,1,0,0,0,ai_product,"{""anger"":0,""disgust"":0,""fear"":0,""joy"":1,""sadness"":0,""surprise"":0,""neutral"":0,""target"":""ai_product""}"
C0726,0,0,0,0,0,0,2,none,"{""anger"":0,""disgust"":0,""fear"":0,""joy"":0,""sadness"":0,""surprise"":0,""neutral"":2,""target"":""none""}"
C0727,0,0,0,0,0,0,2,none,"{""anger"":0,""disgust"":0,""fear"":0,""joy"":0,""sadness"":0,""surprise"":0,""neutral"":2,""target"":""none""}"
C0728,1,1,0,0,0,0,0,ai_product,"{""anger"":1,""disgust"":1,""fear"":0,""joy"":0,""sadness"":0,""surprise"":0,""neutral"":0,""target"":""ai_product""}"
C0729,0,0,0,0,0,0,2,none,"{""anger"":0,""disgust"":0,""fear"":0,""joy"":0,""sadness"":0,""surprise"":0,""neutral"":2,""target"":""none""}"
C0730,2,1,0,0,0,0,0,ai_tech,"{""anger"":2,""disgust"":1,""fear"":0,""joy"":0,""sadness"":0,""surprise"":0,""neutral"":0,""target"":""ai_tech""}"
C0731,0,0,0,0,0,0,2,none,"{""anger"":0,""disgust"":0,""fear"":0,""joy"":0,""sadness"":0,""surprise"":0,""neutral"":2,""target"":""none""}"
C0732,0,0,0,1,0,0,0,other,"{""anger"":0,""disgust"":0,""fear"":0,""joy"":1,""sadness"":0,""surprise"":0,""neutral"":0,""target"":""other""}"
C0733,0,0,0,0,0,1,0,other,"{""anger"":0,""disgust"":0,""fear"":0,""joy"":0,""sadness"":0,""surprise"":1,""neutral"":0,""target"":""other""}"
C0734,0,0,0,0,0,0,2,none,"{""anger"":0,""disgust"":0,""fear"":0,""joy"":0,""sadness"":0,""surprise"":0,""neutral"":2,""target"":""none""}"
C0735,0,0,0,0,0,0,2,none,"{""anger"":0,""disgust"":0,""fear"":0,""joy"":0,""sadness"":0,""surprise"":0,""neutral"":2,""target"":""none""}"
C0736,0,0,0,0,0,0,2,none,"{""anger"":0,""disgust"":0,""fear"":0,""joy"":0,""sadness"":0,""surprise"":0,""neutral"":2,""target"":""none""}"
C0737,0,0,0,0,0,0,2,none,"{""anger"":0,""disgust"":0,""fear"":0,""joy"":0,""sadness"":0,""surprise"":0,""neutral"":2,""target"":""none""}"
C0738,0,0,0,2,0,0,0,ai_product,"{""anger"":0,""disgust"":0,""fear"":0,""joy"":2,""sadness"":0,""surprise"":0,""neutral"":0,""target"":""ai_product""}"
C0739,0,1,0,0,0,0,0,ai_org,"{""anger"":0,""disgust"":1,""fear"":0,""joy"":0,""sadness"":0,""surprise"":0,""neutral"":0,""target"":""ai_org""}"
C0740,0,0,0,0,0,1,0,other,"{""anger"":0,""disgust"":0,""fear"":0,""joy"":0,""sadness"":0,""surprise"":1,""neutral"":0,""target"":""other""}"
C0741,0,0,0,0,0,0,2,none,"{""anger"":0,""disgust"":0,""fear"":0,""joy"":0,""sadness"":0,""surprise"":0,""neutral"":2,""target"":""none""}"
C0742,0,0,0,0,0,0,1,ai_product,"{""anger"":0,""disgust"":0,""fear"":0,""joy"":0,""sadness"":0,""surprise"":0,""neutral"":1,""target"":""ai_product""}"
C0743,0,1,0,0,0,0,1,ai_tech,"{""anger"":0,""disgust"":1,""fear"":0,""joy"":0,""sadness"":0,""surprise"":0,""neutral"":1,""target"":""ai_tech""}"
C0744,1,0,0,0,0,0,0,other,"{""anger"":1,""disgust"":0,""fear"":0,""joy"":0,""sadness"":0,""surprise"":0,""neutral"":0,""target"":""other""}"
C0745,0,0,0,0,0,0,2,none,"{""anger"":0,""disgust"":0,""fear"":0,""joy"":0,""sadness"":0,""surprise"":0,""neutral"":2,""target"":""none""}"
C0746,0,0,0,1,0,0,0,other,"{""anger"":0,""disgust"":0,""fear"":0,""joy"":1,""sadness"":0,""surprise"":0,""neutral"":0,""target"":""other""}"
C0747,1,0,0,0,0,0,0,people,"{""anger"":1,""disgust"":0,""fear"":0,""joy"":0,""sadness"":0,""surprise"":0,""neutral"":0,""target"":""people""}"
C0748,0,0,1,0,0,0,0,other,"{""anger"":0,""disgust"":0,""fear"":1,""joy"":0,""sadness"":0,""surprise"":0,""neutral"":0,""target"":""other""}"
C0749,1,0,0,0,0,0,0,other,"{""anger"":1,""disgust"":0,""fear"":0,""joy"":0,""sadness"":0,""surprise"":0,""neutral"":0,""target"":""other""}"
C0750,0,0,0,0,0,0,2,none,"{""anger"":0,""disgust"":0,""fear"":0,""joy"":0,""sadness"":0,""surprise"":0,""neutral"":2,""target"":""none""}"
C0751,0,0,0,0,0,0,2,none,"{""anger"":0,""disgust"":0,""fear"":0,""joy"":0,""sadness"":0,""surprise"":0,""neutral"":2,""target"":""none""}"
C0752,0,0,0,0,0,0,1,none,"{""anger"":0,""disgust"":0,""fear"":0,""joy"":0,""sadness"":0,""surprise"":0,""neutral"":1,""target"":""none""}"
C0753,0,0,0,1,0,0,0,other,"{""anger"":0,""disgust"":0,""fear"":0,""joy"":1,""sadness"":0,""surprise"":0,""neutral"":0,""target"":""other""}"
C0754,0,0,0,0,0,0,2,none,"{""anger"":0,""disgust"":0,""fear"":0,""joy"":0,""sadness"":0,""surprise"":0,""neutral"":2,""target"":""none""}"
C0755,0,0,0,0,0,1,0,other,"{""anger"":0,""disgust"":0,""fear"":0,""joy"":0,""sadness"":0,""surprise"":1,""neutral"":0,""target"":""other""}"
C0756,0,0,0,1,0,0,0,ai_tech,"{""anger"":0,""disgust"":0,""fear"":0,""joy"":1,""sadness"":0,""surprise"":0,""neutral"":0,""target"":""ai_tech""}"
C0757,0,0,0,0,0,0,2,none,"{""anger"":0,""disgust"":0,""fear"":0,""joy"":0,""sadness"":0,""surprise"":0,""neutral"":2,""target"":""none""}"
C0758,1,0,0,0,1,0,0,other,"{""anger"":1,""disgust"":0,""fear"":0,""joy"":0,""sadness"":1,""surprise"":0,""neutral"":0,""target"":""other""}"
C0759,1,0,2,0,0,0,0,ai_product,"{""anger"":1,""disgust"":0,""fear"":2,""joy"":0,""sadness"":0,""surprise"":0,""neutral"":0,""target"":""ai_product""}"
C0760,0,0,0,0,0,0,2,none,"{""anger"":0,""disgust"":0,""fear"":0,""joy"":0,""sadness"":0,""surprise"":0,""neutral"":2,""target"":""none""}"
C0761,0,0,0,1,0,0,0,ai_tech,"{""anger"":0,""disgust"":0,""fear"":0,""joy"":1,""sadness"":0,""surprise"":0,""neutral"":0,""target"":""ai_tech""}"
C0762,1,0,0,0,0,0,0,ai_tech,"{""anger"":1,""disgust"":0,""fear"":0,""joy"":0,""sadness"":0,""surprise"":0,""neutral"":0,""target"":""ai_tech""}"
C0763,1,1,0,0,0,0,0,ai_org,"{""anger"":1,""disgust"":1,""fear"":0,""joy"":0,""sadness"":0,""surprise"":0,""neutral"":0,""target"":""ai_org""}"
C0764,0,0,0,0,0,0,2,none,"{""anger"":0,""disgust"":0,""fear"":0,""joy"":0,""sadness"":0,""surprise"":0,""neutral"":2,""target"":""none""}"
C0765,0,0,0,0,0,0,2,none,"{""anger"":0,""disgust"":0,""fear"":0,""joy"":0,""sadness"":0,""surprise"":0,""neutral"":2,""target"":""none""}"
C0766,0,0,0,1,0,0,0,ai_product,"{""anger"":0,""disgust"":0,""fear"":0,""joy"":1,""sadness"":0,""surprise"":0,""neutral"":0,""target"":""ai_product""}"
C0767,2,1,0,0,0,0,0,ai_product,"{""anger"":2,""disgust"":1,""fear"":0,""joy"":0,""sadness"":0,""surprise"":0,""neutral"":0,""target"":""ai_product""}"
C0768,2,0,0,0,0,0,0,other,"{""anger"":2,""disgust"":0,""fear"":0,""joy"":0,""sadness"":0,""surprise"":0,""neutral"":0,""target"":""other""}"
C0769,2,1,0,0,0,0,0,people,"{""anger"":2,""disgust"":1,""fear"":0,""joy"":0,""sadness"":0,""surprise"":0,""neutral"":0,""target"":""people""}"
C0770,0,0,0,0,0,0,2,none,"{""anger"":0,""disgust"":0,""fear"":0,""joy"":0,""sadness"":0,""surprise"":0,""neutral"":2,""target"":""none""}"
C0771,0,0,0,1,0,0,0,other,"{""anger"":0,""disgust"":0,""fear"":0,""joy"":1,""sadness"":0,""surprise"":0,""neutral"":0,""target"":""other""}"
C0772,0,0,0,0,0,1,0,other,"{""anger"":0,""disgust"":0,""fear"":0,""joy"":0,""sadness"":0,""surprise"":1,""neutral"":0,""target"":""other""}"
C0773,0,0,0,0,0,0,2,none,"{""anger"":0,""disgust"":0,""fear"":0,""joy"":0,""sadness"":0,""surprise"":0,""neutral"":2,""target"":""none""}"
C0774,1,0,0,0,0,0,0,other,"{""anger"":1,""disgust"":0,""fear"":0,""joy"":0,""sadness"":0,""surprise"":0,""neutral"":0,""target"":""other""}"
C0775,0,0,0,0,1,0,0,none,"{""anger"":0,""disgust"":0,""fear"":0,""joy"":0,""sadness"":1,""surprise"":0,""neutral"":0,""target"":""none""}"
C0776,0,0,0,1,0,0,0,other,"{""anger"":0,""disgust"":0,""fear"":0,""joy"":1,""sadness"":0,""surprise"":0,""neutral"":0,""target"":""other""}"
C0777,2,2,0,0,1,0,0,other,"{""anger"":2,""disgust"":2,""fear"":0,""joy"":0,""sadness"":1,""surprise"":0,""neutral"":0,""target"":""other""}"
C0778,0,0,0,0,0,0,2,none,"{""anger"":0,""disgust"":0,""fear"":0,""joy"":0,""sadness"":0,""surprise"":0,""neutral"":2,""target"":""none""}"
C0779,0,0,0,0,1,0,0,people,"{""anger"":0,""disgust"":0,""fear"":0,""joy"":0,""sadness"":1,""surprise"":0,""neutral"":0,""target"":""people""}"
C0780,2,1,0,0,0,0,0,other,"{""anger"":2,""disgust"":1,""fear"":0,""joy"":0,""sadness"":0,""surprise"":0,""neutral"":0,""target"":""other""}"
C0781,0,0,0,0,0,0,2,none,"{""anger"":0,""disgust"":0,""fear"":0,""joy"":0,""sadness"":0,""surprise"":0,""neutral"":2,""target"":""none""}"
C0782,0,0,0,1,0,0,0,other,"{""anger"":0,""disgust"":0,""fear"":0,""joy"":1,""sadness"":0,""surprise"":0,""neutral"":0,""target"":""other""}"
C0783,0,0,0,1,0,0,0,ai_tech,"{""anger"":0,""disgust"":0,""fear"":0,""joy"":1,""sadness"":0,""surprise"":0,""neutral"":0,""target"":""ai_tech""}"
C0784,0,0,0,0,0,0,2,none,"{""anger"":0,""disgust"":0,""fear"":0,""joy"":0,""sadness"":0,""surprise"":0,""neutral"":2,""target"":""none""}"
C0785,0,0,0,2,0,0,0,other,"{""anger"":0,""disgust"":0,""fear"":0,""joy"":2,""sadness"":0,""surprise"":0,""neutral"":0,""target"":""other""}"
C0786,0,0,0,0,0,0,2,none,"{""anger"":0,""disgust"":0,""fear"":0,""joy"":0,""sadness"":0,""surprise"":0,""neutral"":2,""target"":""none""}"
C0787,1,0,0,0,0,0,0,other,"{""anger"":1,""disgust"":0,""fear"":0,""joy"":0,""sadness"":0,""surprise"":0,""neutral"":0,""target"":""other""}"
C0788,0,0,0,1,0,0,0,other,"{""anger"":0,""disgust"":0,""fear"":0,""joy"":1,""sadness"":0,""surprise"":0,""neutral"":0,""target"":""other""}"
C0789,1,1,0,0,0,0,0,other,"{""anger"":1,""disgust"":1,""fear"":0,""joy"":0,""sadness"":0,""surprise"":0,""neutral"":0,""target"":""other""}"
C0790,0,2,0,0,0,0,0,other,"{""anger"":0,""disgust"":2,""fear"":0,""joy"":0,""sadness"":0,""surprise"":0,""neutral"":0,""target"":""other""}"
C0791,1,0,0,0,0,0,1,other,"{""anger"":1,""disgust"":0,""fear"":0,""joy"":0,""sadness"":0,""surprise"":0,""neutral"":1,""target"":""other""}"
C0792,1,0,0,0,0,0,0,ai_product,"{""anger"":1,""disgust"":0,""fear"":0,""joy"":0,""sadness"":0,""surprise"":0,""neutral"":0,""target"":""ai_product""}"
C0793,0,0,1,0,1,0,0,other,"{""anger"":0,""disgust"":0,""fear"":1,""joy"":0,""sadness"":1,""surprise"":0,""neutral"":0,""target"":""other""}"
C0794,0,0,0,0,0,0,2,none,"{""anger"":0,""disgust"":0,""fear"":0,""joy"":0,""sadness"":0,""surprise"":0,""neutral"":2,""target"":""none""}"
C0795,0,1,0,0,0,0,0,other,"{""anger"":0,""disgust"":1,""fear"":0,""joy"":0,""sadness"":0,""surprise"":0,""neutral"":0,""target"":""other""}"
C0796,0,0,0,2,0,2,0,other,"{""anger"":0,""disgust"":0,""fear"":0,""joy"":2,""sadness"":0,""surprise"":2,""neutral"":0,""target"":""other""}"
C0797,2,0,0,0,0,0,0,other,"{""anger"":2,""disgust"":0,""fear"":0,""joy"":0,""sadness"":0,""surprise"":0,""neutral"":0,""target"":""other""}"
C0798,1,0,0,0,1,0,0,other,"{""anger"":1,""disgust"":0,""fear"":0,""joy"":0,""sadness"":1,""surprise"":0,""neutral"":0,""target"":""other""}"
C0799,0,0,0,0,0,0,2,none,"{""anger"":0,""disgust"":0,""fear"":0,""joy"":0,""sadness"":0,""surprise"":0,""neutral"":2,""target"":""none""}"
