,m1_anger,m1_anger,m1_disgust,m1_disgust,m1_fear,m1_fear,m1_joy,m1_joy,m1_neutral,m1_neutral,m1_sadness,m1_sadness,m1_surprise,m1_surprise,m1m_anger,m1m_anger,m1m_disgust,m1m_disgust,m1m_fear,m1m_fear,m1m_joy,m1m_joy,m1m_neutral,m1m_neutral,m1m_sadness,m1m_sadness,m1m_surprise,m1m_surprise,m2_anger,m2_anger,m2_disgust,m2_disgust,m2_fear,m2_fear,m2_joy,m2_joy,m2_neutral,m2_neutral,m2_sadness,m2_sadness,m2_surprise,m2_surprise,m3_anger,m3_anger,m3_disgust,m3_disgust,m3_fear,m3_fear,m3_joy,m3_joy,m3_sadness,m3_sadness,m3_surprise,m3_surprise
group,ai,control,ai,control,ai,control,ai,control,ai,control,ai,control,ai,control,ai,control,ai,control,ai,control,ai,control,ai,control,ai,control,ai,control,ai,control,ai,control,ai,control,ai,control,ai,control,ai,control,ai,control,ai,control,ai,control,ai,control,ai,control,ai,control,ai,control
t,,,,,,,,,,,,,,,,,,,,,,,,,,,,,,,,,,,,,,,,,,,,,,,,,,,,,,
0,0.059048206,0.064021826,0.07649377,0.098289974,0.039257497,0.03455293,0.046676554,0.043587428,0.62062615,0.59511095,0.033464026,0.040934898,0.1244338,0.12350202,0.060020704,0.06405188,0.07554207,0.098320074,0.041014258,0.034551635,0.0478608,0.043597195,0.6164496,0.59502107,0.034560185,0.040947568,0.12455238,0.12351056,0.094207056,0.09327268,0.0032651876,0.0047837375,0.0056158695,0.0050378297,0.2130725,0.21456273,0.4619198,0.46657908,0.033404574,0.034946527,0.1693158,0.16240007,0.010025084202696913,0.011116585148557036,0.005833791806838753,0.007599406035406001,0.014849240471514551,0.014694262968276016,0.016485335253112916,0.01401709835095212,0.011250679222378315,0.01387190969366986,0.01017036527727226,0.007827070077569559
1,0.032153755,0.050048646,0.043525886,0.07835285,0.0372346,0.02215165,0.06884112,0.060392015,0.69036555,0.6303714,0.027814496,0.040610425,0.100064546,0.11807297,0.03279891,0.050048646,0.04358115,0.07835285,0.037926883,0.022151649,0.06921396,0.060392015,0.68720365,0.6303714,0.028259588,0.04061043,0.10101585,0.11807298,0.062603176,0.07984686,0.0026987751,0.0046362327,0.0058099553,0.0031629133,0.26127958,0.24063621,0.45109865,0.47107363,0.030217128,0.038636547,0.17377236,0.15263999,0.007950939125747961,0.011553667197153115,0.005761988417086195,0.007182723079750612,0.012461387266852328,0.014291700459270132,0.015224042147881601,0.014033527705974153,0.00788693753560684,0.012508746149198046,0.008646388116642461,0.007829776591532422
2,0.052881066,0.05732084,0.090716496,0.095329896,0.039628107,0.041944932,0.046721123,0.052997302,0.64415646,0.58281314,0.01462141,0.039628994,0.11127529,0.12996489,0.05322484,0.057322286,0.090398766,0.09533507,0.039771322,0.041895743,0.046845805,0.052995402,0.64464283,0.5828225,0.01478962,0.039630793,0.110326834,0.12999819,0.08673538,0.08432031,0.004915404,0.0044664433,0.0047949674,0.008340209,0.23372723,0.22486366,0.46859026,0.45492417,0.021380449,0.040328022,0.16388139,0.1542242,0.008314312967595256,0.011104271877369076,0.007804610216989753,0.007425380144494283,0.013663555963387199,0.017594923681982098,0.012541717609860094,0.013947862550916032,0.011995240283316088,0.01259753457041428,0.006877022728884412,0.008225442057211345
3,0.029776685,0.06130076,0.05300886,0.0965556,0.03358012,0.040822893,0.06822397,0.051918365,0.65287197,0.58169013,0.03032527,0.03652151,0.13221316,0.13119073,0.030063229,0.061299413,0.052554343,0.09655276,0.034800764,0.04082308,0.069450594,0.05192433,0.6491563,0.58171153,0.030720167,0.036521886,0.13325466,0.13116704,0.07145741,0.089009255,0.0029237303,0.0045015463,0.006479035,0.006913777,0.27588302,0.21197988,0.43176523,0.4726753,0.033429526,0.03720339,0.17268494,0.15696704,0.006991935606932665,0.011452669265072345,0.00414465842172414,0.007485200606164329,0.012214803934118642,0.01696617456291447,0.013996423783866426,0.012898827297083358,0.009823099536398008,0.012572534983080792,0.008804619948577055,0.009372373470402906
4,0.03520693,0.06493741,0.04918818,0.11040968,0.043878067,0.035690274,0.0479396,0.033202846,0.6486681,0.5968274,0.032649055,0.03949382,0.14247008,0.11943862,0.03564333,0.0649381,0.049218964,0.11041111,0.044225212,0.03568989,0.04850144,0.033203583,0.6470655,0.5968202,0.033157226,0.03949524,0.14218831,0.1194419,0.06998374,0.10448141,0.0023593535,0.0066352985,0.007045841,0.0063252216,0.22260387,0.18732062,0.47757828,0.46665654,0.028075825,0.044805475,0.17694515,0.17314693,0.0056183002694316225,0.01228820992849785,0.006025120321680926,0.009030795145560839,0.011292776383065441,0.018521907790408125,0.014790551950867988,0.013929602187002446,0.008167861734968912,0.014729990425249802,0.006528766823573834,0.009202402894047312
5,0.047890935,0.065023586,0.08856752,0.10604032,0.02981761,0.029862978,0.061336488,0.05007392,0.6001929,0.5791765,0.021836953,0.040759686,0.15035757,0.12906303,0.048835788,0.06501678,0.08832089,0.106034406,0.030360585,0.029861601,0.062465087,0.05007465,0.5974601,0.5792565,0.021425636,0.04075957,0.15113193,0.1289965,0.07956695,0.09837466,0.0063520875,0.005851227,0.0097685475,0.0032500902,0.23832405,0.21863426,0.45614585,0.46496272,0.026036074,0.03810734,0.17178333,0.15899514,0.00970886742807338,0.011113461851930552,0.00783852621421441,0.008068454229371917,0.012036886944305384,0.014685784262457572,0.015804975596182044,0.016105232590134407,0.013493671865343844,0.012503456327688732,0.008238610552448263,0.008567445291142041
6,0.04564944,0.05578384,0.08102582,0.09687456,0.04260316,0.03735343,0.069237486,0.06405153,0.6203099,0.58031785,0.026809031,0.04177758,0.1143652,0.12384116,0.04652729,0.055795543,0.08043508,0.09689134,0.043385718,0.03736171,0.069778964,0.0640522,0.61829156,0.5802569,0.026944641,0.041776657,0.11463676,0.12386562,0.08217699,0.08232388,0.003146244,0.005094093,0.004841437,0.0040798127,0.25017032,0.23150761,0.44683713,0.46276206,0.027083956,0.039879326,0.16941057,0.15751225,0.008344998275005868,0.011693717630125404,0.006145709377092388,0.007923952803780422,0.01468753577039985,0.014879203746640157,0.013132813695713093,0.015458547207964416,0.010618068113566347,0.011910706295657379,0.0075124520848858165,0.010296866791312665
7,0.03149711,0.058567487,0.06218921,0.10433721,0.022892501,0.032046147,0.090859324,0.052319612,0.6494109,0.5915523,0.019809863,0.042935714,0.12334112,0.11824147,0.03194172,0.05857461,0.06221642,0.104331926,0.022685556,0.032045808,0.092035405,0.052332807,0.6473963,0.5915322,0.019933954,0.04293619,0.12379059,0.11824646,0.06809722,0.09157175,0.0022041886,0.0044310912,0.0023709624,0.004589277,0.28755808,0.23236166,0.4232841,0.4474294,0.024694655,0.04253044,0.1710884,0.16554675,0.006194572427425339,0.01076322139576527,0.005516870425047462,0.006498530864567443,0.008562939298023696,0.013772788039577273,0.016969441043521313,0.01569097140941871,0.010011920710608739,0.012536369444457678,0.007540390625172289,0.008974057797399274
8,0.03764451,0.043460622,0.070112124,0.089553796,0.036322616,0.024269214,0.06632367,0.057398506,0.6328047,0.6164777,0.020554975,0.030337708,0.13623743,0.13850248,0.037940297,0.043463677,0.06978335,0.0895374,0.03615579,0.024268141,0.06648518,0.057383627,0.6311175,0.6164133,0.020791035,0.030321954,0.13772681,0.1386119,0.073792025,0.084337056,0.00313571,0.0039791404,0.008860538,0.0024975,0.25349027,0.22300854,0.42356226,0.47847044,0.024465939,0.029860923,0.18946286,0.16598107,0.010204904897687635,0.009221958934977736,0.006672730825407561,0.006408710179962867,0.013353036867097389,0.011669636811885162,0.018796881709351725,0.01631571043123704,0.010485677735952803,0.00982137124570029,0.00904346491337515,0.010602322604111956
9,0.038120933,0.057156652,0.05947884,0.098284654,0.02628939,0.024664275,0.052988168,0.049456432,0.6585735,0.6338483,0.028771857,0.031640127,0.13577731,0.10494952,0.038285866,0.057155833,0.0591578,0.09828419,0.026219241,0.024665259,0.052844077,0.049457885,0.6586124,0.63384116,0.028817985,0.0316412,0.13606264,0.1049545,0.06664299,0.09061336,0.003431783,0.005038689,0.0029063274,0.0030982427,0.23862766,0.20562868,0.46420616,0.48114708,0.030079313,0.036358826,0.173412,0.1632388,0.006110049891412583,0.01320646304286806,0.004361846886330175,0.009275010443178536,0.009829459048329159,0.01638264775418339,0.013339233804774182,0.013869547087820957,0.009630273083401324,0.013533931947075488,0.008148721604552333,0.008579289267533718
10,0.034344718,0.06863916,0.05885411,0.09102744,0.028074404,0.029687079,0.07646946,0.034858532,0.63386506,0.62721413,0.025993738,0.030070707,0.14239848,0.118502915,0.03515714,0.068638675,0.059536666,0.0910545,0.02786529,0.029687995,0.07470554,0.034858562,0.6348238,0.6272156,0.026095174,0.03004181,0.14181639,0.118502825,0.059397083,0.093512364,0.0045678564,0.0037475247,0.005829629,0.0059012957,0.24860314,0.2250455,0.4407213,0.482325,0.030181194,0.03190238,0.18339422,0.14672028,0.006731549606040988,0.011454863126524101,0.005960067112306892,0.006795960227031038,0.010085448722301146,0.016029117979695487,0.0156493646619782,0.01619355079214489,0.00938215041309095,0.011997337937080344,0.009438027152615892,0.007927177994506086
11,0.044152766,0.05710109,0.07104428,0.0893462,0.04659953,0.03391715,0.056236405,0.046771657,0.6507158,0.63239735,0.023542395,0.03879631,0.10770879,0.101670206,0.04465094,0.0571036,0.07046818,0.08936313,0.048011646,0.03391639,0.056904964,0.046702247,0.6480511,0.63242245,0.024106598,0.03880709,0.10780657,0.10168512,0.088387065,0.08291695,0.0029250688,0.0039040144,0.0046306583,0.0039450666,0.21728878,0.23782988,0.4694369,0.47085777,0.025039503,0.031395614,0.18760183,0.15006956,0.00946783565491328,0.01197115860818786,0.005670257857059216,0.0072735300249799975,0.013907538279887034,0.015939207330165586,0.014972213280008976,0.012096912532952638,0.010084967101629882,0.012509552833331319,0.008163083601382607,0.008016722871719796
12,0.04430645,0.055502824,0.05656421,0.096849605,0.03121589,0.030307742,0.058038957,0.048765723,0.6548576,0.607002,0.032585505,0.040570945,0.12243141,0.12100111,0.04489093,0.05550455,0.056624487,0.09684954,0.030989412,0.030309899,0.058425814,0.04877139,0.6542433,0.60697746,0.03270324,0.04057823,0.12212283,0.12100894,0.07330429,0.10301939,0.0032676216,0.00552695,0.0046788845,0.004546414,0.2375407,0.23035026,0.45257777,0.44015595,0.03512815,0.042629376,0.17382537,0.15745859,0.008556163156457273,0.011786781164240982,0.0047873955650470455,0.007940689905225392,0.011853582480976885,0.013694863561741261,0.013745774283418114,0.016253780899505493,0.010288464264082168,0.012056204105451886,0.007947871770267614,0.010126146575304244
13,0.05303169,0.061517753,0.07496632,0.08226703,0.033302438,0.023641441,0.057772715,0.07351391,0.6223282,0.6154896,0.023721632,0.034637496,0.134877,0.10893278,0.05377784,0.06151761,0.07530347,0.0822673,0.033365358,0.02364157,0.058347322,0.07353516,0.6191162,0.6154788,0.023789853,0.034637377,0.13629998,0.10892214,0.08635014,0.09585864,0.004584566,0.0030129917,0.0036947178,0.0036589531,0.23585597,0.24836361,0.45666942,0.43989718,0.030614642,0.029945696,0.16862603,0.15374874,0.008578131091998308,0.01006737350484135,0.005123574204594362,0.007114511920540962,0.012289153684570044,0.01514416457109771,0.014939834525921434,0.015380383546066228,0.011025001039047638,0.011785435106308584,0.008439772627369849,0.008620187961944978
14,0.042372894,0.05954732,0.07594578,0.095953055,0.033662714,0.03364546,0.06785109,0.049554665,0.6209031,0.6053116,0.034055598,0.038246997,0.12520884,0.1177409,0.042312868,0.059547465,0.07578603,0.09596839,0.03356492,0.033637594,0.068398185,0.049560368,0.6196018,0.6053029,0.03476062,0.03824604,0.12557557,0.11773731,0.07230937,0.08715997,0.0039406074,0.00428778,0.0076427367,0.008570715,0.24301642,0.21762373,0.44559485,0.46680713,0.03576076,0.0405167,0.17361006,0.15551107,0.009767601607048476,0.012917414992951133,0.0052967239682339354,0.008314193450633714,0.012259072529151612,0.01781956116844219,0.017324023181409246,0.012055915816644544,0.010778335028697615,0.013673647881676366,0.009105987437809708,0.008018889135997185
15,0.037911315,0.06315754,0.06268552,0.112795055,0.022970464,0.02843654,0.06502192,0.04334541,0.6452425,0.57360137,0.041663155,0.046092063,0.12450512,0.13257201,0.038127653,0.06316051,0.062364545,0.11279439,0.0232309,0.028436575,0.06509759,0.04334541,0.64309794,0.5735994,0.042229228,0.046091713,0.1258522,0.13257204,0.079668,0.09758999,0.0033596728,0.0054237186,0.0022556356,0.005236866,0.24035403,0.20391612,0.44691503,0.4723154,0.035033524,0.041433077,0.17090188,0.16509758,0.00754298135726209,0.011686161688080888,0.005195285280339892,0.008566921259093757,0.0121109058858754,0.01715925398622085,0.015453300405925234,0.014701806364726363,0.010825104814789632,0.01415851273594586,0.00752703479846834,0.008285976474741927
16,0.042464178,0.055209823,0.06011422,0.096168965,0.028796844,0.024789378,0.054731697,0.043357506,0.6553977,0.6301914,0.03305551,0.040763166,0.1254398,0.109519795,0.043476176,0.055214234,0.060035743,0.096163444,0.02890749,0.02478921,0.055023294,0.04337014,0.65314716,0.63015044,0.03324658,0.040767975,0.12616356,0.10954455,0.07922302,0.09144816,0.002687996,0.0050030295,0.0033027618,0.0034729098,0.22975302,0.18945144,0.4626222,0.49733964,0.03295333,0.03886177,0.17239214,0.16728131,0.007418733407546103,0.01110657734713874,0.00463048594605001,0.006273930925006804,0.0128280384191781,0.014159583017817126,0.013933717495865312,0.012253384571244554,0.009558838726682613,0.010312138687632215,0.00836116719323686,0.007781045374393511
17,0.047635533,0.06574249,0.07674308,0.09371324,0.041514765,0.029432198,0.05349734,0.05268519,0.64875376,0.60561484,0.028950803,0.038899697,0.102904685,0.11391232,0.04803279,0.065781675,0.07685758,0.09366713,0.04136025,0.029431142,0.053785723,0.052746642,0.6471078,0.6057787,0.029080119,0.0388691,0.10377577,0.11372557,0.08080944,0.090541296,0.0036924519,0.0050813854,0.0042620045,0.004958376,0.24438031,0.22546898,0.4584487,0.45433915,0.034404848,0.03652795,0.15797928,0.16692714,0.009586041870682594,0.012318204353049018,0.006353284103389927,0.007744360078867297,0.014595222034657705,0.0154854550259644,0.016404977394286722,0.015982196074386213,0.011930065667458259,0.012370031435404848,0.008098742281439386,0.009662877551279309
18,0.03946729,0.049033113,0.059306074,0.07514855,0.025328632,0.039925136,0.047538478,0.049376454,0.68148905,0.64288014,0.026419397,0.037779883,0.12045107,0.10585672,0.039826144,0.04904247,0.058741994,0.07516894,0.0254602,0.039884686,0.047865402,0.049376547,0.679434,0.64281803,0.026930064,0.037851278,0.12174215,0.105858035,0.075151384,0.07182972,0.003515313,0.0035154256,0.0058248085,0.008022042,0.23643379,0.22402725,0.45986736,0.4699151,0.029150127,0.032189112,0.18364415,0.1776631,0.007471687684908833,0.011107603140939216,0.004281791980991252,0.006810572066806096,0.010568370330182996,0.015192555109594951,0.012514100572150863,0.01343413057061023,0.009711059165862948,0.011614661490420607,0.008194581468145175,0.00850324289803555
19,0.03267599,0.04505758,0.060553975,0.079366766,0.026335232,0.03908148,0.0573651,0.048410956,0.6749795,0.6517183,0.027120724,0.038876887,0.120969445,0.097488016,0.033199806,0.045059096,0.0605966,0.07936788,0.026285686,0.039079208,0.057816062,0.048537556,0.6727674,0.65157723,0.02745116,0.038878396,0.12188326,0.09750064,0.072662815,0.08106928,0.0030609658,0.0033768578,0.004873078,0.008942773,0.24143662,0.2258412,0.45815063,0.4717705,0.031530287,0.041596085,0.17096177,0.15058863,0.007031552947894494,0.009088873767787782,0.005447543263313702,0.0056921147828615445,0.011250834070506413,0.014728473328065098,0.013202982951154985,0.014192577490619446,0.0096376810798864,0.012341620059037934,0.006752667496443684,0.008832942450051395
20,0.040209226,0.046465762,0.07207557,0.09706888,0.024294749,0.042347625,0.045993555,0.04112771,0.6690837,0.6157346,0.026307961,0.03526098,0.12203521,0.121994466,0.04079,0.046469264,0.07232021,0.09706261,0.024387727,0.0423439,0.046195157,0.041167933,0.66710234,0.61567926,0.026908947,0.0352699,0.1222956,0.12200714,0.07610757,0.08761941,0.0024605633,0.006527677,0.0048718466,0.0072836573,0.21320555,0.20468067,0.48550516,0.46660435,0.027122984,0.03421428,0.17751303,0.17102353,0.008374730260770081,0.011583458620735154,0.006423743697645856,0.008285210924871401,0.012066259232630432,0.01733976082346503,0.015571479539714448,0.01325541548731045,0.00936555081119393,0.013003138509732268,0.007873275212059274,0.008211759798829025
21,0.03379969,0.054608203,0.06694185,0.09177965,0.032508157,0.031497654,0.059919182,0.053948354,0.6520116,0.6035621,0.03123935,0.031852312,0.12358018,0.1327517,0.03424797,0.054605726,0.06677147,0.09176098,0.03252582,0.031494685,0.060394093,0.05394822,0.6498237,0.60358846,0.032076582,0.03185351,0.12416035,0.13274843,0.06812054,0.08894826,0.0030953283,0.0039580683,0.0050443667,0.0051107253,0.24035347,0.22785804,0.44204286,0.44684467,0.03197608,0.036589578,0.183422,0.16762698,0.007855259857296851,0.011309785551425484,0.0050250860284079485,0.005876457191290837,0.012374714215172103,0.014693350484812507,0.014011325274311903,0.01408032339282525,0.010570934311820046,0.011984915375983356,0.007288145036335989,0.00802627805573454
22,0.043422762,0.056539822,0.07130975,0.09022688,0.03057283,0.0368204,0.05965718,0.04892915,0.640161,0.6118363,0.028666526,0.036181178,0.12620994,0.11946624,0.04379629,0.056590013,0.071175925,0.090241976,0.030707426,0.03671856,0.05998742,0.04893733,0.6382351,0.6116988,0.029228881,0.036198955,0.126869,0.11961434,0.077129826,0.084908634,0.0038880093,0.0036597499,0.0052352296,0.0055210385,0.23048484,0.21048893,0.4700158,0.4808269,0.025219169,0.037512846,0.1778352,0.15838824,0.009421020206315519,0.011600101566926188,0.005711944564702023,0.007381785831967582,0.012409982611306053,0.01597288361366369,0.012815874679999196,0.015119437885191978,0.010900523617451485,0.012719075802869288,0.00831395102534306,0.010307172298643795
23,0.034854118,0.074902736,0.061137166,0.103065476,0.036509346,0.03254153,0.0537555,0.054092802,0.66216564,0.5895459,0.027906548,0.044063248,0.123671696,0.10178829,0.035611715,0.07495632,0.0610925,0.10312108,0.036985405,0.03254255,0.054201763,0.05410414,0.6595451,0.58941096,0.028663736,0.043978,0.12389976,0.10188696,0.07784566,0.094958715,0.0021298118,0.004992613,0.005432555,0.003996612,0.23910342,0.23912914,0.46099174,0.44158858,0.02634019,0.033402324,0.17427221,0.15588246,0.008619033368902752,0.012358196250942392,0.004612383595357374,0.007142169556822315,0.010581648353148392,0.012815291639017722,0.015514550659378554,0.018670214027923217,0.009697338643502012,0.012430977685430462,0.008851708806433949,0.009228185522066376
24,0.04308728,0.061017778,0.059368256,0.08257441,0.018593356,0.031523343,0.05504758,0.051255006,0.6778621,0.6317832,0.026454374,0.037571877,0.119587086,0.104274444,0.043954156,0.061011992,0.05908957,0.082556546,0.018448776,0.031518325,0.055441104,0.051264,0.67558074,0.63176566,0.02658963,0.03756929,0.120896004,0.104314126,0.06993771,0.07966596,0.002673743,0.0044780783,0.0023538365,0.0058094664,0.24790889,0.211925,0.46048373,0.49658328,0.026308147,0.031107787,0.18167381,0.15841076,0.0066621379695828535,0.010840816848273456,0.004391719355345063,0.00625772660297756,0.010524730367824302,0.014728267058136691,0.01397339247857207,0.013410112679869343,0.00909392616485298,0.012569907336041837,0.007943690026879094,0.00932000529224672
25,0.048040032,0.057550907,0.07014561,0.08469627,0.026443746,0.030600749,0.06441476,0.057734657,0.6448249,0.6154692,0.027667465,0.04716715,0.11846345,0.10678105,0.048553456,0.057551816,0.06985348,0.08469344,0.026464332,0.030600455,0.06505396,0.057880387,0.6433834,0.61532754,0.02779507,0.047061656,0.118896306,0.10688475,0.07539457,0.079050586,0.002578208,0.0037057188,0.003396705,0.00419033,0.24481136,0.22434679,0.45994037,0.469219,0.029362103,0.041328125,0.17237885,0.16269809,0.007836461898979777,0.012131669735116445,0.004443453853643149,0.0067629377946003336,0.010424696509476925,0.015436850596414779,0.016202272709710915,0.01298357544991535,0.009939026079491754,0.012456917433378328,0.009980499461336726,0.00869859456788035
26,0.04060692,0.0500114,0.07132702,0.074634425,0.027322376,0.030662797,0.04774923,0.061975256,0.67344487,0.62960947,0.024033794,0.038919996,0.11551577,0.11418669,0.04091975,0.050005242,0.0711895,0.074627444,0.02760032,0.03064702,0.04840735,0.06200513,0.6719376,0.6294334,0.024027795,0.03891841,0.115917705,0.114363365,0.08903943,0.086129524,0.0027335605,0.0030100718,0.0037136064,0.0057897423,0.22517334,0.22550458,0.471643,0.47770995,0.025591401,0.035039328,0.18117248,0.15619797,0.008083099485078663,0.012072242269193283,0.00563536271495959,0.0066208859488049564,0.01215245594127973,0.015214484791921102,0.013587966297070103,0.014922679073835734,0.010679519535857263,0.012524807126171308,0.007797326986686765,0.009186242030977905
27,0.039695,0.061638307,0.060457673,0.110484086,0.029560514,0.033181883,0.07161087,0.05676207,0.6506938,0.5819559,0.0277986,0.03805043,0.12018355,0.11792736,0.03986906,0.061666165,0.060114145,0.11044296,0.029185582,0.03316436,0.07338461,0.056795236,0.64849555,0.5819532,0.028598502,0.038063984,0.120352544,0.11791403,0.061054844,0.1062468,0.0044206334,0.0080563985,0.0031082404,0.0037106276,0.25385532,0.21469761,0.4418684,0.44674787,0.031748503,0.041629355,0.18912272,0.165907,0.008612446775269263,0.010075469599878664,0.006204552248578901,0.007874198865030197,0.01311076922528146,0.013094250507792803,0.014373723273221761,0.013781540858522246,0.010899174340471104,0.012518352633731454,0.009165472871373315,0.006993589234453331
28,0.039813895,0.047949985,0.073911175,0.0884782,0.039993756,0.035235938,0.04679232,0.047481462,0.6405249,0.6232294,0.034504395,0.04171288,0.12445955,0.11591217,0.040060647,0.048003178,0.0741454,0.088563286,0.04021314,0.035272133,0.04764872,0.0474872,0.63789135,0.62304384,0.034863625,0.041718952,0.1251771,0.11591142,0.082076386,0.08566664,0.0031036574,0.0032616367,0.0057884655,0.008067584,0.21385874,0.21016844,0.48212168,0.48201206,0.035442736,0.045246247,0.16598986,0.15508121,0.0083739016693728,0.008688123830295064,0.006427447299109642,0.0056864605915142525,0.01358421778445029,0.011868249075939773,0.014175130402545599,0.014796118005368245,0.012398427819950115,0.011495357175547987,0.007907141666633056,0.007555784780369742
29,0.047744166,0.05236337,0.07638419,0.08186048,0.035221804,0.03213245,0.040868077,0.052925177,0.6625219,0.6183927,0.034924664,0.041916315,0.10233522,0.12040953,0.04798506,0.052419532,0.07642083,0.08188812,0.035510667,0.03208325,0.041278537,0.052933406,0.66097385,0.6182406,0.03529554,0.041929685,0.1025355,0.12050543,0.08880345,0.0781804,0.004137661,0.0044163195,0.0050384696,0.005960803,0.21431418,0.20325665,0.48371786,0.49103743,0.03477135,0.040169153,0.16182585,0.1610571,0.01032054431209247,0.01003437098365338,0.006081205252616086,0.0058432965799578825,0.013903084883992235,0.014648750777558882,0.013934861625926793,0.016235513168764194,0.012335543059365765,0.012842985485868767,0.0074052688200438475,0.00915303186022188
30,0.055636004,0.050613046,0.08005945,0.08324074,0.036013227,0.033370398,0.05014097,0.04733228,0.6508659,0.6209758,0.023278331,0.05603573,0.10400608,0.10843199,0.056667972,0.050641645,0.080309145,0.08328635,0.03708826,0.033370215,0.05174574,0.047333177,0.6465636,0.6208834,0.023553308,0.056051347,0.104071975,0.10843388,0.08918393,0.09038459,0.004209022,0.0036998335,0.0062824776,0.0059167747,0.2245837,0.20603572,0.4820309,0.4628226,0.024326617,0.050698195,0.15723309,0.16586047,0.010559907049844662,0.009894450743929013,0.006907864976502807,0.008230466588051983,0.013537779690189856,0.013906111047858912,0.014623692167136987,0.01320835960075452,0.011636049046465353,0.013299371186169225,0.008911217839019332,0.007872546283031558
31,0.055986278,0.09086756,0.08570128,0.12730373,0.04367421,0.040831525,0.05446285,0.033942997,0.61090475,0.5645918,0.028835965,0.035466935,0.12043465,0.1069954,0.056066684,0.09086584,0.08565172,0.12730278,0.043930043,0.040829718,0.054683,0.033952486,0.61006385,0.56454736,0.028628014,0.035471614,0.12097668,0.10703026,0.08620964,0.11498579,0.0041999905,0.0058368146,0.009491344,0.006155872,0.2241825,0.18365024,0.46024618,0.47952425,0.032225255,0.037429072,0.16990267,0.15968867,0.009821389453810423,0.016493973520413666,0.006775625030112949,0.009440806361899649,0.014019281259734877,0.01845221851429716,0.015156206554325232,0.014183311223763737,0.011188470195585738,0.014511389976417497,0.00847755070303278,0.008657191797117087
32,0.051357146,0.056068167,0.09410375,0.08557873,0.025404716,0.02846265,0.044664834,0.063192666,0.6379597,0.6191325,0.02474831,0.033057634,0.12176155,0.11450765,0.05179714,0.05607359,0.09361921,0.08551571,0.025203463,0.028938137,0.04539721,0.063190304,0.63573676,0.6186626,0.025103007,0.03307266,0.1231432,0.11454701,0.085278854,0.0842054,0.0034065037,0.0054463726,0.00436693,0.0055206856,0.21622452,0.23189464,0.4798535,0.47339058,0.028595755,0.03821126,0.16948076,0.15892102,0.007881062934629209,0.009581401906444312,0.005008423554422044,0.005227706073841439,0.01070316384313353,0.012351491947649541,0.013243854631741981,0.013615754506819636,0.009456413406682823,0.009173688229361744,0.007314830028729646,0.0066972060526647855
33,0.041333362,0.05588191,0.0702872,0.10087452,0.03219448,0.032222915,0.045763537,0.04390085,0.6642247,0.60306525,0.025906531,0.038640726,0.12029023,0.12541382,0.04158816,0.055929817,0.07095652,0.10093759,0.032169834,0.03220955,0.045860108,0.043926235,0.663185,0.60303414,0.025920147,0.038649544,0.12032021,0.1253131,0.08208411,0.09110596,0.0029501393,0.004791479,0.0045431135,0.0065824045,0.2194244,0.20459968,0.46930563,0.46887296,0.02912107,0.041441668,0.18408862,0.16842324,0.007598016301798031,0.010986564854724365,0.0044788916223175695,0.007332532792436403,0.01348788444438849,0.013370212252871175,0.014130512582169023,0.015300466323158386,0.011383778941864148,0.011714459263303454,0.007936182922809275,0.009204035463332295
34,0.04144574,0.053786844,0.08103475,0.085181646,0.039548956,0.028371446,0.041582216,0.05453162,0.65071476,0.6271239,0.024269776,0.03321045,0.12140383,0.11779414,0.04208206,0.05381835,0.080991425,0.085208386,0.039811563,0.028392127,0.04219081,0.054539762,0.6481314,0.6270098,0.025056295,0.033244815,0.12173646,0.11778677,0.083779454,0.09155653,0.005348528,0.0034780079,0.008876045,0.004559293,0.22179514,0.22745864,0.45642477,0.4623109,0.02765276,0.031282738,0.18166381,0.16016419,0.00881847748269936,0.012289035595471589,0.005189091079952869,0.006967779066318964,0.013007262581715234,0.01356583104214162,0.01419629804948553,0.01546850812868313,0.010700987054039764,0.01143361009215119,0.007538068209492491,0.01024409278811666
35,0.04427221,0.057832647,0.078291714,0.080243,0.03824014,0.035408776,0.05339809,0.046515718,0.6249998,0.6272199,0.035218045,0.037590925,0.12558003,0.115189,0.044960335,0.057833035,0.07802841,0.08024378,0.038051944,0.03540882,0.054506246,0.04651565,0.62373465,0.62721825,0.03534478,0.037591025,0.12537362,0.11518942,0.082184166,0.09586884,0.0043801116,0.004687981,0.0065282555,0.0075606545,0.21836302,0.20805217,0.45908317,0.48137173,0.035278574,0.034414463,0.1843259,0.1609169,0.00879830615303781,0.011491447030733164,0.007108832055086008,0.006519725982706526,0.012321719663603249,0.015533801998931446,0.014778575275144968,0.01622059817514114,0.011335043268706522,0.012630226574561266,0.008083201064982995,0.009842053262603062
36,0.041439973,0.05930996,0.067218736,0.10123273,0.026509793,0.02985977,0.06830981,0.04737137,0.6329339,0.61779433,0.036743376,0.03834054,0.12684438,0.10609129,0.042487875,0.059361517,0.06707712,0.10119839,0.026483951,0.02986119,0.06915454,0.047391642,0.6306714,0.617715,0.03749724,0.038405266,0.12662789,0.10606699,0.07867921,0.098373294,0.0030873567,0.0046716463,0.007972668,0.005004133,0.2542742,0.21222481,0.44775826,0.46751136,0.03222794,0.03899202,0.17068785,0.17012233,0.0060542872139448195,0.011149451830272036,0.004133954869752569,0.007220106585011855,0.010218948826044908,0.015081493296382366,0.012362845312822971,0.014409153792954372,0.008230861517197622,0.011703486033038335,0.006704663431798019,0.007713052403456719
37,0.05975608,0.045488898,0.0928792,0.08342924,0.0298903,0.027351066,0.04749219,0.050418656,0.6318226,0.6526253,0.027946072,0.036910444,0.1102136,0.10377639,0.060366537,0.04548924,0.092635006,0.08342896,0.02999918,0.027350865,0.048600152,0.05040968,0.62958217,0.65263367,0.027680404,0.0369108,0.11113657,0.103776805,0.08799489,0.09391786,0.0037449,0.005025357,0.008241761,0.0054214927,0.21447428,0.21134725,0.4622678,0.48110053,0.027224438,0.034228694,0.18343768,0.160532,0.010830003781526027,0.010368730868856212,0.007175758975434677,0.005785160254742476,0.013814371940932435,0.014600617180320019,0.015036096814954667,0.015584121605776118,0.014289902473989499,0.010809225415886773,0.009801037373939751,0.00943866946246134
38,0.051471468,0.0697493,0.07456714,0.10584917,0.03176441,0.045055017,0.061843604,0.036824513,0.63927746,0.5959781,0.026417132,0.0331809,0.11465877,0.113363035,0.0526404,0.06976828,0.07449723,0.10585906,0.03191392,0.045027006,0.062261283,0.036811527,0.6367977,0.5959969,0.026697336,0.0331966,0.115192145,0.11334062,0.077716194,0.09165182,0.003085394,0.004849737,0.007982116,0.0070424583,0.2398513,0.20945887,0.46389553,0.47765878,0.030597279,0.038786497,0.16178483,0.1641527,0.009967800711077484,0.01341913477730323,0.005795450664991814,0.00898483212669028,0.013540237071405944,0.01713712634343212,0.014242403463351542,0.012623416609349458,0.010645090801115137,0.013756677497493892,0.010221153075525017,0.008878644811381012
39,0.041247934,0.06823081,0.068231806,0.09627803,0.017722355,0.039200973,0.056163087,0.03208257,0.6590114,0.61731994,0.033622574,0.038261596,0.12400078,0.1086261,0.041600484,0.068278,0.06808339,0.0962468,0.017725244,0.03924184,0.056818645,0.0320543,0.65751195,0.6171017,0.033719372,0.038278785,0.12454092,0.10879853,0.07525951,0.10451301,0.0032559424,0.004117255,0.004463323,0.006512723,0.23778659,0.18613616,0.45924687,0.4875138,0.0325063,0.03990251,0.17387378,0.16785564,0.008767989333170377,0.010076643190830261,0.005200929582390151,0.007033469071481809,0.011326049133769275,0.017251482716418857,0.014573688886546792,0.013506285496570488,0.00921356590194476,0.013362965245751458,0.008218916842550933,0.00829776823052121
40,0.05730492,0.044034507,0.07737229,0.0825252,0.03899489,0.0316081,0.059866067,0.05599737,0.6191515,0.64523953,0.02226287,0.033839397,0.12504752,0.10675588,0.05735028,0.044210732,0.07749045,0.08232794,0.038961366,0.03161083,0.061421547,0.056075532,0.61705893,0.64514434,0.022376893,0.033882644,0.12534055,0.10674799,0.091021,0.084302634,0.0043901745,0.0036663674,0.007076125,0.007286481,0.21106449,0.23396349,0.472921,0.4619677,0.027961522,0.032748673,0.17318228,0.15800513,0.007930271976826612,0.010322041096230486,0.004534015059726124,0.006878605424301148,0.013068817557585198,0.015053745714795124,0.013878217750165723,0.013819577513857362,0.009473516093099434,0.013825332964470726,0.0072423033719423435,0.008995188854097561
41,0.060647603,0.045522507,0.10523174,0.0948752,0.028867235,0.0379387,0.053852838,0.034711234,0.61066884,0.63163406,0.029102754,0.04414028,0.111629024,0.111178026,0.06134867,0.045523904,0.10521559,0.09487086,0.029039375,0.03793756,0.05391283,0.034709882,0.6085054,0.6316437,0.029686347,0.044142157,0.11229172,0.11117195,0.09029656,0.08430916,0.0038763671,0.004823413,0.005607399,0.008443024,0.21036606,0.2057108,0.48519453,0.48447543,0.031900175,0.041796647,0.158263,0.16443117,0.01355145662124832,0.010571270661547217,0.008398896190642921,0.00765570899071976,0.017083983750355726,0.016675239979819956,0.014704361424931986,0.013528448514161266,0.013445799213063618,0.013591827058051205,0.008604147774964254,0.008030509968312746
42,0.0531814,0.06656546,0.09178332,0.10238261,0.036737513,0.041453917,0.044934265,0.04192388,0.6331756,0.5897873,0.029773416,0.052535873,0.11041445,0.10535096,0.053549916,0.06657463,0.09166106,0.102387875,0.03676389,0.041464932,0.04426999,0.041924097,0.6323977,0.5897208,0.030131575,0.052556757,0.11122579,0.10537095,0.0874156,0.08963013,0.004035005,0.003349264,0.004668906,0.006006378,0.21122661,0.20214689,0.46829787,0.48656392,0.028949078,0.046344105,0.18806587,0.15241247,0.008360564446736612,0.010779667569262364,0.005053087909146706,0.007978696714306493,0.012574050758217752,0.015491895065967966,0.014255951507547606,0.014602584371990237,0.009275824545655176,0.013258464170320408,0.007586614136673922,0.009155256934892515
43,0.041831423,0.056929965,0.063868634,0.10734412,0.03299567,0.037145015,0.049757868,0.040025745,0.65462416,0.6095161,0.027256463,0.038800977,0.12966579,0.11023813,0.0424841,0.05693014,0.063119575,0.107344545,0.033464372,0.037144314,0.050534923,0.04002542,0.65189904,0.6095147,0.027869845,0.038801152,0.13062814,0.11023969,0.075804144,0.09109463,0.0028468494,0.004069792,0.0066344338,0.006285542,0.22455028,0.20935284,0.4672492,0.47549447,0.030903734,0.029887324,0.17599493,0.16425896,0.009595496171358285,0.013325502418212794,0.005669585780201821,0.008189346109409563,0.013619104047774912,0.01828970245097649,0.016402427923074458,0.01642561144299932,0.01266395578676525,0.014809215658906052,0.008608333336402972,0.009346795607581348
44,0.04100039,0.06175472,0.0696285,0.09686501,0.02410403,0.037187323,0.06500068,0.054397013,0.660442,0.57935756,0.029468447,0.046963576,0.11035596,0.12347483,0.042140607,0.06175149,0.069435365,0.09686464,0.023692243,0.03717377,0.06518909,0.054413185,0.65873075,0.579361,0.02960898,0.046964273,0.111202985,0.12347162,0.09031447,0.096489966,0.004395359,0.0042242967,0.0030315712,0.0062700314,0.239603,0.22550045,0.45899728,0.45024762,0.03596235,0.04054934,0.1636137,0.16622214,0.008973341840095404,0.011127925269163858,0.006080724285555444,0.007319691346131756,0.01190040604891375,0.015850851626415682,0.014756893035845224,0.01423399997357067,0.011628617054293012,0.012536377942613931,0.00831806183214554,0.008900986930449776
45,0.046524223,0.06106916,0.081138566,0.09756046,0.024158573,0.025597222,0.067010015,0.04601868,0.6374493,0.623452,0.0223452,0.037926245,0.12137406,0.108376265,0.047613796,0.0610474,0.08107876,0.097528845,0.024382923,0.025595697,0.06780915,0.046127435,0.6344874,0.6234106,0.022756483,0.037927914,0.12187151,0.10836214,0.08436035,0.0887144,0.0039023743,0.0035604427,0.003341316,0.0044788253,0.2285188,0.21628706,0.4576205,0.46712193,0.030159326,0.031380784,0.17680693,0.16891655,0.008995062888277469,0.01022989502164587,0.006234911351848603,0.006690721850892443,0.010925294545549958,0.013063265960781237,0.015419047462252958,0.013798772930761207,0.01009902765356458,0.01136505576103362,0.008650239431449758,0.00791936772986108
46,0.04962988,0.05596848,0.08646576,0.09826951,0.032379974,0.037736773,0.043331996,0.04576083,0.6327942,0.59756494,0.026989529,0.042803425,0.12840866,0.12189607,0.050034594,0.055969533,0.08639613,0.09826846,0.03234725,0.037771568,0.043866,0.04576136,0.63121724,0.5975646,0.027532883,0.04280433,0.12860592,0.12186017,0.0935816,0.09032121,0.003959426,0.0045321924,0.00604991,0.0054397,0.20607582,0.21052174,0.46657538,0.4700329,0.034035046,0.041652426,0.18379265,0.16263066,0.010105659771312033,0.011583725464986573,0.006107914725813707,0.0073838254251970175,0.013505953287247113,0.013620252570164366,0.014827170382072343,0.015210048634230377,0.011811959413048237,0.011653557551123206,0.007984779596709166,0.00982556260723349
47,0.03956648,0.06508052,0.062093988,0.10654091,0.024904063,0.04217133,0.059936143,0.041624174,0.66038555,0.601098,0.02114481,0.035665207,0.13196899,0.107819855,0.039927848,0.065088,0.06215298,0.1065373,0.024894781,0.042169433,0.060018938,0.04164629,0.6587952,0.60118365,0.021845458,0.03569434,0.13236481,0.10768102,0.07087959,0.0947239,0.002447473,0.0049733655,0.002847323,0.0046371687,0.23693703,0.19026983,0.47060466,0.4976279,0.021627057,0.038450047,0.18596752,0.16018781,0.008347092406351507,0.010922806141874016,0.005323549359493862,0.008117008359224687,0.01259839568434046,0.01590726187076989,0.012819622387654127,0.013298474805409542,0.009808216744284611,0.01292495298071266,0.008098636290159424,0.007482723350985424
48,0.046306986,0.056055624,0.06960881,0.08884578,0.029006649,0.03529132,0.05933529,0.05054091,0.647449,0.6207208,0.02244656,0.045260504,0.12584671,0.103285015,0.046888843,0.056055587,0.069138795,0.0888466,0.02998879,0.035297863,0.05985159,0.05053625,0.64444554,0.6207255,0.022723693,0.04526047,0.12696278,0.1032777,0.08425734,0.08599697,0.0033811405,0.003674408,0.0026969926,0.0056587337,0.23681225,0.20371655,0.46948048,0.50134593,0.030355314,0.039218266,0.1730105,0.14452629,0.009453280575003642,0.010783553493562888,0.005603214283860937,0.007552059038908194,0.012848639151189424,0.016035456050302162,0.01478951491510573,0.014641191336167493,0.010441989153111508,0.011848960827717315,0.009448448225093635,0.00833704341433148
49,0.047525585,0.06181887,0.07812837,0.08572758,0.031722978,0.027193418,0.04675239,0.059998937,0.6561642,0.6256073,0.0279451,0.029236248,0.111761324,0.110417664,0.04761593,0.061843704,0.07872659,0.085768245,0.031542264,0.027195457,0.046952482,0.06000184,0.65459985,0.6255083,0.028466504,0.029238913,0.112096384,0.11044354,0.076140895,0.08988147,0.0050537833,0.0033145107,0.005062146,0.003861429,0.24115752,0.21708979,0.46209297,0.46736437,0.028316094,0.029381517,0.17289524,0.17173284,0.008186041841857434,0.01133789943989761,0.005688630794593553,0.007227564092547033,0.012926904478949912,0.014790657173942665,0.014698880872974175,0.012828910797074267,0.00935345366323749,0.011969145612257016,0.007690291963150135,0.007614801326675789
50,0.050405867,0.06577835,0.07642008,0.09671976,0.03485238,0.025940951,0.047494497,0.04391856,0.6482268,0.6108651,0.024388274,0.036080178,0.11821211,0.120697126,0.050969154,0.065781094,0.076337285,0.09671559,0.03500506,0.025940998,0.048307914,0.043913968,0.64550877,0.61084825,0.025044734,0.036080707,0.118827075,0.12071938,0.085987136,0.08398762,0.0033938263,0.004371348,0.0040422366,0.0032250292,0.22564752,0.21489666,0.46163678,0.47341374,0.028560326,0.037232418,0.18181428,0.16377203,0.010136841107433575,0.010102835765754535,0.0051731537166341416,0.006961328094892646,0.012511331664197805,0.01385481797920148,0.014993352393670204,0.014804427415921173,0.011647132999096378,0.011643305390635265,0.010015279090471948,0.008378700993838365
51,0.04832505,0.067220904,0.08817211,0.10489415,0.024775328,0.047443435,0.05473266,0.050362024,0.6398298,0.5808221,0.027096165,0.038388807,0.11706887,0.11086855,0.04887843,0.06721844,0.088248715,0.10487546,0.025268065,0.047425758,0.055525105,0.050360627,0.63719267,0.58085287,0.027514575,0.038403407,0.11737239,0.11086344,0.088371255,0.09534694,0.003739357,0.004712238,0.0035146524,0.008626103,0.22171564,0.1834493,0.4693502,0.4856359,0.031943593,0.041612983,0.16738631,0.1742206,0.009212909230352864,0.012630595765566344,0.0061927814832320825,0.007247104749271344,0.0120447607455776,0.01928128193579245,0.015076108753058402,0.013107544233513466,0.009186939943345244,0.014314288833606139,0.008217814853062312,0.00820251235634766
52,0.041096646,0.06820095,0.07638846,0.1153438,0.0248397,0.035811007,0.047537386,0.03332695,0.63932693,0.60459113,0.027173353,0.034232646,0.14363754,0.10849353,0.040739484,0.0682403,0.07637672,0.11532783,0.024802122,0.0358164,0.04800411,0.03334736,0.6375981,0.6046281,0.027521938,0.034231592,0.14495753,0.10840838,0.077633366,0.0986919,0.0030104818,0.005214624,0.0056028916,0.0064146495,0.22741045,0.18431458,0.47315904,0.49211803,0.026209604,0.030351838,0.17001733,0.1746097,0.007560297494954731,0.01245697686250775,0.0057104246218834176,0.008274659145966375,0.010544005411892784,0.016812000089016007,0.013599608149584443,0.017558765213760107,0.00947320484711402,0.014588654766206287,0.008161667118312328,0.009776516476144905
53,0.0496602,0.06066867,0.08171703,0.09334372,0.032272052,0.04667137,0.05348773,0.047518183,0.6491119,0.60945725,0.018678015,0.03236636,0.11507301,0.109974414,0.05035074,0.0606679,0.081647694,0.09334292,0.032224055,0.04667127,0.05408886,0.0475189,0.6470117,0.60946965,0.01883036,0.032363344,0.11584661,0.109966025,0.08138522,0.095398836,0.0031549945,0.0034771427,0.0041035176,0.006807064,0.21521583,0.21533968,0.47896388,0.48683113,0.02768259,0.035274137,0.18523254,0.14764634,0.008685122421086084,0.011109499852598303,0.006717922493178362,0.006541232852543617,0.014180146124053897,0.016687501477634734,0.013098594261786676,0.014646187230305393,0.010883801465378476,0.013524111781091117,0.007820763752837686,0.008163559261464635
54,0.032701213,0.054134857,0.066969834,0.09180306,0.033490043,0.03553658,0.057979554,0.047684297,0.653189,0.6272536,0.027340114,0.038488828,0.1283302,0.10509878,0.03315835,0.054139484,0.067325674,0.091808036,0.03355936,0.035536624,0.058631875,0.047734305,0.65124935,0.6272408,0.0275532,0.038476143,0.12852219,0.105064616,0.07163754,0.081598,0.0031518925,0.004682789,0.002853123,0.0061577084,0.22669177,0.21389887,0.48698947,0.48195565,0.027401019,0.034941476,0.16819593,0.15815787,0.008762761144867567,0.009697961360982225,0.00643004092793317,0.00757425590246532,0.012855661917187617,0.013533606219532177,0.01559445580055634,0.014090827654725364,0.010908008726716168,0.011404380399686135,0.008868760136414697,0.008637237867603696
55,0.037660107,0.051628422,0.060515534,0.10504453,0.021272961,0.029292729,0.04832396,0.055044856,0.67578655,0.61002576,0.029410655,0.033946726,0.12703022,0.11501699,0.03834421,0.051627785,0.06036267,0.10504369,0.021492554,0.029292502,0.04911519,0.05504602,0.67363137,0.61002916,0.029519515,0.03394367,0.12753455,0.11501713,0.0658076,0.090704046,0.0023140234,0.006315348,0.004063664,0.0042708414,0.23557782,0.20835663,0.47414577,0.49416497,0.023635842,0.03003574,0.17713934,0.15239638,0.006277901407675626,0.00918770137909001,0.004814656120958591,0.006671744991446927,0.011223306270006481,0.014410570651451064,0.014973785608726288,0.013816459461317637,0.009379457474793011,0.011611098929190043,0.01070434341677893,0.008011084081323007
56,0.04996851,0.065553665,0.08529859,0.09802641,0.033560753,0.03622298,0.0634816,0.045263957,0.6217081,0.6170977,0.023355497,0.03296423,0.122627,0.10487104,0.050636496,0.06558094,0.0854972,0.09802551,0.034135092,0.036214124,0.064013824,0.045327302,0.6186002,0.61698675,0.023552967,0.032985214,0.12356421,0.10488015,0.08696062,0.10395264,0.004373713,0.0050737974,0.0054020057,0.0035131425,0.22734821,0.20915051,0.44986722,0.4699859,0.028622145,0.03149178,0.18129691,0.1685845,0.00987553460669675,0.010539319481866002,0.005677455652362815,0.007089036888517169,0.013160393607209601,0.01641932733441941,0.015065909181897836,0.014123752390981298,0.009729118771922061,0.012906201115942264,0.009361348305601208,0.008052134427172855
57,0.050583985,0.067995705,0.0800125,0.10339827,0.04271128,0.030683093,0.055044588,0.036954127,0.62131983,0.62645394,0.034136042,0.038927853,0.116191745,0.095587045,0.05115318,0.067891136,0.07975776,0.10339137,0.04257896,0.030692168,0.055527892,0.036975175,0.62067205,0.6264682,0.03437225,0.03890715,0.11593793,0.09567482,0.090613484,0.102944806,0.004552631,0.0045948,0.007941534,0.00642628,0.2119371,0.22183539,0.46579278,0.46083337,0.03663028,0.044427298,0.16189292,0.15404178,0.009438886333525805,0.011754148025420822,0.005819471557450596,0.007302389520389678,0.013623551509475754,0.01502992192174217,0.013956137994720553,0.01399781461120895,0.011186506579640201,0.012701988662035094,0.007895308387508881,0.008741147065908715
58,0.04492066,0.043710276,0.07739943,0.079287045,0.021679737,0.024772152,0.046861622,0.070466585,0.6642014,0.6294786,0.026316734,0.034252822,0.11862044,0.11803251,0.045833554,0.0437089,0.077745706,0.07928641,0.021856032,0.024772938,0.046893854,0.07046445,0.6616368,0.6294958,0.027169611,0.034255926,0.11886442,0.11801554,0.09155586,0.0858333,0.003906573,0.0031543921,0.0044589974,0.0042838356,0.2112525,0.21987972,0.47905764,0.47734788,0.031068508,0.034204148,0.17059293,0.16231015,0.008264756844590018,0.010714991795364948,0.005057956635501777,0.005662775633037274,0.012273946967530962,0.01385027351579633,0.013763306399927644,0.01773018704660356,0.009180188431707943,0.010308202710183158,0.007856695658188171,0.00865003416357494
59,0.056394238,0.06714408,0.08472488,0.09853457,0.029033592,0.030768633,0.046579428,0.03324356,0.62866163,0.62685007,0.02762356,0.038263604,0.12698266,0.10519543,0.0568226,0.06717344,0.08450462,0.0985214,0.029305045,0.030775087,0.04786044,0.033055983,0.6261433,0.6270115,0.028041678,0.03826584,0.12732232,0.1051968,0.094609655,0.09975511,0.0030498249,0.004345973,0.0030303414,0.0042428025,0.20551208,0.19249924,0.4701188,0.48207882,0.034273896,0.041522723,0.17563024,0.17188054,0.009586913185667257,0.010951264900399615,0.006818463507963589,0.007185138495456965,0.013294756630233887,0.01639213774316249,0.014093397272437656,0.013566017447703789,0.01151118934609936,0.013454758228734143,0.007514249261132864,0.008027423033899111
60,0.05266793,0.050923444,0.08295963,0.09153656,0.036804967,0.028486738,0.040207222,0.06695046,0.6672849,0.6286804,0.024533419,0.035710245,0.095541954,0.09771212,0.053190228,0.050919,0.08329333,0.09153289,0.036699124,0.028540103,0.03963573,0.06695056,0.66634697,0.628637,0.024937646,0.03570983,0.09589694,0.09771061,0.09839116,0.08757946,0.0038591616,0.004369655,0.00784954,0.0044582738,0.20384277,0.22866383,0.48479462,0.48075372,0.028208109,0.031963326,0.16595605,0.14747073,0.010793784777384914,0.01009963480610903,0.006374034645513422,0.007808835189581432,0.01484340516089186,0.013993592326347722,0.0137096903680813,0.013816558803332168,0.011450022697536236,0.012601423154602795,0.007314254051549896,0.008094455575922725
61,0.03707728,0.06148213,0.0811769,0.096940584,0.023760837,0.036622077,0.055230137,0.043436047,0.65765715,0.6112354,0.031053893,0.049045265,0.11404379,0.101238534,0.037448842,0.061480995,0.080954745,0.096939586,0.023988197,0.03662131,0.055738147,0.04343755,0.65654194,0.6111984,0.031353652,0.0490829,0.11397448,0.10123921,0.07845198,0.09369348,0.0050307787,0.0058011357,0.0042234357,0.005280079,0.23557961,0.207329,0.46620739,0.47973773,0.026353529,0.047367238,0.1735834,0.15021418,0.00782030976602108,0.012811256601206538,0.004859668652715814,0.007859189194756798,0.012048423610716282,0.015438316858399997,0.015060721382658519,0.015168157684597854,0.010871118905109861,0.01295246723000827,0.0079481897822495,0.008723334241219799
62,0.04507256,0.055169974,0.05504009,0.08050168,0.023657482,0.049160153,0.060949855,0.047175087,0.6644166,0.62200135,0.030185306,0.035914596,0.12067807,0.11007714,0.04552403,0.055180136,0.055098467,0.08045121,0.023642542,0.049169,0.061311282,0.047172923,0.6636249,0.6220457,0.030448481,0.035916727,0.12035032,0.11006427,0.07433929,0.08866297,0.002877211,0.004710286,0.0035764691,0.008203457,0.23193619,0.21345851,0.4841727,0.48386455,0.028788818,0.034675572,0.17124227,0.15872784,0.00745638179618886,0.011379247484461693,0.004666357276539269,0.007550067360923889,0.011352122380490092,0.017449505225670972,0.012566818161583181,0.012852836114064308,0.009820441252753474,0.013652437884145325,0.0064339882156630316,0.009207450143128158
63,0.048384305,0.043364946,0.09737118,0.07233911,0.031996533,0.029491987,0.053565986,0.06747229,0.6322525,0.62777704,0.031130966,0.037182815,0.10529846,0.12237183,0.050571244,0.04337335,0.0961921,0.072341025,0.03203272,0.029519295,0.053934127,0.06748712,0.62871426,0.6277259,0.031603537,0.03720308,0.10695197,0.12235021,0.100541174,0.07919631,0.0060999123,0.0046291943,0.0063044555,0.0040221126,0.2518857,0.21758422,0.42960513,0.4811242,0.04380343,0.034213368,0.1514257,0.16149607,0.00917700762430745,0.010124998829354958,0.006146435856219234,0.005808754153361228,0.011390663700897585,0.013282662234178053,0.017544216127118435,0.014100680136732675,0.012718780451828626,0.01043479450170212,0.010003764123863803,0.0087421351377592
64,0.04153743,0.05087254,0.07346538,0.08886092,0.024434797,0.03576143,0.054558586,0.061802525,0.66200876,0.6088619,0.03142016,0.036921352,0.11257487,0.116919324,0.04189844,0.050874256,0.073196396,0.088864945,0.024458203,0.035760906,0.055205744,0.061802626,0.65925145,0.6088567,0.03182918,0.036921367,0.11416061,0.116919205,0.08499652,0.08022749,0.0037360995,0.0045464667,0.005503708,0.006354834,0.2153175,0.21357903,0.47043112,0.47838968,0.034938738,0.0377631,0.1821863,0.16058704,0.007603015873559309,0.00981742829284795,0.005536322833021785,0.007307066411248861,0.010510744798197445,0.014986721427395934,0.014464260942924956,0.01524316289400936,0.009628665933005248,0.012776694128796416,0.00817820804767479,0.009405340977127119
65,0.042649113,0.054704167,0.071804106,0.07832376,0.028344063,0.024014987,0.050693247,0.058400013,0.6530157,0.6323267,0.02702539,0.039033595,0.12646843,0.11319672,0.04293852,0.054704297,0.07171848,0.07832386,0.028903894,0.024015024,0.051182613,0.058399875,0.6512629,0.632328,0.02724373,0.039033666,0.12674984,0.113195285,0.08140846,0.08735417,0.0041538733,0.0031535134,0.005553783,0.0032902504,0.22871786,0.24240471,0.4624171,0.44351587,0.032943625,0.043810215,0.1813767,0.16190055,0.008736644225917783,0.011198441525922496,0.004854365064192807,0.006768796862296855,0.010736657727653504,0.014545787246590761,0.014994587876362564,0.015603243717578343,0.01026066556579767,0.012129326225748614,0.008193397052827574,0.008153001580949478
66,0.04895416,0.05058523,0.08220788,0.09693508,0.03119842,0.034195926,0.045411408,0.048022624,0.6406281,0.6196756,0.02689232,0.034070253,0.12470769,0.116515264,0.0497448,0.05058594,0.08297522,0.096942395,0.031886853,0.03419541,0.04597113,0.048050933,0.63691425,0.61960924,0.02718306,0.03408494,0.12532468,0.11653117,0.09320917,0.08485573,0.0044831056,0.0035925384,0.005524508,0.005982352,0.21286553,0.21803412,0.46024746,0.49013647,0.028175505,0.033707213,0.1753195,0.15538874,0.009039293650894243,0.011454205462066765,0.005956052671865159,0.007083825602247145,0.01214693044646198,0.014192160112734994,0.012820616837006174,0.012335548936225052,0.010442080907288428,0.011431559988078889,0.007605984894639858,0.00825859489392229
67,0.05170814,0.055673096,0.08497854,0.11023795,0.025478274,0.032445636,0.04173419,0.06024104,0.6462891,0.6186321,0.028136114,0.028515235,0.121675685,0.094254985,0.052397046,0.055663317,0.08510593,0.11020556,0.025558552,0.03244774,0.04216279,0.06027469,0.64401275,0.6186337,0.028357154,0.02851627,0.12240576,0.09425878,0.09061764,0.09049714,0.0036468033,0.0035440293,0.0045815497,0.004929769,0.20043124,0.20944247,0.48849884,0.48226964,0.033217106,0.03468371,0.16124421,0.1605468,0.008865543704257633,0.008759131285695372,0.005624350940956649,0.007252513312582913,0.013201818842449779,0.013641346539674793,0.013329977634772814,0.013320058471020916,0.010764891767446182,0.011333011603735491,0.008133895158600276,0.007861417703151678
68,0.0453202,0.06256797,0.07465987,0.08894454,0.014850145,0.030946014,0.047297787,0.038210906,0.6658621,0.63197017,0.033363216,0.032281727,0.11864673,0.11507864,0.046307996,0.062567666,0.0749312,0.088941984,0.015420175,0.030945037,0.048210472,0.038211312,0.6607913,0.631978,0.034264937,0.032278102,0.12007399,0.115077905,0.08183469,0.09658737,0.003310701,0.0049994607,0.0019890144,0.004635949,0.21720763,0.18480246,0.47698694,0.5035639,0.031265356,0.032973174,0.17570706,0.16767009,0.008109986429252694,0.01054429936894008,0.004659151965157114,0.006487163185342104,0.010534186492354637,0.015337750121503776,0.013876062973614812,0.011135351042678343,0.00952217537396899,0.011407909362253579,0.00834268501829221,0.007525385430610646
69,0.052347835,0.057258625,0.09801372,0.08444715,0.030234644,0.030859353,0.050871927,0.06670717,0.6315619,0.6192537,0.026379984,0.031515773,0.11059003,0.1099582,0.05293378,0.057253454,0.09795763,0.08446439,0.030719655,0.03073568,0.05118923,0.0667136,0.62953657,0.61935353,0.027051507,0.0315157,0.110611595,0.10996367,0.09323242,0.08824225,0.0039041028,0.0035578983,0.0054552956,0.0061611715,0.2144927,0.24178404,0.47674927,0.46385357,0.029655749,0.033018343,0.17004429,0.15008831,0.009995470862787468,0.010804790151596667,0.006561357855526871,0.0069451049382798944,0.013417149552504821,0.013739488618006288,0.013661322260629685,0.01468699048307579,0.011754752077803616,0.011862611998654916,0.007878065383237194,0.007254864027683687
70,0.044523817,0.06257104,0.07497807,0.09233886,0.02253295,0.040106036,0.059974927,0.048736304,0.6363102,0.6188346,0.03281337,0.033646557,0.12886661,0.103766605,0.045934066,0.06257515,0.07487384,0.092313774,0.021733575,0.040067878,0.060931582,0.048805982,0.63270384,0.61882603,0.032929745,0.033636943,0.13089329,0.10377424,0.084682725,0.10527967,0.0029986242,0.0046028653,0.002771401,0.0038242405,0.24058037,0.20115058,0.4524605,0.48051205,0.033994634,0.034760874,0.17522608,0.15579975,0.0075614484652321914,0.01159256511206046,0.005689809605353032,0.007203095211404402,0.012113363985683388,0.0176925457721224,0.015692236761334907,0.014624136320231358,0.011323394965918918,0.01343282202489667,0.009225127370587935,0.008080995754256732
71,0.0983628,0.055807866,0.11706305,0.09568523,0.03458523,0.0325783,0.02970284,0.06659417,0.5897484,0.59029245,0.04012745,0.052280344,0.09041027,0.106761634,0.09855227,0.055839535,0.117415376,0.09579389,0.034690555,0.032526474,0.030230373,0.06663616,0.5878167,0.5902517,0.040279683,0.052285403,0.091015,0.106666856,0.104672514,0.088979594,0.004755563,0.004739537,0.006793373,0.004850468,0.19132406,0.23797314,0.48210186,0.43534335,0.04020182,0.048612103,0.16303095,0.1615564,0.01298445783370872,0.010387783074635932,0.007298343926144913,0.006005916668883287,0.014825170531485792,0.013766081088474639,0.013135965172288327,0.017045049351216642,0.013742420398708833,0.010824358134274565,0.008290582503691761,0.009077523258667118
72,0.054372463,0.05913049,0.085490085,0.09928266,0.027109405,0.03375007,0.059166975,0.045336597,0.6261873,0.61208886,0.034006584,0.037456963,0.11366717,0.11295434,0.05477544,0.0591661,0.08508572,0.09926403,0.027380398,0.033759188,0.060330983,0.045554616,0.6240716,0.61178976,0.034168806,0.037492234,0.1141871,0.112974025,0.08657496,0.08371432,0.0034247332,0.005974144,0.004261551,0.006728518,0.23948763,0.21366146,0.44589204,0.47733828,0.032716006,0.03506221,0.16723382,0.16972059,0.010399385936224583,0.012108564408305518,0.006694330866535835,0.007325883776246593,0.014142537994032792,0.015877818886478566,0.01347667114796181,0.014855156050549977,0.011672712158159893,0.012945953705182886,0.007995827515072924,0.009509069032973015
73,0.04881949,0.061664592,0.07229638,0.09181063,0.02814561,0.028737765,0.06715758,0.04474671,0.65183955,0.6342296,0.02371657,0.03431031,0.10802478,0.10450036,0.04961805,0.061749365,0.07253949,0.09180858,0.028613992,0.028746584,0.06783055,0.044736423,0.6482491,0.6340289,0.02443622,0.03437522,0.108712636,0.1045549,0.08736575,0.09732579,0.0034453613,0.0050332234,0.0054701176,0.006191262,0.2319756,0.20115028,0.45980024,0.47967085,0.031103874,0.036289785,0.17300561,0.16017069,0.007737492003616061,0.011083424639073892,0.005174570985703584,0.006321695283797696,0.012414186742703883,0.014506606049094815,0.011364969729671237,0.013432433724940244,0.009916871375354862,0.013259418819870286,0.00698025689885567,0.007975153772363195
74,0.048010062,0.060269702,0.077348925,0.102686666,0.022019321,0.029443612,0.0482678,0.04449075,0.65796566,0.61844045,0.036495198,0.03302016,0.10989301,0.11164866,0.04854717,0.060345534,0.07775683,0.102658965,0.022201883,0.029489027,0.048150685,0.04448925,0.6552979,0.61836696,0.03694721,0.033026695,0.11109837,0.11162357,0.08054771,0.083928056,0.0033431705,0.0036089593,0.0028397597,0.0038827932,0.21496105,0.2221827,0.48679075,0.47770444,0.03133749,0.03796806,0.16692865,0.16454263,0.009343682272022234,0.010275863534561967,0.005422697668518533,0.006331163167013801,0.012994243369118164,0.013659883464547145,0.014897036146657636,0.014255296591664987,0.010304713930013937,0.012108493712755235,0.008789597047097482,0.007985744826319195
75,0.054328598,0.05845154,0.0992769,0.101516046,0.03814331,0.039243735,0.029576903,0.046495367,0.6223218,0.5945523,0.03298193,0.04208317,0.12337058,0.117657855,0.055124544,0.05844918,0.09963371,0.101514235,0.038486548,0.039245214,0.029428676,0.046521563,0.6203946,0.59452504,0.033427756,0.042083364,0.12350414,0.11766139,0.09362842,0.09571739,0.0038299824,0.0046905517,0.0048829387,0.0042480654,0.18772686,0.20944315,0.5074846,0.48221308,0.029282726,0.037817705,0.17265303,0.15576825,0.009858471413477291,0.01170000425574396,0.006591558737750015,0.007556729523226137,0.014826766580152492,0.0165499095625271,0.012041411108874736,0.014598451269313457,0.010871997447060314,0.013493193740043706,0.00800609560460193,0.008545677678405481
76,0.04451845,0.07261817,0.08249277,0.10708903,0.028888913,0.036120288,0.049244545,0.040372316,0.63039553,0.60209376,0.03165943,0.03375449,0.13280034,0.10795199,0.04536028,0.072618686,0.08181439,0.10709183,0.029007057,0.036118086,0.049510866,0.04037646,0.6289243,0.6020847,0.031803835,0.033752944,0.13357927,0.10795732,0.09031367,0.11242243,0.004930031,0.0055973143,0.00593387,0.005189169,0.21714179,0.19821538,0.4574775,0.48446852,0.03610719,0.03464147,0.17519556,0.1485346,0.010408620718464764,0.013989753242961691,0.007584875674197789,0.007992063331341974,0.014345065716417162,0.01834507667764654,0.016596246196433156,0.014682769900895735,0.010998287300387235,0.01426922929679939,0.008701467440684969,0.010396489807711427
77,0.045123283,0.0523478,0.078883946,0.08323452,0.01920936,0.030865772,0.053004656,0.05060477,0.66582453,0.621277,0.028048953,0.035366315,0.10990532,0.12630382,0.04640251,0.052343547,0.078634046,0.08323165,0.019688474,0.030864352,0.05356207,0.050607264,0.66267794,0.6212963,0.028240843,0.03536584,0.11079414,0.12629107,0.08903415,0.083439566,0.0030942822,0.004547159,0.003209914,0.0038475497,0.2391264,0.20955078,0.45636404,0.4854082,0.03080235,0.034386218,0.16486558,0.16849127,0.00879963083605897,0.011749348426692697,0.005955301682318545,0.007382827937711498,0.013168746047748892,0.016926257713801067,0.013573536376486358,0.015488660439658176,0.010790797352808534,0.013192928466597672,0.007810415824786465,0.00858888605386734
78,0.061156064,0.054248713,0.09130967,0.09727033,0.02712125,0.02747845,0.030720424,0.055250347,0.6465111,0.59386444,0.023952398,0.046202954,0.11922909,0.12568474,0.06212781,0.05424882,0.091874085,0.09727092,0.026679775,0.027480576,0.03305589,0.055249542,0.6426718,0.593865,0.024009388,0.046186704,0.11958127,0.12569848,0.102327414,0.083514795,0.0043470887,0.0047403676,0.007967368,0.004836519,0.20085414,0.21926,0.47141078,0.458331,0.033699725,0.046569712,0.1726794,0.16744384,0.008576782192612598,0.010161549698842007,0.005664673071627518,0.007405662697512261,0.013206287077836028,0.0140617744653854,0.013302167997505086,0.016722354696246104,0.010133657926516895,0.011649959693445766,0.008057304641779063,0.009505372770802798
79,0.061675955,0.07619354,0.11704871,0.10612266,0.047707766,0.046522327,0.04443846,0.039498422,0.5833366,0.592528,0.038859334,0.037954237,0.106933184,0.10118083,0.06245091,0.07617897,0.11783236,0.10607438,0.047692735,0.04652756,0.044755105,0.039944094,0.5808171,0.5924907,0.039011925,0.037773333,0.10743985,0.10101096,0.105171,0.10946555,0.004111142,0.0040184497,0.0072049997,0.0070196195,0.20609741,0.18995234,0.45147854,0.4973641,0.04150191,0.037107017,0.17618108,0.14705427,0.0119741285868865,0.013762547244110935,0.007761278863675272,0.008024996836485387,0.015041754763691568,0.018057067898856628,0.01453842428438242,0.013188305738736857,0.014813188861486887,0.014477274574669722,0.008501803319004875,0.007733661347830253
80,0.060238205,0.051372238,0.09649901,0.08495476,0.026742563,0.03345781,0.04435049,0.05607053,0.6298562,0.62652683,0.02649794,0.031917937,0.11581556,0.11569988,0.060567528,0.051391132,0.096815825,0.08493796,0.026819149,0.033458084,0.04554951,0.056087397,0.6272395,0.6264535,0.026581826,0.031921957,0.116426595,0.11574993,0.08148332,0.083272144,0.0038480556,0.0045069586,0.0041682366,0.0060422667,0.22213237,0.21755154,0.45964256,0.48160568,0.02990569,0.03511984,0.18432473,0.15251058,0.010711763838766925,0.009538027791972482,0.006326582551321547,0.006560231003078351,0.013266828770095196,0.01565880876769951,0.015252535412627324,0.015141584720252545,0.011203353121427357,0.013129203916976985,0.008292259526529072,0.008246656725712799
81,0.04770161,0.056401078,0.08572822,0.10476712,0.027218716,0.027733834,0.037383717,0.056213796,0.6541557,0.59960854,0.026369946,0.044157553,0.12144216,0.11111807,0.04818026,0.056403134,0.085284844,0.10476785,0.027665906,0.027734378,0.03735577,0.05616046,0.65154654,0.5996222,0.026759136,0.044162646,0.12320758,0.11114936,0.09098607,0.095002115,0.004143854,0.005778543,0.004947584,0.0033220078,0.2101439,0.21968932,0.4637602,0.4618252,0.027495481,0.044099145,0.18467595,0.15703021,0.007946509485787625,0.010412350665283182,0.004586346469394276,0.007473446991862968,0.01155186858982425,0.014780465592628737,0.012663875408378957,0.014121516919559245,0.00967513827061128,0.01307458670655224,0.008254869905725158,0.00883885377883747
82,0.058986396,0.052598212,0.098634236,0.09321471,0.02302722,0.04149936,0.038023613,0.057302326,0.6439644,0.59265107,0.026247164,0.03660242,0.111116946,0.12613188,0.060725465,0.05274662,0.098792195,0.09365354,0.02290521,0.041313037,0.03834422,0.057565164,0.6399611,0.5919816,0.027283773,0.03661453,0.11198803,0.12612556,0.09708253,0.089028835,0.0046480377,0.0039970325,0.004445758,0.0062723206,0.19506198,0.21512505,0.49307722,0.4796743,0.025889656,0.032486115,0.17347044,0.16071041,0.009766690351540996,0.011828207142445571,0.0070295798835891595,0.007536386427710418,0.014222330672703874,0.015738802614512673,0.01345766639443569,0.015422934111417314,0.010009689517712854,0.012845923202447105,0.00866963958219783,0.008948984948538633
83,0.04717087,0.057194065,0.076794535,0.10916518,0.0354962,0.026657594,0.052988373,0.047399182,0.62832105,0.6043464,0.029725883,0.043444313,0.12950304,0.11179328,0.047739215,0.057192873,0.077260695,0.10916106,0.035812657,0.026656497,0.053734582,0.04739919,0.6251703,0.60435206,0.029588852,0.04344455,0.13069373,0.111793764,0.07905934,0.0988387,0.004022615,0.0045723813,0.0073061055,0.004434378,0.2174316,0.21315904,0.47248918,0.47920388,0.03201591,0.03822223,0.16930446,0.14819998,0.008962184707026803,0.010735719881349394,0.005363993122301314,0.007579134369294518,0.013736608887363165,0.015188605167927822,0.013781493874459082,0.013510630857468762,0.010219000618002958,0.013451405387658289,0.0096047636602908,0.008199185388395824
84,0.041990664,0.05404835,0.07413724,0.091521375,0.025967022,0.030756097,0.051414173,0.03928705,0.6436232,0.63165313,0.030159002,0.040359695,0.13270874,0.1123743,0.04316378,0.05405019,0.07405936,0.0914632,0.026745142,0.030754631,0.052051917,0.03929613,0.6411678,0.6316004,0.03037565,0.040365506,0.13243638,0.11246996,0.08484625,0.092273906,0.0031142558,0.0037960534,0.0044661025,0.005288975,0.23646599,0.20593165,0.45192713,0.48643616,0.032911055,0.03606652,0.17576405,0.15963678,0.008580846877275004,0.009102949383460016,0.006037026543434922,0.0065017042547844415,0.013978776427790903,0.014157910695280782,0.014004131786529093,0.013366720043742786,0.010718853570195093,0.011917778697024293,0.008308771778348475,0.007396579895226048
85,0.04301963,0.0549966,0.08415993,0.09120205,0.026338464,0.030156445,0.062151738,0.05255269,0.6453395,0.63411915,0.02521463,0.0392643,0.11377614,0.09770876,0.04356992,0.054999087,0.08415799,0.0912003,0.026563076,0.030156158,0.06315089,0.05254989,0.6429851,0.63410205,0.025320752,0.039264344,0.1142523,0.09772824,0.080233015,0.081438445,0.0035265412,0.0042981384,0.0049720425,0.0035630031,0.2441066,0.21392995,0.43806237,0.4893101,0.025202338,0.036330037,0.1832935,0.1492328,0.009364263156574787,0.012730351858718084,0.005162258749052871,0.007925777040028994,0.010926322159802777,0.015377968149205582,0.01670225933335215,0.012785266572537249,0.011419835998543227,0.013985976553697646,0.008891000380381148,0.008445156349619858
86,0.04083683,0.058090407,0.082306065,0.07932906,0.027302135,0.028109789,0.069894105,0.05518543,0.62993914,0.6279842,0.026390877,0.03701312,0.12333084,0.11428799,0.041304376,0.058085404,0.08261393,0.07931926,0.027597943,0.028108234,0.071771346,0.05520406,0.6256159,0.6279934,0.026713569,0.036990445,0.124382935,0.11429921,0.08792049,0.08306345,0.004791231,0.0032920376,0.0046616388,0.0026146574,0.25557426,0.20636836,0.4289819,0.49366012,0.032107618,0.030788569,0.16851853,0.1758141,0.008935786356722054,0.01131456320936717,0.006025285527316202,0.006555304186604832,0.011728443321229423,0.01606276614422799,0.014544514517779833,0.01157299318720499,0.009019322145943174,0.01216372407410215,0.006945989763063937,0.007927876469546066
87,0.053857848,0.05138302,0.088194706,0.098864675,0.030975109,0.030693231,0.058054235,0.058310192,0.6031111,0.59662396,0.031051753,0.040851835,0.13475524,0.1232731,0.054319605,0.05138302,0.088435106,0.098864675,0.03097157,0.030693231,0.058179114,0.058310192,0.6007973,0.59662396,0.031282343,0.040851835,0.13601492,0.1232731,0.08309304,0.07979114,0.0043738335,0.005150782,0.0073481677,0.0060323025,0.22397842,0.21182936,0.47006983,0.47694308,0.03181813,0.039285056,0.1637026,0.16889422,0.010491103563647478,0.010049596853608551,0.007470006434559946,0.007248517920022454,0.01334033737167086,0.014808219028191624,0.014655232697101124,0.01515165601061753,0.011613667137676961,0.010737954593184686,0.008636065816209793,0.007596098346618047
88,0.0502648,0.049163748,0.086549886,0.083443746,0.031587653,0.028112551,0.056752034,0.057697743,0.62488186,0.6114361,0.034342222,0.037149668,0.11562149,0.1329964,0.050812215,0.049200706,0.08707561,0.08350078,0.031654168,0.028108735,0.057128914,0.057714414,0.62244594,0.6111695,0.03480524,0.037156332,0.11607789,0.1331495,0.08302578,0.07276897,0.0042206515,0.004346725,0.0032025282,0.006928136,0.21878657,0.22461395,0.45071512,0.45829812,0.03358417,0.03904801,0.1823288,0.17779605,0.009532376643513054,0.009418456468539515,0.006136016876960648,0.006390092306537803,0.013503643358624392,0.01273960980467939,0.016614923868201733,0.012812198703862288,0.011715680445362742,0.010551013591052977,0.009766205511675936,0.007006110658614862
89,0.05557881,0.053694267,0.09269728,0.10789645,0.042174224,0.038200296,0.042482212,0.050261352,0.61004055,0.6048882,0.02546971,0.03551901,0.13155724,0.10954043,0.056476947,0.053699706,0.09340536,0.107795805,0.04245096,0.038226582,0.042982884,0.05024269,0.60675234,0.6049269,0.02567694,0.03555402,0.13225459,0.10955434,0.096743345,0.09403368,0.0041182814,0.004588641,0.009232011,0.005929196,0.19489124,0.21221791,0.4816929,0.47016713,0.02670424,0.0348159,0.17487861,0.17110553,0.010562878914203188,0.010413056619459517,0.006968554549306645,0.008055558112924502,0.014797082088335219,0.015318973820268117,0.014601516042242474,0.01788658661916269,0.011295642151380242,0.01365252413952174,0.008735413712064074,0.009889300417506436
90,0.05909946,0.06069355,0.085073754,0.0885558,0.036303904,0.033484045,0.058668498,0.054544695,0.6039659,0.6048554,0.031513724,0.042944994,0.1253748,0.11492149,0.060105823,0.06073609,0.08521054,0.08864919,0.03666267,0.033484764,0.059280116,0.054575182,0.6016289,0.60471696,0.03170999,0.042950142,0.12540196,0.11488769,0.0857966,0.09091229,0.004373493,0.0053856773,0.004854282,0.0041781096,0.22430502,0.2135138,0.45492673,0.47539353,0.0377999,0.044897534,0.17591187,0.15462673,0.01079728377786445,0.010589782640999421,0.006485451137258353,0.007384553089673215,0.013939545719817311,0.015362287233030264,0.017513638235055938,0.013059055368478076,0.010775063507199489,0.011536099163299127,0.008255097481902268,0.0072023307452293355
91,0.064213976,0.059177686,0.09145391,0.09982651,0.043145567,0.034377526,0.04249178,0.061415426,0.61283237,0.59960485,0.033422314,0.042824257,0.112440094,0.102773756,0.064513125,0.05919688,0.091805845,0.09981938,0.043169245,0.034426805,0.042929057,0.061415557,0.61057556,0.59952706,0.033349566,0.042832427,0.1136576,0.10278194,0.08943935,0.09075744,0.0056915106,0.004520738,0.0073990636,0.004783326,0.21356481,0.22579543,0.46237963,0.47461206,0.036364667,0.041002195,0.1663306,0.14434268,0.011123220444657226,0.011674409191338183,0.007904850249789937,0.009464658783939543,0.01245387771303422,0.015489223338789037,0.017096971027235515,0.015267866383761822,0.01443875504458856,0.013713723983139555,0.009931306787019574,0.008912136649987499
92,0.041807216,0.07155423,0.09451671,0.11076965,0.034845218,0.032437403,0.055992924,0.04724808,0.61228806,0.59108835,0.03250981,0.038586017,0.12804002,0.10831624,0.0423115,0.07156949,0.09501707,0.11081054,0.03429737,0.03243878,0.05613414,0.047272656,0.61015755,0.5910146,0.032766376,0.03855932,0.12931599,0.108334534,0.083133206,0.09712434,0.0055539035,0.0038236298,0.008391427,0.0042518377,0.24165203,0.20559223,0.44639292,0.49206808,0.032609247,0.032413155,0.16370028,0.15095091,0.00989982685993712,0.012030830322615925,0.008061393473554307,0.008383265112411343,0.013262164004274712,0.0164723388715591,0.016702933441932678,0.016357764690087633,0.01397005675853672,0.012891406255773707,0.009129749943045315,0.009184422722711286
93,0.06404213,0.055811293,0.10175019,0.09691555,0.027249873,0.034187507,0.049040925,0.049703687,0.6286644,0.61817527,0.028215813,0.040287104,0.10103668,0.104919575,0.06488627,0.055808187,0.1022671,0.096950434,0.027081648,0.03418632,0.04935552,0.049704302,0.6250772,0.61816543,0.028447451,0.04028908,0.10288479,0.10489625,0.10203561,0.094123214,0.0048037223,0.0048686205,0.0045001544,0.004817503,0.21296495,0.2150414,0.47055018,0.4699655,0.031406395,0.036817428,0.1617972,0.16009001,0.009757745872360548,0.012388860808087512,0.00642371336807728,0.008102345047079865,0.011844361226510789,0.01476219514654981,0.014056508928100798,0.013610108003550185,0.010107864828265369,0.01360215558775531,0.009232259397983259,0.009335304098320028
94,0.05677372,0.062728174,0.07758161,0.10880145,0.028358875,0.027861021,0.06819018,0.05305108,0.61589324,0.5882519,0.035703577,0.041301213,0.11749881,0.11800518,0.05819179,0.062739246,0.07806732,0.108766034,0.028390296,0.027932625,0.06831482,0.053053576,0.61340874,0.5881825,0.03578653,0.04129043,0.117840484,0.11803554,0.08944378,0.08842554,0.00341818,0.0055843345,0.003862687,0.0051767505,0.23641938,0.21154575,0.46376422,0.47639084,0.035134394,0.04121335,0.15645064,0.15019369,0.009386539558916525,0.011054476663579789,0.006464245060466809,0.007284154655485795,0.014333839106976819,0.015133415726270897,0.015387069269849936,0.017055888309319447,0.013217731447902935,0.012964057704015184,0.007794081733179651,0.009201470094610302
95,0.054272868,0.05470891,0.09591223,0.10282623,0.03435411,0.029637052,0.045148067,0.051840615,0.62678075,0.60396594,0.032099355,0.034770157,0.111432634,0.122251056,0.055443715,0.054706182,0.0962555,0.10283813,0.034751642,0.029632615,0.048684314,0.051832944,0.6191563,0.6040914,0.03278378,0.034699176,0.11292473,0.1221996,0.095129244,0.09490989,0.005393244,0.0058757067,0.008655841,0.0028717422,0.21798594,0.21568915,0.4645131,0.47377554,0.036840566,0.031408265,0.15589942,0.16394858,0.010440220976899173,0.009222550747322561,0.006598266846005217,0.006921215146081135,0.012890912671217747,0.014112369082144492,0.01430805018034689,0.014419174124159174,0.01152198988405519,0.012476777310958052,0.008450237050773229,0.008328722116101476
96,0.050164275,0.054757144,0.09130861,0.086962394,0.031362813,0.030203685,0.053320654,0.04910122,0.626744,0.61753136,0.0267775,0.031026088,0.12032223,0.13041812,0.051658627,0.05485317,0.092399485,0.08700826,0.031384002,0.030282522,0.054003052,0.04911189,0.62125045,0.61709887,0.027693963,0.031027101,0.121610455,0.13061818,0.08911386,0.08935085,0.004998943,0.004126895,0.0042453283,0.004834328,0.22822873,0.2139013,0.45326594,0.47788727,0.030005688,0.02548422,0.17448556,0.17307214,0.008777925348668975,0.009022353796130636,0.005732302822020837,0.0067577428016554865,0.012522491250385561,0.013760418795068764,0.015008185191072214,0.012990164539635108,0.009902347597177326,0.010932032753496093,0.007198102106246066,0.007569496785522568
97,0.06734725,0.061810836,0.08044106,0.0977663,0.028053822,0.026882876,0.045685638,0.04581738,0.6316034,0.63151276,0.027998267,0.03301548,0.118870534,0.103194386,0.0684172,0.061835013,0.08171324,0.097791426,0.027568074,0.026884308,0.04674502,0.04580714,0.6262299,0.6314899,0.028542932,0.033023305,0.120783664,0.1031689,0.08773634,0.0839539,0.0040027383,0.0042127296,0.0032807894,0.003588205,0.21915686,0.22885883,0.48491627,0.49955615,0.02896846,0.027732633,0.15837382,0.14866832,0.009791733972686796,0.0102941476801832,0.006922990840019252,0.007214210756939348,0.014288200376827334,0.014973417653131092,0.015039171267088034,0.013537612025180059,0.01213210061622399,0.01152196008312917,0.008252901101805349,0.007293540559938014
98,0.05502395,0.070329,0.09665985,0.10125628,0.04371366,0.033270005,0.060652763,0.050297577,0.5997383,0.5846861,0.02775245,0.05289813,0.11645901,0.107262895,0.056409936,0.07051413,0.09763988,0.10127747,0.043990918,0.03330184,0.062086005,0.05030099,0.5953485,0.5848619,0.027229192,0.052902102,0.11729553,0.10684157,0.092883065,0.102820806,0.0045203036,0.005048529,0.010047391,0.0047037955,0.22416312,0.22099005,0.4508525,0.46473905,0.038180795,0.038837504,0.16060625,0.14849544,0.009735091062386108,0.011533867713898253,0.006399658154756487,0.007404806663136121,0.012539960551906726,0.015848076894411412,0.01659452729968804,0.01609494385285363,0.009644545750602732,0.01269290136503949,0.008661350466678546,0.008977939716327637
99,0.0664568,0.05316602,0.08431657,0.08593522,0.03857757,0.028205443,0.053305987,0.038853776,0.61037153,0.64639,0.02902596,0.03660394,0.11794559,0.11084558,0.068419285,0.053440917,0.08600594,0.0859341,0.03938285,0.028410356,0.053981025,0.038956154,0.6041981,0.64572066,0.029683521,0.03663004,0.1183293,0.11090779,0.0877085,0.091999404,0.0037381835,0.0045244214,0.0035104298,0.0048192446,0.22419566,0.19758677,0.4654771,0.4920327,0.030868499,0.03449895,0.16801588,0.15638785,0.010107361098293662,0.010712321825692182,0.005883668799071183,0.007527703273675536,0.01363932270940459,0.013789497613613678,0.016177139133005666,0.013909510243586182,0.01048116090550391,0.012197217059593247,0.009523477161516225,0.008114343048105604
100,0.06606008,0.06460154,0.09734689,0.08802141,0.037347887,0.030525424,0.035685558,0.05205427,0.61916035,0.6149389,0.029890092,0.04465555,0.114509135,0.10520293,0.06747102,0.06466313,0.09888752,0.088250056,0.038342785,0.030476714,0.03623014,0.05211157,0.6145786,0.6146262,0.030099675,0.044499256,0.11439028,0.10537305,0.102472045,0.101193205,0.0059894235,0.004952853,0.004494996,0.004316198,0.18529813,0.2062748,0.49865356,0.47434834,0.035607353,0.041054558,0.15885237,0.1588458,0.012324755799270544,0.012263195856589474,0.008068537860036636,0.00855224283695553,0.01584026794639557,0.017101674679097338,0.012879836761611231,0.015033830779662867,0.01145868682798294,0.013546632487836139,0.0067999679990892615,0.008516781527410004
101,0.056769866,0.052619774,0.086494215,0.10055467,0.026740966,0.036105894,0.05171508,0.060153164,0.6260187,0.5927876,0.0355669,0.045206696,0.116694264,0.11257217,0.058246255,0.05262961,0.08830779,0.100597106,0.027118847,0.036117215,0.05249199,0.06046914,0.6218952,0.592397,0.036204714,0.045218695,0.11573525,0.11257127,0.087099776,0.09313831,0.0039056158,0.004182663,0.005390888,0.0054855053,0.20833744,0.24214411,0.46787462,0.4515194,0.03727672,0.041047774,0.18089874,0.14600685,0.010855824807018263,0.01220475194832276,0.007023428483910186,0.009004277415104574,0.01168406718308245,0.015016743362178316,0.015577057457634222,0.014577980883580042,0.011245805531785788,0.012387333896185663,0.007318941111541919,0.009993414040304413
102,0.06217508,0.046897806,0.078551926,0.073245265,0.019706555,0.023346461,0.046835158,0.049723122,0.66144246,0.66172457,0.029914785,0.039427564,0.10137399,0.105635256,0.06328503,0.046912,0.07983214,0.07325408,0.019652508,0.023346284,0.047905363,0.049828645,0.6572402,0.66162175,0.030245742,0.039428156,0.101838976,0.10560914,0.093104124,0.08609387,0.0031433227,0.0037166155,0.004198027,0.004225554,0.2091687,0.19931582,0.49581257,0.49609467,0.029409207,0.03816525,0.15757404,0.16227674,0.009848852166862942,0.010183317459242551,0.0063768988863687655,0.007212094520268826,0.012441874392770318,0.014131221477278005,0.013841039412393542,0.01386656832597647,0.009818763206208251,0.012973965237639778,0.007673874713315153,0.007636356571474121
103,0.057528496,0.058251586,0.10843766,0.10136343,0.030620996,0.028090995,0.057765085,0.05203973,0.60332376,0.60468864,0.028498247,0.04160786,0.113825776,0.11395775,0.059381347,0.058734562,0.10900485,0.10126012,0.030748937,0.02811671,0.05821987,0.05208137,0.5985314,0.6041231,0.028843999,0.041654248,0.11526957,0.11402989,0.08945496,0.09414594,0.007121838,0.0061471052,0.008562381,0.0041520568,0.22794534,0.20656584,0.4628449,0.46381626,0.031741537,0.039659064,0.16168612,0.1691996,0.009890086752983378,0.011234504935149362,0.007499268742194916,0.007826936207801923,0.012472826821652192,0.015031177167438677,0.016110078600945505,0.014962995810453234,0.011425013022301837,0.0138936341667159,0.009174859946219874,0.008969018731426573
104,0.06477433,0.07544343,0.09394675,0.119820766,0.028633606,0.030416228,0.04264744,0.035692025,0.622984,0.593218,0.027923694,0.035742592,0.119090214,0.10966696,0.0668786,0.07567053,0.095386684,0.11985121,0.028763099,0.030528605,0.043137226,0.035829373,0.6159686,0.5925879,0.028434103,0.035745855,0.12143171,0.1097865,0.09387406,0.10770719,0.0047635133,0.0058328193,0.004404867,0.0028029885,0.21743894,0.2051595,0.47490114,0.48424387,0.03075635,0.031549644,0.16354819,0.14712586,0.00899480334006346,0.010015824170601954,0.0063257838856553335,0.0071469808188387995,0.014016813614011504,0.015178017215881313,0.013804262216345802,0.014882118083481041,0.011933452551484912,0.012180487793559234,0.007602785664788253,0.008537484556416067
105,0.06968847,0.06637586,0.11548386,0.10628981,0.034536306,0.03222213,0.035995975,0.05174717,0.60194635,0.587747,0.028832776,0.048129402,0.11351626,0.10748861,0.070874274,0.066242315,0.11609475,0.10639928,0.03494513,0.032187026,0.03656373,0.051539738,0.59735227,0.5879815,0.030131424,0.04817484,0.114038415,0.10747528,0.10628083,0.099112466,0.0070349225,0.003746119,0.005669221,0.0043591727,0.200185,0.21517396,0.47348553,0.4601774,0.03062218,0.04494212,0.16684082,0.16010767,0.012628634700986066,0.012823758583144487,0.007898439388162065,0.008620395612681384,0.016215600259704227,0.01668873613271881,0.016063700983612258,0.014970783710185044,0.011471323565377063,0.012999173920182388,0.007920217506578836,0.008802371330128617
106,0.06540326,0.06388349,0.09829016,0.08587687,0.034689844,0.028063947,0.037687734,0.05158782,0.62951577,0.6121914,0.032281533,0.0403646,0.10213167,0.11803188,0.066592604,0.064119816,0.09972218,0.086137444,0.03518281,0.028128544,0.038066752,0.051684808,0.62373495,0.6116202,0.033358656,0.040364727,0.10334201,0.11794449,0.10682401,0.093703374,0.004105402,0.0048173396,0.009404523,0.005795032,0.18911517,0.20811608,0.49318057,0.47465703,0.030464612,0.037635773,0.1593567,0.16416554,0.011748632667735213,0.011115606201801433,0.007235245150256561,0.0067683974277320666,0.014719693511567824,0.014429891740905304,0.01427233257028125,0.012128569459664208,0.01307093005590152,0.011741502830585612,0.009497959130740327,0.0071759894780226334
107,0.04671471,0.048066683,0.06454983,0.07784613,0.027936937,0.02277202,0.055178322,0.070301674,0.65437865,0.6295128,0.029200554,0.031025203,0.12204094,0.120475486,0.04800162,0.048081387,0.06667679,0.07741721,0.028155113,0.022977235,0.055930007,0.07031415,0.6485841,0.6294361,0.029465629,0.031231344,0.12318678,0.12054263,0.06823957,0.08012193,0.0035460894,0.0032658377,0.0064312182,0.0028948968,0.21194173,0.24154238,0.49451622,0.45853794,0.028587427,0.027067622,0.17159748,0.16243383,0.009168354026772494,0.00943473021766165,0.0059928475409458505,0.006246223516734274,0.010502330363823855,0.012639590528876582,0.015234147128244446,0.014380838104483349,0.009291457785382628,0.011378435484326085,0.00958395068929357,0.0074988547160489
108,0.067972444,0.047704007,0.10300315,0.08349973,0.039229248,0.030276498,0.041213978,0.05373597,0.60428727,0.61706585,0.040002447,0.052608266,0.10429146,0.11510966,0.06914012,0.047699932,0.10355414,0.08350779,0.039047804,0.030270837,0.041900087,0.053933997,0.5998308,0.6168938,0.040822085,0.052605536,0.10570495,0.11508809,0.09710309,0.08299279,0.0040017418,0.0045354124,0.007377426,0.0054604695,0.20762318,0.20976931,0.46707627,0.48123023,0.041278522,0.043234095,0.16406736,0.15781772,0.012091962962809842,0.009494580544088093,0.008378383503793422,0.006163581738312133,0.01429999779042554,0.012291172838823236,0.013900842505003392,0.015937605305730265,0.013171401213318314,0.012767710562449047,0.008272492675542408,0.008153932898759975
109,0.068069115,0.07091863,0.097061545,0.10811167,0.023930276,0.034747206,0.04246126,0.043411978,0.62760156,0.5767635,0.03109757,0.036947884,0.109778665,0.12909915,0.069171816,0.070906036,0.09722233,0.108270064,0.024241721,0.034740377,0.043064293,0.04349973,0.6234127,0.5761853,0.03202662,0.036984157,0.11086045,0.1294143,0.08795395,0.08817268,0.0037841927,0.0071805976,0.004157716,0.003911593,0.2071416,0.19980088,0.50485617,0.4819766,0.030687716,0.038350932,0.15404864,0.17217731,0.011309369184822891,0.010003111183820782,0.0062559697622849774,0.007310911383762861,0.013589336463809915,0.015489748851064375,0.012588063883141867,0.015576885513825514,0.011853295142870878,0.011548289355479241,0.007141055486475191,0.008706311977431914
110,0.059295718,0.05869537,0.108474165,0.08466129,0.023448635,0.02336054,0.04242418,0.054653265,0.6210077,0.61997277,0.030814925,0.032883752,0.11453475,0.12577298,0.061187852,0.05866761,0.10844084,0.08466114,0.024929384,0.023355208,0.04362904,0.054680847,0.6150555,0.6200081,0.031236682,0.03288887,0.11552072,0.12573823,0.08663011,0.083665356,0.0065695546,0.0040100156,0.0052384404,0.003236656,0.21264356,0.20123279,0.47366,0.500222,0.036435228,0.029859627,0.15675932,0.17608532,0.010843564896568406,0.010275694168606585,0.007529934025981863,0.006079383535510803,0.012875134613447381,0.013016330961769976,0.015560539204631655,0.013437194400198825,0.011843781714681012,0.010268576738773454,0.008356847395222036,0.007700504029141261
111,0.059702992,0.058919143,0.10191789,0.09823239,0.029012002,0.029254325,0.045055777,0.048360206,0.6115207,0.61796397,0.02817245,0.032634705,0.124618165,0.11463525,0.061781324,0.05897407,0.10222531,0.09825391,0.028691638,0.02914331,0.04536453,0.048406072,0.6082036,0.6174218,0.028534079,0.032775436,0.12519956,0.115025386,0.10115259,0.086380854,0.004991144,0.003954143,0.0045443093,0.0036451805,0.20761596,0.2101465,0.46410996,0.5059842,0.034955423,0.029460175,0.16318476,0.14897838,0.010073251169642404,0.009679530969138725,0.007459111448686236,0.006695539460034109,0.012658106205623477,0.014450287796168032,0.014559566725429776,0.013053422238395488,0.012161315614867533,0.011117932466242172,0.008782931327306757,0.00866868824865208
112,0.06588644,0.060984425,0.09355256,0.09630444,0.031206677,0.030185075,0.04067134,0.034288906,0.6130265,0.63893217,0.03623854,0.032148473,0.11941795,0.10715653,0.06628808,0.06110967,0.09434092,0.09630452,0.031840466,0.030290617,0.040903617,0.03455594,0.61064357,0.6380938,0.036492173,0.032151382,0.11949116,0.10749401,0.09813401,0.10347079,0.0037976364,0.0054857223,0.0033267948,0.0030541332,0.18598269,0.188243,0.503245,0.49445078,0.03453012,0.031227058,0.15479362,0.16833955,0.011896654056618432,0.011602566434879207,0.007808971077481366,0.007217292938213926,0.014286907259093701,0.015009173602616908,0.014350246971036205,0.012912463097107954,0.011925242342915497,0.013152034763661289,0.007564088027861621,0.007336456228408906
113,0.06451496,0.06067263,0.10522009,0.105190076,0.030257372,0.03297789,0.03140069,0.05698483,0.62476236,0.5911604,0.024927726,0.034052864,0.118916824,0.11896127,0.06516314,0.060816508,0.10559955,0.105406955,0.030610457,0.033140935,0.032125883,0.057078443,0.6204611,0.5904649,0.026280355,0.03407165,0.1197595,0.1190206,0.10295224,0.094000414,0.004880171,0.0047744475,0.004783749,0.0071409903,0.17982486,0.22437508,0.506775,0.44875547,0.027948488,0.037016556,0.15649706,0.16636626,0.010616519648807455,0.012703319628563256,0.007524340002770171,0.007904402477817435,0.01332244443214525,0.01680729683191312,0.015706190571080754,0.016206732087399683,0.010496362731344447,0.013763416005796066,0.008772601636013736,0.010292349630016373
114,0.06123621,0.049126163,0.09619294,0.091157146,0.023193367,0.030278383,0.045637548,0.03488981,0.6248208,0.6397421,0.0359783,0.032703687,0.112940826,0.122102685,0.06276347,0.049143955,0.0967181,0.09116672,0.023576777,0.030299693,0.046576492,0.034964994,0.6213703,0.63962865,0.036180772,0.03272949,0.11281405,0.12206655,0.10322768,0.08893986,0.0035550934,0.005661822,0.0023350616,0.0047269375,0.22419624,0.18352681,0.4606171,0.5119403,0.0379573,0.03596658,0.15937342,0.16609888,0.011156096485473293,0.009634087474285109,0.006415061856232857,0.007704749955885386,0.012504486156552143,0.013807933826495518,0.015968500304056246,0.012816640269751425,0.011579272809687801,0.012410448463491772,0.009176635776789531,0.006981385300936098
115,0.05419549,0.07276509,0.094437145,0.09557356,0.033606634,0.029470187,0.045700014,0.044107255,0.63449246,0.61779296,0.032949604,0.03639577,0.104618624,0.10389515,0.056281302,0.07291998,0.09537071,0.0956054,0.03436158,0.029508986,0.047542434,0.044139262,0.628317,0.61728483,0.033293735,0.03674148,0.104833275,0.103800006,0.092426434,0.09666793,0.007124467,0.0059225913,0.007588791,0.0034646175,0.22420666,0.20607378,0.4667063,0.48292777,0.03172691,0.033475004,0.16333711,0.1602437,0.008917204823003599,0.013138779034336188,0.006431935777186395,0.008031006024377013,0.01245263884639519,0.017117557490803875,0.013994334649686874,0.01452410933846832,0.010537900700143444,0.012969399417575314,0.00886651316265993,0.010124391318589138
116,0.06725863,0.04874695,0.10256802,0.095566094,0.03904772,0.03219886,0.043661997,0.05658554,0.62343544,0.6012965,0.028535986,0.045070115,0.09549221,0.120535985,0.06896031,0.048788805,0.10299539,0.09547265,0.03956175,0.032386214,0.04446909,0.056936663,0.61894464,0.60028595,0.028869575,0.045099296,0.0961993,0.121030405,0.09919756,0.07891205,0.004925119,0.004185656,0.005391008,0.006165395,0.20212811,0.2256662,0.483986,0.49273404,0.029782427,0.041808724,0.1609212,0.14227857,0.010320769622898246,0.010104400549081044,0.006843814101774311,0.007585905265041299,0.016059269993773207,0.014169672275791224,0.015278823762841807,0.013313750559173498,0.012757313306084055,0.011433102234200961,0.007993101581947713,0.007587180893959879
117,0.05440846,0.045921676,0.088738665,0.079132445,0.028962279,0.022679798,0.047792014,0.06895772,0.61828816,0.6140297,0.036611415,0.030590486,0.12519896,0.13868812,0.05561357,0.045981083,0.08975498,0.07918309,0.028928267,0.02257983,0.048123706,0.068985604,0.6142835,0.6139341,0.037436366,0.03060594,0.12585956,0.13873033,0.09041327,0.08365681,0.0049373936,0.004097057,0.004869892,0.0023697768,0.21885268,0.24232574,0.46159855,0.47116792,0.037207637,0.029446475,0.16522151,0.15138368,0.008857420865178265,0.008161752087627996,0.0059531102202418805,0.006347514825017643,0.012932933945509302,0.01338131611026994,0.014875062748163479,0.01434050555232495,0.011463900644939235,0.010450592059398352,0.008187844315120233,0.008171470451379321
118,0.06629056,0.05573524,0.10118942,0.07974565,0.021930922,0.03310966,0.04015445,0.045956355,0.60903394,0.62388074,0.032031402,0.041438498,0.1293693,0.12013384,0.067642316,0.05579827,0.10209684,0.07986502,0.021925747,0.033139188,0.040588286,0.045914877,0.6045485,0.62365127,0.03297332,0.041465186,0.13022494,0.120166175,0.10141329,0.09895409,0.004324878,0.003859783,0.003567904,0.006332625,0.20081669,0.2001199,0.48812503,0.4773275,0.0340491,0.04024583,0.16437851,0.16688333,0.012740088665439346,0.009262072938507575,0.007860011137085638,0.0058373637182934715,0.013849792659693933,0.013200981905763895,0.013724067003220214,0.012479472837634923,0.012595472137978505,0.01011516962407739,0.00907660459388388,0.007700104042234991
119,0.061709244,0.047481727,0.08685395,0.08380995,0.031004405,0.036300696,0.045193005,0.06457942,0.6371327,0.6133032,0.034350224,0.041537106,0.103756525,0.11298791,0.06276563,0.047656875,0.08696905,0.08378974,0.031208947,0.036259245,0.045934655,0.064639755,0.6339625,0.61273396,0.03498071,0.04162499,0.10417852,0.113295466,0.08814151,0.08496458,0.0037823855,0.0039734584,0.0050143274,0.005695581,0.20590149,0.22962531,0.482941,0.47641817,0.03274056,0.039298624,0.1734013,0.1453178,0.009895073208878861,0.009961326763354952,0.006118970143386998,0.006308545069157697,0.014466667872224042,0.013503441578449092,0.016147873521981004,0.013595291565202996,0.011602251788329358,0.011255295006547478,0.008789952029796554,0.008221734167183027
120,0.054325383,0.047792885,0.08319474,0.0920819,0.033797752,0.027528273,0.055819385,0.054599974,0.60757786,0.61653,0.03137499,0.039425056,0.13390991,0.12204188,0.05547268,0.047788423,0.08378708,0.092087746,0.03400895,0.02752293,0.057073276,0.05460237,0.60313064,0.61656034,0.032020926,0.039419264,0.13450642,0.12201887,0.09197046,0.08327716,0.0043990873,0.005949973,0.004704917,0.0062377937,0.2079275,0.22126831,0.48648924,0.46877885,0.03342312,0.03816622,0.15819228,0.1619849,0.010178439349158484,0.010315198715541398,0.006147676175428286,0.00766449992370388,0.012368701034247037,0.014894851285459334,0.016282646042146725,0.014523464688417136,0.011633669798097759,0.012888838475413176,0.009418007639638059,0.009545656890665758
121,0.061302945,0.06307957,0.086928725,0.10090098,0.03568877,0.039206512,0.048352428,0.047150377,0.6336986,0.5920867,0.034875527,0.0417783,0.099153064,0.11579757,0.06272485,0.063437246,0.087545715,0.10073929,0.03597915,0.03937608,0.048432596,0.047301132,0.63090736,0.591383,0.035221215,0.041688047,0.09918917,0.11607525,0.09309284,0.094457835,0.004629137,0.0048950757,0.005757827,0.006684262,0.22058153,0.20488858,0.46427932,0.46933144,0.03814995,0.03529147,0.16050243,0.16327223,0.009638397848904627,0.012786711133285167,0.006808184097375404,0.007940050949049298,0.013100202125796257,0.0168636407846558,0.015978173200850418,0.014714456578185764,0.01155696387256463,0.013701767572179419,0.008672487577468089,0.007616158837458267
122,0.07199446,0.059193943,0.09796666,0.089862876,0.03403233,0.028684815,0.045927845,0.045414545,0.61266756,0.6204989,0.031858623,0.039542984,0.105552495,0.11680195,0.07349322,0.05918367,0.09851335,0.08989882,0.034459874,0.028709577,0.046617102,0.045269914,0.6085058,0.6205417,0.031773474,0.0395851,0.10663722,0.11681121,0.0978582,0.097390555,0.0050716507,0.004516189,0.0072989776,0.0052579097,0.20437726,0.20582443,0.48808596,0.49493402,0.039235443,0.034433268,0.14915356,0.1497259,0.011661467969844568,0.008624933823550672,0.007341756897367781,0.007645875764087432,0.015291979267780276,0.013049550081340603,0.015325176902244815,0.01310925392202678,0.012482117088662821,0.00963019031814984,0.009168256505355096,0.008247439207389039
123,0.058568466,0.058543447,0.100800574,0.09412898,0.022615021,0.033154774,0.040105823,0.049236473,0.6148931,0.62567663,0.032942187,0.034199826,0.13007486,0.105059884,0.059993822,0.058655582,0.10156035,0.09428009,0.02285045,0.033158,0.0411368,0.049220853,0.60998464,0.6253327,0.03321832,0.034209106,0.13125557,0.105143666,0.099507704,0.094698295,0.004533051,0.0042512133,0.0049972185,0.0051191943,0.22292571,0.21150799,0.4756003,0.48381597,0.03390767,0.03333662,0.14687923,0.15536888,0.008763244424363556,0.00815728698822545,0.006258770510974631,0.005815333394622425,0.012613790188782014,0.01320820147276414,0.013644981809360489,0.013818441274630274,0.009855748149930739,0.012218103282529534,0.007203189279141011,0.0082515321716285
124,0.049105376,0.050085537,0.08453204,0.08444319,0.022965314,0.032860987,0.048275407,0.048027813,0.6489677,0.63929164,0.023969615,0.03529657,0.12218458,0.10999427,0.05060064,0.05016151,0.08539747,0.08461416,0.02303752,0.03294446,0.049183495,0.048216086,0.642845,0.63807464,0.024419606,0.035388026,0.124516256,0.1106011,0.08636636,0.086742096,0.002955015,0.004766672,0.0027016215,0.006053414,0.22292249,0.20313945,0.4717824,0.5067311,0.030972475,0.0327695,0.17221765,0.15525989,0.008970373430124447,0.011039791105820915,0.00591666404416865,0.0073203672678384775,0.011552017599667461,0.015015258898733412,0.012780413581670882,0.013790432566869664,0.009382723466590092,0.012493189262359348,0.00689598310306306,0.008659698246212122
125,0.06567694,0.06188677,0.100376464,0.100548804,0.032786645,0.024564028,0.02522532,0.043765076,0.630251,0.61224455,0.026910344,0.043416183,0.11877331,0.11357461,0.067860685,0.0621579,0.10088057,0.100443184,0.033182252,0.024620714,0.026141832,0.04390092,0.6241253,0.6117677,0.02757136,0.043361988,0.12023804,0.11374759,0.10332797,0.09578376,0.0050336164,0.0058192015,0.007743276,0.0037316354,0.2067548,0.17737997,0.47090635,0.51269466,0.03181103,0.036696043,0.16484524,0.15717733,0.010332528387948485,0.010178585167910007,0.006820343653032314,0.007376745233119792,0.01564769657358067,0.01432456162804293,0.01461449131613413,0.012974943061745552,0.013047416871554711,0.011855321865693295,0.008139104375501076,0.00819740917090572
126,0.06173092,0.05065356,0.0996278,0.0761922,0.03088085,0.023332696,0.04852477,0.053727526,0.6123183,0.64246964,0.03068301,0.027209211,0.11623437,0.12641515,0.06293306,0.05127898,0.101114266,0.07634768,0.030948397,0.023382204,0.05138726,0.053813055,0.6054958,0.64150304,0.03089917,0.027304716,0.11722204,0.12637037,0.09552595,0.086669005,0.005694076,0.00363813,0.0050512883,0.0033826574,0.21322621,0.22550918,0.4659939,0.47114906,0.041244157,0.033667494,0.15428492,0.1641061,0.01035305307084345,0.007943298843667077,0.006752833971260711,0.005759619098510746,0.014030186520779427,0.012016570183775149,0.013946679651694842,0.01277615928818679,0.01148464677109206,0.009649242627629815,0.0084728943342641,0.007732006070640056
127,0.050782166,0.06479053,0.084175214,0.11408375,0.021142013,0.032956194,0.04747782,0.05426482,0.65226394,0.5742242,0.031818148,0.039325375,0.11234069,0.120355204,0.051796425,0.06474573,0.0852329,0.11407169,0.02082256,0.032974396,0.048954774,0.05435998,0.6485713,0.57301116,0.03180007,0.03996848,0.11282201,0.12086859,0.1030741,0.092327125,0.00351893,0.005125242,0.0034564438,0.0047761407,0.20957197,0.20158102,0.47153997,0.48721838,0.032810286,0.038933814,0.1682125,0.15423904,0.008668952485997234,0.011619473354356103,0.0057374019267263125,0.008560025340686929,0.011322949572033251,0.01473919810983016,0.01409503790993881,0.01609461670469798,0.009534846973366234,0.013581863527178056,0.007506913617007871,0.008856705449636824
128,0.056761745,0.06147641,0.09668068,0.09981438,0.02943921,0.03925684,0.037834838,0.049779013,0.62709934,0.60567755,0.03082734,0.033997387,0.12135687,0.1099984,0.059088837,0.061452396,0.09835283,0.0998743,0.029327083,0.039286397,0.03866629,0.049692653,0.62102354,0.60539585,0.031052284,0.034127705,0.12248916,0.110170715,0.089981966,0.09255063,0.0062547666,0.00468855,0.0044314447,0.006478201,0.20758967,0.21673073,0.48184142,0.4889653,0.034800693,0.03292815,0.16078618,0.14411826,0.009881392408325508,0.013369229135403265,0.006762984692993327,0.00908606077344121,0.013755047487984269,0.018197518838672266,0.015206123256882977,0.01362973402164447,0.011988549825011192,0.014812879589711394,0.008969942816118183,0.009983518317062118
129,0.071531765,0.053357977,0.10413531,0.09078648,0.031735856,0.024709424,0.03770459,0.048597723,0.58990514,0.6150394,0.04314556,0.04673387,0.12184182,0.120775096,0.07290991,0.053477243,0.104765795,0.09094346,0.031520646,0.024825288,0.03953199,0.04880732,0.5853577,0.61406386,0.04367126,0.04688733,0.12224263,0.12099552,0.095820315,0.08542396,0.0044661374,0.005239441,0.004319789,0.0034376273,0.19088629,0.21522355,0.46772274,0.47449583,0.043250363,0.043194827,0.16902053,0.16045703,0.011645832143504462,0.010074851021538534,0.0074876414905649296,0.0081161142346808,0.015904452704220938,0.013755569834438956,0.014102402317296262,0.014684789023284042,0.012749994928821626,0.013974071214304449,0.009484245653965889,0.008202327280665306
130,0.06494174,0.05506765,0.09329904,0.101646855,0.029292788,0.031257216,0.042912487,0.037572652,0.6223014,0.62610435,0.028137308,0.03214882,0.119115226,0.11620244,0.06651941,0.05513484,0.09367789,0.10140454,0.029262112,0.031212913,0.045006588,0.037934218,0.6166646,0.62573296,0.02865396,0.03215517,0.12021542,0.11642533,0.091787584,0.09871061,0.0040850337,0.005602156,0.003413646,0.0032174897,0.20545207,0.1861622,0.4922681,0.50015813,0.031068655,0.033348422,0.16094756,0.16537823,0.010231414503026432,0.009905921886634441,0.006806366847516641,0.006867544250580559,0.012129909795183474,0.014268737601679368,0.014129619317459556,0.012003256656045179,0.01036821263499387,0.010719460303200309,0.010387279113525749,0.006848502079016232
131,0.07090487,0.07233901,0.10646644,0.10542993,0.033900473,0.041088294,0.039779563,0.040416308,0.60775083,0.6032578,0.03871231,0.035614766,0.10248546,0.10185391,0.07183914,0.0727922,0.10747115,0.105364606,0.03422839,0.04115791,0.040722817,0.040424734,0.60297143,0.60251755,0.039689183,0.035880465,0.10307786,0.10186257,0.104187205,0.109247126,0.005795001,0.0047770534,0.003038261,0.003931287,0.20655225,0.18814269,0.45947814,0.4940817,0.040169533,0.043117158,0.17766024,0.14915553,0.012523917161457438,0.011586452698737133,0.007397285919942118,0.007580740896127731,0.017338419646514083,0.015333184106401476,0.01388022545711606,0.014179106743644216,0.01258213635528607,0.012512149453985462,0.008179571000637936,0.007570014001937993
132,0.07946374,0.061138336,0.10142525,0.082952335,0.037782915,0.027078433,0.026514504,0.06958893,0.61508316,0.59990644,0.02961646,0.033515472,0.110114,0.12582003,0.08169618,0.061143752,0.102212705,0.08332237,0.038323414,0.026972907,0.02716889,0.06962982,0.60930413,0.59884334,0.030325418,0.033788126,0.11096926,0.12629971,0.10447776,0.08357222,0.004683494,0.004046182,0.005610314,0.0035979496,0.17335325,0.23683766,0.52146834,0.45789257,0.03318373,0.033567283,0.14553498,0.1656881,0.010407970056816557,0.011125042710196709,0.006270931684006727,0.006256322578965966,0.014337729268528273,0.01386987037572186,0.013471777742935268,0.014059084684306736,0.011329375569617524,0.01103953439865488,0.007582576797518905,0.008580540274872683
133,0.060758855,0.07105447,0.09921797,0.10694769,0.037488278,0.034511138,0.0453341,0.039664872,0.60994893,0.5998238,0.033822387,0.04471799,0.113429494,0.103280015,0.06219547,0.07180877,0.09988263,0.10666301,0.037473705,0.034573432,0.045842092,0.039750297,0.60603315,0.5985616,0.03407989,0.045054253,0.11449304,0.10358864,0.09964879,0.112418085,0.0051864046,0.004935117,0.007985488,0.0047268136,0.2023927,0.19370066,0.4731277,0.47707093,0.037167087,0.043440238,0.15470418,0.15390718,0.012396113684023527,0.013153773875669583,0.008211704606085125,0.008768328974208742,0.01659050108267273,0.015871858263725117,0.014492040770696919,0.014878849485049129,0.010780193368602404,0.0134259237200317,0.009058178370030876,0.009505574303196327
134,0.06926681,0.060975928,0.10732087,0.102755845,0.034399576,0.030472867,0.046851765,0.037515756,0.59605724,0.60601664,0.032529656,0.038198836,0.113574125,0.124064125,0.07037848,0.061100736,0.108966574,0.103084505,0.034612734,0.030491045,0.04692153,0.037548255,0.59244853,0.60475904,0.032629088,0.038651664,0.11404304,0.12436476,0.09566896,0.10628233,0.0060916557,0.0043572006,0.0061909463,0.004242134,0.22049446,0.20056815,0.45034444,0.47769278,0.034239992,0.03657259,0.17162584,0.16212073,0.00992598191340422,0.012329018041310503,0.007835364441018249,0.007368340876743935,0.012933333781583602,0.015585425944081,0.013778294107276046,0.013444345210651507,0.011703650199075636,0.011483260554264824,0.008144296576920394,0.008539053976925993
135,0.06516447,0.043303367,0.08872992,0.08487072,0.036244098,0.02884839,0.04383001,0.04426467,0.6140051,0.63716584,0.03401854,0.044489395,0.11800787,0.11705761,0.06731646,0.043423146,0.088973425,0.0849953,0.037047323,0.028909924,0.045131467,0.044277225,0.6075436,0.636499,0.03512121,0.044691104,0.11886654,0.11720435,0.091097556,0.08318135,0.0032756033,0.0044615115,0.0047486355,0.0059351497,0.2056638,0.20312352,0.48174548,0.5036557,0.037943415,0.038256083,0.15972415,0.15563963,0.010856199602617488,0.011030417521934219,0.006594135432562431,0.006801562789336561,0.013909189122032276,0.014835926181565219,0.01576006874961809,0.013056158262752502,0.010861831065648354,0.01249027733181821,0.010151745780075569,0.008996775642856059
136,0.071312875,0.05735933,0.11540915,0.10368365,0.02614137,0.023267532,0.056233082,0.06730101,0.5882049,0.5924193,0.035251435,0.04336363,0.10744719,0.11260554,0.073628955,0.057792865,0.11535329,0.10367438,0.026484074,0.023293616,0.057026066,0.06727491,0.5841273,0.59120107,0.035968512,0.044031084,0.1074118,0.11273203,0.10519673,0.086200856,0.0052943616,0.006869858,0.0037079577,0.0036570046,0.20463975,0.24731897,0.48311725,0.45570442,0.036486197,0.037613027,0.14482906,0.13901573,0.010661331823488506,0.011605985222623903,0.00808018076113475,0.00851462087884622,0.014182512716597963,0.014451302601415673,0.016135469491332762,0.016179651932072547,0.012828903537016129,0.01381393787890332,0.008474373427905536,0.009822832640549553
137,0.067129984,0.05444173,0.09272519,0.10662897,0.031732053,0.027065272,0.046958353,0.0641073,0.61353576,0.5839622,0.03741859,0.042222172,0.11050007,0.12157232,0.06867028,0.05525297,0.092684336,0.106738284,0.03204686,0.027385656,0.048232257,0.06381493,0.6092335,0.5828763,0.03760003,0.042199057,0.11153274,0.121732794,0.099343054,0.08286859,0.0043428848,0.0060961507,0.00519325,0.0030638813,0.21046409,0.240734,0.48315018,0.457532,0.036232244,0.04175452,0.14593446,0.14522219,0.009925827617561642,0.011613697002860938,0.007754550385998121,0.009077074546384921,0.014400344500935108,0.01548764455393608,0.013444447743875295,0.013980504308500761,0.01111571688370216,0.012864416538621982,0.009054258847164777,0.008137702471850106
