b,b2_anger,p2_anger,b3_anger,p3_anger,b2_disgust,p2_disgust,b3_disgust,p3_disgust,b2_fear,p2_fear,b3_fear,p3_fear,b2_joy,p2_joy,b3_joy,p3_joy,b2_neutral,p2_neutral,b3_neutral,p3_neutral,b2_sadness,p2_sadness,b3_sadness,p3_sadness,b2_surprise,p2_surprise,b3_surprise,p3_surprise,h2_anger,h3_anger,h2_disgust,h3_disgust,h2_fear,h3_fear,h2_joy,h3_joy,h2_neutral,h3_neutral,h2_sadness,h3_sadness,h2_surprise,h3_surprise,b2_fear_m2,b2_fear_m3
0,0.00022978188651186514,0.9547770182841985,0.00010103136755785288,0.43231106141265363,-0.004315559221254186,0.39757477806038366,-5.1850244128573036e-05,0.7634978578853138,0.0021197585758820615,0.47006135117831604,8.515207804588501e-05,0.4223843100255762,-0.004026617437638163,0.4369205391494263,-0.0002472556610898351,0.1547878493451985,0.006832493469932386,0.45675858768253363,0.00013219033820008604,0.6554502592463733,0.00012081163396120168,0.9546537200553289,9.582788388336452e-05,0.14404574744606616,-0.0009606711206386951,0.846292228774741,-0.00011509571011249449,0.455331765220485,1.0,1.0,1.0,1.0,1.0,1.0,1.0,1.0,1.0,1.0,1.0,1.0,1.0,1.0,-0.0007529380032522821,5.096768016608803e-05
1,-0.003290595654679346,0.3773822769687144,0.0002115012249333448,0.026716910888262696,-0.012904159118030866,0.08128000339553801,0.0003317771470819209,0.11520222730108773,0.0034831712132744664,0.2115579054091118,5.908910141412679e-05,0.48306768299891156,0.006229531600162279,0.1207552394992908,-0.0001381215559814243,0.2359328504811844,0.01134111986913969,0.11789984777187551,-0.00019998857801584524,0.3701309071596023,-0.0015347333868033714,0.5394102911799459,0.00011679836060394143,0.12261491608238635,-0.003324335119130695,0.5212049669544847,-0.0003810556579849273,0.00682830616668055,1.0,0.347319841547415,0.9753600407464561,1.0,1.0,1.0,1.0,1.0,1.0,1.0,1.0,1.0,1.0,0.0955962863335277,-0.0003579485140427688,-0.00012249610821794918
2,-0.0004750400087313706,0.860304859184936,0.0002424985224414012,0.017773768188707424,-0.007775338776028138,0.0467904998890603,0.0002466698608404506,0.09762509155668554,0.001133855511048923,0.7729937103886664,0.00010296105192696723,0.42942450310533653,0.0009676944410646993,0.8415194384166128,-0.00010459598765570834,0.49161786037346,-0.0016326440495009326,0.8473135466431976,-0.00027332395391363933,0.3122719536573969,0.0023460709489056012,0.28020868554395084,0.0001558775434022392,0.035439949296805086,0.005435403263423449,0.36257426409245663,-0.00037008706190239224,0.060001290590503575,1.0,0.24883275464190394,0.5614859986687235,0.9762509155668554,1.0,1.0,1.0,1.0,1.0,1.0,1.0,0.4607193408584661,1.0,0.6600141964955393,-0.0002843499160960589,-0.0006535134266349134
3,0.0012264312066224414,0.6688625907140284,-0.00013793513874497376,0.24273266756778045,-0.011472889720712958,0.02005122721181188,0.00030397021321033207,0.01880347835394154,0.008098309432483717,0.0036223732795875926,-9.201939499963259e-05,0.27255326677573855,-0.004514122019903251,0.2174901453640682,0.0001114294253757123,0.3298294224169398,0.014550360012673102,0.13172218828112903,-7.134880220463395e-05,0.8095331127131588,-0.006458897452949097,8.129178261657935e-05,0.00039404558465739925,4.997822881568679e-13,-0.001429190771262312,0.8144606838500256,-0.0005081418494772569,0.0016565735067935008,1.0,1.0,0.1880347835394154,0.1880347835394154,0.03984610607546352,1.0,1.0,1.0,1.0,1.0,0.0010567931740155315,6.9969520341961505e-12,1.0,0.01987888208152201,0.002186522666191108,-0.0006301858195511829
4,-0.0003426254758754832,0.9339217721052927,7.388410020961789e-05,0.5544946892675536,0.001262320622924793,0.8502007863963377,0.0001373845523339373,0.537902094112771,0.005159140344948514,0.06074825843619504,3.052452250609811e-05,0.6651842584637063,-0.008766313738155283,0.12400738657418224,-0.000173788782993774,0.31275067596716766,0.021804344462940415,0.08526656633398917,-0.0005097888588169238,0.22109018318994955,-0.003870466811906683,0.04930280125453026,0.0002593618174638038,0.00012014075955976397,-0.015246399205166775,0.0015890687332382211,0.00018242260277115288,0.24866027028439308,1.0,1.0,1.0,1.0,0.6682308427981454,1.0,1.0,1.0,0.8526656633398917,1.0,0.5916336150543631,0.0016819706338366957,0.020657893532096874,1.0,0.0009482457312246283,0.0004951257303098973
5,-0.001233777933635437,0.7456073316672633,0.00014585592477396595,0.3214879684340608,-0.014347631910330476,0.04211457203890645,0.0002927249184433311,0.1413542542905715,0.008046690922049276,0.03309731690040776,-1.9524857655044638e-05,0.8871645643970857,0.0003262388997838336,0.9413849011907471,-7.248352703999111e-05,0.5661702609289556,0.011529370893106291,0.3218632984161768,-0.0002988722988585462,0.4921771058116491,-0.007077154097374903,0.018100185416839044,0.00015959186459719077,0.11910438421997342,0.0027562639844759826,0.6461535570361274,-0.00020729195367490263,0.2924463003477876,1.0,1.0,0.5053748644668774,1.0,0.43026511970530085,1.0,1.0,1.0,1.0,1.0,0.2534025958357466,1.0,1.0,1.0,0.0003050818743808117,0.0009695382252137304
6,0.00462092614779802,0.31114220529449055,5.0988625797022127e-05,0.7754454133788986,-0.010608955041243753,0.06895648433211019,0.00028215893001095254,0.23066839425663654,0.004514475672360949,0.17355659488858044,0.00016202822155454895,0.07112218474124386,-0.004283993322748953,0.39712774136992135,-4.913900547385449e-05,0.730491565263506,0.004374087549298171,0.7559422758519094,-0.0002837902047235884,0.5376931930207096,-0.0026938532253496187,0.40499194063768973,0.00012795234360135993,0.21428231955881893,0.0040773121101841826,0.3492269550129167,-0.00029019890106635475,0.017035001694168002,1.0,1.0,0.8964342963174324,1.0,1.0,0.8964342963174324,1.0,1.0,1.0,1.0,1.0,1.0,1.0,0.23849002371835204,0.0014679831053564765,0.0004125170641620894
7,-0.0014678154372949198,0.7217055396498788,0.0004901717847097858,8.223326686304028e-05,-0.0016426936610950895,0.7685390754410331,0.0005278163910294502,0.0025570646552593936,0.00635251585094837,0.028534771908985998,0.0002399491463493609,0.031211273968148615,-0.00471569115034436,0.4741407310356758,-0.00027559629588962397,0.2008531449808708,0.012142222588382866,0.14506959757346197,-0.001054040159564451,6.167882713863336e-07,0.0035332932557988078,0.2351058184256326,2.5365310344618156e-05,0.7824745942669596,-0.014201830933443824,0.005118677104831048,4.633382343899591e-05,0.7545003814961878,1.0,0.0010690324692195236,1.0,0.030684775863112725,0.28534771908986,0.28534771908986,1.0,1.0,1.0,8.63503579940867e-06,1.0,1.0,0.05630544815314153,1.0,0.002610533083606858,-0.0009536349847035784
8,0.0025073051299127507,0.5650203559028708,-0.00012529865530502073,0.41536514549781556,-0.012734357896300601,0.2180701023530639,-4.670272741753957e-06,0.9890999379892705,0.012889153872916928,0.026448889947308412,-0.00026099858350010866,0.1551696937158723,0.0018563335624435567,0.7269401975248384,-0.00021450470161052634,0.17731995263953437,-0.004462974696053683,0.6957343854892846,0.0008148394154648419,0.023321505196894837,-0.00022800161200887175,0.9223281735915434,7.813119169958836e-05,0.5035686043795706,0.00017254008207980416,0.9765035438640745,-0.0002874983806837507,0.09834984700214802,1.0,1.0,1.0,1.0,0.34383556931500936,1.0,1.0,1.0,1.0,0.32650107275652773,1.0,1.0,1.0,1.0,0.0005892206114018168,-0.00014284071032951229
9,0.007941850231386391,0.004254603094972024,4.945145232893674e-05,0.5775636149406933,0.002691503597687443,0.4467002362694744,0.00015600151928335835,0.17490915044490996,0.007186209703692939,0.012915835325218401,3.637342941217583e-05,0.7153667496249826,-0.0035441132796231985,0.6157945825108144,-9.559602912725651e-05,0.7332548118820088,-0.01759990775235251,0.06380004793124469,0.000205773825177724,0.5945371905846325,0.002532077036382317,0.28685233974376656,1.3444695979716076e-05,0.8392264255280512,0.0007923784015419433,0.8948266609490104,-0.0003654488152056281,0.033922081270519225,0.059564443329608335,1.0,1.0,1.0,0.1679058592278392,1.0,1.0,1.0,0.7018005272436916,1.0,1.0,1.0,1.0,0.4070649752462307,0.0011627116154667304,-0.000300368496563205
10,0.00351851876694905,0.4325780643517432,0.00022084500298469043,0.11157864322394093,-0.002474581972964655,0.6765487637576901,0.00015844824221868822,0.3002310087779153,0.007325949289184262,0.030084678349408624,0.00016101420910494816,0.19804634239253716,-0.005946295443606106,0.20359288317521862,-0.0001224465781887669,0.2555093875510568,0.004534089410549325,0.6183415722768434,-0.000443455402850252,0.062246311037682744,-0.00530628460379778,0.030417491990379436,0.00028265432401140665,0.0024544279287898,-0.0016513940347666369,0.7092562852254463,-0.00025705983369800404,0.07986314093019754,1.0,1.0,1.0,1.0,0.3911008185423121,1.0,1.0,1.0,1.0,0.6847094214145102,0.3911008185423121,0.0343619910030572,1.0,0.7986314093019754,-0.001269083370226196,-0.00028593801938678093
11,0.008497337258173218,0.05470994375944706,-4.304274684918142e-05,0.778748838065702,0.00038078823121259075,0.934576607874938,0.00015337442792865265,0.293826666770414,0.005268763187757853,0.21058676055238457,-5.93212851742395e-06,0.971953447647018,-0.008661952811150515,0.09678071219412417,-0.00015056806563040035,0.313257944559284,-0.010204878648992244,0.16507242586123294,-4.4225324495374335e-05,0.8501378657167192,-0.0008264235218739661,0.721614729749413,0.00019204988757953403,0.021586823111958097,0.0055463651541044654,0.19374929540139318,-0.00010165596026363845,0.47480926707796045,0.7112292688728118,1.0,1.0,1.0,1.0,1.0,1.0,1.0,1.0,1.0,1.0,0.3022155235674134,1.0,1.0,3.413995719681724e-05,0.001046550162152134
12,0.0015435811839838802,0.6483491806921096,0.0004096862622069416,0.00010940282083195257,-0.001219518169266984,0.7804158302985794,0.0003981924129540559,0.0064253438632436485,0.012209328338642305,3.63401473678839e-05,-0.00011691222379689379,0.24717166268758595,0.003177783150296845,0.5787800163389725,-0.0002324883844231909,0.25287385413697683,-0.0022425611679691045,0.7857378763573304,-0.0005255175694480929,0.033117361184296576,-0.0017014775646508082,0.5559899874296805,0.0002034558512412063,0.014575907911492913,-0.011767135201084722,0.06614707355892595,-0.0001364163233626095,0.5143770404962646,1.0,0.0014222366708153834,1.0,0.07710412635892377,0.0005087620631503746,1.0,1.0,1.0,1.0,0.3311736118429658,1.0,0.16033498702642204,0.5953236620303335,1.0,0.0015209571260525185,-0.0005446466299378146
13,-0.002055272607575648,0.579882383062692,0.000258868675449824,0.02172975948859634,-0.009504079309229248,0.0250590082813413,0.00025075219163051265,0.0850587238448778,0.006318590315008128,0.01536200823860836,8.34339493896267e-05,0.3380308721618773,0.006998961553119848,0.10995458252147408,-0.00027965099770318054,0.0041201517273228615,-0.002798437611819399,0.7294604017603502,9.35220029568421e-06,0.9683466571803409,0.0016294940505760262,0.4800301093272995,7.394168767764496e-05,0.2988633363034987,-0.0005892557461372748,0.9144369907589839,-0.0003966976770053073,0.03656187623708673,1.0,0.26075711386315603,0.27564909109475433,0.7655285146039001,0.1997061071019087,1.0,0.8796366601717927,0.05768212418252006,1.0,1.0,1.0,1.0,1.0,0.3656187623708673,0.0014390302309207634,-0.0004271263264197127
14,0.0016032535309090077,0.6644383222979231,-5.336488778289102e-05,0.6932554926222654,-0.0019002156443770222,0.763553017846099,-0.0001634966177853796,0.5191173778156575,0.003940938246705179,0.3242477048315455,0.00012521287309372889,0.33335529324320623,-0.0014598292355301932,0.6925805577374121,-1.8378324261310493e-05,0.890888391528523,0.006836055567789457,0.6139996835419189,-8.280591681498955e-05,0.8791356387746091,-0.0009196878993401964,0.6849373394423557,8.020157589965074e-05,0.27663632058728715,-0.008100514777074009,0.10450415526377516,0.00011263127813323583,0.5319547580652725,1.0,1.0,1.0,1.0,1.0,1.0,1.0,1.0,1.0,1.0,1.0,1.0,1.0,1.0,-0.0013500964808677925,-0.001481945596371867
15,0.0034428306707525863,0.31624209815386717,0.0002879010205415582,0.0030201746016480504,0.00018437696204762498,0.9816810592737502,0.0004467942318084774,0.04168434444179618,0.0016828101448819507,0.674784926220991,0.00015774776638225607,0.14497780377741257,-0.005291315613099912,0.3105059397201607,-0.00011059472039260298,0.34248971200136835,-0.002707084287860273,0.7919225721746272,-0.0002923489753607857,0.32345520260006744,-0.0010168373562596722,0.6737940973920407,7.932753645424726e-05,0.27987200888868835,0.003705219188079651,0.3552383090887381,-0.0005688268855821178,4.420650349089373e-05,1.0,0.03926226982142465,1.0,0.5002121333015541,1.0,1.0,1.0,1.0,1.0,1.0,1.0,1.0,1.0,0.0006188910488725123,0.0005083062133072589,-0.0004287550835034692
16,-0.0013658428899753375,0.7539962865918919,0.00031093694994317424,0.04164019229794916,-0.01331617873068687,0.005859639511458534,0.0004823107650252703,0.03279912368223207,-0.00360683413735017,0.2544460233220389,0.00019263392722609782,0.03921887334456838,-0.00015678881511688026,0.9716512009155811,-0.00021694537104098477,0.1648345895645934,0.019373928403924875,0.07755479257835055,-0.0006015761415377451,0.04626358094939068,-0.002202140126823689,0.3947596487901771,0.00019278473923625537,0.025258558747185498,0.0012738572654247939,0.7923625935669814,-0.00036014489821593047,0.030699525000830518,1.0,0.39218873344568383,0.08203495316041948,0.3683943000099662,1.0,0.39218873344568383,1.0,0.9890075373875604,0.5428835480484538,0.39218873344568383,1.0,0.32836126371341146,1.0,0.3683943000099662,-0.001309599644341885,-0.0009036286699555517
17,-0.000701235624534837,0.833992199009483,-7.698641621227611e-05,0.45792406489188275,-4.67420777976049e-05,0.9928879821137497,-7.134928029192911e-05,0.6811371117725745,-0.0007963462611790931,0.7515462752678452,0.0001643808077017339,0.03952486856684837,-0.001970139095482839,0.7441298473394076,-3.5456098855085875e-05,0.8652433353592299,0.008472073026956803,0.329708879279644,0.00010845644299757217,0.704359706269635,0.0013741018857882533,0.4850448564213531,-0.00011121769790113826,0.06830700376735464,-0.0063317115051760835,0.17598572569725957,2.217229267149284e-05,0.9127152093714329,1.0,1.0,1.0,1.0,1.0,0.5533481599358772,1.0,1.0,1.0,1.0,1.0,0.8879910489756103,1.0,1.0,0.0006675709993433206,-0.00041200519370635994
18,0.007052241476672721,0.0177556607559588,-2.9217206883236564e-05,0.7900799397286656,0.0010224620057164159,0.8327097844285245,0.00015456424788189678,0.28497336374723137,0.01010316943559658,0.0006390146799364562,1.6801872155643335e-06,0.987372223470274,0.00047581592718697486,0.9269388090144222,0.0002826167056208759,0.02591447837371009,-0.014510843598712351,0.017066920290062258,-0.00040727693718327563,0.07211292444867871,0.0020717582897370112,0.4319882820215093,3.4355532846852334e-05,0.7370135876029874,-0.00621460571505154,0.17481527391579266,-3.672244718742708e-05,0.8215826798806702,0.22186996377080936,1.0,1.0,1.0,0.008946205519110387,1.0,1.0,0.28505926211081095,0.22186996377080936,0.7211292444867872,1.0,1.0,1.0,1.0,0.0006958715365810154,0.001637194118566089
19,-0.0030389055303216813,0.5541727459715522,0.00022720263326191458,0.16754840176081887,-0.005753953565013,0.30283289257687485,0.0004579871047841784,0.04333945976936762,-0.0009143007183982586,0.7745734923454565,0.00014030363133932112,0.07785571311252903,-0.0034268267124505074,0.397663255018305,-0.00015833186862421425,0.09571400925116831,0.003525795826262326,0.7700399515872315,-0.0003237562309148519,0.33532646557145773,0.0038513674949692592,0.13331090402866239,6.961605627188692e-05,0.3266410547740837,0.005756822955422688,0.21424419222833757,-0.00041302131020681685,0.028115046101044757,1.0,1.0,1.0,0.5634129770017791,1.0,0.9342685573503484,1.0,1.0,1.0,1.0,1.0,1.0,1.0,0.3936106454146266,-0.0015983230397272406,-0.0005948131275672985
20,0.00984914601446984,0.009327944105100927,-2.3096324095530314e-05,0.8760546523034815,-0.0041968647652122736,0.3791037619693376,-0.0001452667742459725,0.3908823788290161,0.006347125015345227,0.024625048348401055,0.00018266550787630144,0.03289550550363097,-0.006657125724955585,0.11260305068195539,-0.00014166379216744562,0.2718370933295947,-0.00023377094851437564,0.9776493144352429,0.0005487495100548064,0.027263873014003386,0.0017399405927075653,0.4569721387274063,-4.4792624475997864e-05,0.6590514787057176,-0.006848450754534261,0.18903736078609545,-0.00037659552738878333,0.07225509258706729,0.13059121747141297,1.0,1.0,1.0,0.3201256285292137,0.36185056053994064,1.0,1.0,1.0,0.3271664761680406,1.0,1.0,1.0,0.7225509258706729,-0.0007050560103887557,0.0008729573828168312
21,0.004174804753879515,0.19783332039739931,-4.918503274361294e-05,0.5569291941061462,-0.009055542270062496,0.24049716323036985,0.00010613293354448377,0.6803652595485202,0.0051782167950082305,0.1727452761870949,0.0001209547613851584,0.3153955256719584,-0.000496972464981405,0.9293018539387553,0.00010041214858066704,0.5742581881167121,0.003876168177954789,0.6596607923438136,-0.00014283901325334424,0.6841886788298934,0.0012031179085930628,0.6296606055207994,3.0540435266754574e-05,0.6855214485834318,-0.004879793969866688,0.23237184707890013,-0.00016601624649350245,0.43813642637548167,1.0,1.0,1.0,1.0,1.0,1.0,1.0,1.0,1.0,1.0,1.0,1.0,1.0,1.0,0.0014181429305716322,-0.0003572196493914065
22,-0.0008044607814875358,0.8611946688469972,0.00032285306146364766,0.041697879665771195,-0.002631525571229044,0.5959010687068906,0.0002344744893535778,0.08508235054528578,-0.0020433230788782343,0.5183735393647889,0.0002300620948165048,0.004085680194615018,-0.000367004615720888,0.9381666442797196,-0.00037862891202537985,0.012739757595464455,0.007722319489137825,0.37621863572954917,-9.032575238499972e-05,0.7161794471323586,-0.0026378488045700854,0.22754128965062703,8.297289391926244e-05,0.26314033730145847,0.0007618423101009536,0.8426752692081974,-0.00040140781207074355,0.021314258778164126,1.0,0.45867667632348313,1.0,0.8508235054528578,1.0,0.05719952272461025,1.0,0.1656168487410379,1.0,1.0,1.0,1.0,1.0,0.25577110533796954,7.006329274054916e-05,-0.0013329605997024513
23,0.003521080148778587,0.4217879862279621,9.134568553936119e-05,0.36008707986684885,-0.003285978202208339,0.6462879176296976,0.00023755863040855166,0.24189316663728555,0.009244754488536377,0.004755453332887643,-1.9123189047791174e-05,0.8943426577092627,-0.007743403117341527,0.22644859583831034,3.7751396293483776e-06,0.9839598020641793,0.009789217036324776,0.43127986742594127,-0.0004264809454091137,0.4360847615946898,-0.0003414387261735073,0.8886935675340607,0.00017640342811194785,0.010428799008377425,-0.01118423332496512,0.03184421079485054,-6.347870004766357e-05,0.775534282136623,1.0,1.0,1.0,1.0,0.06657634666042701,1.0,1.0,1.0,1.0,1.0,1.0,0.1355743871089065,0.3821305295382065,1.0,0.0013712662607265277,0.00012346445919349735
24,0.006776896067234066,0.04582865586469585,3.4583619186934626e-05,0.7816580570222377,-0.000763358438406551,0.8756354896720752,0.00010299280626128604,0.5531580496387914,0.008400210747680067,0.0009646478938811915,-5.565381112523184e-05,0.5300681395961606,-0.009689380880310794,0.02058842434999125,3.337518558613655e-05,0.7681186954222402,0.005521818522531396,0.4484270450461052,-0.0005101713687808423,0.021971618223495526,-0.0014885991053531305,0.608541325881566,0.00032299347607979585,4.0586392775337185e-05,-0.008757587284012379,0.05614188880571879,7.188013309776956e-05,0.5943157356661211,0.45828655864695855,1.0,1.0,1.0,0.01254042262045549,1.0,0.24706109219989497,1.0,1.0,0.24706109219989497,1.0,0.0005682094988547206,0.5052769992514691,1.0,0.0010071218710388152,0.00024419958218122056
25,0.00277681573529001,0.5609023508015893,0.00018407317587275748,0.26603094661838866,0.003385713825180826,0.5599692927194737,-0.00015584342031449048,0.3681263758921196,0.003829828481920184,0.4268072111660429,0.00019927817465868324,0.2881754439552595,-0.002291166914667696,0.6451138461128163,-0.00017701835329432544,0.24510137890380945,0.00607328896756266,0.558524080921625,-0.0001284886776093115,0.6761665879742093,-0.006279638349812943,0.013420505878637646,0.00025330526635252034,0.000905045945669577,-0.007494843039103792,0.14190568319776542,-0.0001753061158805826,0.3663186879728848,1.0,1.0,1.0,1.0,1.0,1.0,1.0,1.0,1.0,1.0,0.1744665764222894,0.012670643239374078,1.0,1.0,-0.00015504785188238804,-5.729798492980702e-05
26,-0.0027393168464261114,0.547715268468584,0.00030652745430325773,0.012029889169348183,-0.00820494076457818,0.19998873135303075,0.0006517121547305756,0.0025496135055148726,0.006149580535820069,0.002390862554462159,-2.579135913633896e-05,0.6969472090471709,0.0025709432718434085,0.6716512574005593,-0.0006498246905047512,9.242118065915262e-05,0.0002313667191522318,0.9813065831389589,-0.0001583875729144409,0.5889439892775373,-0.003664656180712542,0.3392416988691396,0.00023668706989770133,0.02571209268120486,0.005657021992058751,0.37109362551351777,-0.00036092304104488085,0.05793028939419579,1.0,0.13232878086283,1.0,0.031081213208008066,0.031081213208008066,1.0,1.0,0.0012938965292281367,1.0,1.0,1.0,0.25712092681204857,1.0,0.5213726045477621,-4.368802056120613e-05,-0.0011678447544979768
27,0.0020486673106952153,0.6211848244230819,5.1522226500361414e-05,0.6605874523453066,-0.0039250916048283,0.6227675158940416,8.456657383985003e-05,0.7520958840388099,0.007730987769494961,0.1101248111354759,-0.00014052885114672757,0.38831763054916413,-0.008681187294092606,0.08552749639236791,0.0003452576081174729,0.017054952391799022,-0.004654736644583726,0.646666633662706,3.299376263100318e-05,0.9154796514606326,0.0017187151517326696,0.42905460222003233,8.691890757963936e-05,0.27612750930549834,0.005762644914186417,0.32634859754135814,-0.00046073013865631984,0.035143958995687265,1.0,1.0,1.0,1.0,1.0,1.0,1.0,0.2387693334851863,1.0,1.0,1.0,1.0,1.0,0.45687146694393443,-5.0051872640710756e-05,-0.0005227854323926607
28,0.003616405946275137,0.44039229381182743,-8.823707760828737e-05,0.5213131929203434,-0.000874987057261954,0.8653350499442707,0.0001911552483408943,0.215441601490984,0.0017921029362793677,0.566754119004101,-7.561669936844731e-06,0.9399216314420185,-0.002471520815708136,0.6318765108163563,0.0002849835262322547,0.06426675710221612,0.008036508278622472,0.33737670186194135,-0.0006250569382446533,0.014573143221829137,-0.004395224679391463,0.11163020348707887,0.00010352908471616966,0.3357580037679523,-0.005703284298384259,0.4452425638801363,0.00014118777152734196,0.5886139160920318,1.0,1.0,1.0,1.0,1.0,1.0,1.0,0.8354678423288096,1.0,0.20402400510560792,1.0,1.0,1.0,1.0,0.00019213763103560175,-0.0006744047452976197
29,0.00579940088763238,0.04372527252211019,7.720014896150019e-05,0.4736666464968482,-0.0004825244709888437,0.9389745593247819,0.00023193803846284264,0.17848555733728222,0.006441972852947536,0.03601095490455638,0.0001391710259156932,0.19129065464836892,0.0020987385047521404,0.657720095737147,-0.0002514068093903611,0.09462978968600495,-0.010989198030346552,0.2139019659056346,0.00020040282642515855,0.46745090445248927,0.0027981994371019704,0.18350336220994168,1.4419809327747984e-05,0.8259660868050445,-0.005666591452363339,0.27764818202781427,-0.0004117249935716588,0.005194130142328004,0.5247032702653223,1.0,1.0,1.0,0.46814241375923293,1.0,1.0,1.0,1.0,1.0,1.0,1.0,1.0,0.07271782199259207,0.0005896690124044629,-0.0003539247575977642
30,-0.0018502458088581536,0.488860950810281,0.0003065987227535324,0.001999563315068155,-0.0045644331650617044,0.21233873746270526,0.0004191985345857353,4.5520590392782864e-05,0.000416355194213188,0.8978361409689717,4.8076841566723635e-05,0.6393753828809932,-0.0044392298186104445,0.40091935869233764,-9.087353528779465e-05,0.5824709254379563,0.017755952672609102,0.054399304696138004,-0.0006774619074446019,0.045087109207702585,0.001257398173960052,0.7254045574956085,0.00030047642381522243,0.05244875308545624,-0.008575797378578769,0.06533113156136894,-0.00030601509771320393,0.07738035575258574,1.0,0.025994323095886014,1.0,0.0006372882654989601,1.0,1.0,1.0,1.0,0.5769362839400186,0.541045310492431,1.0,0.5769362839400186,0.5879801840523204,0.6190428460206859,-0.0005470014828259018,-0.00013085959345923313
31,0.0028066602163292057,0.4933207208315258,0.00012560882666984492,0.2787466932106508,0.0014399054390814392,0.7334653102225944,0.0002819146664257822,0.02884853714823428,0.0010585953205184064,0.7847427549865983,0.00011182271996993134,0.3527414903340036,-0.003105564283129139,0.5407221865495548,2.9028264836339135e-05,0.8509572268564229,-0.0003644344027184332,0.969110194309541,-2.8408309434951986e-05,0.9026047228835128,0.00011265709347005116,0.9592026510656086,-0.00016057732280919064,0.09928452626335935,-0.0019478200483278244,0.6699117609739682,-0.00035938883307274326,0.048695813256548225,1.0,1.0,1.0,0.40387952007527994,1.0,1.0,1.0,1.0,1.0,1.0,1.0,1.0,1.0,0.6330455723351269,-4.0157678586143814e-05,-0.00012351046321365365
32,-0.0009750654467386202,0.7682950138893364,-7.298686049775646e-05,0.43964651728360726,-0.004164492382606994,0.38987024781805024,-0.00044028154814792527,0.01578295132641699,0.00810890994764128,0.003700259882815734,2.173311710519123e-05,0.8022275470947815,-0.005281268449764937,0.3446216144205956,5.6804401469724734e-05,0.738974093390261,0.002294708867900675,0.8143592209046076,0.0005913617429312235,0.14482115534273501,-0.001073864932407761,0.710106810173154,4.237178283071556e-05,0.7158222750439456,0.0010910710059382686,0.8537401857920963,-0.00019900263533289325,0.35915623309163935,1.0,1.0,1.0,0.20517836724342087,0.05180363835942028,1.0,1.0,1.0,1.0,1.0,1.0,1.0,1.0,1.0,0.0006002273313315211,-0.0012768766007928926
33,-0.000169311102736737,0.955761630177231,0.00013496863203611213,0.2685027289757089,-0.002048767197612494,0.6936721044453216,6.810013001152858e-05,0.7594596213571363,0.010025163753864514,0.003257309850528133,-8.176087587709597e-05,0.38552424782520056,-0.004408705795609824,0.579554343838707,-0.00014693099965677015,0.5251663745965952,0.0009173418796717311,0.9447429432400344,0.0003323638447254944,0.4426343338758395,-0.004747580831525396,0.021174483162372117,8.450252260415893e-05,0.26046584658695116,0.00043185929180899227,0.9507391025233498,-0.0003912432254577356,0.07702617468037311,1.0,1.0,1.0,1.0,0.04560233790739386,1.0,1.0,1.0,1.0,1.0,0.2752682811108375,1.0,1.0,0.9243140961644774,0.0015641600004342605,-0.0007091410457010763
34,0.0015367630732095786,0.7545696622358564,0.0001650668650916246,0.27547973112750657,-0.0017407236345749382,0.7747755161657901,0.00014620058425289344,0.34872159431223004,0.008629830481042489,0.014137490315721788,-0.00017980588577968333,0.27666425027562325,0.004480374975334698,0.3860767476286242,-0.00014906614621920818,0.43647806190246696,-0.013410525701546277,0.27350390165315364,0.0001932016946770574,0.5534479978804039,-0.002261907372125342,0.47483633177315077,8.827814346691482e-05,0.5237711814596697,0.0027661895451130463,0.6226477635516832,-0.0002638752202861777,0.1522518306305245,1.0,1.0,1.0,1.0,0.19792486442010504,1.0,1.0,1.0,1.0,1.0,1.0,1.0,1.0,1.0,0.0006413092235959502,-0.0004461563463662129
35,-0.001782199461190383,0.6651637339475639,7.085666255128154e-05,0.5934151369188256,-0.012133359277562381,0.0008839889342335813,0.0002471843997101777,0.0984090926754908,0.009736006591627325,0.005217665586114103,1.9808443451193695e-05,0.8709052125455827,0.0021602759895604836,0.7156892914490198,-0.000172161950135707,0.30735777721600144,0.0013038167904500506,0.875059075996861,0.0002973306303292937,0.1774860116767112,-0.0003552129651744988,0.8908067381420259,-3.0744999968635953e-05,0.7327131042018061,0.0010706720216149491,0.8625644904028678,-0.0004322732574352381,0.010610508114129126,1.0,1.0,0.012375845079270137,1.0,0.06782965261948334,1.0,1.0,1.0,1.0,1.0,1.0,1.0,1.0,0.1273260973695495,0.0005945301170143322,-0.00013688513119107263
36,0.0008437051075730006,0.7747511767268939,0.00023977569612639265,0.00558989971926148,-0.00852962633019369,0.10375041344889756,0.00014157960423469623,0.4161408405293515,0.006335801249515171,0.1634336206844108,0.00013385297514220307,0.41893628142544437,-0.0025126664733187425,0.6251919968170465,-0.0004510791804043203,0.0022832950020010455,0.007574640659725661,0.4370751101840502,3.604300182378635e-05,0.91450941381907,-0.004445218216809182,0.017674300659983384,6.121400862105049e-05,0.3197938528515334,0.0007333639561164624,0.9007629633187763,-0.00016138616416269672,0.40222845431774434,1.0,0.07266869635039924,1.0,1.0,1.0,1.0,1.0,0.031966130028014635,1.0,1.0,0.2120916079198006,1.0,1.0,1.0,0.0015028357462410495,-0.0006466711833496478
37,-0.00217055488585844,0.5882681527900377,0.00039095580886874733,0.0005980492519256896,-0.010142414528303374,0.0363995508325374,0.0005090523099606887,0.004250729744237632,0.0019278282548197347,0.6342297127409794,5.9398485646555864e-05,0.6484968164628273,0.00031617006680927903,0.950891577356701,-0.00025465607331105896,0.11239697815250448,0.02895854077214447,0.0012738575221306302,-0.0011233527680285602,5.7264555598271206e-05,-0.0019400573386135957,0.40993185060266657,0.0003658441814805639,8.99762962067333e-07,-0.016949513901768264,0.00014617260408010755,5.275814728680893e-05,0.691008466334671,1.0,0.006578541771182586,0.2911964066602992,0.03825656769813869,1.0,1.0,1.0,0.7867788470675313,0.012738575221306302,0.0007444392227775257,1.0,1.2596681468942663e-05,0.0017540712489612907,1.0,0.0004218561727005439,-0.0010053451105022006
38,0.008758896831939202,0.009427339160074518,-7.185858713793072e-05,0.5093752971134873,-0.003910400502048458,0.5340519610549943,0.00013972761053087653,0.41802322349802257,0.006228074484253424,0.03591098433333614,-8.109600354535398e-05,0.48429303302352633,-0.0010117270885348563,0.8465775930303157,-0.0003293423169622757,0.048778627924789694,-0.011615493563593007,0.1318859916709152,0.0005166027819041782,0.05407168821388514,0.0037628127641427776,0.21973720779547146,-9.000689315093661e-05,0.3617948815578499,-0.002212162147668838,0.7462181784539297,-8.402657797736424e-05,0.7055659162084733,0.13198274824104325,1.0,1.0,1.0,0.4668427963333699,1.0,1.0,0.5853435350974763,1.0,0.5947885703527365,1.0,1.0,1.0,1.0,0.000479254724651324,-0.00015645267307922984
39,0.005083210249751688,0.23789461587060856,5.184664074334262e-05,0.70531454272183,0.0009946309250198023,0.8594305365386351,-0.00023601555046201073,0.21043948122541334,0.01005692131198414,0.0025047241160813145,-0.00013573265082673545,0.10141219504638121,-0.0001648818405977044,0.9687740125781151,0.00012665171852035547,0.31151194512004343,-0.01010830303508236,0.2569558946369229,0.000265771795972214,0.3415628720810199,0.002132927792222194,0.4235732972341725,0.00013567762098929504,0.167120682996324,-0.007994506154636176,0.21456546277704447,-0.00020819949842999766,0.42901593135001437,1.0,1.0,1.0,1.0,0.035066137625138404,1.0,1.0,1.0,1.0,1.0,1.0,1.0,1.0,1.0,0.0003975816956788128,0.0007778994120718553
40,0.005485894496192106,0.05971388819300533,5.978223513806187e-05,0.4537588450736336,0.002435573563050635,0.6203088363216387,-4.692327867426857e-05,0.7402958239178353,0.004342225814495544,0.0823647548286909,0.00025647909826152445,0.027197659712945643,-0.007538894029344536,0.22746072357326852,-0.0002239727717949075,0.22342549409333867,0.0020100473418299927,0.7758437930659507,0.00011112487259439075,0.6030903707675044,0.0014238426441532286,0.6066496667746029,9.400023490818822e-05,0.386886002838316,-0.008158690635297805,0.1842689904888004,-0.0002504903845982047,0.22003296062394706,0.7762805465090692,1.0,1.0,1.0,0.9883770579442909,0.380767235981239,1.0,1.0,1.0,1.0,1.0,1.0,1.0,1.0,-0.0006622741378449485,-0.0010388870117190487
41,0.0021656373033671853,0.5984327789639021,-8.532250819771372e-05,0.5175185227044292,-0.0004958977416023978,0.9275420553854834,-0.00019887125964304232,0.2601798100609266,0.007801563218595672,0.003450925437101682,3.6047653817602437e-06,0.9708561732060982,-0.007868006504598695,0.15031499045584476,-0.0002668478653472005,0.12392882619407782,-0.005446810286832015,0.4795266970492924,0.0007552397418866606,0.016044777617369454,0.0031160656243826045,0.28633710905556387,0.00010327902042844867,0.1923371726619001,0.000727448758018701,0.8704006721072197,-0.0003110818557017594,0.014557396702283926,1.0,1.0,1.0,1.0,0.04831295611942355,1.0,1.0,1.0,1.0,0.19253733140843343,1.0,1.0,1.0,0.18924615712969103,0.0019924157129727746,0.001351422775856757
42,4.264778889523166e-05,0.9900421133256917,0.00010863840875076465,0.3702111680508664,-0.007596121629141599,0.09194352785178628,0.00026352349553971553,0.15217729153793177,-0.002376629279041537,0.46344862342862003,0.00026008701220602546,0.001243735346502803,0.006684064273425433,0.1740564851423657,-0.00029911118289539763,0.01203899953021028,0.0061502174845491425,0.48285399035054477,-0.0002344574997970487,0.39129631383472396,-0.0006401919049736226,0.8132600367725239,0.00017728930700035492,0.03139692227627507,-0.0022639856826928125,0.7449082868696366,-0.0002759695518206495,0.2417312016597032,1.0,1.0,1.0,1.0,1.0,0.01741229485103924,1.0,0.15650699389273365,1.0,1.0,1.0,0.37676306731530085,1.0,1.0,-0.00017303677259041303,-0.00138654031544101
43,0.0024801434883854273,0.5266998118092232,-1.4701883666032096e-07,0.998906521554413,0.0006072396265086215,0.9317268466917391,-0.00032481810672756894,0.14342948612719125,0.005609938268071757,0.07356196080352817,4.7737180476868056e-05,0.5787408242566364,0.001167429082300006,0.7865273034545672,2.695101897910383e-05,0.8560681627515838,-0.00022286111502038924,0.9874867485919582,0.0003518104218450912,0.48976602585543394,-0.0033706198275422253,0.18914207608655687,6.783781466287395e-05,0.4698207186717679,-0.0062712697684987094,0.4256307568737838,-0.0001693712904237107,0.5210947121239756,1.0,1.0,1.0,1.0,1.0,1.0,1.0,1.0,1.0,1.0,1.0,1.0,1.0,1.0,0.0009007898767911831,0.00018029311378002492
44,0.001713533650224066,0.6535992121871731,0.0001925581428856602,0.11717168437302333,-0.0014268762873221408,0.7372814223418306,0.0003343186095130947,0.043297997079569175,0.005277466607244249,0.16124432423806012,-0.00012435688626970926,0.304303802668755,-0.0031195246431871765,0.5169996122843601,1.52970944380747e-05,0.9257413984405278,-0.006398905019752343,0.5265462624338652,-0.0002949721262430695,0.423855973884828,0.0008454471494126118,0.706243564537189,3.706059817246151e-05,0.567523539647359,0.003108857585428643,0.521485357551067,-0.00015990540787991475,0.32022574102491974,1.0,1.0,1.0,0.6061719591139685,1.0,1.0,1.0,1.0,1.0,1.0,1.0,1.0,1.0,1.0,0.0006540991820354684,0.0010966126880693644
45,0.0016725252188043212,0.6931819796304358,0.00015031111997249548,0.27107044400382585,-0.007148600751480467,0.21576622740711882,0.000311956786969864,0.10117144148462234,0.004260464066175861,0.19706164463850762,0.00020345659854125852,0.06728792312457813,-0.005878304118277618,0.15144146977094333,3.302731553737888e-05,0.8161616151725669,0.006412129371011288,0.4747360643502153,-0.0004997661086711274,0.04323206521230815,-0.002544244371706644,0.2613116239552935,0.00013353277633291943,0.02372154230710214,0.003226029816464062,0.569703445154304,-0.000332518433916996,0.03653379475142144,1.0,1.0,1.0,1.0,1.0,0.7401671543703594,1.0,1.0,1.0,0.5187847825476978,1.0,0.33210159229943,1.0,0.47493933176847875,0.0007971888867143382,0.0002649662892884422
46,0.003700840320338855,0.33379296203431474,0.000166281248374984,0.12533550617501754,0.0019330356201744993,0.7321187391463944,-1.77932437246046e-05,0.94247832849202,0.010021237448259179,2.2847056280463867e-05,0.00012057506877486635,0.13918450649873096,-0.010219417331790421,0.06476733957673567,0.00015928376932774918,0.4243668966006836,0.005421719809742563,0.501069481533363,-0.00028056044710464775,0.3169091783397916,-0.0038983875376392405,0.08884721596944299,9.219756729708517e-05,0.12053968194079978,-0.006959028094380763,0.3595791445915608,-0.00023998397471601592,0.29270056303130054,1.0,1.0,1.0,1.0,0.00031985878792649414,1.0,0.8419754144975636,1.0,1.0,1.0,1.0,1.0,1.0,1.0,0.0022246886955493385,-2.4874624212080238e-05
47,-0.0017246021859652497,0.5556542830769311,0.0001632554648061974,0.13107277799293562,-0.0003844923288555862,0.9295202687607081,0.00010444661283268185,0.38904404325678255,0.006059370189012296,0.10159163512350919,5.519551900008022e-05,0.6506740702102525,-0.0029790877598288444,0.53430756091918,-0.00022380767396202288,0.048832453621322096,-0.0008842717564650407,0.9115103849212012,-5.397468125543198e-05,0.8436737907785066,-0.003245261183113883,0.3223844010113157,0.00016835430171787143,0.09875025599158559,0.0031583446944544098,0.5064907894920494,-0.0002134694781491965,0.15065510696531642,1.0,1.0,1.0,1.0,1.0,1.0,1.0,0.6836543506985093,1.0,1.0,1.0,1.0,1.0,1.0,0.0010916429458898628,-9.58107362445154e-05
48,0.0031683251729906245,0.3364518243362955,0.0001172153702590847,0.2227591374515887,-0.005575826707511267,0.22508185722344398,7.973683278752768e-05,0.6485557007823881,0.006748024863622422,0.06365116835642393,-6.127612145934912e-07,0.996053494628289,0.000827265970226348,0.8816167499097098,2.055143146487717e-05,0.9071249664659704,0.0019096631402023886,0.8016289444801028,-0.00027987359134763626,0.23247277172106562,-0.004494151843745297,0.12110798560185483,0.00017322902321449492,0.03840809690878934,-0.0025833004777534104,0.532282450007968,-0.00011024631154695347,0.40529252467832444,1.0,1.0,1.0,1.0,0.827465188633511,1.0,1.0,1.0,1.0,1.0,1.0,0.5377133567230508,1.0,1.0,0.000504828168072632,2.3113301141985382e-05
49,-0.0018663236574207823,0.5994885645773496,0.0003873094319471833,0.005179899112385606,-0.010333681274671337,0.08002440123169922,0.0002716227043456604,0.15200332342427653,0.006233472399112131,0.1408688346436452,0.0001484958584797822,0.2898440074281128,-0.002243467959412023,0.7686888971541854,-3.0108436526792883e-05,0.8879739861586995,0.01240469639507213,0.26618147557061367,-0.0004941392103939391,0.11377744982005455,-0.0019052898392895035,0.46287370469089617,0.00010618158679085015,0.19405352679434806,-0.0022894053633211128,0.7275901870904553,-0.0003893619495186314,0.09062221467101476,1.0,0.07251858757339849,1.0,1.0,1.0,1.0,1.0,1.0,1.0,1.0,1.0,1.0,1.0,1.0,0.0017155698000724524,-0.0006421437480011269
50,0.0009967085158405057,0.7940840171647099,5.231377466740613e-05,0.6902905459878901,-0.0024413749716317894,0.6374343327016614,8.950428013349815e-06,0.9463388857451484,0.0009293458415727844,0.7792284593426361,0.00021335004849130045,0.0890510959198226,-0.001547276836239578,0.7900608540073222,0.00012598132610013488,0.5101155898856748,0.012254451730498842,0.07905501084023156,-0.00037011459317867805,0.04353980909847648,-0.0036749095082262337,0.1477277412573552,0.00021044761097158975,0.025589412047545494,-0.0065169447974567215,0.1447986454977675,-0.00024092856508534848,0.06632498412849096,1.0,1.0,1.0,1.0,1.0,0.8905109591982261,1.0,1.0,0.8696051192425471,0.5660175182801943,1.0,0.3582517686656369,1.0,0.7958998095418914,0.00017787259314539563,-0.0005547795314570359
51,0.005004709249213528,0.06384588117666937,-2.736480386149252e-05,0.763160951973645,0.00040124903724582644,0.9200046484150538,-4.710075473925244e-05,0.7896061139849012,0.006628987342409839,0.06710371007011737,6.791800809278437e-05,0.5441272780025541,-0.00693120827460271,0.10600155092758352,0.0002010894945036113,0.16264161868425708,0.0012439323907682022,0.8653454827992697,9.264842637312679e-05,0.7195691498021857,0.003148400302615981,0.09537435291914184,1.640077542016955e-05,0.8019184506021572,-0.009496070325481464,0.11470542264713451,-0.0003035911109172922,0.08850259678967437,0.8938423364733712,1.0,1.0,1.0,0.8938423364733712,1.0,1.0,1.0,1.0,1.0,1.0,1.0,1.0,1.0,0.001698333045781223,0.0006645622318737641
52,0.0030625890188172465,0.6308770127196892,-6.123964456608043e-05,0.7815655681661802,-0.0004015575817667876,0.9403682476867534,2.7737307124313576e-05,0.8566590309550324,0.007759389629135729,0.027506315491940585,-5.542311697302466e-05,0.5443612162703981,0.0016400990030624996,0.7612642168536982,-0.00027413080124639923,0.06899287096435737,0.003208863526032758,0.7762047983597993,2.3039589610691966e-05,0.937278373079063,-0.008145304812490721,3.7440386972783957e-05,0.0002848242220275917,1.8327868555417363e-05,-0.007124079973663731,0.16204627581574815,5.519247369793946e-05,0.7436219498898364,1.0,1.0,1.0,1.0,0.330075785903287,1.0,1.0,0.758921580607931,1.0,1.0,0.00048672503064619145,0.00025659015977584306,1.0,1.0,0.0015859928030490147,0.0007113667592623735
53,0.0026112275937703318,0.4909257339757328,0.00021845600919591121,0.16179023324839203,0.0016867333357474753,0.7173670727420813,2.6977527652464967e-05,0.8634391059516986,0.003745898612333269,0.2802005649693764,9.564979629295438e-05,0.41706555646469035,-0.002904147718553578,0.5088958865273321,-0.0002589707435081244,0.04545919509976835,-0.003015262739502723,0.7707115235376137,2.630157755634654e-05,0.9505764337952091,-0.001259512499827691,0.6135141578838288,-2.3034305758656444e-05,0.800438413400437,-0.0008649376000094828,0.8581580861707336,-8.537982466385313e-05,0.6561740128439486,1.0,1.0,1.0,1.0,1.0,1.0,1.0,0.6364287313967568,1.0,1.0,1.0,1.0,1.0,1.0,0.00015295896641450847,4.565474845511078e-05
54,0.0003479384448722356,0.9152395008630111,0.0001719781072494361,0.06140956124733828,-0.0009129114153863327,0.8317097570207073,9.747702827380297e-05,0.5340005220064061,0.006057229125849707,0.007167109273557997,0.0001374768771206608,0.11751750998438723,-0.006762768107432227,0.1631760954913294,2.5129141437204792e-05,0.8670912625710228,0.008910766900483527,0.267278829405143,-1.0469905323301902e-06,0.9970147221822045,-0.0005716240209853068,0.8162328939642569,1.9624168869599423e-05,0.7459674807004377,-0.007068631246451349,0.17562576742021196,-0.00045063828561959845,0.008781412865207507,1.0,0.7369147349680594,1.0,1.0,0.10033952982981195,1.0,1.0,1.0,1.0,1.0,1.0,1.0,1.0,0.1141583672476976,-0.0007772509932682171,0.0004831722111659191
55,0.005156167447080875,0.11072748234713889,0.0001449037311419173,0.11276694955214846,0.005701302853136787,0.22650967311482373,0.00013681131963983476,0.4285855872446398,0.003629938051536986,0.3800399508033597,0.0001766958855592096,0.20260085459439992,-0.004741389491136475,0.23393748452227126,7.445554540398104e-05,0.5111909344099195,-0.0036953553123615173,0.6999511367389273,-0.0003531601660827816,0.15696239164947182,-0.002443322548145897,0.3892474768627757,0.0002358742284611465,0.008010281714300809,-0.0036073422717477384,0.4103328616049877,-0.00041558050712279875,0.004479072420724508,1.0,1.0,1.0,1.0,1.0,1.0,1.0,1.0,1.0,1.0,1.0,0.10413366228591052,1.0,0.0627070138901431,0.000616356144449442,7.081493602335422e-05
56,0.0028490515108549105,0.36268469722243113,-1.2723721703443906e-05,0.8930230306429008,0.0025441551813833595,0.6053329495526543,0.00013288130118761215,0.4533119316056221,0.011383379131952504,0.002635440198357836,-9.158743385827375e-05,0.45100953794877596,-0.0033758958621336785,0.38515640081762137,-0.00025270386896815515,0.017071023373050814,-0.015549698774471946,0.13719830798864613,0.00039688009859352555,0.2967470930480246,0.00012475757232637596,0.9498117298699473,3.0010193869782643e-05,0.7497096718131142,0.00202425270881515,0.6050430711656657,-0.00020275661926585047,0.13986122768398518,1.0,1.0,1.0,1.0,0.0368961627770097,1.0,1.0,0.22192330384966058,1.0,1.0,1.0,1.0,1.0,1.0,0.0010464609591245408,0.00041257974659098776
57,-0.0013923763828278379,0.65025833618625,0.00028425373240944564,0.002700441775101077,-0.004279811625034713,0.4105819798351815,0.0002893756182262387,0.12029372029157245,0.006730489245950492,0.026463736240305707,9.266918014372499e-05,0.4805992781830264,0.004906873603020801,0.27478833378081335,-0.0004656396827871866,0.00097807029413863,-0.004011570871764472,0.58624759654645,4.469680325285962e-05,0.8482483852835014,-0.0009258562479768327,0.7313155306653991,0.00016946906032960278,0.0633071640178313,-0.0010277473842746792,0.8354996785301552,-0.00041482464680645665,0.006218412444474764,1.0,0.035105743076314005,1.0,1.0,0.29110109864336275,1.0,1.0,0.01369298411794082,1.0,1.0,1.0,0.6330716401783131,1.0,0.07462094933369717,0.0014253135423402436,-0.0003165459992365198
58,0.004305217169790102,0.13882785139329124,1.5691712365005908e-05,0.8886490293157869,-0.003842182581452697,0.3659917547774696,3.85957586787739e-05,0.8170528505917155,0.007515923477325689,0.038331268562610675,4.908649670729468e-06,0.9651709804386825,-0.0007467436323610375,0.9069140235880181,-6.724125588014433e-05,0.7395646242065352,-0.0015907545419572289,0.8690479392993897,8.589205742503303e-05,0.7934171588735976,-0.002410356741015032,0.3026182270290859,2.294525175568906e-05,0.7878911666981978,-0.0032311032158856725,0.491213055039462,-0.00010079214115603285,0.524266964586929,1.0,1.0,1.0,1.0,0.5366377598765495,1.0,1.0,1.0,1.0,1.0,1.0,1.0,1.0,1.0,0.00039835676039875947,0.00055191091471984
59,-0.004862002525420489,0.29641982443912107,0.00018401580568806256,0.17162872032833054,-0.01133092456357943,0.02053544052476985,0.00025337887924457695,0.12464335247040283,0.008337214878777756,0.000670434264587124,-9.357612394876847e-05,0.23277993384816298,-0.005258114865588287,0.24520911510015697,-0.00010967794683899234,0.3932508983295675,0.010275052222402624,0.16215547260296848,0.00023244275770813538,0.37802834961322995,-0.0022114643879513436,0.3911913086773118,-1.571735817674579e-05,0.8748167915163587,0.005050239939921329,0.35213530317429276,-0.00045086599504429235,0.001800670144520387,1.0,1.0,0.2464252862972382,1.0,0.009386079704219737,1.0,1.0,1.0,1.0,1.0,1.0,1.0,1.0,0.02340871187876503,0.0016263724818189101,-0.0003783405725299624
60,-0.0021161067044043616,0.6806570500112932,0.00016697533961403498,0.32239489641165076,-0.012345627942149653,0.07952619282271582,0.00013940713106548952,0.5284681621810684,0.010725745704626257,5.931522478524453e-05,-0.00021153943075836952,0.0065968341632522765,-0.0015461193109036775,0.754629928449062,0.0001318068402331182,0.40991085002259653,0.00448963823390612,0.663400987203054,0.00022087570008126001,0.5537847626981001,0.0013100632119852473,0.6090109550450817,4.613258411209508e-05,0.5657494045417601,-0.0005175917859612839,0.9121690473499051,-0.0004936581793283379,0.009680400694768205,1.0,1.0,0.874788121049874,1.0,0.0008304131469934234,0.08575884412227959,1.0,1.0,1.0,1.0,1.0,1.0,1.0,0.11616480833721846,0.002676523221508827,5.800415595401023e-05
61,-0.0024818379414396994,0.48671808140458006,0.00013814554092139315,0.2436324837999625,-0.007095247282372361,0.16102318042473407,0.0002985239835324042,0.09744415291913054,0.00806611530169505,0.013056776312541662,-2.3900567567604412e-06,0.98255327638489,0.0023092167967644745,0.5834799969134696,7.570584777695754e-05,0.5640727133342579,0.003577743601181296,0.7134298132896533,-0.000696813554811926,0.09120078599798555,0.0014621914575703575,0.5858671835455987,0.00012058405470107393,0.23371583596621626,-0.005838181266854874,0.36921723672146034,6.624418613055084e-05,0.749132591677913,1.0,1.0,1.0,1.0,0.18279486837558326,1.0,1.0,1.0,1.0,1.0,1.0,1.0,1.0,1.0,0.0004936372003791812,-3.7384719782227134e-05
62,0.00479852137700399,0.2536774202999267,7.056847053203677e-05,0.5589370849733583,0.002629504067277619,0.6033681995626237,1.862213225674257e-06,0.9927740948082385,0.010630368662324882,0.00028425047367740383,-0.00017628444944227758,0.0290912938161674,0.0008859937326447844,0.8046675943831779,-0.00011216261158787443,0.32404726286282115,-0.009316059970218213,0.3207243662133241,0.0002930397003070552,0.2892877250239091,0.00045266729721992675,0.8243963132519578,-7.532343125639968e-06,0.9235252286131179,-0.010080997460768666,0.04314538813282412,-6.949094054472805e-05,0.7033781580640517,1.0,1.0,1.0,1.0,0.003979506631483653,0.3781868196101762,1.0,1.0,1.0,1.0,1.0,1.0,0.5177446575938894,1.0,0.0011586242457351298,0.0012799929471796225
63,-0.0011211663142589783,0.7324993090291245,0.00012562802929528153,0.16834599071280176,-0.0070339121572699625,0.13739763348288422,0.00022576443266694707,0.1016471196166418,0.00396355910931922,0.14631016431417607,9.622449611510191e-05,0.271304490683558,-0.003269243699537222,0.5262367584052824,-0.0004766824756253261,0.025526949884826938,0.005684207244580593,0.5376521097099392,0.00029491313709068646,0.3074203103359745,-0.0008785047856136112,0.7645478795743761,0.00011306851158529153,0.17819684212315634,0.0026550607115930504,0.5353447709029111,-0.00037891609391905957,0.0011275174505579132,1.0,1.0,1.0,1.0,1.0,1.0,1.0,0.3318503485027502,1.0,1.0,1.0,1.0,1.0,0.015785244307810784,0.0010559038447193045,-0.0009568490764999145
64,0.0010489828389401551,0.7690706270570957,0.00021171210862909101,0.07750050775279937,-0.0025042061845391927,0.6079357122284748,0.00011025259401273378,0.5600102620505695,0.004562973607974564,0.24963028743287463,9.539184672887e-05,0.5176625350322384,0.0005550514521925106,0.893872813651071,-0.00022140522888713094,0.10678653221227165,0.0008066183271644883,0.9291946407876479,-0.00047184502816839625,0.05116599614440728,-0.002134673402849808,0.4324227277398447,0.00030207658210487415,0.00021833845724144932,-0.0023347466612774264,0.572030373464772,-2.618284120101194e-05,0.8157883146594063,1.0,0.9300060930335925,1.0,1.0,1.0,1.0,1.0,1.0,1.0,0.6651579498772947,1.0,0.0030567384013802904,1.0,1.0,-0.0006958755419875893,-0.0005573164628814494
65,0.0028736271541181468,0.38001718752393265,1.6093573877313712e-05,0.8938849235318711,-0.009301806234971025,0.03758095789334638,0.00018047236486165344,0.1800971640266582,0.004886019912080069,0.18557766472853898,-8.332985057890747e-05,0.4870777254308437,0.002877674068996294,0.4216025047159273,-8.62546965370099e-05,0.4865895294487681,-0.007962724426468913,0.30179001979148645,5.13806177028955e-05,0.8696328099465698,-0.0036377158858901934,0.2250469903972835,0.00016449962068338747,0.05981941885089599,0.01026492674559412,0.02645327213008599,-0.00024286166878124106,0.09229503297892833,1.0,1.0,0.48855245261350294,1.0,1.0,1.0,1.0,1.0,1.0,1.0,1.0,0.717833026210752,0.37034580982120385,1.0,0.0007437255456322124,-0.0008920237919694467
66,-0.0007759519999597684,0.8189256872050634,8.614090515471615e-05,0.41023611817444217,-0.002065663954431519,0.5572726427778647,-4.870282042485148e-05,0.6682699594024216,0.0008839999687388226,0.8347765405951129,0.00029642952611767977,0.035315765686691904,0.0004605263850495622,0.9233201787129948,-0.00014597628889906534,0.2549377159472066,0.007863070138388894,0.3122511614714971,-0.00020002084736421552,0.38142752344818465,-0.0030324495962334077,0.16724008356381703,9.891142078549379e-05,0.2243042308442159,-0.003333532242873252,0.5904674029073977,-8.678184375856671e-05,0.64491703769521,1.0,1.0,1.0,1.0,1.0,0.49442071961368667,1.0,1.0,1.0,1.0,1.0,1.0,1.0,1.0,-0.0013531196497344527,0.0003333419225773034
67,-0.0017184524158854854,0.6860047488771872,-5.425305984539691e-05,0.6934814990202748,-0.00676516817685429,0.16012582866194702,1.1072021589550062e-05,0.9461661600167627,0.0042540790975585325,0.16845621549557344,-1.0189471645392604e-05,0.9024007650899274,-0.0028227500169806284,0.5552789803120803,-6.0238922891451196e-05,0.7231566004937104,0.003657844904594575,0.7115547383873047,0.0007023761557759477,0.03161244760525083,-0.00047998163781609983,0.8439011013823309,-0.000106929679349981,0.2354779995044095,0.00387442849876602,0.49523243246581894,-0.0004818370494922785,0.0032404390799945317,1.0,1.0,1.0,1.0,1.0,1.0,1.0,1.0,1.0,0.4109618188682608,1.0,1.0,1.0,0.04536614711992344,0.0004387621045130319,2.218295535619975e-05
68,0.005568067249317551,0.1486500649829495,9.685972671283039e-05,0.42957105223631153,0.007563553152256212,0.15135188513906647,0.00016555720868262434,0.3102169166984359,0.006238335306902622,0.018874999274351174,0.00010342394100375494,0.1619075330289178,0.008454462024237774,0.12192417070869715,-0.0001889045890560365,0.2033643993061639,-0.017266166666206447,0.07574322603451922,0.0001471971673989064,0.5902649937920372,0.0001112908705533493,0.9666173146609934,-5.441583437509966e-05,0.5092422371129972,-0.010669543447701744,0.02104421971565095,-0.00026971757176286827,0.04692625372394822,1.0,1.0,1.0,1.0,0.2642499898409164,1.0,1.0,1.0,0.8331754863797114,1.0,1.0,1.0,0.27357485630346234,0.5631150446873787,0.0008498366704590427,1.558349162675346e-05
69,-0.0015206975192366633,0.6932870415475996,0.0002793113578547302,0.009227598559752486,-0.009549176023538313,0.1007113697421585,0.0002666392941440302,0.15597193146884344,0.011905633539641025,0.001059190608210527,-1.7589643235255747e-05,0.8730128522856797,-0.0028230942864602114,0.4033401955822441,-0.00021114886819489676,0.07249215634735734,0.013647076131716484,0.13882033960895668,-0.00028432243235254693,0.3405587343456853,-0.00315900553498983,0.2820909654263357,0.00016375095211168842,0.09562262674867805,-0.008500736392082915,0.12481561267252672,-0.00019664068888021387,0.1861537900074809,1.0,0.11995878127678232,1.0,1.0,0.01482866851494738,1.0,1.0,0.8699058761682881,1.0,1.0,1.0,1.0,1.0,1.0,0.0016685812518147185,-0.00013625739903123452
70,-0.001616319607811558,0.7057325685180246,0.00021951149541437327,0.1125106848417714,-0.005516081594934178,0.15406305346876248,0.00022469153647234718,0.045487334231122584,0.006376876170465362,0.04560446796764915,0.00011694235653288638,0.31662551272885,9.579367595991846e-05,0.9855492744007337,-0.0002253745129221533,0.1360732712036554,-0.0050324350100703335,0.3328972524651077,2.663686601939445e-05,0.8769601249952531,-0.0002488071004004915,0.9284104169551508,0.00018321755509532217,0.04424669210447142,0.0059409737048489045,0.3327908473937302,-0.0005456253212978706,0.0019012755496523252,1.0,1.0,1.0,0.5752069973581285,0.5752069973581285,1.0,1.0,1.0,1.0,1.0,1.0,0.5752069973581285,1.0,0.026617857695132554,0.0021469232612748015,-0.00024871950156124377
71,0.0028500588961284236,0.5282699743599097,0.0001781265043877555,0.2209963258708766,-0.004815932879974826,0.35927047243891763,0.0003530805460391346,0.07056545379583035,0.0025380769031644094,0.41363336143107654,4.092220268272959e-05,0.7099176160828184,-0.0014842356264713203,0.7719544807318928,-0.00012083529578529016,0.46085379670412285,0.002148338097953884,0.8113070877599939,-7.570447519228947e-05,0.7722553112211025,0.001328600383290699,0.5755205511852761,2.0177299496136682e-05,0.7687662116293821,-0.0025649050287637333,0.6080222126460493,-0.00039576679397478726,0.010358650158464868,1.0,1.0,1.0,0.9173508993457945,1.0,1.0,1.0,1.0,1.0,1.0,1.0,1.0,1.0,0.14502110221850817,0.0005288615234204679,-0.0009564596521496542
72,0.0017520077312614762,0.6880375681271094,0.0001754628751217099,0.28105554924207854,-0.0002989148257939588,0.9587535636693028,0.0003424461448469217,0.09402442045661254,0.0002434552975646909,0.9403300191316085,0.00024366996790768257,0.05502561434968408,-0.010898334001666133,0.02928502224085,0.00016524968113503698,0.29502483561045023,0.01102835517331047,0.18371038966495967,-0.00043240672612725623,0.1719501216327397,-0.004801278227098573,0.029346220112533593,0.00011567396411177685,0.09248490337030163,0.002974708094253965,0.632627412729666,-0.0006100958250682355,0.002538030313362316,1.0,1.0,1.0,0.9248490337030163,1.0,0.6052817578465249,0.38070528913105,1.0,1.0,1.0,0.38070528913105,0.9248490337030163,1.0,0.03553242438707242,-1.4267529580990772e-05,0.00013840233304206876
73,-0.0017731623819159932,0.5801560240027674,0.00025797988444651524,0.004488363245677727,-0.009262559257202886,0.18987262555478446,0.00022941945648972684,0.3471072407657756,0.013824912486355744,7.389649978128104e-07,-0.00013089537477059126,0.09612376467727499,4.816015576156012e-05,0.9939007878680151,-0.00019960173663641204,0.28119700803620384,-0.00554467713999796,0.599572173581757,0.0003699055063978109,0.313593597066098,-0.005188594701921943,0.05458706984398729,-0.00017709954056441304,0.0704990533054655,0.007895921423367437,0.043755195968232456,-0.0003497082419910398,0.024830963967057685,1.0,0.058348722193810446,1.0,1.0,1.0345509969379346e-05,0.7689901174181999,1.0,1.0,1.0,1.0,0.5458706984398729,0.6344914797491895,0.48130715565055704,0.29797156760469223,0.0019039784657360627,-0.0013115535615638152
74,-0.0013997935922437262,0.7404740624551938,7.711123513462646e-05,0.5901993323582371,0.0014157765473315578,0.7695448139708376,-9.004424177724206e-05,0.6237390148535993,0.008179924360242764,0.0005571934675198409,-0.0001584783441569318,0.04729015178298989,-0.003689786337472525,0.543792111073216,-1.982395960098467e-05,0.8954398605490496,-0.0015958510110675396,0.867288417604898,0.0002000335098534243,0.5545816538924628,-0.0010058549314238678,0.6801906295672537,0.00020022126298043535,0.09523206315984299,-0.001904414831421787,0.7183454769931417,-0.00020901947396404454,0.31979661630581546,1.0,1.0,1.0,1.0,0.0078007085452777725,0.6147719731788686,1.0,1.0,1.0,1.0,1.0,1.0,1.0,1.0,-0.001327682250152905,0.0010856711154838188
75,-0.006725463009549107,0.04084627152647875,0.000455711913817653,1.32359370275728e-05,-0.015448023310811595,0.007070184103496753,0.0007692978975034464,4.202214972725266e-05,-0.00033624071219839273,0.9345830648365758,0.00016772657757438585,0.19342862132482153,0.011113233676967094,0.06396702503155272,-0.0001956696356737106,0.442102242497155,0.012372361184451534,0.1411942266426369,-0.0007280562176860278,0.00883808858498791,-0.005180861539970298,0.056863330263215245,0.0001660917815795632,0.08214998940327715,0.004204993890910862,0.47052353204940567,-0.0006351023184090348,0.0011328281356204491,0.36761644373830876,0.0001853031183860192,0.07777202513846429,0.0005462879464542846,1.0,0.7737144852992861,0.45490664210572196,1.0,0.7059711332131845,0.0883808858498791,0.45490664210572196,0.4928999364196629,1.0,0.01359393762744539,0.00013331077546727021,-0.001482880677348386
76,-0.0011982155206632038,0.7559917025666698,0.00020240527772875084,0.167360321586407,0.0010882009362737138,0.8132886680124438,-1.0954525224455964e-05,0.9487857247096827,0.005718935024230178,0.1521805321783537,0.00010363056315774184,0.4167997876572058,0.0050736925439757285,0.3193878958119043,-0.00018281090542619313,0.14822453742564773,0.0038365504048870234,0.6956659782704434,-0.00029917541167231526,0.36048383664518446,-0.0031537827680674945,0.1878027754318311,6.539379397684583e-05,0.365586123338943,-0.011365380425053574,0.034131694295825486,0.00012151117192003421,0.4845297340672561,1.0,1.0,1.0,1.0,1.0,1.0,1.0,1.0,1.0,1.0,1.0,1.0,0.4778437201415568,1.0,0.0005418742326339588,0.00021300476179895935
77,0.005026071400505171,0.1779831947305145,6.51708102185315e-05,0.5931514728395808,-0.006160913707588863,0.19796748157211508,0.0003373574262432717,0.0819394850500994,0.010307952987834578,0.0016545344924221116,5.108968802820602e-05,0.6463305986607168,-0.010314018296482395,0.004901845711846737,0.0002571039900138715,0.012739841604366399,0.007210619412031262,0.44326054633576906,-0.0007443096528069246,0.03893192252587886,-0.0038921549878358,0.10819728253327844,0.00014698179717620696,0.06623445496638418,-0.0021775567126896297,0.7358786744185788,-0.00011339405532188027,0.6057053485217153,1.0,1.0,1.0,0.7374553654508946,0.023163482893909564,1.0,0.06372399425400758,0.1528780992523968,1.0,0.4282511477846675,0.8655782602662275,0.6623445496638418,1.0,1.0,0.002294089743493705,0.001050869627982792
78,0.0003102787073408893,0.9531941435226183,0.00025298563382587157,0.08168690140486111,-0.001079833384764299,0.8538951692225071,0.0002629090847068235,0.10376445312395847,0.004509311123526721,0.10707060474344382,8.811102397935588e-05,0.3716368098440822,-0.005907216484566612,0.23641175334351394,2.7544449817999796e-05,0.8781003260674674,0.007122072521672405,0.5354061728057118,-0.000194006182450843,0.5515157668613255,-0.0037315018478551645,0.12366602422415247,-1.4657629369194539e-05,0.8659949192390936,-0.0012231104037094761,0.8177323743786933,-0.0004228863660436701,0.020268534390162317,1.0,1.0,1.0,1.0,1.0,1.0,1.0,1.0,1.0,1.0,1.0,1.0,1.0,0.2837594814622724,0.0006074617146442586,0.0005137145487865368
79,0.007228813761279627,0.09894436305818238,-9.379439065523677e-05,0.577606262119939,0.0019248870840638866,0.7240928151280983,-6.827206887535864e-05,0.7255030631773158,0.006836771752439772,0.03571146236080412,-8.782000889913991e-05,0.26961785390224813,-0.009106478945724864,0.095341489477596,0.000148419146012566,0.42370520558255154,-0.0030059536136508454,0.6692528371340645,0.0002024670816758951,0.41856751345958165,1.72139872547114e-05,0.9938134115388454,2.234381845684499e-06,0.9734270241238298,-0.0038952537135574093,0.4187537619565711,-0.00010323404969213668,0.4911684457780766,1.0,1.0,1.0,1.0,0.4999604730512577,1.0,1.0,1.0,1.0,1.0,1.0,1.0,1.0,1.0,0.0008368828145584941,0.0004512563601372151
80,0.0012786887435122035,0.6625044859644076,0.0003234103303941152,0.009723297034637958,-0.00939550569956468,0.07677964542341734,0.0002838580143682655,0.14812267322075617,-0.0003909516286135985,0.8898343431896555,0.00015629290456475444,0.08482622336064058,0.0003166922986871526,0.9503149140857432,-0.00031587477596706724,0.0060177558088993196,0.0043196594064364114,0.6224956411602034,0.00036825722417505345,0.2791449416130559,0.0027031249949150795,0.2509063407806936,-0.00013987185434926735,0.06582088244767645,0.0011682940892174525,0.8132773883428432,-0.0006760718323657986,1.018907970240222e-05,1.0,0.1166795644156555,0.7677964542341733,1.0,1.0,0.7677964542341733,1.0,0.07823082551569116,1.0,1.0,1.0,0.7240297069244409,1.0,0.00014264711583363108,0.0004661939145702741,-0.0011751428475742674
81,0.010108116309670108,0.009457321950676754,0.00020179140559219543,0.0570145667070878,-0.006425847898322874,0.2206090445303751,0.0003839994773473271,0.008324235620149846,0.0010905083734255143,0.7357691207585636,1.0516631969845239e-05,0.91313588667953,-0.0014884281275983088,0.705863444114724,-7.660112086558357e-05,0.5203109280959639,0.011634244854568756,0.09941148904170931,-0.0008373246168991412,0.0001402475223692297,-0.004415589026388841,0.10849931375521063,0.0001796304651524563,0.007684205972564396,-0.010503005206224178,0.11510143282392271,0.00013798777919410857,0.4947068963230773,0.1040305414574443,0.570145667070878,1.0,0.09989467764333715,1.0,1.0,1.0,1.0,0.8947034013753837,0.0019634653131692156,0.8947034013753837,0.09989467764333715,0.8947034013753837,1.0,-0.0006453569494325801,-0.0003184552604622263
82,0.006706236867592989,0.04743316184909623,0.0001182986280048302,0.16691443824377283,0.00837672270460404,0.1531475353093519,-0.0001475018019694234,0.48660430768636687,0.004474544808758389,0.27173368505493734,-3.269313015091488e-05,0.7742909821167554,-0.0013007310512884293,0.7728818516913525,-4.2882271015128003e-05,0.7264025080923084,-0.007310376048721659,0.6513033299462707,0.0002165720420349796,0.6514150894115329,-0.003387509247418505,0.18847177555139272,5.711946996925315e-05,0.5182472604373791,-0.007558888541829168,0.30459569712295687,-0.00016891294273235557,0.46591573467649494,0.6640642658873472,1.0,1.0,1.0,1.0,1.0,1.0,1.0,1.0,1.0,1.0,1.0,1.0,1.0,0.000807868355507538,-2.6896168815763943e-06
83,-0.004757755938936521,0.14970354038027436,0.00018779806294780035,0.10984034551410289,-0.008818201919258103,0.2452663898402513,0.0001804020560782564,0.5180147716961798,0.003687173187778176,0.08996732238664452,-1.35330894160188e-05,0.8529925486060381,0.001775505361312584,0.7199423142601934,-0.00044140573169297614,0.0026692436984849695,0.010812703059415698,0.3391960197083419,0.0003357541431903669,0.45028819801052833,-0.0024855486189373725,0.22606725138888162,4.450250934120583e-05,0.5263531405393558,-0.0002138760668766131,0.9730353557745414,-0.0002935179026049235,0.0981728122574905,1.0,1.0,1.0,1.0,1.0,1.0,1.0,0.03736941177878957,1.0,1.0,1.0,1.0,1.0,1.0,0.0020437832298605984,1.4650051011194796e-05
84,0.007076465746956973,0.06508720752566464,7.751047102614899e-05,0.4199994409327664,0.0021089987098498082,0.7164028721678769,0.00014316362778168089,0.45354954895670874,0.00785690716951211,0.005867257212274101,-1.302730730230656e-05,0.907239716526051,-0.0035836417072571936,0.42476168932968084,-5.7363025961427784e-05,0.6632782587062579,0.0020297646654302685,0.8315711303204765,7.008372240515471e-05,0.8414949626273303,-0.004061731112293957,0.10658811072635356,1.6374851215066006e-05,0.8522006857318456,-0.011426762839741275,0.018476167656079272,-0.00023674231163798873,0.16516879053849232,0.7810464903079757,1.0,1.0,1.0,0.08214160097183741,1.0,1.0,1.0,1.0,1.0,1.0,1.0,0.24019017952903055,1.0,0.0013556549743843583,0.0011978702727748229
85,0.0010041400201775382,0.8060537206657828,0.0002739270454478208,0.01746737168457997,-0.005923839508724666,0.3935140604714412,0.0004681970216167341,0.04457527729186824,0.006314230675750911,0.07573462510946945,0.0001171135657157436,0.3796204599865858,-0.002060961421662089,0.6666153887872904,-0.0001358077175675685,0.4170792290648765,0.007933331091051819,0.5261912126426487,-8.369168319577385e-05,0.853473807462821,0.0015463921494839716,0.4792831045610755,2.8987444979648996e-05,0.6870040107240943,-0.008813295826846186,0.10292927270712517,-0.0006687256194806762,0.00303317194678943,1.0,0.22707583189953962,1.0,0.5349033275024189,0.8330808762041639,1.0,1.0,1.0,1.0,1.0,1.0,1.0,1.0,0.042464407255052024,0.0014464973549462648,-0.00043914653243427496
86,0.002888875192431649,0.5205780834012083,-0.00013221311177558892,0.3651832249989855,0.005691769715358686,0.14167791775722083,3.5009075839430017e-06,0.9804571642417086,0.006025341029397764,0.08476168465753718,-2.8259633074802506e-05,0.8178392044474307,-0.015526713946957744,0.004999498940036688,0.00016243166379073033,0.34759686739637496,0.010924138138975697,0.34035044345694,0.00021670276391299616,0.5729203761701961,-0.005118845479400459,0.026070935281194082,3.646041716010316e-05,0.6619298383100306,-0.0048845641571586065,0.46305248625377005,-0.00025862297350383393,0.29044957862887744,1.0,1.0,1.0,1.0,1.0,1.0,0.06999298516051364,1.0,1.0,1.0,0.33892215865552305,1.0,1.0,1.0,0.0016345945290622969,0.0011668370613340095
87,0.0027544712586905777,0.5032581045666935,8.128290347537557e-05,0.5809493094434457,-0.0011831607536269897,0.7906004396629149,0.0001488634966727099,0.3450523050884001,0.00791101635312205,0.010694649189635296,0.00019522917612525741,0.05120801332744312,-0.007043101875295071,0.28928317316648366,-5.1822141533823066e-05,0.7582845462346843,0.005288499541639252,0.572731646044236,-0.00042175042862521364,0.22698413727661415,0.00023163426705339216,0.9241929354029473,0.00014445956992198205,0.10522122771906617,-0.007959360419197982,0.10156947298200543,-9.626260802882928e-05,0.5307131524912141,1.0,1.0,1.0,1.0,0.14972508865489415,0.6657041732567606,1.0,1.0,1.0,1.0,1.0,1.0,1.0,1.0,0.0015645846209960453,0.0003791488016611823
88,0.002750993164925054,0.5088603451480873,-5.039721400673696e-05,0.7419963387721024,-0.004066642676315983,0.43645632275611446,-9.307087633559346e-05,0.5254731286012646,0.006447711337404866,0.03523142065311653,-4.0172691362172055e-05,0.6562404304617618,0.0008140803193708527,0.8787776004135106,0.0001317388596719739,0.440459456922919,-0.00555270390222596,0.4592720516303834,0.00018620497056854137,0.4278473292451499,0.0009637174013991679,0.6859095310205365,0.00014951467500479187,0.10726587814520305,-0.0013571552262806187,0.7836347182768096,-0.0002838177218692794,0.05564069710762498,1.0,1.0,1.0,1.0,0.4932398891436315,1.0,1.0,1.0,1.0,1.0,1.0,1.0,1.0,0.7233290623991248,0.0004480861395320212,-0.0005030600785836966
89,0.004533239778185897,0.19516276290768608,0.00017191588598017282,0.17734967822488812,-0.0011629249006579595,0.8040982218740452,0.00018090761891967775,0.19213222124782992,0.008809285626606614,0.011803943603280468,5.520863341979643e-05,0.6773710958220005,-0.006782094931779978,0.18284509145188366,-6.184332100999426e-05,0.7298961526331527,-0.0013493471523584116,0.8426488096691175,-0.00028066040155231073,0.195636572902683,0.0012118129897653299,0.5911959686356228,0.00016176932952843758,0.0820559662719344,-0.0052599708652808835,0.4602681045018029,-0.00022729770766243782,0.35357422874368016,1.0,1.0,1.0,1.0,0.16525521044592656,1.0,1.0,1.0,1.0,1.0,1.0,1.0,1.0,1.0,0.001776489716810622,0.001226270827868242
90,0.0027331489690606945,0.5169226462019894,9.330238817642539e-05,0.40228805325881156,0.0012446953337454483,0.733398581944215,0.00018094418255299656,0.20794883567804034,0.012052779900818492,2.975788797016308e-05,-7.502184899942045e-05,0.3394536590839543,-0.002764521941418393,0.52148742569962,-0.00019244512170324838,0.11096741836564568,-0.005987349068557911,0.4491305804191952,0.0005583141535938592,0.05432175303006663,0.0011769926745789985,0.5521061618069742,-4.113006512767378e-05,0.6218429197940135,-0.008455745845345829,0.2174985878860316,-0.0005239636842016773,0.06951831163176167,1.0,1.0,1.0,1.0,0.00041661043158228313,1.0,1.0,1.0,1.0,0.7061827893908662,1.0,1.0,1.0,0.83421973958114,0.0006992834320561032,0.0006627716208798808
91,0.004319165983656896,0.29148720147720086,-9.214150758667232e-05,0.5514740330852994,-0.0035510505129586717,0.5244090036911921,-3.3066483273826344e-05,0.8474299653443061,0.012522941973581381,1.6872532768293e-05,-0.00023873725645789983,0.0019404597414780416,-0.0022199591619685107,0.5610546642200576,-3.940342789676737e-06,0.9758248181503333,-0.015274902849080065,0.0732272309216049,0.0006298790084586964,0.09335288429405114,0.0014302399337529693,0.6133485113946702,6.923980170942155e-05,0.5977374564474985,0.0027735640084668046,0.5879078753991525,-0.0003312332241900919,0.09533696242061812,1.0,1.0,1.0,1.0,0.00023621545875610202,0.02522597663921454,1.0,1.0,0.8787267710592588,1.0,1.0,1.0,1.0,1.0,0.001056063852157852,0.0009884392456072514
92,-0.0031361753184714265,0.36350724452463823,0.00018168130233751212,0.08722585087403409,-0.01279043226565128,0.0008675431394344662,0.0005591943376536146,7.278703756752545e-05,0.0072668836626096495,0.003439521187539682,-9.627939296772893e-05,0.37369034447667226,-0.0016474342920079956,0.7470926150630204,2.1908118368925638e-05,0.8865017112771397,0.013146793142115953,0.13793026033129654,-0.0002592577183229578,0.4468128417681655,-0.003842462231362908,0.06979573296965665,0.0001760355177254285,0.015055512289501943,0.0010028263273541872,0.8521784186535678,-0.000583282187485694,0.0004713442727479124,1.0,0.6978068069922727,0.010410517673213594,0.0010190185259453563,0.037834733062936506,1.0,1.0,1.0,0.9655118223190758,1.0,0.6281615967269099,0.15055512289501943,1.0,0.006127475545722861,-6.3527070592582e-05,0.0005369921647304547
93,0.0012366098752622304,0.8022544455311322,5.2698844578401006e-05,0.7690549155634174,-0.00785355288862311,0.028162137063237405,0.00033475857363384225,0.03733296685338913,0.0056598560750596395,0.08449097593978816,0.00017090570043172654,0.04782977822708427,0.0006295659116438281,0.9017335776667655,2.450369372860376e-05,0.906500768991657,0.002130076905911811,0.8088044016488003,-0.00040269565438795214,0.07103192386256772,0.0034037602212610325,0.18078544175090427,5.353889469329973e-05,0.5127071577284912,-0.005206313915247392,0.4267466021727565,-0.00023371006977152662,0.18386880850453158,1.0,1.0,0.3942699188853237,0.48532856909405875,0.8449097593978816,0.5739573387250112,1.0,1.0,1.0,0.781351162488245,1.0,1.0,1.0,1.0,0.0003006486578124621,-0.00015281758564035115
94,-0.0005536072731055606,0.871450106450945,0.0002516008638648898,0.031715740155659526,0.002604314127827306,0.6553647240540934,-4.1235491791763475e-05,0.8234636824701294,0.0019114140149927112,0.44958057319072586,0.00021892359386080685,0.01696304360246184,0.001400335261504789,0.7365258151409013,-0.00016074466506673383,0.1474556446091962,0.005108916362809109,0.6886466725136666,-0.00033448234555550835,0.3744430633803242,-0.002988478542692126,0.26036522030690024,2.407166515351134e-05,0.8089537202329767,-0.007482893414843177,0.3160906415190431,4.18663552097226e-05,0.8658628309905786,1.0,0.4123046220235738,1.0,1.0,1.0,0.23748261043446578,1.0,1.0,1.0,1.0,1.0,1.0,1.0,1.0,-0.001868122869446153,-0.0009724187430427874
95,0.003168214761309535,0.3206674871689039,8.917765627661029e-05,0.4190210531844536,-0.009169702327613665,0.07939651603808551,0.00017971154423450427,0.3918949910636317,0.006348849452548835,0.015635596676374194,1.9709543707125682e-05,0.8324668954820702,0.002414706005925206,0.6608300489227351,-0.0002503093707376638,0.2086761961700605,0.006119878342875678,0.46055410118647777,0.00022973809788116455,0.5641904564706954,-0.0031890764400797117,0.30820069631444114,2.0007177678691093e-05,0.8484284116382875,-0.0056928715162830245,0.3436227519609585,-0.0002880346199413349,0.11974491507034155,1.0,1.0,1.0,1.0,0.21889835346923872,1.0,1.0,1.0,1.0,1.0,1.0,1.0,1.0,1.0,0.0008715810557836996,-0.0015217982614131498
96,0.001874869781245992,0.6784179438208326,-7.256901411648087e-05,0.5807859128085673,-0.0066795220524579965,0.22797908740791994,-1.671948090469372e-05,0.9230467809535571,0.008000542004382027,0.020779568526638037,-8.58224764636279e-05,0.4736889524452249,0.0012183392118485705,0.7999851590276428,-9.660374155445692e-05,0.436642788198331,-0.003275755426139096,0.7126617822397946,0.0004020025406252862,0.2092067586483043,-0.004925809502291325,0.015116853531401386,0.00028356386232227416,2.249355674219066e-06,0.0037873367483850784,0.5854035724325859,-0.0004138516970261483,0.09029076572466435,1.0,1.0,1.0,1.0,0.24935482231965644,1.0,1.0,1.0,1.0,1.0,0.196519095908218,3.1490979439066924e-05,1.0,0.9931984229713079,6.283271691389804e-05,-6.119288403313753e-05
97,-0.0011925905024625634,0.7563865687912149,0.000329444396147874,0.0007187250725900222,-0.006826665825312069,0.2705407467235156,0.00017683365713182247,0.31885269069159816,0.008948272830779461,0.010452693712102282,-4.677737128053919e-05,0.6560832379288097,-0.005233301662719661,0.3181956601375351,-8.678308409312908e-05,0.5888112051287056,0.01379569662652798,0.17393293295712786,-0.00016568541730922458,0.5170558102051578,-6.33024532118505e-05,0.9824220513637502,-7.680714892157127e-05,0.4268036145916789,-0.009428108987202623,0.05213497657581146,-0.00013022501502065663,0.41380557627573933,1.0,0.010062151016260311,1.0,1.0,0.13588501825732968,1.0,1.0,1.0,1.0,1.0,1.0,1.0,0.6256197189097376,1.0,0.0003403935405697724,0.000788959122502663
98,0.00870241487129501,0.02388968800386183,-0.00015019177771100764,0.12903951416183357,-0.0040071169638782244,0.45450322467260973,6.610762281528822e-05,0.6372029464054465,0.0002523288948305781,0.9264943458243283,0.00021107216548214023,0.08673453522532451,0.0025786749040596518,0.6060461245716997,-0.000328022084483353,0.022647959898401137,0.0033157594423793963,0.6093567839735757,-0.00013388076489226624,0.49395279780457835,-0.004933023544977091,0.014390149148286483,0.00033726808588197416,1.2188422934438847e-05,-0.005909037228744415,0.44845759995284395,-2.3532796497900142e-06,0.9917790511690355,0.27177551878081363,1.0,1.0,1.0,1.0,0.867345352253245,1.0,0.27177551878081363,1.0,1.0,0.18707193892772428,0.00017063792108214384,1.0,1.0,0.0006700183332457887,-0.000500145607635643
99,0.0027517592432342326,0.43379477395517985,1.716898152695336e-05,0.8884836109042096,-0.0018273933362303832,0.7516919118152142,7.41355956855015e-05,0.6658765915200514,0.0074422899031904065,0.0023691890141470905,-1.707878172526762e-05,0.8549242296455971,-0.00546975663723834,0.2760138014194832,0.00017616662138667167,0.2614996990704799,0.014761459536639395,0.016839777220558308,-0.0001749634673931827,0.49122408770139603,-0.003759195079612808,0.13473542147829531,9.573704514171211e-05,0.3266310430326629,-0.013899165151666637,0.10795718142383742,-0.000171165974258952,0.5220218347039172,1.0,1.0,1.0,1.0,0.033168646198059266,1.0,1.0,1.0,0.218917103867258,1.0,1.0,1.0,1.0,1.0,0.0005457057064886475,0.00040992372670618234
100,0.0011336988725075378,0.783822980780939,5.177053826205224e-05,0.7215486898383756,-0.0005809241721487723,0.9116095896899823,5.587845674553154e-05,0.6792640054895545,0.010650062724032941,3.3193475654459713e-05,-6.615856252758967e-05,0.4582711073283331,-0.0076735966299881575,0.09944046161433631,-0.00022792855687036632,0.07317014772618491,-0.006168142937692005,0.48524317882788426,0.0005068187248855877,0.09016115225749805,0.0017160005251570009,0.5751122205298973,-3.028822319502369e-05,0.7558659937250167,0.0009229015593254368,0.87554208615059,-0.00029009242456297146,0.143179692610699,1.0,1.0,1.0,1.0,0.000464708659162436,1.0,1.0,0.9512119204404038,1.0,1.0,1.0,1.0,1.0,1.0,0.0020148013875094686,0.001063023575456422
101,-0.0010350515031953558,0.8317720712250639,0.00018290545940053012,0.22986599346780445,-0.001546402542428166,0.7304205973135863,0.00012972703192885095,0.30616378239535347,0.00566165732734837,0.03766274919767097,4.0089943551135656e-05,0.6527995476647352,-0.004424742845178774,0.4877341498838149,2.1922186625897497e-05,0.9131237097581238,0.011467796181001196,0.14571709382652626,-0.0006598236922960437,0.010985053696844061,-0.00444730723776634,0.06118626653366101,5.231213043473445e-05,0.46339858711488424,-0.005675948938061962,0.15423065032523342,0.00023286694380447026,0.05249578391469817,1.0,1.0,1.0,1.0,0.48961573956972265,1.0,1.0,1.0,1.0,0.15379075175581686,0.673048931870271,1.0,1.0,0.629949406976378,0.0006549690563225894,-2.103590188091455e-05
102,0.003782831290246719,0.2731587427904477,-4.776781298820655e-06,0.9632229101567379,-0.00970169053021255,0.04724479058587223,0.00014279851456149213,0.33876752308382485,0.007133675416366595,0.011686711136104031,1.1112352936474427e-05,0.886054049389256,0.002603827702442268,0.5535384393333393,-9.56868512201975e-06,0.9571826883176375,0.00955122602242875,0.25796587546219996,-0.0004431283624640674,0.06597077636768059,0.0006138230746182749,0.7333409640806374,0.0001997000963301411,0.003284027170657214,-0.013983692802597068,0.02953047235848016,0.00010386282357108849,0.5972972718299792,1.0,1.0,0.5196926964445945,1.0,0.1519272447693524,1.0,1.0,1.0,1.0,0.6597077636768058,1.0,0.045976380389201,0.3543656683017619,1.0,0.001836621837089712,0.0010258719818462935
103,0.005027238428489071,0.3149308207232989,0.0003031098141708815,0.021159965002184086,-0.010597068806818622,0.09487558991028017,0.0005680386417421921,0.0029186863762739024,0.012024793685250095,0.0053877968581367815,4.913057441540109e-05,0.7366899103834572,0.0010410221722379277,0.8397283178837569,-0.0002558810919041642,0.060196455397459894,-0.0006152246179678986,0.9538546757261653,-0.00027441629728382444,0.2799174130300519,-0.004616585209099119,0.07911694295933507,0.00016814304701234052,0.02480147124224414,-0.002264177784673158,0.686811321309746,-0.0005581246333282093,0.0006216102663791282,1.0,0.23275961502402495,0.6641291293719611,0.03794292289156073,0.06465356229764138,1.0,1.0,0.541768098577139,1.0,1.0,0.6329355436746805,0.24801471242244139,1.0,0.008702543729307795,0.0014059133599072346,0.0005075473651884892
104,0.005327409207117904,0.329355236802665,-5.616018299514144e-05,0.7541963891297299,-0.006396188218540423,0.23430462170922728,8.669790379449915e-05,0.6527502774418055,0.007167479970017339,0.08739044828509572,0.00015429943987689762,0.19258553342130103,-0.004901502394496246,0.27890770151546906,-7.514445357066183e-06,0.9565896950279558,0.010997032808020899,0.15336150963965955,-0.00022913002609963496,0.34386309190916986,-0.004602451505986564,0.040294730290010114,0.0002663679110319184,1.2783259228872825e-05,-0.007591780356202309,0.19223825800507777,-0.00021456061528755867,0.29427937800058446,1.0,1.0,1.0,1.0,1.0,1.0,1.0,1.0,1.0,1.0,0.5238314937701315,0.00017896562920421955,1.0,1.0,8.391492959560605e-05,-0.0006052887666969169
105,0.005007152036599621,0.1059065892141631,7.82501090515335e-05,0.4639749229769562,-0.00033767579007875503,0.9611623882552786,9.99531372845303e-05,0.6572054458341761,0.0007010934641356021,0.8163928290270803,4.720310303936946e-05,0.67773143664268,-0.0003474429626022017,0.9410114393241935,-0.00023025218833075194,0.08087849490622541,0.005818512295665837,0.565709514474832,0.0001305813173462382,0.6831161937218441,-0.006573962842775689,0.003385135770353118,0.00026648907934140065,0.001747757841955625,-0.004267676987356275,0.358720065180978,-0.0003922245388768997,0.001245860054954054,1.0,1.0,1.0,1.0,1.0,1.0,1.0,0.8896634439684795,1.0,1.0,0.040621629244237414,0.022720851945423125,1.0,0.017442040769356758,-0.0002201406035646617,-0.0007221136130202765
106,0.0008138318629564673,0.8045067336819844,0.0003633168689773373,9.285238650450854e-05,-0.0027406445954417055,0.4318551033425525,0.0006364392706168719,2.2142243515149678e-08,0.006427907448422516,0.05684855624776021,0.00011344454488465132,0.2121273539853198,0.0019569396375710615,0.6405350499163284,-0.00016238867522028294,0.18501251318705403,-0.001509315013426833,0.896104353941996,-0.0007883439237905914,0.02507483968796582,-0.0011268275580698704,0.5129715895266898,0.00021417022442743854,0.0014868284720807288,-0.0038218933597987323,0.6199361567303466,-0.0003766382624034318,0.1501528667963441,1.0,0.001207081024558611,1.0,3.099914092120955e-07,0.5684855624776021,1.0,1.0,1.0,1.0,0.27582323656762403,1.0,0.017841941664968747,1.0,1.0,0.0009376002931068859,-0.00041374685975974885
107,0.004287333885060809,0.24862192564245256,5.5132997497858855e-05,0.6372327344068631,0.0014958207953656014,0.783954351291774,-0.00015297198242495897,0.32267581166329684,0.0054368256994227135,0.013903803901880799,8.249546084345181e-05,0.20081136459837867,0.005070625945443032,0.18367431986209504,-0.00018952233206389398,0.16389913155917324,-0.009643960038316895,0.2348676944091561,0.0005930675893794683,0.018285467993339882,0.0005140322574641665,0.83736128257611,1.2889618531337322e-05,0.8614126352960201,-0.007160678354920668,0.2128227929650811,-0.00040109137541867316,0.026925398020279868,1.0,1.0,1.0,1.0,0.19465325462633118,1.0,1.0,1.0,1.0,0.23771108391341847,1.0,1.0,1.0,0.3231047762433584,0.00011788179644428385,3.7291966955150335e-05
108,0.001954088512301666,0.6674653918242749,0.00018752645298897132,0.2036881279131174,-0.0015550150880087074,0.6985113216772647,0.00015667797230417812,0.11722913451668354,0.01127066093583785,0.0005576840015369651,-1.478160571758054e-05,0.8709467615602408,-0.0013014880659123775,0.7762542337300784,-0.0002660028256075484,0.11300242938408259,-0.004110733261251055,0.6350238282268317,0.00021099646146409,0.5155768130184669,-0.0025655025507798656,0.35485959154227675,-2.6181424952109623e-05,0.7907275742309492,-0.0036920118452696926,0.4447232558559312,-0.00024823500271436934,0.18279905067232038,1.0,1.0,1.0,1.0,0.007807576021517512,1.0,1.0,1.0,1.0,1.0,1.0,1.0,1.0,1.0,0.0011976842003276976,-0.00022592947874958654
109,-0.002004191512826868,0.5788074512737293,0.00028184286542483285,0.09478311130569317,-0.016322401753625208,0.0002547454180422936,0.0004741234725082646,0.007467437135888781,0.004363170464777489,0.10419068889670202,7.584203224533684e-05,0.31746518780368393,-0.005989415481564935,0.17543275636403355,-9.947141523098573e-05,0.5468519832001268,0.029058479185098723,8.70191821744409e-05,-0.00037996747273206166,0.10759752246417878,-0.0023102512800514917,0.16105294657990277,7.159874421558764e-05,0.3281512084977314,-0.00679538900788196,0.28927781258006935,-0.00042396824784125624,0.050685412019388164,1.0,0.9478311130569317,0.003311690434549817,0.08960924563066537,0.9478311130569317,1.0,1.0,1.0,0.0012182685504421725,0.9478311130569317,1.0,1.0,1.0,0.5575395322132698,0.0008210835710232697,-0.0007241146580663633
110,0.006302253502853215,0.12665775432287069,3.255972758361172e-05,0.7994469726864041,-0.008990346040753617,0.24403966105213892,0.00013439505237834452,0.5397712524692077,0.010849654250651318,7.11734962326462e-05,6.548296885246973e-06,0.9409802827765505,0.002883448471579276,0.7002731230017534,-0.00021889231065927618,0.27575717284540613,-0.011562723222696315,0.22477769108919643,0.00027711213923479794,0.36826862717159015,-0.002187504556597596,0.3107097890551659,0.00022043739626004157,0.0022747472531493076,0.002705215796412407,0.6443094628796229,-0.0004521602730359576,0.043772643677479066,1.0,1.0,1.0,1.0,0.0009964289472570468,1.0,1.0,1.0,1.0,1.0,1.0,0.029571714290941,1.0,0.5252717241297488,0.0022029509315340855,0.00017060798596522586
111,0.0027891900731298377,0.4254585811631375,8.749432901407845e-05,0.47530066726163755,0.00047651229864396585,0.9223674574574928,-8.227834670260266e-05,0.6520449922555982,0.005545801742369554,0.051668368073241336,0.00010696888186198285,0.26800946204309717,-0.0030742367972746744,0.3267110096252964,-6.499817676714826e-05,0.526215387953906,0.004837452342585884,0.5051171390664264,-4.285438884818478e-05,0.8820102896526463,0.002350780736674163,0.4475108775411246,1.6241676109564178e-05,0.8469791985694057,-0.012925499799427595,0.05188958079062824,-2.0573998144996893e-05,0.9168915301562297,1.0,1.0,1.0,1.0,0.7233571530253787,1.0,1.0,1.0,1.0,1.0,1.0,1.0,0.7233571530253787,1.0,-5.058178334663966e-05,0.0008468798528485032
112,-0.0016692184297070558,0.6437804311689734,0.00012873508744295315,0.44518524282427085,-0.005059004692642626,0.39530893015342294,6.227486668644666e-05,0.7368775837074552,0.004733444397100903,0.26663214475852937,3.425395689254755e-05,0.8078359744252501,-0.010124258535972685,0.026546969021926787,0.00017209196124933987,0.30150675828278106,0.022932180675537442,0.01441797891648629,-0.0003084507043319061,0.2866804783675996,0.001496084408969937,0.5228492122372188,4.853487488626897e-05,0.5473961213817466,-0.012309229895446383,0.0065934277621690785,-0.00013743995534062892,0.4021081442008829,1.0,1.0,1.0,1.0,1.0,1.0,0.31856362826312146,1.0,0.18743372591432175,1.0,1.0,1.0,0.0923079886703671,1.0,0.0011699224148759375,-0.0005834319672663433
113,-0.0005084631310255938,0.9048222390263723,8.432591960678516e-05,0.6197411231724488,-0.004834940514511896,0.261281275926074,0.00014699093933042524,0.3977398160711161,0.007822460124893559,0.0010134216886039508,-4.416930260073569e-05,0.61115162270893,-0.0022300181575354155,0.5967415698260139,-0.00040231871997407594,0.001451160557968992,-0.006427386094607431,0.4045478357589074,0.0006937665546945581,0.010925280136013628,-0.001211604563730865,0.6768676797909486,8.866432365772084e-06,0.9261521428615246,0.007389954064897453,0.2210482640215794,-0.00048746189583858833,0.013760906590842005,1.0,1.0,1.0,1.0,0.014187903640455312,1.0,1.0,0.018865087253596896,1.0,0.13110336163216355,1.0,1.0,1.0,0.15136997249926207,0.00033502429977784844,0.00013381577418371902
114,-0.00046293486065793215,0.9052965224239511,9.200847768697063e-05,0.5494067719354951,-0.009000838721221947,0.022933553866376397,0.0004433109090187582,0.0012480089561355582,0.012608192069705626,1.6995562794114408e-05,-8.070457955370982e-05,0.322156089086181,0.002754516893589735,0.6006694279439013,-0.00040035727627546,0.00927319035966003,-0.0015464475350003904,0.8787625765113481,0.00013140261190903774,0.5607036157113985,-0.0011883195310081083,0.6867652779416975,5.0800397998418234e-05,0.4752772634771173,-0.0031641695860836786,0.5362577276988577,-0.00023646052385426533,0.15591129326317735,1.0,1.0,0.25226909253014035,0.016224116429762257,0.0002379378791176017,1.0,1.0,0.11127828431592035,1.0,1.0,1.0,1.0,1.0,1.0,0.0009359124712314576,0.0010152766056745538
115,-0.0035317622496105084,0.28837196335990767,0.00032725720138805273,0.005231354946635758,-0.0011329348659894591,0.798741652788735,0.00030848495220663427,0.046726501878765925,0.005887416272836225,0.03734486153938955,-4.8537521941237504e-05,0.5821255344681345,-0.008544694362546968,0.021289079242212086,8.032143922004947e-05,0.5528785710572831,0.006285302668951384,0.5443465668199221,-0.0005121313939723176,0.07607541924817582,-0.00017754691394629307,0.950783688203299,5.664208190714788e-05,0.5291060084338157,0.0012142208638536497,0.8155833150995138,-0.00021203673840493843,0.2276277956915248,1.0,0.07323896925290062,1.0,0.5139915206664252,0.4481383384726746,1.0,0.2767580301487571,1.0,1.0,0.7607541924817582,1.0,1.0,1.0,1.0,0.0009988658930909437,-5.588690927694341e-05
116,0.005394776472484829,0.15537559049433478,0.00010998735575043466,0.21860881617398342,-0.003812804434071021,0.5921464827451379,0.0002516830975336161,0.23354701202540384,0.008638497619999658,0.0015637978389700445,-1.212243656009863e-06,0.9897317047567012,-0.010628733843227673,0.030440720163806282,-4.514198090648504e-05,0.6915284550457805,-0.005723829875566896,0.704401173755159,0.00022148096396673394,0.6235688485322051,0.0018410867606308437,0.5712882184700373,0.00016147266996696167,0.14146260325556165,0.004291005837244553,0.4380332919303672,-0.0006982698060541974,0.0004520419627432074,1.0,1.0,1.0,1.0,0.020329371906610577,1.0,0.3652886419656754,1.0,1.0,1.0,1.0,1.0,1.0,0.0063285874784049035,0.0021552771418507526,0.000534004134923542
117,-9.092151123550715e-05,0.9773466562265374,7.965139591562587e-05,0.3793546318807385,-0.0076221337576774335,0.05541256078863447,0.00017198751845484684,0.23419852414274056,0.0013160564855617363,0.6934496030653103,0.00011179907763035786,0.30220590910229317,-0.0003014640392903655,0.9452648442642421,-0.0002276398198497257,0.03401648847411668,0.012639333914307455,0.18871306827446133,0.00013011894266298852,0.6488197782418526,-0.0016398311259247524,0.5090616163602647,4.3798606066832256e-05,0.6642534314523667,-0.004301040351849343,0.20795489694901892,-0.00030971570955683366,0.011818328171052824,1.0,1.0,0.6649507294636137,1.0,1.0,1.0,1.0,0.44221435016351684,1.0,1.0,1.0,1.0,1.0,0.16545659439473953,-0.000813614884518409,-0.0009696958699770698
118,0.00024378718864512025,0.945446738528395,0.00026538186694008176,0.0017555616654295854,-0.012977860652152949,0.11858271782279478,0.0003220230641492419,0.14170934358617227,0.010923355120335154,0.0064597363125085214,4.8615347600125605e-05,0.7727923856066335,-0.002367673249454216,0.5467973177979046,-0.00017017491472931022,0.10473652639958032,-0.006703630857337575,0.4503971366840419,1.5125433551355188e-05,0.9616427803346309,0.0024293914708108095,0.306040580608115,-1.557091459167493e-05,0.8228575448901436,0.008452630709682994,0.10078560654592891,-0.0004653999095295793,0.0008616948006392577,1.0,0.02282230165058461,1.0,1.0,0.07751683575010226,1.0,1.0,1.0,1.0,1.0,1.0,1.0,1.0,0.012063727208949607,-2.091408250562239e-05,-0.0003617500253076104
119,-0.0025991119800420886,0.4625244539416352,-1.5129884297797536e-05,0.8858281081715395,-0.013970720670903165,0.03972009441129123,7.879953318527194e-05,0.7250828242576213,-0.0035411454457895493,0.18540853165493698,0.0002965566627506542,0.0006298298108064038,-0.0022264902228767086,0.6198234084398135,-0.0002299926726315148,0.03489409830923712,0.014922231438707552,0.19422908999065225,0.00025717550410032616,0.48699099194541795,0.0035107347279852235,0.23403184358344664,-0.00011949346602644671,0.23292137368150667,0.00390450278020912,0.29026914957716654,-0.0002679156330007866,0.034628475413546224,1.0,1.0,0.4501701803761009,1.0,1.0,0.008817617351289653,1.0,0.4501701803761009,1.0,1.0,1.0,1.0,1.0,0.4501701803761009,-0.0006600236640988956,-0.0022173962193970656
120,0.0011270156398042648,0.6759861936591007,-0.00013164337755060599,0.17899988250205467,-0.011240461730014804,0.05146230098168457,0.00015054890120140625,0.373712028319341,0.0056492377200722055,0.02772864330258208,7.017003897940838e-05,0.45740161088373754,0.004805703985800205,0.24870310545001406,-0.0002522313143132657,0.05480101486537394,0.013319035718242323,0.14135027202641665,-2.3671930589926008e-05,0.9373675303310628,-0.0006686703959736763,0.841292863866572,0.00012022148771610412,0.20577794759221013,-0.012991862830618433,0.048527743380382536,6.660627869860004e-05,0.7227165221893566,1.0,1.0,0.630860663944973,1.0,0.38820100623614917,1.0,1.0,0.630860663944973,1.0,1.0,1.0,1.0,0.630860663944973,1.0,0.001983819976589846,-0.0005846883514299581
121,0.001332054635171884,0.7423636495707447,0.00031979287193068526,0.0024447125589466237,-0.00851759394709074,0.09153436786188299,0.00042918711389735485,0.006474041572567393,0.00536756911651876,0.11325787102692805,-4.5466832003905666e-05,0.6708446981798799,-0.003922085516973082,0.4029486263828118,-0.00015740859655500027,0.3171755585147181,0.01723222639159677,0.07566054858740921,-0.0005176072195327764,0.08012473838494863,-0.003934790099971879,0.07816781797473443,0.00023507578535737956,0.0002288442110046124,-0.007557383412776476,0.16759423317803668,-0.00026357310449985237,0.21871144744405036,1.0,0.031781263266306106,0.8322660344615014,0.07768849887080871,0.8322660344615014,1.0,1.0,1.0,0.8322660344615014,0.8322660344615014,0.8322660344615014,0.0032038189540645736,1.0,1.0,-0.00014032818992443303,-0.0009303189956267053
122,0.004722281719852318,0.2560580963828444,7.483751420846915e-05,0.6603052230216468,-0.0014920875625721978,0.8324690913076465,-4.351610240707316e-05,0.8652348949783204,0.006671329308363471,0.06156472637964791,8.865100820590909e-05,0.45366259551692456,-0.007831893013320176,0.057939931120940744,-6.917294509441941e-05,0.6460271126066157,0.009582755787613426,0.3976480402528739,-0.0001693245629109639,0.6949645370767898,-0.0005751611544607895,0.7845155194537712,3.3216314481266246e-05,0.6761459615543296,-0.011077226310832732,0.04198216251021097,8.530884283589711e-05,0.6525878308798401,1.0,1.0,1.0,1.0,0.7532191045722296,1.0,0.7532191045722296,1.0,1.0,1.0,1.0,1.0,0.5877502751429535,1.0,0.0013919840495047458,0.0005838109327595826
123,-0.005922513913138558,0.09583731791437017,4.921166782863786e-05,0.6884036624266774,-0.008311142080896413,0.09232387059821442,-8.589490731625856e-05,0.5974406180875363,0.008815122083495684,0.007854914778863777,0.00012436613930257484,0.18879663358820187,-0.003249236436927389,0.3865975324645442,0.00018664395394579243,0.07557947408457051,-0.001217699109584696,0.8863003345300559,-0.000266081188485482,0.3873756278346008,0.003490241606111747,0.09317657570619667,7.935763183365734e-05,0.19036545430814478,0.006395229677214136,0.15460262636413252,-8.760338889842252e-05,0.4961343841619761,1.0,1.0,1.0,1.0,0.10996880690409287,1.0,1.0,0.9825331630994166,1.0,1.0,1.0,1.0,1.0,1.0,0.0010476812945056264,0.0003193033049671681
124,0.013536145556779492,3.81147824207045e-05,4.319587351545957e-05,0.6505785337632868,0.008389246933432765,0.21337249035589734,-8.918638639399068e-05,0.6228575210526947,0.008392469520620631,0.006727069387726393,2.111248319265211e-05,0.8182107469521316,-0.008291790621288474,0.08043885327889977,-9.643336359574885e-06,0.944098336783473,-0.006630165384496621,0.42669266843423215,-1.7182347319922394e-05,0.9310081352885836,-0.0023352935584348396,0.2766472644748973,0.00024325844892445349,0.00025437691216334606,-0.013060612156034643,0.02554968995039941,-0.00019155484922580085,0.1660055690885638,0.000533606953889863,1.0,1.0,1.0,0.08072483265271671,1.0,0.8043885327889977,1.0,1.0,1.0,1.0,0.0033068998581234988,0.2810465894543935,1.0,0.0012099211701573727,0.0017865747402173325
125,0.004233011119068003,0.25420569593921694,5.629431865556688e-05,0.6648969059380266,0.005791858955592084,0.33558324530719574,-0.00013252587333310514,0.4661399249236412,0.005654763789331739,0.06810640726485087,-4.5546151604129906e-05,0.7075130671651118,-0.006163816789879096,0.09156449339163153,6.362835138624739e-05,0.6720940633828848,-0.0071497599012481415,0.48552725323411006,0.00017737654385237183,0.5785005471564785,-0.00349214611911706,0.183624944717528,0.00035374010381773865,5.652301963993662e-05,0.0011260876018348218,0.8075721149709337,-0.00047296725599027734,0.0012862670164719618,1.0,1.0,1.0,1.0,0.8172768871782105,1.0,1.0,1.0,1.0,1.0,1.0,0.0007913222749591127,1.0,0.016721471214135503,0.0020648541600075056,2.6648039138674113e-05
126,0.00280448669765347,0.3168905155163836,0.000252398425122975,0.0612297343453823,-0.006481580170905621,0.1994594405221689,0.0004654094751263431,0.01677331218933315,0.008242381729032496,0.016505731010836838,4.516151377772971e-05,0.6103230828744499,-0.013466684257816035,0.0008962417026440873,2.8183268295884913e-05,0.8449809495272328,0.012797104097555856,0.19024728359125576,-0.0006927186698677611,0.05613040355304392,-0.00180374728798968,0.4715296094982434,0.0003002952169729864,0.00010136711459633877,-0.002091960898151131,0.6495828770874507,-0.00039872926003345745,0.0012603272459773267,1.0,0.5051736319773953,1.0,0.1815630411192052,0.1815630411192052,1.0,0.011651142134373136,1.0,1.0,0.5051736319773953,1.0,0.0014191396043487427,1.0,0.015123926951727922,0.0019597875556120513,0.0005621802284824148
127,0.002531795920027797,0.5525763201279039,6.403511783506407e-05,0.5910820100263348,-0.004142288746975095,0.3969582175050328,0.00017058651813937558,0.26373376823292694,0.009462787303153154,0.0007356121964071446,-0.00017166351504508732,0.04338565646564176,0.0017457941376759704,0.7446203384229759,-6.154512801489572e-05,0.6708986492268794,-0.006028596178637233,0.4315074264890577,0.00018860398070675265,0.5116454220863748,-0.004047848547773023,0.09591628089723785,0.0001262794661546961,0.21420781718287485,0.0004783547635877253,0.9290783501899013,-0.00031629635060677786,0.04872421828598469,1.0,1.0,1.0,1.0,0.010298570749700024,0.5640135340533429,1.0,1.0,1.0,1.0,1.0,1.0,1.0,0.5846906194318162,0.0015240708321980464,0.00039002229037330116
128,-0.0006216430822333116,0.8690328084727488,0.00016326197951336527,0.2558444948405002,-0.006479560403016417,0.26387686495841434,0.0003308700289094005,0.06368896180404798,0.0025039441049643403,0.4686889801947446,0.00021835631864869915,0.10335948768317828,-0.005422570619178671,0.2618975410021609,-8.287272203975073e-05,0.4353638025028149,0.0013074754768222095,0.8777022889012815,-0.0003667041500015932,0.12199826559181706,-0.0007702649156999963,0.6682013016378882,8.391199869925448e-05,0.21897490365187433,0.009482622220182948,0.10367328079203561,-0.00034682348770568693,0.07677539301283952,1.0,1.0,1.0,0.8916454652566718,1.0,1.0,1.0,1.0,1.0,1.0,1.0,1.0,1.0,0.9980801091669137,-0.00033001625446605563,-0.00028913949798911663
129,0.0028451796798754734,0.5097568907561212,0.00010276464906062086,0.3162295731638305,-0.0035368773207133703,0.5397671640960262,0.00032877430794519305,0.021503081534132013,0.006317831096418705,0.06784963453857355,-0.00014084416931872855,0.22849251810133753,-0.0009841578106736483,0.8573027548948667,-0.00023224674746062256,0.18203833146453885,0.008846332536460218,0.4433843826082028,-0.00015936475358293645,0.6377866734810171,-0.0034984897077192057,0.12872465148631415,0.00013332861004518908,0.027820393238810154,-0.009989818297651797,0.06839081562339704,-3.241189611492494e-05,0.8382906468081366,1.0,1.0,1.0,0.30104314147784816,0.8141956144628826,1.0,1.0,1.0,1.0,1.0,1.0,0.361665112104532,0.8141956144628826,1.0,0.00137452902249682,0.0007595226414858787
130,0.0009644362839756451,0.7725036314874468,8.680542058296652e-05,0.47458292988103556,-0.004971250759511205,0.36620304919576474,-0.00018620266629999335,0.35443526124682245,0.008451048614258657,0.03152567372174203,7.196163005543462e-06,0.9429106058063254,0.004394210004843594,0.43541634458077416,-0.0001355726304344419,0.4216085164126544,-0.00797771334582362,0.3962555888559012,0.0006110701533689017,0.050238454323959736,-0.00041868441900802126,0.8319824324576055,-6.458043719580449e-06,0.9422382327884088,-0.00044204490579008774,0.9429951402506036,-0.00037683839489511704,0.0768907207417135,1.0,1.0,1.0,1.0,0.44135943210438844,1.0,1.0,1.0,1.0,0.6530999062114766,1.0,1.0,1.0,0.9226886489005621,0.0014516405593911568,-0.00022288241763086306
131,-0.0014844694059619622,0.7206097414394617,9.335227861882924e-05,0.4528489846457445,-0.008727127956285927,0.11105633926437794,0.000228361964900737,0.2363994235259015,0.0007829297312349487,0.7297936325705796,3.676166839504223e-05,0.6186942718661315,0.0036452981943902174,0.42868464423407193,-0.0003689680843286797,0.0053360132891246475,0.005986482223553658,0.522265757592596,9.329941666454774e-05,0.7690715795169552,-0.0019165156906235526,0.5370841528251761,0.00019663372857154236,0.03505834874040073,0.0017134040038065319,0.7167698631607982,-0.00027944102232073484,0.03130703811070458,1.0,1.0,1.0,1.0,1.0,1.0,1.0,0.07470418604774506,1.0,1.0,1.0,0.42070018488480876,1.0,0.4069914954391595,0.0008563867432093392,-0.0010562455001469219
132,0.0023475475094768073,0.6007509099780225,0.00010746447600626564,0.4684949716788128,0.00024947555316506267,0.9641063065585938,0.00020021212514276712,0.29732133346633716,0.00990551334483676,0.025247327689945722,0.0003323151933227459,0.017338650557641784,0.000569669303283072,0.8979238017183327,-0.0004069211900834951,0.005666353644889521,-0.01616115989555124,0.09436083357925684,8.203117105783736e-05,0.8273383035866718,0.00358130476013689,0.11994298249745282,0.00010720979866171052,0.2031385569350055,-0.0004923519384503691,0.921791721269554,-0.00042231153514498803,0.004889813606946445,1.0,1.0,1.0,1.0,0.27772060458940295,0.2080638066917014,1.0,0.07366259738356377,0.9436083357925684,1.0,1.0,1.0,1.0,0.06845739049725023,0.0016681530616468904,0.0003856705407050808
133,0.004003692142194857,0.38502899483225783,4.40693462358289e-05,0.7741635659341581,-0.004749747498637385,0.392057430466915,0.0003966670803864514,0.028824023713342743,0.0027451988871910063,0.2658874360080863,0.00017896761653088533,0.04360382568686477,0.007538677801835191,0.024459598063054484,-0.0006040614041477751,3.321631734004797e-08,-0.002419355661550554,0.7905057913416071,0.00042877769389892,0.051053365559493975,-0.006927074259056179,0.0420660090037875,0.00012846353364959713,0.24223489153871813,-0.00019139087441926112,0.9687100905360282,-0.000572883784135306,0.00030256344087984326,1.0,1.0,1.0,0.3170642608467702,1.0,0.42066009003787497,0.29351517675665384,4.650284427606716e-07,1.0,0.42066009003787497,0.42066009003787497,1.0,1.0,0.0039333247314379625,0.0011812800379515228,0.0001015235814683326
134,-0.0038064008789788226,0.3152507329449794,0.0003848092175436619,0.010614664081394122,-0.006735843791683952,0.08891404056383222,0.0004904224215646375,0.0006886924409292241,0.009603535031119053,0.000956127780253681,0.0001847402961229531,0.04365996091091091,-0.004656098714499028,0.3457447803770606,-0.00023736576148361937,0.16786926849165384,0.0059959826021611234,0.4606870184058641,-0.0007710960457121129,0.002531724517080838,0.0007963928684152805,0.719061037050427,0.00012125715642002992,0.05498811750207757,-0.001197566806586449,0.8562318020830748,-0.00017276730552538399,0.4011495995271006,1.0,0.11676130489533534,0.7113123245106577,0.009641694173009138,0.012429661143297853,0.43659960910910905,1.0,1.0,1.0,0.030380694204970058,1.0,0.4948930575186981,1.0,1.0,0.00166734853500587,0.00018701677308816
135,-0.0024672926831414005,0.4549925841717988,3.0379252458142805e-05,0.7959235855409306,-0.012160747998145663,0.033558352697034444,0.0003885160001643974,0.02119289434539749,0.004313796224454946,0.10131053094932174,-2.84051252708054e-05,0.763809602589971,-0.0017798111788662288,0.6682777142524896,-6.723202796563053e-05,0.5801331965233327,0.014708376565379397,0.06522415911516659,6.0529601120513585e-05,0.805901060355753,-0.0001409347123192044,0.9524798959868123,4.089393804703723e-05,0.5836113222834476,-0.002473387765676309,0.6373352854842739,-0.0004246816281844911,0.005752988932099555,1.0,1.0,0.4027002323644133,0.27550762649016736,1.0,1.0,1.0,1.0,0.7174657502668325,1.0,1.0,1.0,1.0,0.08054184504939377,0.00141585381878606,-0.0005688290956969315
136,0.004405586301423669,0.15680973583093866,4.746958567727058e-05,0.6951713150563725,0.007992417714473139,0.14196434472730696,-5.880792713866253e-05,0.6790160176271112,0.013557116055286292,0.00017965689712949763,-0.0002191442387596162,0.09851851736465589,-0.0027821045025867553,0.5958580265819078,-0.00013051938080998684,0.42260808216003143,-0.015734439435967893,0.011577722008429851,0.00045219081836643505,0.006082548650438319,0.0010017167777072844,0.6670768370885173,-4.500622378138672e-05,0.46143538340671475,-0.008440293041528565,0.18777493129184408,-4.6182626509756034e-05,0.8153941506223048,1.0,1.0,1.0,1.0,0.0025151965598129667,1.0,1.0,1.0,0.1389326641011582,0.07907313245569815,1.0,1.0,1.0,1.0,0.0016527516122784543,0.0010291157413407004
137,0.0028521423829920988,0.4577494992170039,7.015271060184594e-05,0.5533078204300945,-0.00969109525710539,0.13627225403213095,0.0002495092246570331,0.23276557887349103,0.007894559900970401,0.01768164315070674,0.0001538974181630266,0.19578978566842775,-0.005902316418546216,0.3102802726220416,-0.00013318507084066503,0.4658572553315039,0.011743532493079778,0.19182892987620292,-0.0002746335267232397,0.34247236257249125,-0.0009298477232262666,0.7322211410075566,0.00013005225547277422,0.1855759123040872,-0.005966975129184148,0.4969870765862613,-0.00019579294898720522,0.4472185690672351,1.0,1.0,1.0,1.0,0.24754300410989435,1.0,1.0,1.0,1.0,1.0,1.0,1.0,1.0,1.0,0.0008112800653858014,0.0007707326163886388
138,-0.0009920641289721443,0.8212948354285008,0.00012600569749246968,0.4156981012143296,-0.010980138667275433,0.16072296111514595,0.00027167771533342813,0.323718301470452,0.002188556459602862,0.4186676189917926,0.0002566600635247651,0.009466781478996657,0.0005948128093404556,0.9202504347987983,-2.9133224454385908e-05,0.8839689316596853,0.021550087001836034,0.024896675942904196,-0.000546726292402047,0.046200208439885884,-0.004635507047283655,0.02804060502243582,0.000220951960423273,0.012231419480266015,-0.007725746249029167,0.24846150551232882,-0.00029943595686111435,0.16182751992812816,1.0,1.0,1.0,1.0,1.0,0.1325349407059532,1.0,1.0,0.29876011131485036,0.4620020843988588,0.30844665524679404,0.1590084532434582,1.0,1.0,-0.000613277973015777,0.000363817681447614
139,0.004780873293044708,0.35370044955729063,1.8799000041971117e-05,0.9179220520082794,0.0014155887871683827,0.7508075988268792,0.000324141339705833,0.03522889008565911,0.004131557917609629,0.19665226867038998,8.138845297225023e-05,0.3319233682968681,-9.56301275633127e-05,0.9794229322089357,-0.00012970651068486397,0.2524662729735081,-0.006110183607772748,0.5083571627403562,-0.00026950614006736215,0.4322963950354156,-0.002993686073964247,0.18418124117800216,8.447585570290962e-05,0.4213780497095565,-0.00112852032775518,0.8604174626346853,-0.00010959193590935687,0.5976610248631564,1.0,1.0,1.0,0.49320446119922756,1.0,1.0,1.0,1.0,1.0,1.0,1.0,1.0,1.0,1.0,-0.00010618908234955266,-5.969734128767912e-05
140,0.0050723834839426695,0.14519731955649573,6.724412550350162e-05,0.5208225696772597,-0.006097371243594311,0.23046083773970327,0.00018163869395257116,0.332028993854662,0.0068727878657268695,0.012758967582203703,0.00014112859953691357,0.1598785066908367,-0.0018923820709496539,0.7366483061655162,2.1614514296053234e-05,0.8900790822237923,-0.006616624446400496,0.5148314818942206,-0.00010546481808736859,0.7430537591449579,0.006117151665517446,0.0322252350897167,-1.440653795466125e-05,0.8383012514094189,-0.003455946391112151,0.5003320139729244,-0.00029175456680586366,0.07410634238897658,1.0,1.0,1.0,1.0,0.17862554615085185,1.0,1.0,1.0,1.0,1.0,0.41892805616631706,1.0,1.0,0.889276108667719,-6.406554369232718e-05,0.0007555421697959373
141,0.0026092248476860575,0.42873692154583853,7.791446466699145e-05,0.46354622801684586,-0.012552473942927682,0.004012591206767288,0.00017252367422853441,0.1543248014426566,0.00613724964002252,0.06815360514268892,-4.400944079132189e-05,0.6031379233185434,-0.003954043706758199,0.37542079600888056,0.00012801189494385977,0.34793306384891853,0.009558424519829481,0.3448419957828823,-0.0004270615661425557,0.20100198931624458,-0.005165620782566351,0.034792143849147084,0.00033657036351579284,3.5463057561575396e-06,0.0033672404304642273,0.49907254604624973,-0.0002439493785577551,0.08451443188008674,1.0,1.0,0.05216368568797474,1.0,0.7496896565695781,1.0,1.0,1.0,1.0,1.0,0.417505726189765,4.964828058620555e-05,1.0,0.8451443188008674,0.0005070494743066389,-0.0009253013667258681
142,0.002450525500572607,0.509126207060552,0.0002072770381727606,0.18196000328905504,-0.006347973505008952,0.12932633437728794,0.00047484717522813477,0.0150055618346518,0.0055598674768411495,0.03503972670076426,0.0001336955011322695,0.0997589281135003,-0.002026862375173052,0.6320173315848887,-0.0001937164596396896,0.26098598264638206,0.003914563892025909,0.633863163838821,-0.00025377533544794034,0.2897684049100565,-0.0025642789057137494,0.32726310987233165,0.00023488118085069376,0.026701732836467238,-0.0009858411259386563,0.8339104837288537,-0.000603209101924509,0.009648131481621799,1.0,1.0,1.0,0.1950723038504734,0.38543699370840684,0.997589281135003,1.0,1.0,1.0,1.0,1.0,0.32042079403760687,1.0,0.13507384074270518,0.0005939472903114051,-0.0004963561147325117
143,0.005350287612022552,0.14347654103781055,-0.00018228303895914203,0.1122035932459966,0.0012953292435347718,0.7802467172700496,-8.712371920397212e-05,0.5795729837651341,0.009787060036496879,0.004724143732187925,-3.863347652114159e-05,0.706742557453131,-0.008802646800029155,0.04178607444215353,4.0634923859561455e-05,0.7500957786993381,-0.0042603719268570735,0.5972641080007424,0.0002965894797534034,0.21849045955426383,-0.003680952252539791,0.20281187129058798,0.00014007451027408626,0.11817936885956566,0.0003112933600642599,0.9406616857873863,-0.00016925867552036202,0.17893763898725534,1.0,1.0,1.0,1.0,0.06613801225063096,1.0,0.5432189677479958,1.0,1.0,1.0,1.0,1.0,1.0,1.0,0.0017976702037240057,1.1466821571495062e-05
144,0.008163138308505935,0.028336764920253183,-4.4728602653690585e-05,0.6267288172352727,-0.0014295522122553734,0.8038973417789641,2.328000441464044e-05,0.8877098069149618,0.0060261048704999915,0.11686310568142207,-7.40573987532085e-05,0.5512363084340246,0.00021987481467431014,0.9610757592936181,-0.00021739382509000714,0.13096727718772266,-0.01387048644095106,0.1055887319184754,0.00044616907357300934,0.03591955018415273,-0.0009883024523118249,0.7280403698813193,0.00026225509720655913,0.0009618411965257056,0.001879221680276387,0.6378667411507319,-0.0003955242855792086,0.00653637041107389,0.3400411790430382,1.0,1.0,1.0,1.0,1.0,1.0,1.0,1.0,0.39511505202568004,1.0,0.01346577675135988,1.0,0.08497281534396056,-4.396090423969421e-05,0.0005779362718154786
145,0.0018486910610289679,0.4900385699440091,0.0002615420603796854,0.009542493522662175,0.005157542812935187,0.1944309150468999,0.00020246327709874976,0.16706505506645197,0.0023559053648368102,0.35962594307842055,0.00015903873399894123,0.07639115272984486,0.0019288873727381247,0.5935870953807176,-0.0004403194348639656,1.5903229398715603e-05,-0.013270100014636589,0.07557468357649527,0.00021563047761538113,0.4407490711272315,0.0003625576826219472,0.8808047820534087,-4.197166577027171e-05,0.5580897813760115,0.0016165161914733761,0.7975310148817698,-0.0003563835430496723,0.11099036405688625,1.0,0.12405241579460827,1.0,1.0,1.0,0.9068962029179433,1.0,0.00022264521158201845,0.9068962029179433,1.0,1.0,1.0,1.0,1.0,0.0009543815985697778,-0.00020782165458632697
146,-0.0033635214908416633,0.4129244769021704,0.00027886095793652375,0.03345306254631817,-0.01756201046096654,0.006796097918469068,0.00040194709917325077,0.09646247496220388,0.0020974880611120497,0.5289810333368936,7.645680164804309e-05,0.4150799875339455,-0.0015764506172931433,0.643670421845174,8.470423326221076e-05,0.49238060266692363,0.03193395737897039,3.23544955360255e-05,-0.0006256910537362057,0.013127279617683982,-0.006972931624791256,0.008233149019440288,0.00018779032112667377,0.025207814841169175,-0.004556532481949676,0.6012091354772353,-0.00040406831188158435,0.15020808670752203,1.0,0.30107756291686355,0.08834927294009788,0.771699799697631,1.0,1.0,1.0,1.0,0.000452962937504357,0.1444000757945238,0.09879778823328346,0.25207814841169174,1.0,1.0,-0.000769987755907054,-0.0012377406622895576
147,0.004739945839407728,0.18297788307420004,0.0003231856778791734,0.004775972774493325,0.0003554463773323624,0.9517410071148222,0.00014122056917952974,0.4020776282752605,0.0034359081458992962,0.19505764425799632,0.00022917748590971633,0.016330783832310385,-0.0009681828593984549,0.8027977845827596,-0.00012889755615389293,0.45349210800701534,-0.004513548571095144,0.6620568254812124,-0.0003355552702499078,0.4184624943464901,-0.00213123271050342,0.3264267835016328,0.0001915101786852201,0.0010429304351369535,-0.0009183360666622577,0.8525747591339994,-0.0004206410401618883,0.024869718325905076,1.0,0.06208764606841323,1.0,1.0,1.0,0.1959694059877246,1.0,1.0,1.0,1.0,1.0,0.014601026091917348,1.0,0.27356690158495583,-0.00039807020150222267,0.0005026616858375705
148,-0.0007025564227641979,0.8150408311432992,0.00037670281603140545,0.0002556778400409131,-0.00193415749024788,0.7544702039989958,0.0003971225422243847,0.047977884561771225,0.005315502523470241,0.12108227207010216,0.00011053492785488445,0.2774496635500794,-0.0040135402905839964,0.624818690471989,-0.00013397033743845117,0.5797871468609044,-0.0053896390439703915,0.4940016040181542,-0.0001912886382051653,0.49706952730338694,0.00256819847521394,0.37379293868027164,-1.8671451325120886e-05,0.8421009597329279,0.004156194394539694,0.45452576321834615,-0.0005404299329647533,0.0008149802668178188,1.0,0.003579489760572783,1.0,0.5757346147412548,1.0,1.0,1.0,1.0,1.0,1.0,1.0,1.0,1.0,0.010594743468631644,0.001246424633244446,0.00035166476167564173
149,0.0022440807803287333,0.6116797876030786,0.0001522762109070788,0.351124303581151,-0.004809971595135318,0.3609680492873747,0.00014319388704555892,0.40331431693166564,0.006886413907743701,0.09371582901340673,-1.6225724664643327e-05,0.8939667778790781,-0.0009884210947304487,0.8444103056973541,-0.00018264081896897586,0.19348158475027766,0.0004825146937546594,0.9574457947491014,8.789928709652538e-05,0.7543137213790237,-0.00021356280248968572,0.9319168623838138,0.00020207128278498058,0.0013895089783872011,-0.003601054047164371,0.4559595639205509,-0.00038657408946100045,0.07588711911768016,1.0,1.0,1.0,1.0,1.0,1.0,1.0,1.0,1.0,1.0,1.0,0.019453125697420817,1.0,0.9865325485298421,0.0012798337841005306,-0.00010380941753382136
150,-0.0011055899770802142,0.7938899271179686,0.000322312312380858,0.005112059733543261,-0.0018944583463322846,0.7800493749525976,0.0003019114903619446,0.17134034156139621,0.007856628344259155,0.015189179135179318,0.00012094516983182749,0.25677485540754985,0.001189857970182811,0.8654965903871543,-0.000402155621218606,0.038203176044003924,-0.0019556841730245917,0.8602527399963734,1.9349246639694366e-05,0.9484117700936303,-0.00011160073336228191,0.9681179766880776,-6.014477070980513e-06,0.9460355228111897,-0.003979153765034309,0.5498882449928025,-0.00035634804625783386,0.05707267561492567,1.0,0.07156883626960565,1.0,1.0,0.19745932875733113,1.0,1.0,0.4584381125280471,1.0,1.0,1.0,1.0,1.0,0.6277994317641824,0.0008611329986019288,0.0004511181797474686
151,-0.0010885556625076164,0.776405340643598,5.225401168224312e-05,0.6206818399845442,-0.001991741538350108,0.7291164956878557,0.00017723761970058554,0.25520997793539435,0.004558630248700611,0.23850890708098516,0.0001046675398113356,0.4247449101083717,-0.002082239208517741,0.5948383270203852,-0.00010885758380787183,0.3621642399471905,0.005012612932624415,0.6080370426510715,-0.00011959446118135433,0.6583574614495391,-0.0017516937821320268,0.39737017145120224,0.0001618414071538392,0.03151615171583126,-0.002657013797529115,0.6017301088331237,-0.00026754854131124154,0.19276048474401053,1.0,1.0,1.0,1.0,1.0,1.0,1.0,1.0,1.0,1.0,1.0,0.44122612402163763,1.0,1.0,-0.0002994765157611388,0.00024250795344534689
152,-0.00386189615122226,0.2532349941687092,0.00015438088399943235,0.14085190262925965,-0.0006302451864964532,0.8830447185108561,0.00010600748685897814,0.4789176855210414,0.003537924231267962,0.23722663451641324,0.00027832001648509734,0.01638859611949283,-0.002142974705592007,0.6209762045533672,-0.00036820778005892637,0.014192891955612416,0.010130385688211445,0.20742623913044944,0.00012773041496971253,0.5945061918245909,-0.000763259942760485,0.7437856999658223,5.828084562405607e-05,0.600364042393472,-0.006269934000439264,0.2982247802330914,-0.0003565118961890378,0.054488979385634885,1.0,1.0,1.0,1.0,1.0,0.2130517495534068,1.0,0.19870048737857382,1.0,1.0,1.0,1.0,1.0,0.6538677526276186,-0.0005901761117658353,5.688929202939383e-05
153,-0.0037210061980621637,0.27280221749263833,0.0003425900279101927,0.002954065300639171,-0.0017183676076381737,0.7288426406275617,0.000197541482143202,0.13731452057869026,0.010456228585352676,0.002996400459165052,-0.00014167786201054768,0.1658168417716711,-0.012948168383624966,0.01874975712236081,4.202523249639403e-06,0.9839073581661801,0.010917225621548586,0.20235598557602508,-0.0002481756333261101,0.3746704557590077,0.0008273855197432974,0.7177952417578608,-2.5859188061596876e-06,0.9791127627456141,-0.0038132977894127715,0.4666275586795653,-0.00015189461879306832,0.320405652963224,1.0,0.041356914208948395,1.0,1.0,0.041356914208948395,1.0,0.22499708546832975,1.0,1.0,1.0,1.0,1.0,1.0,1.0,0.0009072526106861378,0.0024868873497019637
154,0.002248658094266703,0.5545142340080329,-6.284462928125284e-05,0.6207544883386462,-0.007999241412638382,0.15510487194772596,0.00031337792298048945,0.10265513331354854,0.002586569980910272,0.4865060015350051,5.914874521466958e-05,0.7122421796248879,-0.00031866108714539824,0.9308941467612022,-0.00022517547328442417,0.09785324670259284,0.005558347567696902,0.6084069998480378,7.358801417874481e-06,0.9835207267301589,-0.00459567131650278,0.05373509319052793,0.00020861004730075278,0.020849771952059202,0.0025199978374166945,0.49646277085183543,-0.0003004753555758056,0.029441479088452308,1.0,1.0,1.0,1.0,1.0,1.0,1.0,1.0,1.0,1.0,0.6448211182863351,0.29189680732882883,1.0,0.38273922814988,0.00010061016238682595,-0.000415115896774796
155,0.004802694129074299,0.15880437301436678,-0.00016844374381204936,0.20283609730484098,0.003907297239428408,0.3687760370634936,-1.3890289774633803e-06,0.9932054960825344,0.006654973425817628,0.04408731923307873,9.431515867966763e-05,0.31376805129547947,-0.0024602547303387385,0.6306923088595756,-0.00018303377385855607,0.38920519803616993,-0.0036191852424622838,0.732688907293276,0.00028307626690544636,0.41425109924093373,-0.00286777606605226,0.2970339789967765,0.00014839939809556515,0.177637539513831,-0.006417749320211186,0.270801782888897,-0.00017292428238985567,0.2946585261941068,1.0,1.0,1.0,1.0,0.6172224692631022,1.0,1.0,1.0,1.0,1.0,1.0,1.0,1.0,1.0,0.00026270605771554857,0.001582499609807086
156,0.003914296456115324,0.23405668977961613,4.8412433062513404e-05,0.6614278620386662,-0.004167899337034665,0.3653188053186499,0.0003454263532604543,0.049931861438542405,0.0072942478272054415,0.04378228489792948,-6.0630833475291084e-05,0.6786892577810806,-0.008690609719453206,0.06384667812409363,-0.0001261846133986638,0.46439474906350553,0.010921381318116204,0.23331698794608002,1.84795406232596e-05,0.9474182281766464,-0.004024872720144777,0.12924446966063763,0.00018483264613300925,0.04977101038996631,-0.005246542770750259,0.32569540228451654,-0.0004103355763791108,0.01920893781700247,1.0,1.0,1.0,0.5972521246795957,0.5691697036730832,1.0,0.6384667812409363,1.0,1.0,1.0,1.0,0.5972521246795957,1.0,0.2689251294380346,0.002923074988226521,-0.0002820073166043161
157,0.002484887902098589,0.4510313640713851,3.327846343055806e-05,0.7446028081730132,-0.00737884606820396,0.08306378757674633,0.0004927273319409045,0.002239357735750155,0.008163496400182057,0.006529264048858208,9.314428229633513e-05,0.3147859282960197,-0.006466101131739126,0.09471627501031785,-0.0002037899557439354,0.14229020070809745,0.01637734078564543,0.039183945782867755,-0.00017640165178193406,0.479058164639965,-0.003559195671221359,0.07714382818921944,0.00022238916794576906,0.002098451657657464,-0.009621579554578381,0.10794051622372608,-0.0004613476864479622,0.037731953836108355,1.0,1.0,0.6942944537029749,0.029378323207204494,0.0783511685862985,1.0,0.6942944537029749,0.7114510035404873,0.4150514921971919,1.0,0.6942944537029749,0.029378323207204494,0.6942944537029749,0.4150514921971919,0.0009389857539836143,-5.353140378882208e-05
158,0.0031415130683422393,0.36588445296183225,-1.9271283455311942e-05,0.857472637883823,-0.007927680791516822,0.10025211347268376,4.429707414966137e-05,0.8186043260856423,0.0024131807176846066,0.495322392428421,0.0001644108431861338,0.26605726691970466,0.0019602862187249794,0.5829118524033476,-0.0002131536242700527,0.2165345906893349,0.009082474552562598,0.3208087097077481,6.94676329316694e-05,0.7965044417628324,-0.003690072982682317,0.25512302104510876,4.733378024759286e-05,0.6041299260498821,-0.004979702828373637,0.363645362244586,-9.308439524151189e-05,0.5670751688790723,1.0,1.0,1.0,1.0,1.0,1.0,1.0,1.0,1.0,1.0,1.0,1.0,1.0,1.0,0.0012771565789795921,-5.688221035268622e-05
159,8.576578130735086e-05,0.9744016014073297,0.00016311990988005128,0.032708633444697724,-0.008283597813937449,0.09611753692829095,0.0002795069981209337,0.063265284156399,0.0002727601956421408,0.9254118830174805,0.00026245793075949797,0.04858828975734582,0.0013711281015639407,0.8022772105794765,-9.069190140821213e-05,0.5524486106476939,0.00744270529563624,0.397899988420378,-0.0007600476425167702,0.00980409179006768,-0.0018429551929392224,0.4453499717860925,0.0003016708579217207,5.155061989434412e-06,0.0009541945294643412,0.865099582272847,-0.00015601617614548134,0.46333882207024146,1.0,0.3925036013363727,0.8650578323546185,0.6326528415639899,1.0,0.534471187330804,1.0,1.0,1.0,0.12745319327087984,1.0,7.217086785208177e-05,1.0,1.0,-0.00014150808467599288,-0.0016073255629628015
160,0.006148218574799718,0.05652981260477188,-3.312588927514962e-05,0.6887818934130134,-0.0033442659761445254,0.4895309786222065,-6.20126240680078e-05,0.6772035142060244,0.008241092321560084,0.013620752137796432,5.800635964647742e-06,0.9545831625642839,-0.002570235762275368,0.5344673567537401,6.931564490136668e-05,0.5686645537236787,-0.0009058966761465222,0.9142188829935093,0.0002390494330242995,0.29824864456096,-0.002001929895646797,0.5025981732967693,0.00012896391733253467,0.17808449404077464,-0.005566984406174892,0.3046326246972295,-0.00034799102236272633,0.020662873770060503,0.6783577512572625,1.0,1.0,1.0,0.19069052992915006,1.0,1.0,1.0,1.0,1.0,1.0,1.0,1.0,0.26861735901078654,0.0020223165041099245,0.0006210048759845379
161,0.0010206120825929075,0.7726173729740574,5.3503644899352025e-05,0.7221828636280933,-0.012725015114661549,0.02085888948748389,0.00030737770366111625,0.1328767316649872,0.0033559240586441114,0.2829264649522917,4.0942499273671135e-05,0.6933339686859237,-0.0006649960725817629,0.868086475865324,-0.0002594203442585488,0.10912016494987752,0.013802655740523095,0.08706662237950016,0.000377802775920639,0.2545394160796961,-0.0013293037338590276,0.5975322719228292,0.00018503730194121512,0.08929480590160506,-0.003459877575156597,0.5322416141122915,-0.0007052434898616757,8.21366035149224e-06,1.0,1.0,0.2711655633372905,1.0,1.0,1.0,1.0,1.0,1.0,1.0,1.0,1.0,1.0,0.00011499124492089136,0.0010861441810274591,2.7766201324913647e-05
162,0.0013608218116490827,0.5959954097017043,0.00014140537642684666,0.14033756631118208,-0.00798471086292973,0.08789353598117343,6.284991247222474e-05,0.6930991385456667,0.010783189333417298,0.00025641631712527177,8.809074748284609e-06,0.9154476135365334,-0.004589732522484937,0.40651099346834974,-0.00033434080541050844,0.022725602403901823,0.007138102495050902,0.2605338650344796,0.00029566438539678676,0.22510212559604514,-0.006759811089155733,0.008775490080805068,0.00020533078629222397,0.011047916147473325,5.214115228126626e-05,0.9934104767074083,-0.00037971869852117593,0.06742480628846267,1.0,1.0,0.7910418238305609,1.0,0.0035898284397538048,1.0,1.0,0.24998162644292005,1.0,1.0,0.11408137105046588,0.1325749937696799,1.0,0.6742480628846268,0.0020856373777499763,-0.0006887877341797548
163,0.0027438003085971372,0.5813143816571349,0.00010578476546902495,0.5003453895487323,-0.006342974858201826,0.39019169268318954,0.00029825878965915624,0.20357932561016712,0.00702976058967186,0.02389913274172313,5.44752201802265e-05,0.5513395159197428,0.0009798057542576217,0.8189537747766378,-0.0004088745525147782,0.0019706066947016957,-0.0007713241663406705,0.932724058052274,0.00033030925692251786,0.2775945904883469,0.0013580906085802853,0.5330418011055719,-2.0837067871179712e-05,0.788457418381307,-0.004997159000614306,0.48422873477020734,-0.0003591164205929073,0.13993011460589228,1.0,1.0,1.0,1.0,0.3106887256424007,1.0,1.0,0.02758849372582374,1.0,1.0,1.0,1.0,1.0,1.0,3.620541973911957e-05,0.0005001404341620164
164,-0.0038074758300026164,0.38328450328992403,0.00027171103361028047,0.019407264752997307,-0.005297888682064789,0.2890963838685445,-3.7755387623874466e-05,0.8239984145441108,0.010151539660328342,0.0005054986176927769,-8.062165394441613e-05,0.34851473191119153,0.0001385710921779585,0.9762982480475434,-7.301472852755323e-05,0.5734067241129654,-7.360163769164506e-05,0.9956614579897228,0.0003178737858950073,0.40626827883006955,0.002612871103503399,0.2985009977996612,-6.91639955191034e-05,0.4235971073813698,-0.0037240153791571824,0.6192998609528577,-0.0003290290524940609,0.13254876629190793,1.0,0.252294441788965,1.0,1.0,0.007076980647698876,1.0,1.0,1.0,1.0,1.0,1.0,1.0,1.0,1.0,0.0013211436303730616,-0.0006045121314224978
165,0.0026247147660002417,0.35522790463499254,0.0003188593773372074,0.0007131516602623966,-0.010782150112477745,0.18685610814335674,0.0006059719354574732,0.007761691973603473,0.008388202760346537,0.0016769428827013474,7.384359455131766e-05,0.29342750023146924,-0.00621749304512556,0.20323511679708461,-0.0003023738403881887,0.013702791779538582,0.0071444249653337625,0.42095549800779164,-0.00026541147636688106,0.3178209477996907,-0.0017776422062537192,0.46815620393677426,7.858525884759378e-05,0.2848799028614978,0.000619944824901534,0.9071368841421978,-0.0005094748724706889,0.0009627555495901742,1.0,0.009984123243673553,1.0,0.0853786117096382,0.020123314592416168,1.0,1.0,0.1370279177953858,1.0,1.0,1.0,1.0,1.0,0.012515822144672265,-9.749051677881995e-05,0.0001465750594841899
166,-0.0014947937960432319,0.7347067372585917,9.477668555174864e-05,0.6417684236136638,-0.00868131061957803,0.0894469279996472,9.608800004609268e-05,0.524148226174444,0.0031472540296959076,0.250600148220002,1.2455760383780917e-06,0.98663663809222,0.00030019474454199836,0.9304467258195199,-9.21739103360665e-05,0.5052955157207777,0.005880842136027138,0.45082828057744995,3.094053930696805e-05,0.9279861996947523,-0.0037555451357727822,0.021725905470165476,0.00021242512398041605,1.9823171950436233e-05,0.004603355906786622,0.40987508767102154,-0.00034330196258152177,0.04085825110220046,1.0,1.0,0.9839162079961191,1.0,1.0,1.0,1.0,1.0,1.0,1.0,0.2824367711121512,0.00027752440730610727,1.0,0.49029901322640557,0.0007194586150076099,-0.0002502102227815103
167,0.0013040087178713688,0.7410883862332626,-7.237422691408324e-05,0.5623472414830254,-0.006305584249869767,0.21964751010895733,-7.551735223756872e-05,0.6370738711111651,0.002636764977916995,0.163478241567655,-1.0138087748878994e-05,0.8844406319876147,0.004497234561648981,0.2933878947481833,-0.00022465530563947842,0.08643526512045605,-0.00447525117968835,0.6107571559726448,0.0007090530252024486,0.001470879581333023,0.0010255807517212314,0.7484461609037729,6.61995854309554e-07,0.9952986622322793,0.0013172465287446648,0.8364372252424863,-0.0003270300114091145,0.1474701126775699,1.0,1.0,1.0,1.0,1.0,1.0,1.0,1.0,1.0,0.02059231413866232,1.0,1.0,1.0,1.0,0.0010782015413617538,0.00023151811188310524
168,0.0002959227449608875,0.9340420296416658,-1.2288896458042303e-05,0.9157072272730074,0.004695058522942085,0.28161062305317464,-9.684229858482332e-05,0.4950442021303638,0.001275814599261622,0.7105672738290342,0.00016825661037030701,0.13177286041324215,-0.0009799819161883962,0.8490158660527544,-2.781117707438278e-05,0.8780179823544904,0.004380556219475591,0.6355914832517818,-0.00028015219747332056,0.18530926732153796,-0.002749114902657691,0.271377957099869,0.00021738484088454027,0.016446077522022744,-0.0069182552408235945,0.19512535163878508,3.145317261462402e-05,0.8298431901590433,1.0,1.0,1.0,1.0,1.0,1.0,1.0,1.0,1.0,1.0,1.0,0.23024508530831841,1.0,1.0,-0.00021933340445721966,-0.0005069025006863378
169,-0.001354274470778382,0.7657507653943746,0.00011601998256793991,0.5081719303840694,-0.0035042549291050633,0.43784707292099034,5.5625366088059115e-05,0.7593784656520912,0.008283133073130734,0.011098973795557587,5.08372602907826e-05,0.5456369032011832,-0.0027367670524586817,0.5496893641503939,2.1424445135629796e-05,0.8964528141884446,-0.0029500109789104066,0.7475094949599217,0.0003573041875529135,0.23079109035423018,0.002288308674111822,0.41181624635620173,-2.7158916517900344e-05,0.6955984563765254,-2.61355323907121e-05,0.9942804314677307,-0.000574052312881516,0.00014404849312489286,1.0,1.0,1.0,1.0,0.14428665934224863,1.0,1.0,1.0,1.0,1.0,1.0,1.0,1.0,0.0020166789037485,0.0011908123249383458,0.0002895572480472133
170,-0.0010254477272342013,0.7660173732361168,0.00022174342457468237,0.03680301408112165,-0.0003492719380689877,0.9578753667431538,4.6899651424288677e-05,0.8295879714912502,0.00920300003232135,0.0012710377433218666,-5.828732787257755e-06,0.9507226829000711,-0.0016139524225214752,0.7404982882326612,-7.62294533746662e-05,0.6010212484065738,-0.001124310992793861,0.9051236031884692,6.4629820280619675e-06,0.9844910339133632,-0.00538074633423729,0.0341661025103817,0.00014391465648079407,0.07982117769469274,0.0002907299078655231,0.9456842623483156,-0.00033696249513354474,0.03364913006616824,1.0,0.43743869086018705,1.0,1.0,0.01779452840650613,1.0,1.0,1.0,1.0,1.0,0.43743869086018705,0.7982117769469275,1.0,0.43743869086018705,0.0016385188756752826,-7.651848668267273e-05
171,0.006753466353823233,0.007429166052992113,-1.1575779898024057e-05,0.9105354288451387,-7.234006477035788e-05,0.9885424037334279,6.696944155389104e-05,0.7061169341776561,0.008696219146933585,0.00041014084364223075,-0.0001863608795519181,0.020540221815599398,0.001092227131270742,0.8523731223373816,2.4046974348374887e-05,0.8696490635504581,-0.003921267246692288,0.6027169377661254,0.00020222994604924063,0.480439872432183,0.004082138403474618,0.06777179377788005,-0.00014001824725879688,0.15625519063754545,-0.016630442765316937,0.002685826192960433,4.4708510031123075e-05,0.815306349773476,0.08914999263590537,1.0,1.0,1.0,0.005741971810991231,0.22594243997159338,1.0,1.0,1.0,1.0,0.6777179377788005,1.0,0.03491574050848563,1.0,0.0008845287382514619,0.0013181922250383757
172,-0.003062355288308171,0.3847261865169639,0.00029288314310370583,0.025049436547868877,-0.0012146980896936867,0.8013334374754826,0.00032502587372358984,0.06958352635559092,0.008598304126308121,0.025690018697754727,0.00010036406171060554,0.33811691910489516,-0.0033970295562252275,0.6643963287125976,-0.00025169453505755935,0.3050251766136942,0.0094929059410972,0.3007007992460804,-0.0003970160099206521,0.20031497206654225,-0.002322142309374502,0.401922180897092,9.085839691672331e-05,0.2537707210845187,-0.008094985920228058,0.0648672149351029,-0.0001604209399588932,0.28312336543443595,1.0,0.3506921116701643,1.0,0.7784065792212349,0.3506921116701643,1.0,1.0,1.0,1.0,1.0,1.0,1.0,0.7784065792212349,1.0,0.0011086080848950778,-0.0001403475690019941
173,0.008653632196740662,0.012063194599754955,9.841902459741822e-06,0.9221987221546352,0.010183239169281521,0.08901060922237967,8.755060810738013e-05,0.747850382596976,0.012315714054419329,6.711334008577609e-05,-6.012502897327734e-05,0.5220000042689665,-0.009901510484482604,0.0386621959375605,-9.533226390238598e-05,0.5021983965374919,-0.016427269916920288,0.07382180140224358,0.00013351071299781063,0.7495945721817415,-0.0015889889277876516,0.6107799987838559,7.445994386365909e-05,0.4483026021735814,-0.003234815066241106,0.4558360180509826,-0.00014990586910594288,0.3656190940935208,0.1568215297968144,1.0,0.8901060922237968,1.0,0.0009395867612008652,1.0,0.463946351250726,1.0,0.8120398154246794,1.0,1.0,1.0,1.0,1.0,0.00164475198349742,0.001583908527858243
174,0.0029554614790656708,0.3033134164082967,0.00012093230038532928,0.26625758040049374,-0.007041304181032373,0.1613755178748827,0.00032757727628351626,0.053506532919398046,-0.002075836913284875,0.5433116642878282,0.000168318502716768,0.25452721177086657,0.008954193918979001,0.10022298232797912,-0.00035993042935911543,0.02946086427278234,0.005526825041556948,0.5274280351142142,-2.6416149520152586e-05,0.9352389043328748,-0.0027621818117859356,0.3834840621669272,0.00022633738227395043,0.03244963745097849,-0.005557154405423888,0.27305090008632493,-0.0004568189168336393,0.004563761616295839,1.0,1.0,1.0,0.5885718621133785,1.0,1.0,1.0,0.3829912355461704,1.0,1.0,1.0,0.3893956494117419,1.0,0.06389266262814175,-0.0007151818721560939,-0.0005988202893841387
175,-0.0020622205616956948,0.6183254423906908,0.0002249427532884701,0.0525727687665886,-0.006142016243318127,0.19711726707855037,0.00010842950898628803,0.4471835728266065,0.008578574350046489,0.0003117996349356026,4.8679668142070193e-05,0.6316712706426744,0.0031064947504950333,0.49140812953183344,-5.589678426587344e-05,0.725752015477657,0.004773970771368033,0.5979984315079148,-0.00022071893343230886,0.3709320384930821,-0.0014738684463048914,0.5878800865752327,-1.1843212698189712e-05,0.8866115739983964,-0.006780934142614808,0.1330382844366261,-9.359301093912013e-05,0.5424465389457989,1.0,0.6834459939656518,1.0,1.0,0.0043651948890984366,1.0,1.0,1.0,1.0,1.0,1.0,1.0,1.0,1.0,0.002415685154568981,-2.1391294617000832e-05
176,0.0040307357048168495,0.22051054858012797,-5.809696041151831e-06,0.961754512963419,-0.00635516070258007,0.1728221402156721,0.0002805022158308166,0.03257864195452639,0.004858157238170183,0.2164962820788785,5.9708890964623746e-05,0.6613836636105637,0.00304402087045595,0.5468440056681456,-0.000365890514617556,0.010330215524947409,-0.007869300976582358,0.462175246673839,0.0006282128113993507,0.025736090451486122,-0.006394594585824045,0.026226566290181073,0.00011908347980822974,0.11731431066764642,0.008686141057776752,0.205518057701636,-0.0007158071621985337,0.00022567570360382402,1.0,1.0,1.0,0.3257864195452639,1.0,1.0,1.0,0.1342928018243163,1.0,0.3088330854178335,0.3088330854178335,1.0,1.0,0.0031594598504535365,0.0009346184088085381,-0.0007115151799047681
177,0.003334165413855172,0.2808299465316769,-4.28900872548016e-05,0.7034687534777323,-0.0021025689999756175,0.6584674067080283,0.0002607667968577192,0.11192943808647085,0.00753918847382982,0.018704766667325505,7.904925452756749e-05,0.5985280286065011,-0.0005701601485350595,0.8822926120584563,-0.0001812363111112995,0.12532270769567752,-0.00947416429413582,0.2974880514907985,0.0001881353985723099,0.5603193404841911,-0.005831871026107754,0.001027470384934139,8.996472500940827e-05,0.08835720211670992,0.0071054085001613235,0.12937559171622626,-0.0003937897288292555,0.005166886890944603,1.0,1.0,1.0,1.0,0.22445720000790606,1.0,1.0,1.0,1.0,1.0,0.014384585389077945,0.971929223283809,1.0,0.06716952958227984,0.0011200025032257097,0.00011883532695840794
178,0.0034523413420014136,0.3872914880089465,7.600622266075208e-05,0.6488252368694633,-0.002334190328171356,0.6187303021338662,0.00019055658716919305,0.27396851221563034,0.006037836822352048,0.00515356152516632,8.27084368371223e-05,0.21967829298996644,-0.007174651984122625,0.13911498274304865,-2.0117732200575013e-05,0.8937428234366748,0.013504799087672513,0.2226673589083653,-0.0003009396373380972,0.3093144202040098,-0.00552504778350601,0.0088829135097368,8.208691523085858e-05,0.14752229632531633,-0.007961088298836985,0.11634051771835628,-0.00011030072882221358,0.5091620874614968,1.0,1.0,1.0,1.0,0.07214986135232848,1.0,1.0,1.0,1.0,1.0,0.11547787562657841,1.0,1.0,1.0,0.0006926040620024763,-0.0003776935754272847
179,0.0010598035026324272,0.7451198477655011,-3.2533212570519016e-05,0.7106756186534814,0.007132198823695578,0.08030131280159739,-0.00015904733602883998,0.13817403472753692,0.004406772020166267,0.329522821892127,-2.9293045216750055e-05,0.8474922297955993,0.0021406303512311203,0.6107878010614411,0.00013701955614035482,0.2610242115871878,-0.0069747574849892465,0.5224860087595817,-6.782105053897101e-05,0.8441452634898013,0.0011296386933756163,0.5584064202488365,5.035491515175619e-06,0.9367309797515111,-0.008894285413377043,0.041049202192398576,0.00014663961374501873,0.3486124505858922,1.0,1.0,1.0,1.0,1.0,1.0,1.0,1.0,1.0,1.0,1.0,1.0,0.57468883069358,1.0,0.0014564439775234664,-0.0007843973916901861
180,0.0031948277694980078,0.4627324862565694,2.2212549280255696e-05,0.8617887752731668,-0.010031702850601495,0.022163053231354545,0.0004573904773439544,0.0025229254916754504,0.004864495800996966,0.2566897446504357,0.00010563033675109836,0.45605245609309397,-0.005018436654120202,0.4022418328605991,-8.972980504398297e-05,0.6255024455457975,0.0053945485357251724,0.6109069021006912,-0.00012728260446003115,0.6918131796931304,-6.1013622369026195e-05,0.9800531383655521,-1.3523501885511157e-05,0.8718685980559545,0.0016572795112407082,0.7746031194532421,-0.0003546974180232775,0.04957979993440496,1.0,1.0,0.28811969200760906,0.03532095688345631,1.0,1.0,1.0,1.0,1.0,1.0,1.0,1.0,1.0,0.5949575992128595,-0.0005918238841841533,-0.0008033973286104447
181,0.00866142776961603,0.004787049803872826,-0.00026494585458111794,0.06910725841796893,0.0034682307612255406,0.5141526999112007,-0.00022018267770246186,0.2182298118367081,0.0123862695673126,5.61127095188335e-05,-0.00020275110799068355,0.13218010787676038,-0.008224906320106182,0.015505254020550597,-8.728211742562472e-05,0.40525072553952235,-0.00013474619246254835,0.98636547242106,0.0004901126692594775,0.08405436605775787,-0.004834800009307697,0.20310405836772372,0.0002002817361517279,0.13241493854391845,-0.011321476021058569,0.0021608024153003105,8.476738623818714e-05,0.5597085895882912,0.05744459764647391,0.6910725841796893,1.0,1.0,0.000785577933263669,1.0,0.17055779422605657,1.0,1.0,0.7564892945198208,1.0,1.0,0.028090431398904037,1.0,0.0020508410380249177,0.0017212706706242126
182,0.002055944343641911,0.4945683671216772,1.9907302730125918e-05,0.8350377575116972,0.004424671110437026,0.36972505695753743,-0.00027688931023740396,0.09535007769955332,0.007256457399443277,0.011440457125090606,-4.851650984963147e-06,0.9542855188157956,-0.0015785138324691595,0.6711563392802642,0.000150214901186652,0.22015717417554537,-0.022964046992472023,0.011833327181365984,0.0004121150188247643,0.10257052758089533,-0.0015717995256488777,0.44772880146399663,0.00014056071463701558,0.031626300568796104,0.012377285837952603,0.008624806506128723,-0.00044105692810224306,0.003750453803687259,1.0,1.0,1.0,0.8581506992959799,0.13728548550108727,1.0,1.0,1.0,0.13728548550108727,0.8581506992959799,1.0,0.31626300568796106,0.1121224845796734,0.052506353251621625,0.001805436960546142,0.0013652737339260991
183,0.005965807466435376,0.0891795395638535,0.00025131935716127203,0.07101828907981535,-0.0018705267755834908,0.7002217632676814,0.00016449768253747304,0.19449052289958346,0.007497599404201713,0.013346574309848988,-0.00014552186561519055,0.15085749845298133,-0.0015765920460014524,0.7722294863349077,-0.00013542207866834303,0.40311414005128454,-0.0033040112068654344,0.7075100006609905,-1.1947763518720258e-05,0.9644533221888816,0.001003547445097132,0.7510484853685714,2.9443569881823568e-05,0.761019884330389,-0.007715826206826133,0.09311773407218207,-0.00015236882085209417,0.13977858525589926,1.0,0.9232377580375996,1.0,1.0,0.18685204033788583,1.0,1.0,1.0,1.0,1.0,1.0,1.0,1.0,1.0,-9.390785015754153e-05,0.0014958010931633708
184,-0.0036432263485982686,0.4334706645256937,0.00010930941321015325,0.4023482213741828,-0.010287376903872573,0.05792330441398205,0.0003595766846990649,0.03332937247772071,0.009250753304449941,0.008884036623510817,-1.9832081666246332e-05,0.8689541472255833,-0.007881891170919938,0.11890408383407841,0.00022364316395120514,0.08463219100922947,0.01954040910708761,0.0787689948459104,-0.0008380516783371916,0.0021777648262287096,-0.0025995668480364507,0.2740619352959994,0.00027362241667469134,0.0006250170430100499,-0.0043791001538356555,0.45564474810725253,-0.00010826793426895632,0.5137300613275637,1.0,1.0,0.5792330441398206,0.36662309725492787,0.10660843948212981,1.0,0.8323285868385488,0.7089209536131936,0.7089209536131936,0.028310942740973226,1.0,0.008750238602140699,1.0,1.0,-0.0005217936590996103,0.0007685572363125726
185,-0.002851438010603058,0.470581874951677,0.00035317003069946715,0.0033635039231003166,-0.005895453590375439,0.14853530427435999,0.00034100264128346977,0.025720701779144473,0.004261631253660461,0.22101597647925508,-6.600787015718083e-06,0.9449100017726921,0.004181285764768737,0.41440213201295273,-0.0004189578129330497,0.03296219050560408,0.004020452036798286,0.7040381705345056,-0.00025453868262125125,0.5147451580743833,0.0038821851605400966,0.1910737159737952,1.0687252737732892e-05,0.8895571966192393,-0.007598662361005994,0.17596542579620889,-2.4762639043683318e-05,0.8875786818784653,1.0,0.047089054923404434,1.0,0.3343691231288782,1.0,1.0,1.0,0.39554628606724895,1.0,1.0,1.0,1.0,1.0,1.0,-1.537669840234726e-05,-0.0017855178634587003
186,-0.005269359947772415,0.16975431313642886,0.00027659266447582466,0.06920043126007097,-0.014402251820693792,0.005674701208947314,0.00039334291986346966,0.01821688247962476,0.007569646798728542,0.03415584581659375,8.556609753569057e-06,0.9521867304220356,0.006076904619878109,0.21815763403041355,-0.00021982617378604532,0.15649882630078052,-0.004470034597128627,0.5731809463701873,9.833284426092395e-05,0.7614310254024858,0.007049754393601223,0.006679255555814973,-9.43578947276464e-05,0.412685828116808,0.003445339033062768,0.5141076244836567,-0.0004626408914694112,0.0076464686396380275,1.0,0.6228038813406387,0.0794458169252624,0.20038570727587235,0.3415584581659375,1.0,1.0,1.0,1.0,1.0,0.08683032222559466,1.0,1.0,0.09175762367565633,0.0010430248489728953,0.0008689693619022847
187,0.008056208079240715,0.01045988962977838,0.00019032775743235385,0.06820237200541183,0.0018594232137950132,0.6873754817834716,0.00016007504827264592,0.34848076034792386,0.009773213847409229,0.0043482055835275145,5.6993657415680584e-05,0.6192234728589638,-0.00020526453462552997,0.9557151709218807,-0.00025476198733211954,0.023919386524044208,-0.014222438985650506,0.06617016018610557,-0.00013511474248409394,0.6726566029653709,7.80865106053928e-05,0.9761076856072248,3.178768544952235e-05,0.7548474966568754,-0.005339227484942321,0.285931172976863,-4.9307454988817314e-05,0.7923621486689663,0.13597856518711895,0.7278717620471612,1.0,1.0,0.0608748781693852,1.0,1.0,0.2870326382885305,0.7278717620471612,1.0,1.0,1.0,1.0,1.0,0.0006931311673760778,0.0005252722822993276
188,-0.0017508068988825597,0.6774781828207671,4.795833887176066e-05,0.7530634277753252,-0.004254256389420129,0.3984502612112796,6.545715680106691e-07,0.9961146448125473,0.008902649548458355,2.4003971524494476e-05,-7.95983514505585e-05,0.20955495769261734,-0.01010150087524015,0.023225170941885052,-0.00014232776021608898,0.360450991927488,0.019092122212445647,0.09422954488950507,0.00010597427298949335,0.7593225754678046,-0.00031363086973757717,0.9010812642200217,0.00022606258688148738,0.011735967784268563,-0.011574575478288239,0.043898154727865804,-0.00015872368296195063,0.45132921602549925,1.0,1.0,1.0,1.0,0.00033605560134292265,1.0,0.2787020513026206,1.0,0.9422954488950507,1.0,1.0,0.15256758119549133,0.48287970200652386,1.0,0.0016930024599770875,-0.000390429009189141
189,-0.0006479461531034011,0.8789071204932214,0.00018061874910273512,0.1426305626884199,0.006298758740456691,0.3165225972728909,0.0001334668221244585,0.45002314593703774,0.0094525169459276,0.021459466713360874,-5.953691556719856e-05,0.6689441069693345,0.008823828262298798,0.06025945184666465,-0.00036039424132666497,0.025581883678160285,-0.029467559206229142,0.0029794781508362656,0.000511506341090733,0.10081944290968846,-0.0005026764728278562,0.827361895371591,7.809572746038307e-05,0.39568335921440645,0.006043077486852342,0.1334310632138058,-0.0004837564476791741,0.0029110094746598947,1.0,1.0,1.0,1.0,0.25751360056033046,1.0,0.6025945184666465,0.2814007204597631,0.04075413264523853,0.9073749861871961,1.0,1.0,1.0,0.04075413264523853,0.002551971700410182,-0.0002737099048473374
190,-0.0012951552430664425,0.805713129247488,6.309254327696953e-05,0.6788676591544884,0.0006219047857121353,0.9260185181154201,-0.0001846278392826124,0.35662578125858535,0.00250466352213117,0.47649355832330087,0.0001470438200074323,0.211221205093866,0.0026411616693032313,0.5546270476516153,8.14579420957801e-05,0.5028731111209506,-0.003065011288773461,0.7728624696668079,5.414321542937787e-05,0.8697463724953781,-0.003800268544108635,0.14497203442669912,6.949382941927592e-05,0.4605415258153267,0.0023927071141215364,0.715120533867948,-0.00023060352687167372,0.2127940119136288,1.0,1.0,1.0,1.0,1.0,1.0,1.0,1.0,1.0,1.0,1.0,1.0,1.0,1.0,0.00031862221107520155,-0.0015870349388244418
191,-0.000826850435448229,0.856759393246116,7.687059796702774e-06,0.9540250847619012,-0.0009329566426466007,0.8689228439010102,-4.845460432464817e-05,0.7941690508238488,0.00569213538774036,0.0612955176877064,0.00017346902532046923,0.056150892487555094,-0.003229202456449527,0.5216808478248598,-6.866303181019751e-06,0.9658983977547113,0.002324233762093744,0.7583120890274645,-0.00032844526212991203,0.18751716041710453,-0.003904446528924069,0.16983947396743404,0.0002034163465421302,0.007888055228171171,0.0008770877655929689,0.880611911334311,-8.063032945383037e-07,0.996285309677809,1.0,1.0,1.0,1.0,0.7355462122524767,0.7299616023382163,1.0,1.0,1.0,1.0,1.0,0.1104327731943964,1.0,1.0,0.001509398009612442,0.00030333383287444604
192,-0.0031743074965446512,0.41306477982008316,0.00035551813001303043,0.005247386267471493,-0.011087858103769924,0.033764260559174086,0.0004843272792551766,0.0036960750341854753,0.005650729448122204,0.04709717002003087,5.093780701535063e-05,0.6314671544867596,0.00996659790179312,0.004629445129182426,-0.0005643737360195042,1.646723714293525e-06,0.0005131395868941132,0.9506258243014966,-0.0002837209810751887,0.40310148749416486,0.0005131288498645032,0.8134231095171089,0.0002248590938522645,0.0013460229140910835,-0.002381430009145437,0.673885969388681,-0.0002675476080541451,0.17483125686985745,1.0,0.052473862674714926,0.3038783450325668,0.0443529004102257,0.37677736016024693,1.0,0.05092389642100669,2.305413200010935e-05,1.0,1.0,1.0,0.017498297883184084,1.0,1.0,-0.00020942749165521593,-0.00027588923848611505
193,0.0025766928316180594,0.5104495411562042,9.861718191822572e-05,0.4249768413975139,-0.008401489857753443,0.15202838294597965,0.00024569113028421145,0.16530133601694708,0.0056190936169548,0.09172989838285393,-0.00013679267619807098,0.1359784064666768,-0.004518386884575538,0.21196882190478727,-0.00020176966838092076,0.169356090866027,0.0108461956080383,0.43937302665195743,-4.654497397691328e-05,0.9179629423835912,-0.002600823679951906,0.24720375874345635,0.00011751271625041493,0.06969427782374332,-0.0035212818133264494,0.6521827675535794,-7.671370614291547e-05,0.7907569073054452,1.0,1.0,1.0,1.0,1.0,1.0,1.0,1.0,1.0,1.0,1.0,0.9757198895324065,1.0,1.0,-0.0006386111810393245,0.0011368316365332027
194,-9.054651136647103e-06,0.9981194523507187,5.483685091709139e-05,0.6904973020068661,-0.008605684205590783,0.050639935083224626,0.0003036459179175281,0.046104295057682015,0.011872890487040056,0.00022377652956279316,-0.00012634288795226067,0.3245179432442039,0.001022108688153663,0.875881820957238,-0.00016775713417874606,0.39773397567870006,0.002523495923535515,0.8308913376163353,-9.479236590533088e-05,0.8338392157386119,0.0002700360979168647,0.9160718594514403,5.472390375164361e-05,0.4268869519587588,-0.007073794207789486,0.3059867214604566,-2.4314291122159997e-05,0.92260590263548,1.0,1.0,0.6076792209986955,0.5993558357498662,0.0031328714138791043,1.0,1.0,1.0,1.0,1.0,1.0,1.0,1.0,1.0,0.0008422567510047507,0.000824712521029593
195,0.009371687467497006,0.01812128953640029,3.48117681292962e-05,0.7918851084586849,-0.005925112100088265,0.18928465080474188,0.00015530155329429617,0.2507881696276786,0.004924887981975269,0.11687738122017308,5.6022051236944775e-05,0.6358691772954104,-0.0017308568409571052,0.6990396175061575,-1.0309926059652396e-05,0.9403618373934083,0.009215006619617657,0.2301307392860662,-0.00013258000529777384,0.5646751331185643,-0.002457127221470629,0.27887947992635786,8.477669067861573e-05,0.32780184316858485,-0.013398487733270785,0.007384205691263239,-0.0001880220581833197,0.15372466623434008,0.2355767639732038,1.0,1.0,1.0,1.0,1.0,1.0,1.0,1.0,1.0,1.0,1.0,0.10337887967768535,1.0,-0.0003237564646944497,0.00030908470667125005
196,-0.0028089797183594076,0.3966059155485585,0.0002865430067606059,0.013459692109183715,-0.005605643510909903,0.09358742416479762,0.0005477705487796793,0.0003259406233132471,0.0017396039354637763,0.6324868102331461,0.0001089171048912141,0.245119495282068,-0.00251550404811804,0.49088048985102484,-8.021765016909252e-05,0.5005451093311741,0.01351884839260308,0.12014747667175774,-0.0004677390921465099,0.08781350243899826,-0.0025885895557700316,0.2937071489313674,0.00019607913830156897,0.054800681457856035,-0.0017397355301419016,0.6968325436928504,-0.0005913530940320339,2.6448486697488743e-05,1.0,0.16151630531020458,0.8781350243899826,0.004237228103072212,1.0,1.0,1.0,1.0,0.9611798133740619,0.8781350243899826,1.0,0.6028074960364164,1.0,0.0003702788137648424,0.0008465373954025425,-0.0014956501738923515
197,0.003832067171339105,0.2699409490752196,-3.9575730759792135e-05,0.7156380621777648,0.003623829303647906,0.5493379643160652,-0.0001963596011106214,0.2722122510462761,0.00597577147728185,0.11449332827198198,0.0002314971340596587,0.031206143438254428,0.0004217191683638928,0.9236368544562841,-9.739124778311835e-05,0.41365306576241245,-0.008293935276024528,0.3286085004196284,6.757930088279935e-05,0.8115570865546504,-0.004300488782205224,0.04558415722052336,0.00018270623702531667,0.0063963575644149645,-0.0012589629320703406,0.8552454392004001,-0.0001484560950194036,0.5298289962811886,1.0,1.0,1.0,1.0,1.0,0.40567986469730755,1.0,1.0,1.0,1.0,0.5470098866462803,0.0895490059018095,1.0,1.0,-0.00014156491400524023,-6.301351091651481e-05
198,0.002107665220628274,0.5437497264282368,-0.00020186139270433458,0.12597135895031703,-0.010879181964922055,0.009935151551135585,4.364903121642678e-05,0.783704381883523,0.003984290939205399,0.30898870838466364,0.00027192483500282724,0.03085136573152621,0.00042126443356847124,0.9318698681609788,-0.00010758519126577945,0.48174190037373277,-0.0004315788769144197,0.9591768583388119,0.00027931870703764146,0.34646138317312547,0.0010619951232972507,0.7329113372928668,1.1223631552992551e-05,0.902832542533586,0.0037355428126961084,0.33084120069941136,-0.00029666954572063443,0.020006791597804552,1.0,1.0,0.1390921217158982,1.0,1.0,0.37021638877831453,1.0,1.0,1.0,1.0,1.0,1.0,1.0,0.2600882907714592,-0.0003649897899728858,-0.0010550468416505045
199,0.004087817287848635,0.4307087147908836,-4.5269525027454715e-05,0.8104224899846499,-0.006390766883231057,0.22119833556140678,0.0002575415345011517,0.06258546326846845,0.007694730918675625,0.0616577026225906,9.319957153344646e-05,0.3293654629379248,0.007450033611324446,0.10218283245690196,-0.00011379965684847132,0.4477144509050237,-0.006959420566309897,0.5372145446731642,-0.00014859790886622237,0.6600199621583143,-0.0013333899513438025,0.6994002736796583,0.00011369492699497893,0.2833274517342357,-0.004549004726647573,0.3046438472641346,-0.0001567688995342376,0.3495168649936865,1.0,1.0,1.0,0.8632078367162683,0.8632078367162683,1.0,1.0,1.0,1.0,1.0,1.0,1.0,1.0,1.0,-0.0007310910205958699,-0.000651366581499292
200,-0.00016697173546482467,0.968250130343429,0.0001766173282054684,0.20301202256978834,-0.012030877086523015,0.005260044826972505,0.00024853212405494534,0.09911464218341254,0.010742081953917453,6.801650423108232e-07,-0.00020176552742265125,0.0032731160410712063,0.0005447517330331476,0.9161463899394506,-0.0001498981920744729,0.33592653536971595,0.011175936284217852,0.19875940779534107,-9.970019848410696e-05,0.7165821931142442,-0.0011835912985061368,0.6765603511502052,9.078397031970927e-05,0.3664603037818356,-0.009081330774487506,0.11814826006533127,-6.456937899338405e-05,0.7381831820074716,1.0,1.0,0.06312053792367006,1.0,9.522310592351525e-06,0.04255050853392568,1.0,1.0,1.0,1.0,1.0,1.0,1.0,1.0,0.0001129446317584242,1.4971608203755455e-05
201,0.007831472586563325,0.07727086706442557,-7.590760269911638e-05,0.6061190655364779,-0.003722058306307449,0.532369679882934,0.0001296889849613683,0.39041670505808457,0.005644276060048614,0.049230912177026215,5.812986292695989e-05,0.5933315389371056,0.00011276122588787001,0.9838133444071493,-0.0001171921564314139,0.5202854668010986,-0.0049406708994777105,0.6316106340297951,0.00039754105208489007,0.21992946929043566,-0.0015428370754140303,0.5437039462999105,8.922868767730221e-05,0.2516397683888516,-0.003382944852571499,0.4647337640169914,-0.000481488783915641,5.0286176902112716e-05,0.9272504047731068,1.0,1.0,1.0,0.6400018583013408,1.0,1.0,1.0,1.0,1.0,1.0,1.0,1.0,0.000704006476629578,0.0019920671655111258,6.933447456470894e-06
202,-0.004830926958647625,0.14018219877498697,0.0001607130470434179,0.08678717797973591,-0.010095548043673271,0.01221508018694871,0.00016222942169617674,0.1791971788535487,0.002804669319075801,0.4084027487891956,5.484152232874223e-05,0.6532144537367084,-0.003824927972615602,0.5336045649874639,5.565657866572323e-05,0.7972921891500154,0.014246577401312679,0.09474659262787224,0.00017878734430485345,0.4948675535511996,0.00010319120577717355,0.9667995312963521,-6.835660996045815e-05,0.36366973723404294,0.0015969651910712815,0.7524420851801591,-0.0005438712948683568,0.0014459233219974374,1.0,1.0,0.15879604243033324,1.0,1.0,1.0,1.0,1.0,1.0,1.0,1.0,1.0,1.0,0.020242926507964124,-0.0009238856823441706,-0.0017734082786338354
203,-0.003860906353168267,0.2474082835348702,0.00030261387850249533,0.007805069502300295,-0.01087777218634437,0.10155985651107137,0.00042105579994125325,0.04985652100938265,0.005034819310040681,0.09160844397566574,0.00013683147420742373,0.2569053302821057,0.0056542408317730155,0.258737427884265,-0.0003891061042932716,0.014190055772025673,0.002196229371933609,0.824999021000569,-0.0001273266707284671,0.6892960729787958,-0.004072958074034107,0.19593422860972332,9.177233026770566e-05,0.35883669305728716,0.005926345617600729,0.14556992137408858,-0.0004358406768238732,0.000866757734997971,1.0,0.10146590352990383,0.9160844397566574,0.5484217311032091,0.9160844397566574,1.0,1.0,0.17028066926430807,1.0,1.0,1.0,1.0,1.0,0.012134608289971593,0.00044685896498493875,-0.00021893581239949941
204,0.0009643998673962557,0.7990568683204101,0.00029731000532224266,0.03040542586767502,-0.0016915183022217755,0.7881132095363554,0.0004356783664904569,0.019272631918059963,0.008119969223694887,0.03383716374522101,0.0001287730607337567,0.2268187062228597,-0.005794631337244972,0.14424790142200986,-0.00020563196944869936,0.06872871453288884,0.008132440798178892,0.45026523617352154,-0.0006497716176526289,0.04550349867304062,-0.0029152747891792604,0.20437716291607566,0.00024522997294351527,0.0022956502499463663,-0.006815385407659486,0.17544841460741267,-0.00025158778749220285,0.21693966531281783,1.0,0.36486511041210024,1.0,0.2505442149347795,0.37220880119743116,1.0,1.0,0.6185584307959996,1.0,0.4550349867304062,1.0,0.03213910349924913,1.0,1.0,0.0017241420713685499,0.00071515085122368
205,-0.0014998996710501047,0.6736051907840143,0.00034819906822394135,0.005783441455194889,-0.013080323958604145,0.03597752477584634,0.00046811516743188076,0.0034897370476551386,0.003527569231330264,0.298337539871502,0.00010648820575357813,0.3510780135785986,0.0011522397401529725,0.8111743858761731,-0.0002790654822915006,0.08497039645520026,0.02084548418930198,0.007997919283510301,-0.0003707861501234763,0.27087670567813915,-0.004452396807849433,0.04783961107978121,3.453097489871718e-05,0.5652885111636843,-0.00649267241141877,0.11935366129176597,-0.0003074817212570196,0.013975025876221285,1.0,0.07518473891753355,0.3597752477584634,0.04885631866717194,1.0,1.0,1.0,0.679763171641602,0.09597503140212361,1.0,0.43055649971803084,1.0,0.8354756290423618,0.15372528463843413,0.00013681606548069433,-0.001478774595474464
206,0.00594665887387381,0.22550664308741952,-0.00022890076558080395,0.22767561682105242,0.004717756305744366,0.3158927960095833,-0.0005278288341178655,0.00015273377639753077,0.002331841668372711,0.4360480803793809,0.00021411298164770393,0.003939067669346957,7.920249980116602e-05,0.9848796666695198,0.00011035079383518918,0.23785768731215695,-0.004086765856463323,0.6716479485353413,0.0004340735187730561,0.22049880239494646,-0.0009149155709893491,0.7537195444695464,7.669316547076908e-05,0.43138059560369835,-0.008073778750226862,0.0743632211193174,-7.850084731623468e-05,0.5189536898823185,1.0,1.0,1.0,0.0021382728695654306,1.0,0.051207879701510445,1.0,1.0,1.0,1.0,1.0,1.0,0.8923586534318088,1.0,-0.0012316764276496981,0.00018680715301141372
207,0.006004708008458395,0.14223337657551505,0.0001796397224250112,0.20624771330672353,-0.0010477305954622802,0.8800478562077592,0.0003141852526130404,0.11282360802821237,0.011264217963238754,8.539638992319348e-06,4.567447868486802e-05,0.5820766665891683,-0.007154073399870457,0.13030135798645034,0.0001508265660756431,0.3552250340121764,-0.01032048819124825,0.45155688416283,-0.0003140484314728596,0.43113572679745116,0.0027605756006900415,0.1731140838072469,2.1302448408072685e-06,0.9764316632905554,-0.001507211735910201,0.8561356189300688,-0.0003784078002744003,0.15248979520397937,1.0,1.0,1.0,1.0,0.00011955494589247086,1.0,1.0,1.0,1.0,1.0,1.0,1.0,1.0,1.0,0.0023395963720546946,0.00042111704200112094
208,-0.004449260527815583,0.3153717645321531,0.00024466522546539313,0.1584140100773166,-0.009380814717698112,0.05151723479051337,0.00010969165278242895,0.5818692190012962,0.004618346217040559,0.08596347859317731,2.2324580319615995e-05,0.7761711922095116,0.004164781687093898,0.3061793975397544,-0.00014385570277229915,0.29832370827234644,0.004341741265353362,0.5924672536993155,-0.0001544186499690441,0.5653309741619863,0.003417029396698416,0.21594654064131158,4.90646310856437e-05,0.5795073318973307,-0.0027118240322719987,0.5671531928273721,-0.00012747170421145324,0.34811424356977516,1.0,1.0,0.7212412870671872,1.0,1.0,1.0,1.0,1.0,1.0,1.0,1.0,1.0,1.0,1.0,-7.98735762469471e-06,-0.0010479245925429461
209,0.008468947465818031,0.08755598517601887,-0.00011750407196534374,0.5158992513099226,-0.00526360250580383,0.26561220123588025,-2.7532162539086977e-05,0.8231374879376527,0.0070689658322428935,0.03229525680742274,7.996352645912886e-06,0.9373843225851483,-0.011195827498162603,0.0011605540934641802,0.00018433361482155447,0.07715655753910465,0.002719816501503851,0.7002349968218724,-0.00016546559191090677,0.5655149454438371,0.0024383703680609338,0.2809187223037446,-9.804893005388656e-05,0.1402334407348724,-0.004236669266744062,0.3324332301577785,0.00021622080103438434,0.1528928768282866,0.9631158369362076,1.0,1.0,1.0,0.41983833849649566,1.0,0.016247757308498523,0.9258786904692557,1.0,1.0,1.0,1.0,1.0,1.0,0.0014986343288556677,-0.00042150993121001977
210,0.0035598086022852263,0.31804537492329743,8.783184387933769e-05,0.4433744482283163,-0.0048013252945430865,0.2986819652088184,0.00034231245332789285,0.020908468436005374,0.007996147746901381,0.00015860791575092237,0.0003230849513804827,1.5169672805028235e-06,0.004698889538455995,0.3937220127372625,-0.00029903726087482233,0.06323357000159882,-0.00017943238582860215,0.9872143881408023,-0.00010424126616480442,0.6824930534746627,-0.0006438683177056645,0.8338658490066513,7.355206856911007e-05,0.3909562074846429,-0.010630218702143784,0.022429242699821716,-0.0004235028366471768,0.00042108517284506945,1.0,1.0,1.0,0.2299931527960591,0.0020619029047619906,2.123754192703953e-05,1.0,0.5691021300143894,1.0,1.0,1.0,1.0,0.2299931527960591,0.005053022074140833,-0.00029238126194000406,0.0002080192787254202
211,0.002731405119942974,0.6210283907585538,5.8064140132719534e-05,0.708869294527684,-0.005824933224169683,0.11254243398833862,0.00028106350779458114,0.07967807646130556,0.00677860140077443,0.018320957473951217,-2.6432762713399657e-06,0.979034268501177,-0.002271669576125856,0.5667347484985916,0.00010263402723394875,0.4755495165731185,0.004886671499948976,0.6434244960097437,-0.000202285175905584,0.6008131249379611,-0.0006165535194270988,0.7610424219166402,0.00012535077329794964,0.03270654207283046,-0.0056835249495854195,0.19388794924797148,-0.0003621838665203663,0.0015849286520862374,1.0,1.0,1.0,0.8764588410743612,0.23817244716136582,1.0,1.0,1.0,1.0,1.0,1.0,0.3924785048739655,1.0,0.022189001129207325,0.002564370360178872,0.0010083557023771192
212,0.003209124358395416,0.48465589660298847,-1.8394968863050898e-05,0.8900776181957187,-0.0028121656731215417,0.6283433597795991,5.396678391430925e-05,0.8181109890333789,0.009331787993751802,0.0026905143126071886,-8.152917962358346e-06,0.9337982153033402,-0.005762304355939539,0.3909971235858275,-0.00011969199943921336,0.5218914770571644,0.0032790409590983064,0.6724093839779464,0.0003617651756529586,0.16180521277113402,-0.007334071797514661,0.002910330973173425,1.589343176508781e-05,0.8415841676949696,8.858763938042982e-05,0.9873885081901673,-0.0002853854784395274,0.2022259421439795,1.0,1.0,1.0,1.0,0.03766720037650064,1.0,1.0,1.0,1.0,1.0,0.03783430265125453,1.0,1.0,1.0,0.001579009679024763,0.0014377122180609437
213,0.003022450269135414,0.4036697851051052,-3.973740780255991e-05,0.7245449706372393,-0.006708600344095501,0.29288100592791455,0.0002790756769241675,0.19003527974232537,0.00945515349507461,0.05580296222893761,0.00013743286943652302,0.3543714911786737,-0.0013278728860004435,0.7825267108404905,-0.0002527581361640716,0.13604379005483996,-0.005769974900996482,0.6649246607259982,-5.3035652626112904e-05,0.8988280602863793,-0.004519131572436491,0.10865850166237204,0.00019804967593096775,0.04981727036805498,0.005847976080682349,0.2423263279115081,-0.00026902696521504494,0.08429681298895633,1.0,1.0,1.0,1.0,0.7254385089761889,1.0,1.0,1.0,1.0,1.0,1.0,0.6974417851527697,1.0,1.0,0.0012758802029931087,0.00032858472805219474
214,0.0019974765002397084,0.5794247194149429,9.639712111029748e-05,0.35809468362083563,-0.004589035876458047,0.3006995497473426,0.00018597168441237085,0.12342836705124886,0.007257658478115368,0.04312601031968458,2.1372366111484812e-05,0.8578411181604092,-0.0019707367124036966,0.7436122403385519,-6.979011099648609e-05,0.6751781416483094,-0.0029779345256391396,0.6253728338522528,0.00016653917331185965,0.5329260772219798,0.002500170218960853,0.2539247611238854,-3.058706578943436e-05,0.6699502659007128,-0.0022175971058760353,0.6950033486894465,-0.00036990322523483077,0.057427789538945825,1.0,1.0,1.0,1.0,0.6037641444755841,1.0,1.0,1.0,1.0,1.0,1.0,1.0,1.0,0.7465612640062957,0.001973930845483035,0.0005268676665983411
215,0.006324216823913397,0.13508799017161266,0.00012734722254945221,0.31467821455825673,0.00014591881216024165,0.9801721864614349,0.00018375989867708433,0.368368343790366,0.009939015983557424,0.00043263029871389177,0.00011925728661632404,0.30907007441831424,-0.005098814797153519,0.34706971657079344,8.642753873043864e-05,0.5593838363857278,-0.003609422761322904,0.6935835993126732,-9.791529107799288e-07,0.9976663871003197,-0.0008936770650953182,0.7198620359210662,2.4522469810960883e-05,0.8018014427092635,-0.006807237506028756,0.27889247361015945,-0.0005403352086712115,0.004289038709021963,1.0,1.0,1.0,1.0,0.006056824181994484,1.0,1.0,1.0,1.0,1.0,1.0,1.0,1.0,0.055757503217285516,0.0006360244686848936,0.00235465712319763
216,0.008628054921236939,0.009159468329807973,6.288478408078405e-05,0.5145835162279,-0.000646436653208178,0.8797445040695392,0.0001596723246615025,0.15028695268125236,0.009071416642020711,0.014813322412128016,-4.088380082808857e-06,0.9751667730326257,7.839377155237942e-05,0.9869307649463782,-0.00040252471498393005,0.0006280180261232154,-0.013833154424164084,0.11875228338024811,0.00018485611424074586,0.5093686717989605,-0.0005390174629062034,0.8040979558906883,5.697818528866908e-05,0.4484390874630394,-0.0027592578141733687,0.5473763997312542,-5.777824290637525e-05,0.6792521718198357,0.11907308828750365,1.0,1.0,1.0,0.1777598689455362,1.0,1.0,0.008792252365725015,1.0,1.0,1.0,1.0,1.0,1.0,0.0027681936634331027,0.00016855332791288133
217,8.277687835907637e-05,0.9879538842525115,6.52130441281773e-05,0.760294170898679,-0.006274140505341505,0.3638444737764339,0.0002772457345193085,0.20922732854865156,-0.001181469721357436,0.612792005854758,0.0001670732646716885,0.07761184360037318,-0.004910357544898129,0.3963343258154941,0.0005623631686346914,0.0003776435647440649,0.018543931037069434,0.0636472290062656,-0.0008481144860798699,0.00801409300657304,-0.004051404443091533,0.1071192616247098,9.251744405607905e-05,0.3322944018096704,-0.0022093361758829884,0.6641504826151967,-0.00031629814680709715,0.06935880042951188,1.0,1.0,1.0,1.0,1.0,0.7761184360037319,1.0,0.005287009906416909,0.7637667480751872,0.10418320908544954,0.9640733546223883,1.0,1.0,0.7637667480751872,0.0003397513718267784,-0.0016313346624601825
218,-0.0027075606122854146,0.47637099591668675,0.00034092698615760585,0.0032849371409849155,-0.016447145812432097,2.8694544020297293e-05,0.00031230700952087216,0.010505652717170494,0.002995813354919194,0.3553725294347605,-5.606768194292365e-07,0.9944699351892805,0.011686493135482787,0.021189573267650565,-0.0003408272757205349,0.13174190665592986,0.00940412999298909,0.38014163466041617,-0.0001902637933144922,0.6175130987336193,-0.003742596697032089,0.25663473490947886,7.712280839433111e-05,0.4782805062253399,-0.001189133825996727,0.8115723839258786,-0.00019870507822347224,0.2981914341282531,1.0,0.0427041828328039,0.0004017236162841621,0.12606783260604593,1.0,1.0,0.23308530594415622,1.0,1.0,1.0,1.0,1.0,1.0,1.0,0.000972068488482049,-0.002364396478121909
219,0.00030239083689408787,0.9451809241933673,3.0247073198663504e-05,0.8445405155271221,-0.0018263373867969683,0.8379556935992273,3.788123998433535e-06,0.9891927152703103,0.005301973876607425,0.0968912719542192,0.00015968903813836868,0.14916673316075907,-0.003999171035159192,0.5513782531324165,0.00014000153984887123,0.5091880149159398,0.007557840791989551,0.5801535765267474,-0.0005164658231190326,0.23152356066700341,-0.005879329532337134,0.022310538369447845,0.00044577578741855086,5.7009950412107645e-11,-0.0014573696827265721,0.8027785914315585,-0.00026303572680020927,0.17087694159901246,1.0,1.0,1.0,1.0,1.0,1.0,1.0,1.0,1.0,1.0,0.29003699880282197,7.98139305769507e-10,1.0,1.0,0.0006914558912755601,0.000814754182132844
220,-0.007404127857135594,0.029104278690175237,0.00022889958896596694,0.07961603058279558,-0.020573797045562885,6.5796163193829115e-06,0.0006479406466597275,2.8183474606608843e-05,0.0010496854876615599,0.7969724300655758,2.6806832441268688e-05,0.8385124629282955,0.009609386231653316,0.10729659398231862,-0.0006941392261164771,0.0016292800650737854,0.01757057155849023,0.04002997888813907,0.00020967549503787854,0.5124531423725609,-0.002600940565433185,0.3780224609566999,9.181231977809277e-06,0.9250252787113198,0.002349220255634208,0.6248497072381303,-0.00042836453737916876,0.02436431233571833,0.2910427869017524,0.6369282446623646,9.211462847136076e-05,0.00036638516988591496,1.0,1.0,0.7510761578762304,0.019551360780885426,0.36026980999325164,1.0,1.0,1.0,1.0,0.26800743569290164,0.0005036321449233661,-0.0022143183605315524
221,0.0034527109967932,0.2530946107419412,0.00015221758121074399,0.15304929556071822,-0.0034803009745671457,0.5872270345658355,0.00031638324535837755,0.13700082948590575,0.0037821117537036614,0.26285461682819744,0.00030956139789826563,0.0006787325364979103,-0.011513171394075128,0.0048738948637951736,4.666938342047842e-05,0.6839587968372303,0.013654423759735947,0.218818920317276,-0.0007241680944036584,0.019962746894665834,-0.00010818070838491388,0.9683118299548513,0.0001992345508796648,0.016156265594901832,-0.005787590536151855,0.1639714552921786,-0.0002998981179604159,0.047089810198130626,1.0,1.0,1.0,1.0,1.0,0.009502255510970744,0.06336063322933726,1.0,1.0,0.21959021584132418,1.0,0.19387518713882199,1.0,0.47089810198130627,0.0004411239847562971,0.0008087864857670669
222,-0.0035343549706221777,0.24365391536425907,0.00033580373157155233,0.0001194752941076187,-0.011242353993908853,0.05094874517157777,0.0005326602896336536,0.00015083718483100688,0.0038403582362894866,0.24713435855698573,0.0001424699707229704,0.29253608251692476,-0.0007215157878035378,0.9017495087046237,7.151333681668967e-05,0.6749893682151562,0.016911794317381622,0.04562066304160737,-0.0006639298662173807,0.010788523756517059,-0.002281463846499724,0.44000252793535677,0.00010853863884115792,0.19501205303538016,-0.0029724645455697528,0.5344381082283804,-0.0005270560188740755,0.0005414131896742709,1.0,0.001672654117506662,0.4585387065441999,0.0019608834028030896,1.0,1.0,1.0,1.0,0.4562066304160737,0.11867376132168764,1.0,1.0,1.0,0.006496958276091251,0.0002105040532131698,-0.0017994412831279707
223,0.007036850741457759,0.08296226818691242,6.353570399548653e-05,0.6503250098918208,0.005379165443061708,0.37982015491563414,-8.372793989869448e-05,0.6361732081849354,0.011195357872989418,4.585608709169558e-05,-0.00015531555615983907,0.0917310184433222,-0.0036556155543726837,0.49400253036389663,-0.00015126298383611416,0.3993855708031222,-0.012788437313091414,0.31038370873829246,0.0002260219027015595,0.5492949308858147,-0.0010555740107760548,0.7436586790471448,-3.024258763201405e-05,0.7596362636995031,-0.0061117478883609255,0.3174981475315656,0.00013099154667254806,0.5653393071528179,1.0,1.0,1.0,1.0,0.0006419852192837382,1.0,1.0,1.0,1.0,1.0,1.0,1.0,1.0,1.0,0.002247204288075457,0.00026467142780785106
224,-0.005109710777182641,0.1025360563651123,0.00028770819186238824,0.00799459330454833,-0.004927407564779931,0.3434033210566243,0.00037823057406221174,0.013188673265045086,0.0053715954088648845,0.043958572166830384,0.00017111521035620577,0.11568572828909758,0.006928152749902244,0.09440755660597178,-0.0001471383693468164,0.3512658455612768,0.0018022508559748962,0.8461510274865389,-0.0003383498110825455,0.33137218543882574,-7.669135668460862e-05,0.9756511146519684,-1.3639581590256346e-05,0.8596207972386622,-0.003988188054324774,0.5008939051895855,-0.00033792625884057105,0.0982192403720316,1.0,0.11192430626367662,1.0,0.1714527524455861,0.5275028660019646,1.0,1.0,1.0,1.0,1.0,1.0,1.0,1.0,1.0,0.001482991174978839,-0.001103999305708735
225,-0.0038621377526221073,0.24096335904254385,0.00018968420375676425,0.03759682018169699,-0.006827876058216151,0.2265838858629845,0.0001923070526455717,0.26033225134934257,0.005912675120725257,0.02118781937659041,6.668241354667243e-05,0.4549775444728469,0.001032706173965416,0.8526069987141741,-0.00017878724982554675,0.3024336132826637,0.006740622528784383,0.4601806206914735,-0.00038778936306837347,0.12714901073681326,-0.0017683035707485603,0.5074702701127138,0.0002750064531153738,0.0037016501137333226,-0.001227685452199644,0.7677889115537273,-0.00015710351282885318,0.23006483295773028,1.0,0.4511618421803638,1.0,1.0,0.2754416518956754,1.0,1.0,1.0,1.0,1.0,1.0,0.05182310159226652,1.0,1.0,-0.00011237621148140035,0.0008096468835289624
226,0.0031711463380148966,0.4261027094227172,-2.1523241615975417e-05,0.880162566460603,-0.0005551238981179265,0.9333615681808688,1.0767184882688073e-05,0.9663088539788022,0.007271968839148398,0.02180475157984814,3.2892425822889796e-05,0.7491067476477806,-0.00783070895846837,0.17867336503034814,0.00011341458091199777,0.4745535374894234,0.016933256690238777,0.1241201406547503,-0.00035810233834536893,0.36790561533351995,-0.0055338085092972444,0.02286084098097636,0.00026591360801588823,0.0008517815290486773,-0.013456730021307609,0.0003493357670045426,-4.336217636083016e-05,0.6908764221976967,1.0,1.0,1.0,1.0,0.26165701895817767,1.0,1.0,1.0,1.0,1.0,0.26165701895817767,0.011073159877632804,0.004890700738063597,1.0,-0.00020633882967291468,0.0005421033570856264
227,0.006624228693435612,0.03459392943728504,3.546806903073214e-05,0.8318175302656183,-0.0005052501279163734,0.9344042106742582,0.00022815326971658152,0.1625862262926726,0.005251084730890596,0.03618930741641818,0.0001641885026047573,0.028967887822936477,-0.0005850416050528623,0.8861525819843914,-0.0003214439661401433,0.016567188934135287,-0.00531304845862515,0.4949799634158486,0.00011890883476930398,0.6049615319460113,-0.0007141329272399143,0.7619516281449414,9.842930353644404e-05,0.20891485040771662,-0.004757841689549058,0.38709977998801137,-0.00032370401097059945,0.09346977755316153,0.41512715324742044,1.0,1.0,1.0,0.41512715324742044,0.3765825416981742,1.0,0.23194064507789403,1.0,1.0,1.0,1.0,1.0,0.9346977755316154,0.0012265809370782456,0.0008006834676505708
228,0.002659609634508881,0.4456686771843741,0.00018189801348045468,0.14711677793170394,-0.005309326148352556,0.312462882251631,0.00023106095047932117,0.25969279430632397,0.0027958757962898164,0.3233442538865937,0.0002724048831622563,0.002109304019717971,0.0005778762500807886,0.8997023533168517,-0.00015368026597275552,0.39050777585471563,0.0025110300558373756,0.743196554585946,-0.00026451289099457,0.2869545239582004,-0.001350572311027489,0.6185980139483374,2.8203268746191544e-05,0.7324904198055922,-0.0018844925397878201,0.6888222765417964,-0.0002953739517331976,0.09705938991590665,1.0,1.0,1.0,1.0,1.0,0.029530256276051593,1.0,1.0,1.0,1.0,1.0,1.0,1.0,1.0,0.0005393808068106108,6.692626341801955e-05
229,0.00837349648018591,0.013358524763904017,1.6557117044443145e-05,0.9022474110447608,0.0004226893953641372,0.9409339559405283,-0.00015121251251231285,0.48972024288921756,0.008440609292249941,0.0011051464172077024,0.0001568625823884836,0.0786932639480183,-0.009455362054211268,0.020507852469077867,-4.501776852181335e-06,0.9785415730592538,0.007168934453522246,0.41496198567564946,-0.00028395408833520574,0.2080729359487432,-0.004417310409683593,0.09102639810154428,0.0002809499050049292,0.0014355692417991827,-0.010533059179512992,0.01774993268061421,-1.470115507389945e-05,0.9027478446135523,0.16030229716684818,1.0,1.0,1.0,0.015472049840907835,0.7082393755321648,0.20507852469077867,1.0,1.0,1.0,0.7282111848123543,0.018662400143389376,0.1952492594867563,1.0,0.0016727625374957978,-7.888009573559574e-05
230,0.009420889309120523,0.01103254877681677,-7.404796390797867e-05,0.5622195718896188,-0.0014949447382631596,0.7655807413871831,-7.934582859013756e-05,0.6117847801689413,0.004056009854611322,0.16192168617869662,0.00018353351042032712,0.06322009470392066,-0.00601863903929075,0.18026199081624505,2.168624566482648e-05,0.8853805617057698,0.0032753367115637604,0.7292925803810091,0.0002090543894963581,0.48454738074243464,-0.0009426535147172559,0.6964278502472234,0.00013437106740902578,0.07439067307936151,-0.008295999687346636,0.09284102766090688,-0.0003952513857883009,0.011994923301251445,0.1544556828754348,1.0,1.0,1.0,1.0,0.758641136447048,1.0,1.0,1.0,1.0,1.0,0.8182974038729766,0.9284102766090687,0.1559340029162688,-0.00021518783529836562,-9.603254365253067e-05
231,-0.0018298560778739431,0.5875221549548015,0.0003247150650378104,0.00018387535502714628,0.0007243316826173597,0.8751399260668098,2.2139764699928423e-05,0.8998339818401432,0.01087365457374404,4.0651708375064606e-08,-3.81037324689785e-05,0.6267602871373266,0.0056994004987516635,0.325319655770122,-0.00011918392789970438,0.5153456603639854,-0.01402466989242295,0.09263459576873412,1.1086011237010202e-05,0.9655382092970983,0.0003050736072620302,0.9148144573573173,4.582727564993471e-05,0.6058196486893327,-0.0017479356127446946,0.7356686606158973,-0.0002464804417336996,0.13067508822947524,1.0,0.0023903796153529016,1.0,1.0,5.691239172509045e-07,1.0,1.0,1.0,1.0,1.0,1.0,1.0,1.0,1.0,0.0013387188882726386,-0.0010854962561767155
232,0.0018612312018354837,0.6127327008563432,0.0001920722007745827,0.10865335884661169,-0.003523886976117924,0.5258251990226575,0.0002602299524943791,0.1285427013426592,0.008906908330240182,0.004361465098905271,-1.6106250391648362e-05,0.8693027760537486,-0.001150737096343963,0.846529612792978,-0.00018422981970253683,0.3759153250288194,-0.005223494221801142,0.5229865006441441,0.00046494538842963365,0.0730860694767125,-0.0018411168166325423,0.3790139718048384,7.883789914866742e-05,0.32586620545152867,0.0009710943933700337,0.8767721347746977,-0.0007957493477635202,0.00011128096603033779,1.0,1.0,1.0,1.0,0.05669904628576852,1.0,1.0,1.0,1.0,0.8770328337205501,1.0,1.0,1.0,0.001557933524424729,0.0002092564822151141,0.0004580013174206738
233,0.004733206793702631,0.2084417847153771,3.5831784784983075e-05,0.7691257104179279,-0.0042026522682423965,0.47759877537207795,7.039926200508131e-05,0.7000870312569833,0.0043602737199124175,0.17570890407960083,-1.189078117889738e-05,0.8936382504360689,0.002590686675156011,0.615385041657244,-0.00019955574812073634,0.27059187218873304,-0.00011015582927755371,0.9918699394018983,0.0001443850466019815,0.6914975438271991,-0.0014062327081794692,0.5835684435164641,9.474255405131823e-05,0.2842333828636646,-0.0059651265713898585,0.2295430485069152,-0.00013391215205581542,0.5406627751384696,1.0,1.0,1.0,1.0,1.0,1.0,1.0,1.0,1.0,1.0,1.0,1.0,1.0,1.0,-9.542789606246e-05,-0.0006774326074965144
234,0.0016307842884275628,0.7032182306902923,0.00014023739060981306,0.2896897088478364,-0.002643090822794413,0.6404542073158197,0.00033470763777089806,0.03613267114834234,0.00556846629405866,0.1314895707133217,0.00012185538888878236,0.2785742656618615,0.003506465338496152,0.4567687490405381,-0.00024777009164536704,0.09840656112547663,0.005255257248318805,0.46484992915940937,-0.00031756104817220847,0.30388236450133177,0.0038153173031494057,0.12321296992534739,3.7037172428202783e-05,0.6324239317650062,-0.017133200585401902,0.003414333987831448,-6.850647479843719e-05,0.7063743109615426,1.0,1.0,1.0,0.46972472492845035,1.0,1.0,1.0,1.0,1.0,1.0,1.0,1.0,0.047800675829640274,1.0,0.0005319129884311355,0.0006652146216846584
235,-0.0021996357524182073,0.45244305336145385,0.00027972244638446606,0.059701562794576904,-0.009706405626204258,0.05141033239031584,0.00023472513887818505,0.11062314255529121,0.004505699719524124,0.15938652172212986,5.21392094917917e-05,0.6430879920644301,-0.00024789641027494184,0.9503162796202208,-0.00039300492571399176,0.00019907989982967988,0.010812284059876647,0.31544137031406094,-9.851670026211082e-05,0.7530710336167028,-0.0011042679800124609,0.7222280670070105,5.436629927236847e-05,0.5508403890353221,-0.002059779512756355,0.6569012767655511,-0.00012943140284260514,0.5134049231160698,1.0,0.7164187535349229,0.668334321074106,1.0,1.0,1.0,1.0,0.002787118597615518,1.0,1.0,1.0,1.0,1.0,1.0,0.0006999106032440567,0.00039381724736549167
236,-0.0023466347972804966,0.5141702032439528,1.0152297707253613e-05,0.9231830903437562,-0.00904656429522888,0.11510174318406799,-7.272384072377463e-05,0.7117342318055973,0.008517505349901148,0.0013270628743655471,-6.004681781840822e-07,0.994354672319782,0.006703317841492625,0.2881153117569024,-0.0002590094777799951,0.22601654913548552,0.002800289618552389,0.6900829975255727,0.0003790333663050858,0.1021220257141783,-0.005163657846437045,0.07138946570383944,0.00021165268545606907,0.022015913330653517,-0.0014642569107800219,0.8276339244153318,-0.00026850455425005284,0.18148328661245605,1.0,1.0,1.0,1.0,0.01857888024111766,1.0,1.0,1.0,1.0,1.0,0.8566735884460733,0.2862068732984957,1.0,1.0,0.0009956048818508955,0.00023897805035681075
237,0.008792501069485075,0.057834023699344976,-0.00021242653399247154,0.13415615451376048,0.0041573196004906394,0.49809820858490883,-0.00013104688946441215,0.47843590733394803,0.0030832820691084183,0.34115882048509205,2.6689341638270928e-05,0.7733490413777802,-0.006549397549503938,0.30474972780714815,-0.00017176804945215918,0.27367022062508006,-0.013145519565319048,0.24961858649279778,0.0007557477043539642,0.021298225443896597,0.004143900273055412,0.12153492749164307,4.6385826219733774e-05,0.5098459163251309,-0.00048208526194936643,0.9316812135571845,-0.0003135814239750807,0.07040390569725587,0.7518423080914847,1.0,1.0,1.0,1.0,1.0,1.0,1.0,1.0,0.2981751562145524,1.0,1.0,1.0,0.8448468683670705,0.0009963743084012633,0.0005395433223590359
238,0.005069934681418521,0.2600451552942501,-0.00013313947507002648,0.4194435843755864,-0.006233296042455238,0.31390624295866576,0.00015135822314972394,0.461937550127014,0.006800179370577239,0.05332506851988886,9.456572351188837e-05,0.37340726074974917,-0.00509267523375785,0.32853125662141347,-0.0001380752005426255,0.301680077728533,0.012511187596391526,0.3543467518862208,1.5627603078086774e-06,0.9971334008571164,-0.0036973644874295163,0.1435707865292111,0.00010383314798587592,0.32200431580712663,-0.00935796470280104,0.08082489717798427,-8.010520554473251e-05,0.6266044072890036,1.0,1.0,1.0,1.0,0.7465509592784441,1.0,1.0,1.0,1.0,1.0,1.0,1.0,1.0,1.0,0.0029956593952019696,0.00032965417240595906
239,0.006286083457328379,0.17665032349796728,-9.709202947046829e-05,0.47636815622642903,-0.0011558027930600912,0.8159744438674886,-2.966448276382778e-06,0.987358477485585,0.00740392892921463,0.015492382730517219,8.883699532966769e-05,0.3083046769459409,-0.009049428471116304,0.04203104782094899,-2.809214530587374e-05,0.8203496148729564,0.0009563510137092179,0.9172264837919788,0.00019137655537446903,0.5819518157653415,0.002778532302375095,0.303193637025406,-4.568363536324147e-05,0.618815210533697,-0.007219665032244633,0.2715249997985626,-0.0001063792685319477,0.5865202586855798,1.0,1.0,1.0,1.0,0.21689335822724107,1.0,0.5464036216723369,1.0,1.0,1.0,1.0,1.0,1.0,1.0,0.0005648867113006767,-9.423092033963755e-05
240,0.0008883853266460646,0.8036255191364415,-2.0898238967492725e-05,0.8856843968438822,-0.0009357564830756879,0.9036768423434955,0.00021374590744866845,0.445653490778943,0.003016847657734456,0.3246346794448608,0.0001997418481522129,0.030809346303731413,-0.011769726956847415,0.05757332472272595,-2.6543905479473773e-05,0.8811578039311293,0.018831192986124765,0.07591183344872836,-0.00010837781582252623,0.6796362882701341,-0.0024616982516374683,0.32189567164292465,0.00011526590685069209,0.07341217039172265,-0.007569245375326453,0.1279303046808927,-0.000372933681799631,0.024335373149182573,1.0,1.0,1.0,1.0,1.0,0.4005215019485084,0.6908798966727114,1.0,0.8075338743089492,1.0,1.0,0.8075338743089492,1.0,0.340695224088556,-0.0008183577833666589,-0.00039164148965821905
241,0.0009446415341349447,0.7820295168727814,0.0001636717289869124,0.1774720443775597,-0.0027382339231280636,0.5546058488976668,0.00017843998608275429,0.3389746680967517,0.006316356917456014,0.019869922947280134,-2.0010767861318003e-05,0.8388930210633041,-0.003529924118321585,0.5286754009492036,-0.00017524262371183477,0.3962666519352165,-0.00044109438613345074,0.9703506711576739,0.00015015580742797476,0.7452067467302828,0.0014630596102472042,0.6122176485454951,3.640157316347025e-05,0.7099404714179618,-0.002014805513081353,0.7262745895756875,-0.00033341569854465224,0.04268774541732757,1.0,1.0,1.0,1.0,0.2781789212619219,1.0,1.0,1.0,1.0,1.0,1.0,1.0,1.0,0.5549406904252584,6.369502636827332e-05,-0.0003774594182880789
242,0.0015917544190794826,0.6988540695095778,4.391518282655522e-05,0.806302545423387,-0.0078057192441015125,0.35141505679934315,9.011185629942097e-05,0.7384306468585636,0.008096317908123436,0.008754367120215092,0.00011933823390087484,0.22285248691898896,0.0008908445926735282,0.8672692137442655,-9.442750846718533e-05,0.43778402617926493,-0.0024934343338417564,0.832921615116992,0.00028317203051172053,0.48625121905953583,-0.00045575282923116726,0.8757150034930478,0.00021381954450972458,0.003336313488181905,0.00017598900862724487,0.9775361590286016,-0.000655929236679536,0.003971196924220675,1.0,1.0,1.0,1.0,0.1050524054425811,1.0,1.0,1.0,1.0,1.0,1.0,0.04670838883454667,1.0,0.05162556001486877,0.0007073062109696715,-3.1608643034937316e-05
243,-3.279344468687362e-05,0.9912116551383916,0.0001489001383355239,0.241956443761286,-0.010846136623793126,0.007992562198267914,0.00044860077467730327,0.0024230347603254767,0.0026097755656482704,0.3790387147679375,0.0002511823792587762,0.014338945130139334,-0.002004995977255196,0.7398753451381901,-0.0001824280442354003,0.3384391424782722,0.007018023909341524,0.45953358699150537,-0.00011532004688655258,0.8021305429619395,-0.00015092324364560856,0.9491633415186999,9.986764506269087e-05,0.3386048598910282,0.0034070513066512312,0.4902914598461878,-0.0006508028461447087,0.0003945248112222012,1.0,1.0,0.09591074637921497,0.0314994518842312,1.0,0.15772839643153266,1.0,1.0,1.0,1.0,1.0,1.0,1.0,0.005523347357110817,0.0005274280873088333,-5.374339443531499e-05
244,0.0014892898494033573,0.7488502800285481,-6.782348532999582e-07,0.9960744181482171,-0.00719157933086161,0.2137839222843816,0.0002983641303018111,0.07210228502799348,0.007371901009178856,0.021725030371715845,4.268399508176212e-05,0.640462754097215,0.0006121853214777846,0.915271878351295,3.399418059055631e-05,0.8329308021716386,0.004751826562182787,0.658988080026522,-0.00015930778044273198,0.5438445703477577,-0.0052090590283895,0.04779877884387201,3.889350714515578e-05,0.6751632966120967,-0.0018245637319214724,0.7527725980416626,-0.00025394987306260995,0.16673131391305362,1.0,1.0,1.0,0.8652274203359218,0.3041504252040218,1.0,1.0,1.0,1.0,1.0,0.6213841249703361,1.0,1.0,1.0,0.0013076673533871225,-0.00023946610087252393
245,0.004605521499380378,0.11948261993386218,0.00018466842744267696,0.016836963672788075,-4.809704231613853e-06,0.999207776233164,5.3887166530620065e-05,0.7401444665260402,0.00908740811526642,0.01193178190046455,0.00011242725358554816,0.34172437315569326,-0.006508378238499653,0.15092540062424228,-5.09983640194813e-06,0.9657667803892175,0.00554513374881699,0.544128357278497,-5.145957590443773e-05,0.8457426597139961,0.0005709197078112828,0.7588851722891035,2.495435585479137e-05,0.7532352157122791,-0.01329579322228896,0.009560402735367972,-0.0003193777823952195,0.10299933305503214,1.0,0.20204356407345692,1.0,1.0,0.15511316470603917,1.0,1.0,1.0,1.0,1.0,1.0,1.0,0.13384563829515161,1.0,0.0010079581151633897,0.001038039492571828
246,-0.00044324758050458426,0.8964339093844069,0.0004994238983000593,0.0002755170239950645,-0.010888737395628727,0.02333593766163925,0.0005413670527039407,0.0003275571055144135,0.0036667165626426052,0.34195657447415406,7.748088952794614e-05,0.4872864755413151,0.009017757679491964,0.03944014497171688,-0.0006228725142420821,0.0022092800643523465,0.003240167745985216,0.7395586052127012,-1.681641000151149e-05,0.9498484161175452,-0.0017964790253996296,0.446314105478394,1.305765494924038e-05,0.9000485656792445,-0.002796177736067311,0.5730529904921717,-0.0004916405806536401,0.015429092033821673,1.0,0.0038572383359309027,0.2333593766163925,0.004258242371687376,1.0,1.0,0.3549613047454519,0.026511360772228158,1.0,1.0,1.0,1.0,1.0,0.1697200123720384,0.0012853672462698436,-0.00141343925912967
247,-0.007498085379067105,0.0409494218026465,0.0002982524793506958,0.01266658986275582,-0.008147565536787686,0.06980106804853947,0.00021320090595517905,0.21728909500332416,0.0010457948570561319,0.8190133416717451,0.00012687621196021657,0.3713233462806559,0.0034260331717947167,0.5468130037869566,-0.00035345998586273984,0.01897801708380523,0.011393063469171157,0.16209999018036847,8.42628295097366e-05,0.7311977481114831,-0.0020686686739122655,0.34960662709924306,0.00011172033928937475,0.05999334409853474,0.001849427915454941,0.7367628852628504,-0.00048085280410287113,0.01343655666197724,0.45044363982911145,0.1773322580785815,0.6282096124368552,1.0,1.0,1.0,1.0,0.22773620500566277,1.0,1.0,1.0,0.5999334409853474,1.0,0.1773322580785815,-0.0004899061600303582,-0.000635310768023317
248,0.0021915195879979163,0.4842505865789436,0.00020331843328545666,0.08673711635679222,-0.005902126624924984,0.3414090314082191,0.00031694633721823887,0.11893396871488399,0.009209184318969063,0.012515525367712362,2.3906173701570574e-06,0.9846100225951421,0.0035850019068225216,0.5510214081876561,-0.00034272020540045177,0.05759943959366024,0.006499889989136175,0.4854747888973191,-0.00017505366565117518,0.6272825742728387,-0.007250149802057524,0.0037534331139897443,0.00015804498770920623,0.03202218247801887,-0.008333319881999805,0.30242575226859947,-0.00016292642978143384,0.5715071308730033,1.0,0.8673711635679222,1.0,1.0,0.1627018297802607,1.0,1.0,0.6335938355302626,1.0,1.0,0.05254806359585642,0.38426618973622645,1.0,1.0,0.0007304021078335393,-0.00047541411114500033
249,0.0014433713795414095,0.7093403586773963,-0.00011050884426680456,0.333532148732143,0.000858685283627852,0.8717017963802864,-1.76756931269751e-05,0.9195330600978013,0.0037869444710326755,0.20246638775409243,-6.757088140644523e-05,0.566475037342621,0.002593974818196624,0.5825115864806376,-0.00022454296779005073,0.12923700294786253,0.00644646797602317,0.40973864245717795,0.0003260199915698285,0.2658761324998399,-0.001632318570279598,0.44031356163453217,0.0002355208471681913,0.00023453822306131314,-0.013497127261045717,0.034965849449362194,-0.00014124240359011725,0.5498508524942363,1.0,1.0,1.0,1.0,1.0,1.0,1.0,1.0,1.0,1.0,1.0,0.003283535122858384,0.45455604284170853,1.0,-0.00035433829349742606,0.0004610818555871008
250,0.0017271576573826553,0.5961847357123289,0.0002674515160291721,0.006958858849108246,-0.009434201404350763,0.06453035608239618,0.0005507733637807263,0.001145449184170028,0.0033271086477225193,0.19909442349274953,0.0001956967268316347,0.027294185471566295,-0.0027891312611468665,0.5400881132554404,-0.00022340605090639376,0.10032210874328676,-0.0006608839069625236,0.9233343236167378,-0.00033112832781499464,0.16658198194440121,-0.0015237856763620071,0.5195964696142243,0.00017539538812266967,0.040663970783326925,0.009353737082103904,0.057839256492511676,-0.0006347825838955833,0.0008988410072996759,1.0,0.08350630618929894,0.520553308432605,0.014890839394210363,0.9994918916664073,0.30023604018722927,1.0,0.7022547612030073,1.0,0.9994918916664073,1.0,0.40663970783326925,0.520553308432605,0.012583774102195463,-0.0003524101321780296,-0.0010558522726299014
251,0.007240254810370574,0.13937642176373746,7.134491391660213e-05,0.6058166305686867,0.00023969260674061173,0.9634714940718652,0.00010185862769714266,0.4550298842137469,0.012615270892910483,5.190020092074689e-07,4.3550216381288146e-05,0.5222936082604919,-0.0010749612093680836,0.7680008617562906,-0.0002469642398957793,0.020128030666273285,-0.005457759245926672,0.49958958018853084,-5.485395335415347e-05,0.7744585638968073,-0.001248569522382386,0.5831511213404557,6.602439585888903e-05,0.3391006721679338,-0.01231392809991535,0.025274101797697908,1.9040106156759175e-05,0.9135491032340465,1.0,1.0,1.0,1.0,7.266028128904564e-06,1.0,1.0,0.2616643986615527,1.0,1.0,1.0,1.0,0.3032892215723749,1.0,0.0014204656578151744,0.0011371223403490462
252,0.004299072802721469,0.20368907052617313,0.00023516824642085037,0.04001590159333818,0.002181369756341072,0.6907217153481737,0.00025858736735178333,0.11455466421562761,0.002649338123714162,0.4739134618972547,1.2134198280995248e-05,0.9259813601166358,-0.0033010573412254798,0.5267825929936389,-0.00025236812420521615,0.057564228543942726,0.0004112358283360727,0.9713116924658698,-0.00022698503096680754,0.47041095950010614,-0.00068053583658248,0.7688029160477023,8.924149005766149e-05,0.19472679050995234,-0.005559423741896889,0.20600681490561534,-0.00011577813286704895,0.37151087495389057,1.0,0.5602226223067345,1.0,1.0,1.0,1.0,1.0,0.7483349710712555,1.0,1.0,1.0,1.0,1.0,1.0,0.001156798013540332,-0.0004511082251645537
253,0.008445702707605984,0.0014487057689877476,0.00023628498460712976,0.009695711859194238,0.007716921479328109,0.11356224098401921,0.00021873893296787863,0.15653999213599473,0.004639474370274164,0.11995829192614982,1.290552045644314e-05,0.8702195708175837,-0.0013541696876609537,0.7562350395691995,-0.0002481396422050769,0.06061857510785812,-0.01245983679228318,0.17058217577462587,0.00029570346601769836,0.2573071674284826,-0.0016364474778605418,0.5606304104077173,4.897500610877396e-05,0.6036485761700929,-0.005351644092699611,0.31789982236744496,-0.0005644682351385308,0.00024048596023383602,0.01883317499684072,0.11634854231033084,1.0,1.0,1.0,1.0,1.0,0.6668043261864394,1.0,1.0,1.0,1.0,1.0,0.0033668034432737044,0.000999371044229607,-0.00038151381892029886
254,-0.0005708256918374746,0.8846724725934212,0.00017837603911803534,0.16816118164025273,-0.0027826451771385675,0.6379588411443196,0.00024504016872149736,0.19042163198143347,0.00628624828139351,0.06739237277830835,-2.7733675704743803e-05,0.8129809469799034,-0.0034770562829826313,0.4575180132528316,-9.483572716029575e-05,0.5409070340859747,-0.004136031701688062,0.7020523765237142,6.309325216020644e-05,0.8520425404989406,-0.0025131117407940066,0.32094160400840843,0.00014913004365202368,0.032527552805404446,0.00719342179227953,0.17611936610675316,-0.0005130700896909946,0.014021042116116081,1.0,1.0,1.0,1.0,0.8087084733397003,1.0,1.0,1.0,1.0,1.0,1.0,0.4228581864702578,1.0,0.19629458962562513,0.0006898628608647904,-0.0001331760765684599
255,0.005574258884873918,0.21205303182629742,2.927722034710527e-05,0.7859403853778746,0.004844339146893473,0.43118646687623197,0.00021440132578005159,0.18584332340990006,0.008530774805141155,0.0005627763483226587,-3.66520002849494e-05,0.6254122429788769,0.0034133149983700396,0.4762405934850503,-9.219588072541542e-05,0.49322201879185024,-0.009687043857091248,0.3035399633572796,-4.0651225854840785e-05,0.8662292767240507,-0.002520444643396477,0.2065981541296802,0.0002848636437456998,2.0148008411331569e-07,-0.010155200612449318,0.05503624689876463,-0.0003590430383958214,0.08112968134533997,1.0,1.0,1.0,1.0,0.0073160925281945625,1.0,1.0,1.0,1.0,1.0,1.0,2.8207211775864195e-06,0.6604349627851755,0.8924264947987397,0.003030482476562847,0.0008825204503203709
256,0.007301403013177643,0.06587923109332777,3.251568403829824e-05,0.7533927926874725,-0.005629469602356352,0.4164112244204544,4.968362226493716e-05,0.7973504815841042,0.005047270724983832,0.046289083916880816,-9.862977989337784e-05,0.37388473487558194,-0.0020521981726992528,0.6705582311390075,-5.1011377623524095e-05,0.7318883341959173,0.00218740537113641,0.7772340532552111,0.0001910652835520116,0.4972657314622919,-0.001432671835535249,0.5878991884269138,4.7514191980281843e-05,0.5416420083302431,-0.005421739697962141,0.26229737911571827,-0.00017113765861572942,0.27169290290147097,0.8564300042132611,1.0,1.0,1.0,0.6480471748363315,1.0,1.0,1.0,1.0,1.0,1.0,1.0,1.0,1.0,7.623161446641018e-05,0.0007612631225088648
257,0.005389292088935882,0.21968563602702718,8.90538450322971e-05,0.521223238080494,0.002326388338702235,0.6323936527426213,-0.00013348038879271477,0.42627273674562227,-0.001948522140319667,0.5068165819151282,0.00028190220411469194,0.0022313544925811977,-0.002461746129736019,0.5189979582683486,-0.0003660687039932337,0.0006163006388153053,-0.0017854363793976858,0.8560488905306132,0.00029562461167155,0.34988766342874533,-0.00021246731421948646,0.9351536275348257,8.577188693140896e-05,0.2262578647393152,-0.0013075103724076807,0.7554283481988173,-0.00025280339058279724,0.10890986739485026,1.0,1.0,1.0,1.0,1.0,0.029007608403555568,1.0,0.008628208943414274,1.0,1.0,1.0,1.0,1.0,1.0,-0.0005554182037324301,-0.00016593911726254216
258,0.003866551322010605,0.3541585190833385,-1.4245946717336278e-05,0.9273219538242075,0.0025521743896894118,0.6735798630397456,0.0003822586295399703,0.019396682967782915,0.006089762031715064,0.07986916593611085,0.00021345533703631228,0.04940672666418806,-0.010324494734092115,0.032253452221989144,-0.0002534382696686126,0.1037496238379708,0.003760482633356863,0.6035796559626052,-0.00011434394303437167,0.5842427516458424,-0.003933779099447112,0.09047804393320619,5.0396112743035756e-05,0.6269281475489962,-0.0020106972506109652,0.7405635807077966,-0.00026408191648854493,0.20575348649311942,1.0,1.0,1.0,0.2715535615489608,0.8785608252972193,0.5928807199702567,0.41929487888585887,0.9337466145417372,1.0,1.0,0.9047804393320619,1.0,1.0,1.0,0.0008733952297710623,0.00041008224710143787
259,-0.000688194165027502,0.858795950297454,0.000288856158367244,0.012937354725835933,-0.005088995977900688,0.275091536307725,0.00040253169985606397,0.007771956323567855,0.00303061788199747,0.3284616135304862,0.00020095921196662197,0.03644440038212799,-0.005368290067507239,0.2420826948192999,-1.7619359912349806e-05,0.8885505722530812,0.0023635185835447227,0.7240704411357002,-0.0006277074760816788,0.020505404071576274,0.002564720688484943,0.2778438529834498,9.25061843185194e-05,0.31998194744603614,0.003186621523022188,0.5973500713826485,-0.0003395263720807055,0.06340302849813567,1.0,0.16818561143586713,1.0,0.10880738852994996,1.0,0.4008884042034079,1.0,1.0,1.0,0.24606484885891527,1.0,1.0,1.0,0.6340302849813567,-7.073720221073871e-05,-0.00031754896519445416
260,0.00324801919699637,0.49138633815595345,0.00019719928233726132,0.16872151971222282,-0.010684268252712716,0.13676846369516507,0.00012961774000050223,0.6272170609600127,0.005921315098655129,0.045648963479407265,-0.0001779943644611599,0.042981430570284175,0.0011150686477190519,0.8295472086319415,-0.0001726474326128443,0.3666963333989429,0.0036414736990063906,0.7316471919426002,-0.00012473053913986042,0.7537020592416195,-0.0006698247067568117,0.7757674853975862,8.759224455868714e-05,0.14957289864972032,-0.0025717838102126264,0.5953082754480252,6.096311871693281e-05,0.6773570592419483,1.0,1.0,1.0,1.0,0.6017400279839784,0.6017400279839784,1.0,1.0,1.0,1.0,1.0,1.0,1.0,1.0,0.0005476912745727535,3.185320948064902e-05
261,0.0035498543478081064,0.2777076933490399,0.000246430128256235,0.10225982527298992,-0.007529984703829101,0.22428813445153672,0.00036497107086136285,0.06093496593044586,0.006508477040029937,0.15135109448016973,2.3047001478412006e-05,0.8920088356062918,-0.002672113831397775,0.571013324603064,-0.0001712752269263118,0.37621259629082027,0.015145667755746153,0.166306151885112,-0.0004347749865553656,0.15275685545125334,-0.0031511789310682487,0.23604108991913586,6.066928320557867e-05,0.49609755474460326,-0.011850723192402603,0.11068546493231646,-8.906731577676652e-05,0.7048994240158052,1.0,1.0,1.0,0.8530895230262421,1.0,1.0,1.0,1.0,1.0,1.0,1.0,1.0,1.0,1.0,0.0003955591159578934,0.00018710325915287897
262,0.003151410995165171,0.2464978663368762,0.00021730205287018867,0.03805876603491516,-0.006615929220269317,0.18422658359380095,0.0002863586237584038,0.1558004772327852,-0.0008274914660047512,0.8120107601972758,0.0003056319931094919,0.005853381627239762,-0.0038859264556479456,0.4360289882726477,-0.00020352077291837663,0.27052749336956394,0.0074779694844827466,0.4264307369467355,-0.00023658113636643223,0.3815144519358099,-0.0030941721814901494,0.15175237968317123,0.00024916126735835824,2.4196217900839828e-05,0.0037941399564567304,0.4802267978897532,-0.0006183519943104139,6.454709526156283e-05,1.0,0.4186464263840668,1.0,1.0,1.0,0.07024057952687715,1.0,1.0,1.0,1.0,1.0,0.0003387470506117576,1.0,0.0008391122384003168,-1.5435253258959442e-05,-0.0006905815940112405
263,0.0004734832573177789,0.9121498534873743,2.1885754367645395e-05,0.8614766907867459,-0.009567890295272777,0.02422598862187937,0.00015957337135755683,0.15261796063055122,0.00978145683444024,0.0048928365375767524,-0.00017619354091183507,0.09191445414818349,0.005570452884091624,0.2250428840571459,-0.00019054216097023327,0.2708997847983655,-0.004874830554427381,0.6121121500697436,0.00028152154455700877,0.34602470926341755,-0.0011051576211811615,0.6171987629385809,0.0001843266662935675,0.003355832508567346,-0.0002775153995112848,0.9554597174198712,-0.00028057162284022777,0.06203668348284683,1.0,1.0,0.29071186346255246,1.0,0.06360687498849778,0.9191445414818349,1.0,1.0,1.0,1.0,1.0,0.046981655119942844,1.0,0.6824035183113151,0.0014067490745900619,-0.0005937705251706194
264,0.0007618599907473479,0.8401017113246175,9.070348142982752e-05,0.4429118482575888,-0.003097610746365685,0.6160116811767754,0.000344389523872934,0.08320091651905837,0.007116063526248684,0.002739533514159678,-8.960479126781302e-05,0.2204022385500528,0.0017315581279756997,0.6374467586576157,-0.0002533749192120913,0.03596977801587244,0.001913847786923415,0.8507244636794768,0.0002536766957305782,0.3666137017138311,-0.004700299227672085,0.02373621816991078,0.0001380919738581166,0.08033129172541244,-0.0037254211546718903,0.5191378067861381,-0.0004838818991609171,0.008205577431835224,1.0,1.0,1.0,0.8033129172541243,0.03835346919823549,1.0,1.0,0.39566755817459687,1.0,1.0,0.28483461803892934,0.8033129172541243,1.0,0.10667250661385791,0.0015709670215402326,8.442741281431374e-05
265,0.006811902017322839,0.03396008151389831,0.00022357544397806454,0.01830329329331703,-0.002646455462305773,0.7113299904936727,0.0005949953941091494,0.003853712439261833,0.0012057177182908771,0.7035629242453437,0.00015147795585492214,0.17312768984829652,-0.006548765761994515,0.27905501818718503,-0.00022452114596030508,0.18518629331958236,0.004986767158254054,0.6223164670578815,-0.00030689764007584144,0.33158450797791095,0.0008774255123567488,0.7869629115037473,8.308337049997737e-05,0.5049910756139033,-0.004686592526465939,0.37922409955019787,-0.0005217133549387132,0.008352038378313536,0.3735608966528814,0.21963951951980434,1.0,0.05395197414966566,1.0,1.0,1.0,1.0,1.0,1.0,1.0,1.0,1.0,0.10857649891807597,-3.7790898334171966e-05,-0.00030465985692648283
266,0.004859724116941761,0.18771667286599847,0.000204420192292921,0.02797227010914126,0.004265537042639012,0.33293756441739086,0.0002254760536467731,0.20886763553475662,0.008222972947165699,0.0016322867462991461,-4.656360463571239e-05,0.5879918701750699,-0.010063987935386912,0.1097669591613232,-3.530282584230176e-05,0.8574814761136996,0.0013966057555682633,0.8675439622349249,-0.00012980092052409137,0.5379789636019967,0.004428439216154084,0.04881813542952427,-0.00010815747214943767,0.17560883109030212,-0.013109293251070634,0.03279469570803087,-0.00011007134718818098,0.5442793413527016,1.0,0.3636395114188364,1.0,1.0,0.022852014448188046,1.0,1.0,1.0,1.0,1.0,0.536999489724767,1.0,0.3935363484963704,1.0,0.0007935073467820687,0.0010491292756219857
267,0.0005375176501486835,0.8919506606474525,-6.283365390417628e-06,0.9634133107072816,0.0007251704404251255,0.907292722915776,-7.442215211923473e-05,0.7032782037303239,0.010775430110221139,0.00802495805363842,-0.00012851357273078356,0.35232856317158023,-0.004002796850200356,0.3932785390507141,-2.244517382630926e-05,0.8512359004561451,-0.003987332624214137,0.6581281993702065,-2.7896889118187087e-05,0.9261268031945645,-0.0046580348504083775,0.09843175197416033,0.00022178558722147162,0.010117269809304687,0.000610045021321276,0.9029970849807337,3.777556524120517e-05,0.8086500304592065,1.0,1.0,1.0,1.0,0.11234941275093789,1.0,1.0,1.0,1.0,1.0,1.0,0.13152450752096093,1.0,1.0,0.0006672503759573665,0.0004370453952079145
268,0.0013282758451735215,0.7124454890750642,0.000385580846778043,0.0029049001582556427,-0.0057158189223721284,0.396543706077362,0.0004194301188827954,0.06892902112726372,0.007416364069410606,0.008723260908976283,0.00023119790711406687,0.01289710845067836,-0.005730912337220501,0.300870297135192,-0.00011062654771665085,0.4846581986064815,-0.005678785748138996,0.508688160246175,-0.0002257496851244682,0.5000318051612475,0.0030108162320352837,0.20523788985820113,0.00011293334192449646,0.2910664972085991,0.005370059312806682,0.33664844554643547,-0.0008127660131229629,0.0004383522162953525,1.0,0.03776370205732336,1.0,0.6892902112726372,0.1046791309077154,0.14186819295746195,1.0,1.0,1.0,1.0,1.0,1.0,1.0,0.0061369310281349345,0.0010580953777592445,8.162542444862328e-05
269,-0.0007611900103785874,0.8146628198993097,0.00016695959180445903,0.11913275339364426,-0.0014075881881401868,0.8274414733011487,-0.00017750963774861023,0.46290764186169386,0.005106425003280755,0.061959927319566614,-0.00013373436397402544,0.15374860656637876,-0.005185278194669987,0.19860466621204564,-0.0001570432977885022,0.2582821106106722,0.0029758742194794835,0.7055170444842289,0.0003977138350276265,0.16804974998672828,0.0009289615387087631,0.7621609987720712,4.239600116801177e-05,0.6702891645478731,-0.0016572027034901682,0.8238811252585935,-0.0001387821121078744,0.5732174690976493,1.0,1.0,1.0,1.0,0.8674389824739326,1.0,1.0,1.0,1.0,1.0,1.0,1.0,1.0,1.0,0.0005124763763317365,-0.0005410736468107536
270,-0.0009480729677752635,0.7701908540311052,0.00036010049762553157,0.0011460872112775446,-0.007218243855044724,0.1299985641845779,0.0002487963629025646,0.2258666366922364,0.007118437251165361,0.05182574666830873,0.00010083317336540259,0.36565726815309074,0.0009582342203159489,0.8351186849745329,-5.1268985828618416e-05,0.7072138772505202,-0.0015432952214301473,0.8398719184853534,-0.0005378359438219268,0.11687724814448154,-0.0071436202912451814,0.0013594597144916025,0.00023852015014386618,0.00019904166034843588,0.008776559970673255,0.15093106672282622,-0.00035914526473878456,0.04252631281356301,1.0,0.01489913374660808,1.0,1.0,0.5182574666830873,1.0,1.0,1.0,1.0,1.0,0.01631351657389923,0.002786583244878102,1.0,0.4677894409491931,0.001416521358743437,-0.0002717379391674716
271,0.0071085990518141295,0.021609013986039555,2.940422391434015e-05,0.7982488401718397,-0.012489273735160976,0.009649624922267406,0.0004136331663679651,0.006317275585694859,0.008312692782681876,0.007869703541399181,-3.488306045045547e-05,0.6863301417787813,-0.003726337879431046,0.445566824775118,9.930871905980743e-05,0.5040348369345833,0.007445966356046535,0.3459918021777799,-0.000417223509466172,0.0957446792902119,-0.0011566912956320916,0.5734374075499644,0.00017996544834071373,0.011986503142433755,-0.005494956966369954,0.29803254139504787,-0.0002702048870810461,0.15923868573938182,0.21609013986039555,1.0,0.11579549906720887,0.08844185819972802,0.10230614603818936,1.0,1.0,1.0,1.0,0.8617021136119071,1.0,0.1318515345667713,1.0,1.0,0.0016239427022265158,0.00042526641539046366
272,0.00447364096068254,0.22767071353047497,0.00012619387347340602,0.0955761769091519,-0.004262121651367595,0.5148843547168656,0.00017814565960853258,0.29419178487884745,0.011743439150905205,0.006280663671196799,-0.00011811725009899848,0.4535345172576637,-0.003998259194808394,0.567670374026821,-0.00013190937201710878,0.4614404092047577,-0.007142146162433318,0.5083723436785978,0.000260336313376076,0.5049574912594956,0.0006491207577276886,0.8032323099620009,3.666826089640886e-05,0.6748016938464865,-0.0014636736684432716,0.789282764613567,-0.00035131752258881047,0.05437276333851056,1.0,1.0,1.0,1.0,0.08792929139675519,1.0,1.0,1.0,1.0,1.0,1.0,1.0,1.0,0.7068459234006372,0.0018251736469552704,0.0014664940485414968
273,-0.005122040225653703,0.06332328643877431,0.0004303425340505375,6.8256603862700404e-09,-0.005079250312824962,0.3406240105436903,0.00018155360836414925,0.2598691522493195,0.007050162769889575,0.007919203399967363,2.079626202168997e-05,0.8129574059692599,0.0030843319136512042,0.40595407834083075,-0.00029283203773748477,0.02689102485016236,0.006958628989465214,0.38518394695250435,-0.00031096626688925714,0.2172905294499884,-0.00716510161828563,0.0018453148754861996,9.931799090037152e-05,0.1679784516635311,0.00027326864427603775,0.9511622757719709,-0.00012821205061492235,0.23084591385099817,0.6332328643877432,9.555924540778056e-08,1.0,1.0,0.09503044079960835,1.0,1.0,0.29580127335178596,1.0,1.0,0.023989093381320596,1.0,1.0,1.0,0.0012283042543125666,-0.001985451750836274
274,0.01196114896932607,0.003109836383782961,-0.00011556341883150557,0.3542453021863916,0.004317499419277642,0.42334068328973273,-7.86667260578088e-05,0.6682426123190193,0.004199208538504551,0.16192207774653944,0.00023862242015552189,0.004593869152808407,0.005127344507832665,0.30686856505532323,-0.000504158526855691,0.010311291704934654,-0.02153866071536556,0.009887561624749639,0.0005577409714777172,0.008047214625052413,0.002308123185637392,0.20485569455994979,1.5985105985913185e-05,0.8298398380235048,-0.006374665860992439,0.1688498940001465,-0.00011395981372899954,0.4504294974511662,0.043537709372961454,1.0,1.0,1.0,1.0,0.05972029898650929,1.0,0.10876317787224603,0.10876317787224603,0.09656657550062896,1.0,1.0,1.0,1.0,0.0012785817332181466,0.0005281129480691073
275,-0.0009165009541629495,0.7140315837611775,0.0002627701854857077,0.00105990864710598,0.0008453996880256825,0.8780572940127361,0.0002581682640588608,0.12715134382268467,0.009107606748096346,0.0022804247497722687,6.846831677078279e-05,0.4634473188689704,0.0011354932495466251,0.8315020425432564,2.991419485579823e-05,0.850287308231755,-0.01386527361776101,0.20063476272824854,5.724090619445213e-05,0.8540937782777014,0.0006220576032722098,0.7710179306331685,0.00026307260564265164,0.0008294603955661134,0.0030712184115427505,0.5536691617711927,-0.0009396344989683001,5.898167878696012e-09,1.0,0.01271890376527176,1.0,1.0,0.025084672247494954,1.0,1.0,1.0,1.0,1.0,1.0,0.010782985142359473,1.0,8.257435030174417e-08,0.0004491680972426204,-3.270649708728137e-05
276,0.002443705642169137,0.4771118275646413,0.000306010479472311,0.007861691645534548,-0.0065345690486551655,0.16593258754775653,0.0002755858167054777,0.0591578044541398,0.008233191615099115,0.004892205195507832,7.338150930568276e-05,0.3860184960082971,0.0075881541221377745,0.11158102170742315,-0.0004726033994485116,0.0021001555603928886,-0.017887479695187808,0.08264931518995847,-2.506269333829304e-06,0.9940312823207537,0.004820690660153208,0.07877576389389403,9.443089687031573e-05,0.32091199727959707,0.001336306392428961,0.775501111201399,-0.00027429899263364013,0.14386683700678454,1.0,0.09434029974641459,1.0,0.6507358489955377,0.06359866754160182,1.0,0.8926481736593852,0.029402177845500442,0.7877576389389402,1.0,0.7877576389389402,1.0,1.0,1.0,0.0005781246824690618,0.0002536791383437635
277,0.001855537126567098,0.5629989016372581,-4.234866661844888e-05,0.7049238117684489,-0.004832319572392629,0.3585455097054636,0.00014101586282821014,0.3329395239513042,-0.0020208222821773494,0.6307932610883922,0.00014179656418988095,0.2647090030632724,-0.0026638143221730556,0.5782947937695203,-1.3999433114723801e-06,0.9930051965866525,0.014329880336823125,0.1628932070897614,-0.0003673398712403067,0.24779235619395723,-0.006004000620709605,0.03227660433000306,0.00014695132354664554,0.07168540788798262,-0.0006644614452546269,0.8895860937379682,-1.867522176155351e-05,0.916213798159948,1.0,1.0,1.0,1.0,1.0,1.0,1.0,1.0,1.0,1.0,0.4518724606200428,0.9319103025437742,1.0,1.0,-0.000591470141660097,-0.0003427387833004781
278,0.0006618390616584654,0.8362908332370768,0.00040891004975633974,0.012132717403528758,-1.7887362441953444e-05,0.9976514988439665,0.0003197066062001702,0.12076023116264548,0.0032678516777220343,0.32801706365184846,0.000284088410165348,0.030812522010493674,-0.013705636394214125,0.0008481369175140308,-0.00010856328581002198,0.4443870846330291,0.027576075391836725,0.01839684897173044,-0.0009570708923310595,0.02092480666939758,-0.0021858431577607847,0.5007853857770311,0.00017672609598075095,0.1508578034673629,-0.015596398856461136,0.006477644917413794,-0.00012379697624792242,0.4775218353682882,1.0,0.1455926088423451,1.0,0.9660818493011638,1.0,0.2773126980944431,0.01187391684519643,1.0,0.20236533868903483,0.2092480666939758,1.0,1.0,0.08420938392637932,1.0,-0.0005657337893501078,-0.00035479856640226496
279,-0.0012643996620340101,0.7479527894272342,0.00013575805644742338,0.29971480481398294,-0.005947284482768784,0.41555260274582106,0.00013033012554666476,0.5212626298736001,0.00995633209468545,0.0038222955706989307,-7.347437172098045e-05,0.5652593528365996,0.0013409218551098689,0.8349910852200166,-0.00026330394935115,0.06788925939966878,-0.0020990329616284386,0.8237290962048227,-1.73540765200201e-05,0.9489287459666633,-0.003546224145204069,0.22715818002168242,0.0001417942644971016,0.08806717294066406,0.0015596890153719753,0.781149526512112,-5.3750032007025806e-05,0.7590869703320087,1.0,1.0,1.0,1.0,0.05351213798978503,1.0,1.0,0.882560372195694,1.0,1.0,1.0,1.0,1.0,1.0,0.0013697982656881106,-3.827924590135926e-05
280,-0.005559144398979631,0.0820613603852017,0.0003654226719419352,0.00040804979624467383,-0.01152393074200176,0.018619850216753425,0.0006473072971248223,1.2794254239362246e-05,0.004441604473840729,0.21634874561633788,0.00018871015323129714,0.057443891441844225,0.004160893183606515,0.3119015583811282,9.213072161335428e-05,0.559822005878635,0.0026723522845770683,0.7285315549953759,-0.0007695093900926724,0.0014988218268927737,0.004053615219678348,0.12467611298919924,6.537150281956135e-05,0.42983022314556885,0.001754609653531264,0.7166828061955512,-0.0005894329368766257,5.328332203071691e-05,0.6564908830816136,0.004896597554936086,0.18619850216753425,0.00017911955935107145,1.0,0.516995022976598,1.0,1.0,1.0,0.01648704009582051,0.8727327909243947,1.0,1.0,0.0006926831863993198,0.0011832654630913448,-0.0015208715049106593
281,0.0008965601845911658,0.8322855039823787,0.00013863980700655262,0.2958057156123963,-0.0075665162935723545,0.33901701456085365,-1.8098801253566377e-05,0.9403344533843511,-0.0005065918893437357,0.8960229142038503,0.00020898106247432488,0.19278022938381578,0.004720945903295327,0.46275283228975883,-0.0001122942747295886,0.5201326645796268,0.004869665523284383,0.6658861691925133,-0.0002597616961830161,0.5787369743969689,0.002694369996904204,0.2215126417542569,-2.0043132925571796e-05,0.7363612660966663,-0.0051084322522456154,0.22745180990709868,6.257707650584721e-05,0.7257379401491586,1.0,1.0,1.0,1.0,1.0,1.0,1.0,1.0,1.0,1.0,1.0,1.0,1.0,1.0,0.00027778119104456304,-0.0006944292938000421
282,0.004905302412031406,0.0653688267010716,-0.00012532755994230932,0.10060107805222857,-0.0029222835030138583,0.49213223357291014,-0.00011878331501241114,0.392580228274544,0.004543899113320461,0.21368371994186908,-5.20639645792621e-05,0.6801843003164114,0.003610184946866037,0.4613003341525813,-0.00015217559384038138,0.4154795447024169,0.004386526708288467,0.6075687526509288,0.00036458428615881837,0.160262789737031,-0.003816407539659737,0.06960320693548351,0.00022594396318990692,0.002588681910668158,-0.01070722365919313,0.012891423481667753,-0.00014217778073456728,0.2845795241514225,0.7844259204128592,1.0,1.0,1.0,1.0,1.0,1.0,1.0,1.0,1.0,0.7844259204128592,0.03624154674935421,0.1675885052616808,1.0,0.0013166531471698298,0.0006057629020648525
283,-0.00410375732770498,0.15489268585522387,0.0003514215570412467,0.01496168702749596,-0.0014405909957330436,0.8538903620614564,-9.545113229369168e-06,0.9683096232360788,0.007680924708028642,0.0001908161605390631,8.819107259243195e-05,0.214352630377608,-0.005012960411595538,0.28067329117357853,-1.0026511816259669e-05,0.9469839323438202,0.0059332639247623754,0.5791265775772159,-0.0004915554636791227,0.12641019985861143,-0.0020494995178734756,0.4168974566161019,0.00029020272355319786,0.0008321439348146544,-0.0010073784753600187,0.828467938649432,-0.00021868828953448038,0.20157514128718268,1.0,0.17954024432995153,1.0,1.0,0.0026714262475468833,1.0,1.0,1.0,1.0,1.0,1.0,0.010817871152590508,1.0,1.0,0.0009962248229540996,-0.0004523287891561636
284,0.008902170542157964,0.013356522771636454,7.255649053788648e-05,0.5379610212356671,0.006216164993947289,0.13627726782743121,-3.3935684922859205e-05,0.8543106577332682,0.00355607359017701,0.2179671147389235,0.00011595973400951221,0.3477223845516617,0.00016234903306650223,0.9675709936741173,-0.0002139728697725154,0.09059520289604342,-0.0078088072670121295,0.41112791838343843,0.00024019577514131627,0.4279693889705355,-0.0022285991669834565,0.38649095123755706,5.3769113120560404e-05,0.5915080651179832,-0.008799355486549145,0.09205761426474264,-0.00023457256842636777,0.32074266026189224,0.18699131880291034,1.0,1.0,1.0,1.0,1.0,1.0,1.0,1.0,1.0,1.0,1.0,1.0,1.0,0.0011482780229580241,-5.915350360454114e-06
285,0.0016537430302577796,0.6974966196345791,9.60258224795789e-05,0.4577336411999282,-0.008287837376717481,0.08795504848149756,0.00014581589818107806,0.38422007561523264,0.007875170688547227,0.01702835424526166,1.7535306425279328e-06,0.9850307225508228,0.00014415354256336072,0.9771240206587135,-5.1853903566528646e-05,0.6674697273541936,-0.0013899414547974467,0.8783089967799875,0.00013318061600127036,0.6400774266637717,-0.00046621052680963796,0.8476352993346652,6.892127744841689e-05,0.3249352565958272,0.0004709218384184649,0.9010176581578861,-0.00039384319197060153,0.0007321742103417106,1.0,1.0,1.0,1.0,0.2213686051884016,1.0,1.0,1.0,1.0,1.0,1.0,1.0,1.0,0.010250438944783948,0.0015410927721122522,-0.0006064024975728867
286,0.0016064665845175517,0.6177198628201319,6.126904867231702e-06,0.9622066768809749,-0.008809166940854415,0.03167993527185272,0.00012205403307238444,0.48002312165282024,0.00476344049467651,0.06613320506594768,5.157851875910519e-05,0.48996745320297685,-0.006452554634215225,0.058066176803669385,6.43601035716012e-05,0.635382284449125,0.009918680139201889,0.21894837646141407,-1.4739090268735524e-06,0.9966439356260893,-0.00023093415228979367,0.9271737024405164,0.0002070861825488031,0.02571061346252433,-0.0007959314413222749,0.8991744693332577,-0.00044973178718983115,0.027750320082499835,1.0,1.0,0.3801592232622326,1.0,0.6613320506594768,1.0,0.6387279448403632,1.0,1.0,1.0,1.0,0.3599485884753406,1.0,0.36075416107249786,0.0008075763146424455,0.0013527772933013878
287,0.006043327896839927,0.21145385768845038,-0.0001657661627489372,0.34953843867209977,0.0010738748482833126,0.8329378183748616,8.924475974626434e-05,0.5361353557038813,0.01078495247628335,0.00018729862691714655,-0.00014645142190076275,0.16856655602459625,0.0035208155424011956,0.3235227649001555,6.0249977220188164e-05,0.5395381322775739,-0.0016575649992836212,0.8522828936758086,-0.00015076584528256809,0.66536392452565,-0.007650662431188262,7.209361400356331e-05,0.0002736450277994945,6.34538356318822e-05,-0.012114744647684375,0.015425762277651607,3.9843716438115584e-05,0.7755985620839871,1.0,1.0,1.0,1.0,0.0022475835230057585,1.0,1.0,1.0,1.0,1.0,0.0009372169820463231,0.0008883536988463508,0.1696833850541677,1.0,0.0027589934623856553,0.00010926407687404114
288,0.0011341714093632187,0.7377779930122,-5.077338294089399e-05,0.7014748835467941,-0.004432907065037413,0.39579986868219574,-3.028642741208072e-05,0.8784670381810805,0.006234654956490336,0.04601967613580544,1.1620210523482548e-05,0.9171282100895559,0.00028493878530667113,0.9474969282498243,-2.2484812153027898e-05,0.8760768704423139,-0.0030806595189669275,0.7030567348618862,0.00033497473506435014,0.21870383310114871,-0.0025473223499378793,0.3043411550617038,0.00012395963063899378,0.07266159693576947,0.0024071228777737034,0.5889161042533122,-0.0003670099529282547,0.02762019153745532,1.0,1.0,1.0,1.0,0.5982557897654707,1.0,1.0,1.0,1.0,1.0,1.0,0.8719391632292337,1.0,0.38668268152437446,0.00091725035455846,0.00107584875915191
289,0.011665191446391795,0.01360449029864614,-1.0103614836277763e-05,0.9498947211123114,0.007800673505897472,0.09569088853731038,0.00021567064198013756,0.16528388305460684,0.012359813703870714,0.0015249234391371594,4.5157890618498406e-05,0.705990778081172,-0.013070572371299037,0.0011585827754480797,0.00013155383877161268,0.3845663390441999,0.0025285064732168535,0.7980010684847245,-0.0003077381246636383,0.2977825963837608,-0.0038709953843643436,0.07765530487139284,0.00014780145752736693,0.01867793181023203,-0.01741261684782433,0.0002445536110243453,-0.0002223421228464928,0.16989479715198286,0.14964939328510754,1.0,0.765527108298483,1.0,0.01829908126964591,1.0,0.015061576080825036,1.0,1.0,1.0,0.6988977438425356,0.1867793181023203,0.0034237505543408347,1.0,0.0013696736079480117,0.002409640138467279
290,0.002891162855044394,0.49234999847365646,0.00029435800995321614,0.012713813629270881,-0.0037275029901346524,0.5902450306634999,0.0003557460623665311,0.11354196919086254,0.0034279652214706845,0.35780772629791713,0.0003545830499938037,0.0016727149285763326,-0.0045022287715609085,0.3550666330702733,-0.00014839034337303262,0.3078399958114938,0.020620049623091476,0.03362425641468084,-0.0007054152284033933,0.01095785111764473,-0.005427641092536366,0.039184660650841106,0.00015246313902834093,0.06174274920326186,-0.013281802691121464,0.0014210229117088116,-0.0003033446736651416,0.011909487191474302,1.0,0.13149421341173675,1.0,0.6812518151451752,1.0,0.021745294071492324,1.0,1.0,0.3026183077321276,0.13149421341173675,0.31347728520672885,0.43219924442283303,0.019894320763923362,0.13149421341173675,0.0002464943868317912,0.0005236036751760977
291,-0.00021047760111086002,0.9494865186832946,-7.404997420766082e-06,0.9365962821262477,-0.005028172237423683,0.2262913368453926,-0.00013103149199881835,0.310418502515728,0.006405738186650519,0.0854652992461906,7.963112553054516e-05,0.43689730215972633,-0.0006563333697660281,0.8623849217297818,-1.3624848338861963e-05,0.933428570119304,0.012068871712799741,0.22178891061954298,-9.730277995941603e-05,0.6972859385942395,-0.004665268071866263,0.15395489276289323,0.00022621356970166885,0.009386464512687041,-0.007914356905191634,0.09036711309316717,-5.648059774141968e-05,0.7246898219910993,1.0,1.0,1.0,1.0,1.0,1.0,1.0,1.0,1.0,1.0,1.0,0.13141050317761857,1.0,1.0,0.0010469276844200092,-0.0008755878464479938
292,0.004291596199087329,0.16842348487002623,5.259168832138251e-05,0.5660209320889364,-0.007214547594668875,0.13411529980838038,9.229392592317208e-05,0.6081312504624987,0.0074894302636239985,0.021687273292849456,0.0001387332255186218,0.2478299505967262,-0.012164905207380814,0.025680079949285648,0.0001620775738659437,0.24931786392777233,0.014137899621946223,0.16437907604517066,-0.0005190663608490307,0.15506507726078894,-0.0036048228100374964,0.029073889078095994,0.0002225292944022625,2.3211458838339457e-05,-0.0029346523259432046,0.5720618392626925,-0.00014915934172951724,0.34082573777640746,1.0,1.0,1.0,1.0,0.28193455280704294,1.0,0.3081609593914278,1.0,1.0,1.0,0.31981277985905593,0.0003249604237367524,1.0,1.0,0.0012448886152277541,-0.0002609647252818637
293,-0.003072267058050362,0.4211097150069373,0.00040102827127567705,0.0070065664423964525,-0.002573551298068987,0.6560622708051971,0.00033263088709046726,0.16406210129805432,0.004181516880832306,0.16627926265795823,0.0002010935566184681,0.026313352660699837,-0.0028829007908094915,0.5736015653199757,-0.000336879842056733,0.04494404612881657,0.0009047286089539115,0.8966420266817321,4.967321352379237e-05,0.8373239373381172,0.0009665130493720556,0.6855356760061762,-3.188480552156347e-05,0.6735301682597272,0.002475960560886819,0.5386837804536151,-0.000615661349621538,5.6397601061290145e-05,1.0,0.09108536375115388,1.0,1.0,1.0,0.315760231928398,1.0,0.49438450741698226,1.0,1.0,1.0,1.0,1.0,0.000789566414858062,5.5174258218445924e-05,-0.0011119938919303184
294,0.001038241367267964,0.7776777977388825,3.613454562651542e-05,0.7862789663118483,-0.008233061896067146,0.18578882241479477,0.0004773004794441319,0.019718423911391794,0.011408741373222356,0.0045051550286962574,-0.00017185782884579205,0.21806971048988244,0.004741473123813587,0.4879080699718813,-0.00017184276985714777,0.4177536822925805,-0.017818075633659697,0.06349607763012498,0.0001980659676380039,0.4961766385085449,0.0024573272121545227,0.34439604210161956,1.822268764222743e-05,0.821376512054598,0.0064053563782053005,0.1893422360125332,-0.0003860230713918938,0.010182201589129875,1.0,1.0,1.0,0.23662108693670153,0.0630721704017476,1.0,1.0,1.0,0.6984568539313748,1.0,1.0,1.0,1.0,0.13236862065868837,0.0011162421023935968,0.00016769636250616541
295,0.0008773391420737851,0.8384973257427214,9.129833994869958e-05,0.5260524471211832,-0.010076729668881228,0.19727019639043053,0.0004001089670050002,0.10970419157162437,0.0029071775162698974,0.4040378083602246,0.00020917711504849382,0.0571075777122348,0.0022005360562029133,0.5794080508111417,-0.0002871489161273765,0.01001191405513039,0.0018769590743329997,0.9008636328729741,-0.00018299141080042582,0.7200715269574517,0.0021993606418423983,0.46324088867981195,-9.055394601506277e-06,0.9262645218821085,1.5358028378885492e-05,0.9978383965513481,-0.00022138870730991652,0.36263933442110696,1.0,1.0,1.0,1.0,1.0,0.7423985102590523,1.0,0.14016679677182547,1.0,1.0,1.0,1.0,1.0,1.0,-0.00023292927129561465,-3.3117681047931736e-06
296,0.003422285656538198,0.3782525146666301,7.090287988794954e-05,0.6343209161491608,0.004535469454088088,0.4123505065255807,9.082676867976192e-05,0.6078916331071111,0.0030715077842386846,0.35856322125716245,0.00026562874167329603,0.0015120126098371928,-0.007164033927309733,0.13044919992839563,-0.00022897134717331108,0.07409057231554504,0.0023435285537318877,0.803997380792049,-0.0005490084568736496,0.0432366419476528,-0.0028549517627108425,0.4346103207957347,0.00031415559752683903,0.003413969378835685,-0.0033538050960180876,0.5947841361973016,3.6465754910723184e-05,0.829132736209782,1.0,1.0,1.0,1.0,1.0,0.021168176537720698,1.0,0.8149962954709955,1.0,0.5188397033718336,1.0,0.0443816019248639,1.0,1.0,0.00120652367420527,0.000351031556043877
297,0.008764873879111672,0.0029576691242302567,1.8169767363462305e-05,0.8645897402904332,-0.0056058234529710385,0.2850072592363886,0.0005367479897519878,0.009162525665617484,0.012218004435604814,0.00017293431163190054,6.34575448023926e-05,0.5551085456661522,-0.013782829981525137,0.00045179143771891715,7.975769751308501e-06,0.9422425579078438,-0.0026311919040537058,0.7740536254099728,-0.00011021346645928332,0.7346776737680216,0.004731049022358453,0.05996440695999383,-8.255529802896239e-05,0.34558733589915314,-0.0036940817851908577,0.44533451622312736,-0.00043358230936346774,0.018512358935359546,0.03549202949076308,1.0,1.0,0.10078778232179232,0.0024210803628466077,1.0,0.005873288690345923,1.0,1.0,1.0,0.5396796626399445,1.0,1.0,0.18512358935359546,0.00263519402333149,0.0005671252059631624
298,-0.002661381561589043,0.5152138461404954,0.0003798450208648092,0.0025467497935259048,-0.0011101959070868902,0.8862507466648395,0.000160187971596129,0.527575724951671,0.0063444860054089995,0.11568714960573605,7.61146517611677e-05,0.5611218779370829,-0.008971992255335638,0.017781874674566375,-3.512906442017408e-05,0.8290880368357281,0.004213352199194554,0.7361952238880458,-0.0003870892205432418,0.3568913677893275,-0.0005869325975552104,0.8040980676075079,0.00010266545980473408,0.22180105941420414,0.0027726634415785865,0.5846041973649753,-0.0002965947559148465,0.056566244424212514,1.0,0.035654497109362665,1.0,1.0,1.0,1.0,0.23116437076936286,1.0,1.0,1.0,1.0,1.0,1.0,0.6787949330905502,0.0027642334099935535,0.0013032111468673203
299,0.008975449693456943,0.026250290844669323,-2.2591781013619782e-05,0.855312599156599,0.00921048624091722,0.0984182553033069,-0.00014278342679517416,0.37804694324339405,0.005501068698824291,0.1205437314460151,1.4777160283561915e-05,0.8961419866522674,-0.007176139381454816,0.10203157245797972,-0.00014394381190279367,0.5589290678570952,-0.013604065973417664,0.16187245455121302,0.0006380983715656453,0.0307757038062889,-0.0031613468080236556,0.1538948470678082,0.00012827251263819315,0.08521139284316334,0.0002545472119038496,0.9650860480767668,-0.00047182896060137734,0.0008444738696204674,0.3412537809807012,1.0,0.984182553033069,1.0,0.984182553033069,1.0,0.984182553033069,1.0,1.0,0.36930844567546683,1.0,0.9373253212747967,1.0,0.011822634174686543,0.0015476497299174636,-0.0009345707847930568
300,0.0022981476301260476,0.5352242832041043,0.00011732161341129243,0.3726366754786584,-0.006644463546381175,0.1884597981174,0.0003245948255396853,0.016760002249612493,0.00017324504931273717,0.9574711396786175,0.0003711803154592502,0.0008575802997690689,-0.007343951790886836,0.11977613822818398,-6.755778485948493e-05,0.6081870057438344,0.022386321514563073,0.034424350617238385,-0.0007054143976142927,0.017614960960294693,-0.005628827684017464,0.004841851006921911,9.18672257816699e-05,0.14505386047646512,-0.005240471969007546,0.30492962055086337,-0.00013199173509329456,0.4261294265928839,1.0,1.0,1.0,0.20112002699534992,1.0,0.012006124196766964,1.0,1.0,0.34424350617238386,0.20112002699534992,0.06294406308998485,1.0,1.0,1.0,0.00011910365250216862,-0.0007454930469056327
301,0.003176825404549017,0.4844359744373038,0.00011673002607070358,0.3039743354468145,-0.001366660873175871,0.8243095207078452,0.00011708985597222365,0.4727785293255734,0.005119625143220641,0.05714208694254058,7.202949855387367e-05,0.3955010253922374,0.006019575247708626,0.1613179674045695,-0.00023615684329560485,0.12157719206502719,-0.0052528930882516645,0.5179346386367469,0.00038019763678087123,0.1617477552506683,0.0018631286818611462,0.4958911017131369,-3.0995693790524153e-05,0.7712821503693736,-0.009559600267650742,0.09608760099174606,-0.00041889445915201145,0.019705032329732322,1.0,1.0,1.0,1.0,0.7428471302530275,1.0,1.0,1.0,1.0,1.0,1.0,1.0,1.0,0.27587045261625254,0.0003897031931446904,-0.00010146059497505247
302,-0.002158072756480303,0.41122433155753324,0.00027756624072147344,0.0026099023103035154,-0.00834115929435036,0.07176126347129294,0.0001868005029599653,0.2005538511215934,0.005647825390879322,0.04953893866830829,0.00022742140062305988,0.04853868188640958,0.009555570866626301,0.02559666155432977,-0.00023817922811408934,0.10349247164859188,-0.011051256456937369,0.208473940758526,-0.00024223844620494778,0.45444484727838164,0.002111047546934602,0.39345536203914044,0.0001248140530018798,0.14810953429219748,0.004236044041866428,0.3802686916679737,-0.00033618452355753696,0.06153959383399132,1.0,0.036538632344249214,0.6458513712416365,1.0,0.5824641826369149,0.5824641826369149,0.332756600206287,0.827939773188735,1.0,1.0,1.0,1.0,1.0,0.6153959383399131,0.001689663415888837,-0.0011792570927203654
303,0.006028853910151937,0.09227060758631644,2.198603030714519e-06,0.9869172848501587,0.006679649722548673,0.1711305997089576,-3.549640648642275e-05,0.8043925196218134,0.0071539533022082205,0.014546891707652498,0.00012730047468558013,0.22170754534720205,-0.008978472577532499,0.04841578643838554,-6.26570885609659e-05,0.7060451673549646,-0.0015921326574720857,0.8557563443729542,-4.48975571739972e-05,0.8576792185408771,0.0008755638178648852,0.7056842834277453,0.00012498984558540431,0.023644127558593096,-0.010167416982368331,0.027070466505933023,-0.00011143782467415741,0.43400446188353914,0.9227060758631644,1.0,1.0,1.0,0.20365648390713498,1.0,0.532573650822241,1.0,1.0,1.0,1.0,0.30737365826171026,0.3248455980711963,1.0,0.00040362907746626194,-0.00024205692131460608
304,-0.002226069931487114,0.5612370540530103,0.0002471533411622396,0.02655257608495788,-0.006642208224643342,0.12588611300824176,0.0002575198234750449,0.04115744536273068,0.008714369575171412,0.0027445187982406967,-5.123101553256323e-06,0.9642569248072453,0.0017973620326842388,0.7425484645583698,-0.0003848614661036092,0.013755589158099362,0.0019308375232107188,0.7681839422002541,-8.794000421687952e-05,0.6919067294300593,0.0015538882755067045,0.554406221561615,-4.125254363765558e-05,0.5657704847308331,-0.00512817977214959,0.21057105383194563,1.4503989743154186e-05,0.9127827327040711,1.0,0.31863091301949453,1.0,0.45273189899003746,0.03842326317536975,1.0,1.0,0.1788226590552917,1.0,1.0,1.0,1.0,1.0,1.0,0.0010557361557636986,0.00010849433735034282
305,0.005072709442737183,0.12398583853697957,3.1433510951170746e-05,0.7776897838754643,-0.0017430222474737018,0.783893046140951,-1.503730303591112e-05,0.9418801995210833,0.005389921458424623,0.04883710120791775,0.0001828309909169337,0.03613872238324534,-0.004593867310199118,0.3786594132539911,-0.00012396109301688005,0.415468024336502,0.013947168898943766,0.09191087654141405,-0.00011505031446579636,0.6658276559980867,-0.0033603320832611204,0.10993100590572995,7.894642798150274e-05,0.3912959693646797,-0.01471257642008036,0.011018209214011816,-3.916220547554448e-05,0.8668373498825566,1.0,1.0,1.0,1.0,0.586045214495013,0.4698033909821895,1.0,1.0,1.0,1.0,1.0,1.0,0.15425492899616544,1.0,7.1205572629415875e-06,-0.00021627482343834824
306,-0.0030473751508710415,0.47420200664252776,6.359684974165285e-05,0.6382870227338093,-0.007751475386275741,0.17802240145235027,-0.00011757688238736222,0.5437355459553965,0.004460857295146338,0.30272859210561265,-7.126232288582827e-05,0.6116082743458513,-0.0006005096996635443,0.8972209315525184,-3.092853793506879e-05,0.8412670313861541,0.010438078093126451,0.25711151073493466,0.00020488188789154254,0.5581094927786088,0.0014454173675685054,0.6135195252497152,6.025674632101577e-05,0.5590702333396131,-0.004944992085173762,0.3379832137214973,-0.00010896781769041374,0.45108383669064256,1.0,1.0,1.0,1.0,1.0,1.0,1.0,1.0,1.0,1.0,1.0,1.0,1.0,1.0,0.001850529842164155,-0.0007726726202974886
307,0.0027513625669430765,0.40862780959458944,0.00012415602992476096,0.3417544160886614,-0.0005182681799419147,0.9124422391247841,0.0001514046748128367,0.3176190770287266,0.011041398345298992,5.460145885650749e-05,-7.174999911240738e-05,0.4111597193441695,-0.005912103848171315,0.21802679172331052,-3.558131768396687e-05,0.8152250851347016,-0.003435857531564632,0.6124564351740798,-0.00010300923616725954,0.6846754075872202,-0.0024908555985120335,0.3933097541597754,0.00019663567919160483,0.03616132735973751,-0.0014356754068188746,0.7685988754717863,-0.00026185584642210083,0.12774172006845352,1.0,1.0,1.0,1.0,0.0007644204239911048,1.0,1.0,1.0,1.0,1.0,1.0,0.47009725567658767,1.0,1.0,0.0004966113178646823,0.0010813709259069881
308,-0.005368900357858929,0.11696599273402919,0.00037138011878271114,9.02530898241558e-05,-0.010063474351692667,0.09078148013528682,0.00039468683580019565,0.011566119794389085,0.007543237089515117,0.015058423351018103,4.4041513931071434e-05,0.710344450807832,-0.00191743067450234,0.6804017814150994,-0.00024797163008321357,0.1664822675817077,0.020524019931328213,0.0048833052764255536,-0.0002639888247714083,0.2865005471998081,-0.005972030506199424,0.00048450771240370126,0.0002114485547253173,0.0019417299212338033,-0.004745420263491866,0.46719037145770037,-0.0005095965690038483,0.011827020286259824,0.7017959564041751,0.001263543257538181,0.6354703609470077,0.11566119794389085,0.12046738680814482,1.0,1.0,0.8324113379085385,0.05371635804068109,1.0,0.006298600261248117,0.02330075905480564,1.0,0.11566119794389085,0.0004973608138077294,-3.144755677116829e-05
309,0.007188467321681616,0.13258371385577955,-6.397636413427273e-05,0.6472232831673996,-0.005904442461479888,0.3470142495987868,0.00021318205497006384,0.4182350576435854,0.006807895910773569,0.04957996950187191,5.187353911789142e-05,0.5704347406589135,-0.0004498092291901137,0.9136308153235306,-9.193138591293596e-06,0.9469756602834852,0.001341626686996211,0.896256460849995,-0.0001769702143947195,0.5886875270244223,0.00013973596930957872,0.9606975957050439,0.00018275212325446984,0.06946375711056353,-0.009123473626432118,0.17527667896489374,-0.00019766799889836154,0.3423954061381579,1.0,1.0,1.0,1.0,0.6941195730262066,1.0,1.0,1.0,1.0,1.0,1.0,0.903028842437326,1.0,1.0,0.0013996185098522325,0.00010701050396522012
310,-0.002151957613142143,0.5821149414865074,0.00015431036109942885,0.24428840595193402,-0.0001475322885739587,0.9789079728243191,0.00035469860802176366,0.03643901922372675,0.009936271548690947,0.0008458230629878493,0.00018476087629595988,0.10710121264187657,-0.008649244649647024,0.03279817622462781,-0.0001424940413578043,0.3081061773448023,0.009366936453240415,0.22530534880998165,-0.0004468109251708434,0.07556560043656418,-0.0037046706753922445,0.048802303575500056,0.00017789134200471292,0.001820196925106612,-0.0046498019215184165,0.47511956089924834,-0.00028235623480828083,0.27060691490246713,1.0,1.0,1.0,0.40082921146099426,0.01184152288182989,0.8568097011350125,0.3935781146955337,1.0,1.0,0.6800904039290776,0.48802303575500056,0.023662560026385955,1.0,1.0,0.001838980921545118,0.0005002267150053398
311,0.0001823204358535922,0.9575078823697069,0.00020287633426118964,0.026603676017696903,-0.0008104890481563638,0.9193197344544529,0.0003081731644464222,0.2471085868326992,0.0036401778889346118,0.13488148653401705,2.949389235525523e-06,0.9698107267410747,0.009538601779976438,0.23858313761164485,-0.00040433356594352164,0.0673215856604316,-0.012915606955113993,0.13876403032993953,0.00021037721143116905,0.49346730080294676,-0.0016879837691321938,0.4015744046956997,4.6177413604923194e-05,0.5221495180451261,0.002052978930480975,0.6010977156683559,-0.0003662198310437889,0.0026118960340069507,1.0,0.34584778823005974,1.0,1.0,1.0,1.0,1.0,0.8078590279251792,1.0,1.0,1.0,1.0,1.0,0.03656654447609731,0.0024922787945801344,0.0004060419998999629
312,-0.0029459936254139316,0.40639664696824807,0.0002502714050553507,0.013044347293909766,-0.007154597568161077,0.09772156803572851,0.00020854554201314243,0.1289528938308352,0.005984578503510186,0.050161996049972714,5.1488247879789685e-05,0.5220860160523486,-0.013414984546464686,0.008251025594237864,-0.0001174578162399103,0.3798848624248675,0.020718992508663832,0.009233664790436736,-0.0002472374317985696,0.3171743238761051,-0.00459687268751215,0.09666283323539455,0.0002157021229206871,0.004573736851602973,0.0014088785060155506,0.788318689066161,-0.00036131210097484033,0.05072447549374704,1.0,0.14348782023300743,0.7733026658831564,0.7737173629850111,0.5016199604997271,1.0,0.10726333272509224,1.0,0.11080397748524083,1.0,0.7733026658831564,0.06403231592244163,1.0,0.5016199604997271,0.00028109890298166164,-0.0007860953101880362
313,0.006215698922225674,0.10269360035397575,0.0004460763953845726,7.023084594852276e-05,0.004295599229717338,0.41845755894485215,0.00046941320143446125,0.004522184710911838,0.004953511083798245,0.08101186027049857,0.0001705981064447439,0.11781666955985831,-0.0034181536578298142,0.3303644139073927,-0.0002680323098855623,0.033050765751785005,-0.0043395292007275075,0.5933234231285713,-0.00015299733948154147,0.6191470033571691,-0.0031823928971930525,0.22459826237730263,-3.518079662146714e-05,0.6255334123940623,-0.004524734289941704,0.5582651757313677,-0.000629877206134002,0.012810163768355393,0.9242424031857818,0.0009832318432793188,1.0,0.0587884012418539,0.8101186027049857,0.9425333564788665,1.0,0.36355842326963506,1.0,1.0,1.0,1.0,1.0,0.1537219652202647,0.0016253211212675788,-0.00012645596737633305
314,-0.0006471407740227957,0.8473768291969117,0.00019588597013684697,0.07358349188938888,-0.0054035342753092274,0.36450492460502504,3.680375088145224e-05,0.8527693215469739,0.0020187342498235268,0.5496345466648704,6.331576759734452e-05,0.6086983359193847,0.0038762407478603045,0.3330895422381258,-0.00033582269042836937,0.025342428898006975,0.007625663117688702,0.3593321658637879,-3.905602342886203e-05,0.8999156178813089,-0.003564494199040366,0.20330668525080897,0.0002495801481793327,0.014825477814570805,-0.0039054691832819685,0.5374968367272461,-0.0001707069513232183,0.3769426011613407,1.0,0.8830019026726665,1.0,1.0,1.0,1.0,1.0,0.32945157567409067,1.0,1.0,1.0,0.20755668940399127,1.0,1.0,0.0002735976990782182,-0.0008624286935560958
315,0.007400383414316654,0.04483706807578517,-2.2398779630193396e-05,0.8837291136942205,-0.006536299287694646,0.17298408115570885,9.964849453086047e-05,0.5449274163960787,0.00505821878031232,0.07325382484840878,-5.094377901256103e-05,0.5438397692098201,0.0016081114756400416,0.7626522293681928,-0.00028440791420484104,0.1356392504753305,0.003287546439782393,0.7162651458476293,0.0006118003991489117,0.05338794781792891,0.002375373787475648,0.2862713840201466,-5.488071100848848e-06,0.9531852788052981,-0.013193333331173285,0.011989515550631038,-0.00034821039582021054,0.04602257331939389,0.5828818849852072,1.0,1.0,1.0,0.7325382484840879,1.0,1.0,1.0,1.0,0.587267425997218,1.0,1.0,0.16785321770883455,0.5828818849852072,0.0006258441091403573,-0.00022261483206184368
316,0.009279113063549733,0.003275140846750478,5.868760178733625e-05,0.6654955720613576,-0.0022950263175742633,0.6681386350624628,0.00037968764535146636,0.022176722239428674,0.007725902074283311,0.0186592064873391,0.0002385776460469535,0.028445636448189957,-0.008049859553821315,0.2856253987038079,-0.00019225778798064545,0.3921195284751525,0.002735101820538514,0.7206438645858448,-0.00015033163596864048,0.60840060776209,-0.00817465810972063,0.00022987782587164404,0.0002859054509398888,0.008185232308978907,-0.0012205741868710127,0.8403296632977411,-0.0006202689173483953,0.0011275267361300434,0.03930169016100574,1.0,1.0,0.19959050015485807,0.186592064873391,0.22756509158551966,1.0,1.0,1.0,1.0,0.003218289562203017,0.09003755539876798,1.0,0.014657847569690564,0.0010172050838812329,0.00014554484471855815
317,-0.0015078694239960431,0.6514704133314928,0.00030880098354704575,0.03702321177818942,-0.010062941461342309,0.0007598322102962011,0.0003653555383086056,0.000925009953362035,0.006920448101955351,0.012669208668289056,5.6175323586665164e-05,0.5577933026145621,0.0017243846739642516,0.7655350794704874,-0.00022829007068483537,0.3093484722246047,0.00932977682802838,0.3385346398088699,-0.0004821128383824221,0.0915813729248053,-0.002748291968702377,0.14369215276667122,0.00012508638928699134,0.02713324227201909,-0.003655507087858086,0.4057208444324454,-0.0001450152922834571,0.24997336161227035,1.0,0.37023211778189424,0.010637650944146817,0.012025129393706455,0.15203050401946866,1.0,1.0,1.0,1.0,0.8242323563232477,1.0,0.29846566499221,1.0,1.0,0.0019397812492561704,-0.00032375995215364495
318,-0.0019588668331628444,0.5326554652990255,0.0002963815201907111,0.0012166092042665121,-0.013842149923310653,0.010371608186782422,0.0005074750210749034,0.003047508998091241,0.005531492837988283,0.0486116832022139,8.870787476114689e-05,0.36230873500060723,0.0005427021207737259,0.8829554339003335,9.145427781600205e-06,0.9390328952984579,0.01487035351484953,0.11649874392425788,-0.0007317973177365063,0.01880232714890271,-0.0014876157219705477,0.43662390446184196,0.00016599068581794928,0.002755226774566361,-0.003655916295133423,0.6341413471764286,-0.0003359031385265729,0.17274893535604197,1.0,0.01703252885973117,0.11408769005460664,0.036570107977094896,0.4375051488199251,1.0,1.0,1.0,0.931989951394063,0.1880232714890271,1.0,0.03581794806936269,1.0,1.0,-0.00023947514531282295,-0.0016747835634251232
319,0.006856578498798752,0.0790810247800298,0.00028145020228060544,0.023278207815096232,0.0007047771421026306,0.892597974477089,0.0004484983861137076,0.0028474595305243698,0.005735266968853254,0.048319746270360106,0.00010041878821947194,0.3404153318839819,-0.005119737853852592,0.2133026738951258,-0.0003425869402104234,0.006244929906350012,-0.0025483582001703904,0.7385853753589636,0.0001331260297672153,0.6380823449648279,-0.0023378392956444464,0.31843090009257025,3.896077678072389e-05,0.663738726180142,-0.003290686120035758,0.5548036376853739,-0.0006598673208611873,6.337529414598147e-05,0.7117292230202682,0.25606028596605857,1.0,0.03701697389681681,0.4831974627036011,1.0,1.0,0.07493915887620015,1.0,1.0,1.0,1.0,1.0,0.0008872541180437406,0.00012987325791743065,0.0010344971237829191
320,-0.005282750167182284,0.1706195229669194,0.00028042213608597534,0.08727352038408506,-0.006157947164055692,0.17759410449000002,0.00011961399158352824,0.5545384149557021,-0.0012174261530154401,0.716229906863578,0.0003174008638977554,0.00234700235956997,-0.0018234342184930289,0.6351516956566706,0.00011198897234691952,0.3160958907019369,0.012149024786703969,0.1694875989745669,-0.00046922678122546767,0.13985770922436058,0.0024425077895300624,0.38260842177820586,-5.8957391472678816e-05,0.5008459415211508,-0.00010997339460248385,0.9845809398248356,-0.00030124182478356837,0.2047976519567486,1.0,1.0,1.0,1.0,1.0,0.03285803303397958,1.0,1.0,1.0,1.0,1.0,1.0,1.0,1.0,0.00030278491809998195,-0.0009364930690285398
321,-0.0009470417804323463,0.8099514594294649,7.560644202242746e-05,0.5754016890398121,-0.004062640693066658,0.5413169490181725,0.00012646405748342792,0.4985086373064336,0.008157802152056233,0.02618747181794152,-6.284875642749115e-05,0.5417157796092901,0.0015228714507714205,0.7359560169232107,-0.0001584879392339852,0.3220906085004951,-0.0029101083901882517,0.7935793435975559,0.0001612760874545341,0.6787700542431049,0.0004991615497791547,0.8418467833725451,6.753315475721062e-05,0.28345269820689956,-0.0022600459883794785,0.6828513546481783,-0.00020954303104374987,0.25217799983022104,1.0,1.0,1.0,1.0,0.3666246054511813,1.0,1.0,1.0,1.0,1.0,1.0,1.0,1.0,1.0,0.0013082019677735075,0.0006321596362744751
322,-0.003248170266622448,0.2878253732144993,0.00019730169072010157,0.09645714592233397,-0.008551886288620612,0.19126968551620294,0.00038331225369914044,0.04571119316138109,0.004625602000212634,0.37707749365041365,0.00015310076749579493,0.3550570129425181,-0.002989671675072596,0.5582904671617235,-0.0003255579510180555,0.017401944548992958,0.012566009638472155,0.2878639495008254,-0.00021759639327530267,0.5600907137049715,-0.0018748285342730542,0.4844069493030536,0.00017433045655177248,0.024670246979428174,-0.0005270566391855643,0.9153148883964571,-0.00036489067996245313,0.00950801024099811,1.0,0.9645714592233396,1.0,0.502823124775192,1.0,1.0,1.0,0.22622527913690846,1.0,1.0,1.0,0.2960429637531381,1.0,0.13311214337397353,9.598188053844735e-05,-0.00012965802287091135
323,0.004838834743035966,0.13615723561432377,3.231720496476304e-05,0.7585181338405431,0.0008829601669946028,0.8905945594461351,0.00014257734006049903,0.4453756866506068,0.00846703783484735,0.011180510783660162,-5.631364358248425e-05,0.6375756177197434,-0.004453905101194887,0.35177667434511584,0.00021079435825170964,0.21979918963369882,-0.006025970289884282,0.5521966845871931,-8.621958626493769e-05,0.7756770840421268,-0.0004548230664263216,0.8337088004496511,7.31545821838985e-05,0.3666926079643755,-0.0032541324590916426,0.5611399015537797,-0.0003163103184978568,0.051542152682156166,1.0,1.0,1.0,1.0,0.15652715097124226,1.0,1.0,1.0,1.0,1.0,1.0,1.0,1.0,0.6700479848680302,0.0019247221291039476,0.000566872185186353
324,-0.0035389295687427687,0.3936753027002786,8.654649357175151e-05,0.5297242284490604,-0.011409306881444136,0.035105630731518005,5.4348684321936976e-05,0.7913455366459613,0.004638350309950185,0.05545680696402652,6.871218185919081e-05,0.36877632551094297,0.0021206373118763584,0.6624306556284518,-4.1298777762845886e-06,0.978016608351792,0.0032504556217075884,0.748510095287287,4.706740285333888e-05,0.879275228194265,-0.0016158209029118443,0.3686789089022834,2.830149896180059e-05,0.6077722955854965,0.006554613488697702,0.1434054672555165,-0.00028084637374238265,0.12531434705578934,1.0,1.0,0.49147883024125205,1.0,0.7209384905323448,1.0,1.0,1.0,1.0,1.0,1.0,1.0,1.0,1.0,0.0009814805428528615,-0.00030536899268594504
325,0.0017187301141359552,0.5470447073910782,0.0002101114251686413,0.014715323909386999,-0.0014907016890628952,0.693766834910519,0.00014225956246461698,0.204033923014038,0.009238521554974446,0.00032629866200938875,-0.0001957760057178447,0.01527651417167251,-0.0011305241570442326,0.818967478962726,-0.00010025598986442939,0.4559878856249202,-0.011565991507412223,0.0787435667680683,0.00024163132654545524,0.27126976113497325,0.0033248752960595446,0.21953538691561414,-1.0805849982509884e-06,0.9899734178759632,-9.490990902810338e-05,0.9818927893351972,-0.00029688973651523676,0.06504792826106888,1.0,0.191299210822031,1.0,1.0,0.0045681812681314425,0.191299210822031,1.0,1.0,0.7874356676806831,1.0,1.0,1.0,1.0,0.7155272108717576,0.00204241424419644,0.0013261854381382899
326,0.0010567107025432178,0.765062783721937,0.00022210102410052468,0.04975301920273045,-0.0017324537193510487,0.7474762077935975,0.000374040955902371,0.05442230067697862,0.006986688249644084,0.02503281089958928,4.880980279841132e-05,0.5663310232945715,-0.00017676921367195823,0.9658304393669661,-0.00022515826677293741,0.08954526328063327,-0.003296772126747068,0.7691466688375133,4.083534750378308e-05,0.9206341965953113,0.000974609456138477,0.7243816900954105,0.00018692793907352354,0.05693167925617055,-0.0038120126449030104,0.42934572598757437,-0.0006475568397201327,0.001137187158342199,1.0,0.5970362304327654,1.0,0.5986453074467648,0.3254265416946607,1.0,1.0,0.8059073695256994,1.0,1.0,1.0,0.5986453074467648,1.0,0.015920620216790787,0.0030516514493305357,0.0003829094104310978
327,0.00015423326087546073,0.9512999833237102,0.00041196339404796163,0.00020620507030350067,-0.004854664738532904,0.378586169409194,0.0004179648813471315,0.04427343500111943,0.00768610766040678,0.09766614936822296,1.1775127822548834e-05,0.9314337016208992,-0.005988614810902278,0.19813215066060152,-0.00015118169393834967,0.27637345412108616,-0.011402516698672146,0.25904238138614344,-0.0005048338267390634,0.09873529471353659,0.004267919176634386,0.22343464534753044,-8.700247166931907e-07,0.9937376823551795,0.010137536686152094,0.030030964471289293,-0.00018481785250416976,0.4864531832075728,1.0,0.0028868709842490093,1.0,0.5312812200134331,1.0,1.0,1.0,1.0,1.0,1.0,1.0,1.0,0.3904025381267608,1.0,0.0004990518447800933,-0.0007269835027742477
328,0.0004880255968072085,0.9032636087854002,6.276347112600188e-05,0.6275237737480024,-0.0008715151966050577,0.8454621152080838,8.37929104527858e-05,0.6618609265298032,0.012054336689255414,0.007295254623169052,5.7325754887574384e-05,0.6708004456785929,-0.0010400064334710017,0.8106598069299884,-0.00022695486322928511,0.09156447456946853,-0.01712906971462086,0.09707666639421637,0.00013865701630112835,0.6301113813323517,0.008041636556694497,0.0011146185722910214,4.720713798626853e-05,0.6318137451369404,-0.0015434107474243213,0.7376041811361969,-0.0001627912652666011,0.2957328441216308,1.0,1.0,1.0,1.0,0.09483831010119767,1.0,1.0,1.0,1.0,1.0,0.0156046600120743,1.0,1.0,1.0,0.0022868680580541657,0.0009040343202812456
329,-0.0019777722547504287,0.5807766088788384,0.00010582058024025111,0.4692544234877747,-0.0019628913680154593,0.7188212396294278,2.935949565461771e-05,0.8581674539841322,0.0035020186958843033,0.2617305226633453,-4.778062581201218e-05,0.5896018650719642,5.6647157391658085e-05,0.9893725670201124,-0.0001687407756647261,0.1708837438350167,0.0060821026217773395,0.5330558597108098,-0.00029232592399007045,0.33296479067857765,-0.000652531584313499,0.816440783640212,6.689642107489157e-05,0.3475536458229477,-0.005047572992480548,0.5669310252590407,0.0003067708331434913,0.30394015530829377,1.0,1.0,1.0,1.0,1.0,1.0,1.0,1.0,1.0,1.0,1.0,1.0,1.0,1.0,-0.0006734461268090794,-0.0005381642240422476
330,0.002617241891366537,0.46340210668624393,-9.407546624617859e-06,0.9443968367533158,-0.005231182196191674,0.3559920063463242,0.0003917944352906821,0.03261983707431702,0.0021392581597869885,0.4801109443505406,0.0001689533505180905,0.17164657720355914,0.004739202801684742,0.1275348441918329,-0.0005567499547031775,1.949985916815976e-10,-0.0023180860638081814,0.79674323172984,0.00033976878247268604,0.2675973332236212,-0.006124444121727791,0.00013734138031391474,8.109894399622888e-05,0.2158142099494923,0.004178009338672372,0.44056557030168475,-0.0004154580420996691,0.02863903267946246,1.0,1.0,1.0,0.3588182078174872,1.0,1.0,1.0,2.7299802835423664e-09,1.0,1.0,0.0017854379440808918,1.0,1.0,0.3436683921535495,0.00024844322523218744,-0.0007135675034119144
331,0.0010776926401358995,0.7828528690029763,5.798730252917804e-05,0.7598033845020774,-0.004237384292525851,0.4720485876276792,-0.00022330561268494754,0.2750820650023863,0.008645811630116464,0.01149359446443779,9.153425007030153e-06,0.9375084788452368,-0.011597680444491634,0.0027297567477131404,0.0002132202210287997,0.18020869364558156,0.008659567766724056,0.4135067036501534,0.0002560095448368575,0.5246032434185892,0.00020427380548707495,0.9434250215630077,9.225661206058655e-05,0.2984733748965467,-0.002752281203922811,0.6395434176610931,-0.000405321521688372,0.027923426863590742,1.0,1.0,1.0,1.0,0.14941672803769127,1.0,0.038216594467983964,1.0,1.0,1.0,1.0,1.0,1.0,0.3350811223630889,0.00029584921312847363,0.0015007856442079517
332,0.00033973918370586284,0.9367734742678822,0.00021616819694787598,0.09460422038759377,0.0029975607375849643,0.6942470490876398,-0.0002728715790607952,0.2342098545277591,0.0008068590206958211,0.8082574099947204,4.553366956766267e-06,0.9706644070990373,0.0020194570269240594,0.6037919318015217,-0.00023724800979124596,0.036011254083874525,0.001753869787916893,0.8914138619127464,0.000144521423648525,0.7050074574240337,-0.0024488555768270503,0.33618592678618753,0.00017112854012900884,0.07277387657657414,-0.005468631424467143,0.3398597720986337,-2.625189470659941e-05,0.8508097751499653,1.0,1.0,1.0,1.0,1.0,1.0,1.0,0.5041575571742434,1.0,1.0,1.0,0.9460603954954638,1.0,1.0,0.00043356605334376005,-0.001412058807431757
333,0.004818226382925836,0.18033299654456636,0.00013360833942765334,0.15885303866491052,0.0026141641653112937,0.6398854381317405,0.00019119543754378616,0.2753727488449602,0.006048780438599133,0.003521288989158695,9.894514764963125e-06,0.89413342433358,-0.0011227289458156028,0.7535257897603812,-0.00018993987303139262,0.07285200282483932,-0.011105314694064863,0.20242402196089038,0.0002524126667758045,0.3270194592047405,0.002098229729952063,0.4045790394495796,4.368918218310054e-05,0.6813883045277371,-0.003351356566329817,0.5353702875650583,-0.0004408602235895093,0.010768034534730287,1.0,1.0,1.0,1.0,0.04929804584822173,1.0,1.0,0.8742240338980718,1.0,1.0,1.0,1.0,1.0,0.13998444895149373,-5.632008634267118e-05,-0.0006317509389823252
334,-0.00214682807461714,0.556085814119962,0.0002431767454320065,0.02748356161603488,-0.016057931400776593,0.0028272070994990114,0.0002970682542759186,0.09418679617382987,0.00047982049691709503,0.8946264536491453,0.00014369595462993502,0.34242832531765777,-0.0004536570998329173,0.9067546530737801,-0.0003574753952720824,0.006058653269009785,0.016131029393814597,0.05542643631569662,-0.0003464479488700837,0.19710467573997947,-0.005854560469041957,0.02036024782209077,0.0002965290988908405,0.004434299967054514,0.007902127439073599,0.15853426350601307,-0.00027654667309776586,0.05674783719952906,1.0,0.2748356161603488,0.03958089939298616,0.6593075732168091,1.0,1.0,1.0,0.07270383922811742,0.49883792684126954,0.9855233786998974,0.22396272604299844,0.05764589957170868,0.9512055810360784,0.49883792684126954,0.0006357628780827837,-2.0199506821661724e-05
335,0.003790631974848759,0.2938654324636688,0.00010008366807948545,0.4603680944929076,0.006134452351076053,0.1267710054279234,0.00017128014772122566,0.18716074153791762,0.008102393690450843,0.018686726108862118,8.774153649638889e-05,0.3945085006689687,-0.004524530384919893,0.2985389088538988,-0.0002506999623963467,0.10642670043969676,-0.012709128670379433,0.05129347390458457,0.00017428755634362768,0.4750625946062368,0.0010400325576273,0.6800216297179297,0.00021575560628887838,0.028728669682007695,-0.0018338498817976688,0.6635642337316489,-0.0004984484839551255,0.0006209310475779231,1.0,1.0,1.0,1.0,0.24292743941520753,1.0,1.0,1.0,0.5642282129504304,1.0,1.0,0.34474403618409233,1.0,0.008693034666090923,0.0020965008311108527,0.001741099854887171
336,0.00021505567290587747,0.9573231622428072,0.00032698625052200253,0.008132873694504791,-7.638761996267706e-05,0.9883917615519016,2.3070541615603262e-05,0.8827496723894639,0.007442186165422885,0.007112594003126616,1.856754016659333e-05,0.7953001221689845,-0.004569594043866328,0.47951071405504564,-6.644597655939875e-05,0.7307488251328947,-0.0006063475792120692,0.9412211019876817,-0.0003349561405933323,0.20900676639360638,0.0007963043976279132,0.7479075288354662,0.0001288373914047053,0.07631243031617524,-0.0032012164342067303,0.5850363023816001,-9.605964257603448e-05,0.5446253346333676,1.0,0.10572735802856228,1.0,1.0,0.09957631604377262,1.0,1.0,1.0,1.0,1.0,1.0,0.9157491637941029,1.0,1.0,0.000435473729343992,0.0001596671840621957
337,-0.0007773796840082013,0.8772010494581238,0.00019322995702690128,0.20876211313708726,-0.006100349260702478,0.35020378736421864,0.0003002056068904163,0.25981664812008143,0.00899520795385316,0.012711201869446458,-8.401189296766519e-05,0.577672276372311,-0.001902195885384095,0.7001876840245937,-9.99381995551762e-05,0.53527894242841,0.003908195981332977,0.7218464487629445,-0.00026428351986197175,0.4791491896518748,0.0024440867666351888,0.4198945928611052,0.00016303698191204034,0.0904151595002682,-0.006567567676938604,0.22540721008925169,-0.00020823890395618944,0.1903422787613781,1.0,1.0,1.0,1.0,0.1779568261722504,1.0,1.0,1.0,1.0,1.0,1.0,1.0,1.0,1.0,0.0002546366668964351,0.001345036171693166
338,-0.007000431252227275,0.13694054794200217,0.00021562801103396017,0.08214330871943344,-0.007993340615391696,0.14771810242460065,0.00020852639980884407,0.18928198549305697,0.005265801090920306,0.04619426858467263,3.1162551403670456e-05,0.7301084343046176,0.005746853868118586,0.1085553259678274,-0.00012330707105965763,0.26094349823334206,0.007518515673463882,0.4584956782976969,-0.0001862009910715046,0.6098957870621993,-0.00036093505466382577,0.9063629976061119,9.529112236888868e-05,0.4095522759415392,-0.0031764634217194146,0.4741976516880255,-0.0002411000607396667,0.07856616838230537,1.0,1.0,1.0,1.0,0.6467197601854169,1.0,1.0,1.0,1.0,1.0,1.0,1.0,1.0,1.0,0.0002519123912242391,-0.0005191415929503353
339,-0.0014163290287613679,0.7786782251777424,6.345368701119678e-05,0.6690173516768663,-0.0047830422546858604,0.34311124529941106,4.204797377452229e-05,0.798285828091299,0.0038382629200091212,0.25990364716714276,-3.480922731139358e-05,0.7629130924790801,0.0042062138502666465,0.3647959342786016,-0.00024939374342682275,0.0754238961034022,0.00156920962749312,0.8767045360759764,0.00018692017143975522,0.5826433371777184,-0.0034619187157603473,0.11655122860538947,0.0001734789933239766,0.018302556298301815,4.760156072838245e-05,0.9935505083661197,-0.00018169780172039185,0.3391445919086622,1.0,1.0,1.0,1.0,1.0,1.0,1.0,0.9805106493442285,1.0,1.0,1.0,0.2562357881762254,1.0,1.0,0.0010804469687696792,-0.0011793025438945315
340,0.0066074189985485905,0.055516150882389585,7.796791125147157e-05,0.2891842531951727,-0.0060601288121386624,0.29664782871688833,-8.802915653145152e-05,0.6087659999525983,0.0020094693833734036,0.5764353218475589,6.531623768887522e-05,0.5591805062158418,0.0064575286752578,0.10393350143153042,-0.00032687074365459227,0.012080395608062627,0.0009716255352551245,0.8868424721328401,0.00012537860141737816,0.520290648525985,-0.0030054873235210583,0.2356374047233576,0.00013036448127833625,0.07391511607910287,-0.006980424051214588,0.1787904535669108,1.5872625025359664e-05,0.9038052844045403,0.7217099614710646,1.0,1.0,1.0,1.0,1.0,1.0,0.1691255385128768,1.0,1.0,1.0,0.8869813929492344,1.0,1.0,0.0008675010420785762,9.18158064364048e-05
341,0.0055655425536582604,0.1759322871599005,5.884667323328612e-05,0.6152298267058307,0.001920318923319075,0.7344882525586016,-9.132958740055919e-05,0.5892541826583458,0.011888975463158615,0.0009555870799252868,-0.0001341780871748296,0.29508220439222044,-0.005420484898640611,0.351367349925521,9.642972742841277e-05,0.5358184221794093,-0.004006573353250907,0.6529242694164087,-0.00017961867840192875,0.5266467791909066,-0.0028152890294855975,0.335918975499338,0.0001567904349595426,0.08513163111755903,-0.007132491027545558,0.10039467706167528,9.305952522552645e-05,0.529213512376451,1.0,1.0,1.0,1.0,0.013378219118954015,1.0,1.0,1.0,1.0,1.0,1.0,1.0,1.0,1.0,0.0002954088704136335,0.0012302708911274243
342,0.006609845882235337,0.08506964516117882,9.332399134944692e-05,0.3647301787474396,0.008021349275734094,0.15575360153255402,-1.7342358741547198e-05,0.9208371919632762,0.007661930982468527,0.007819208219621903,4.6803668688959875e-05,0.6531841594027143,-0.007018459839411813,0.1219666826964741,0.0002124493084434437,0.21453041838164943,-0.020914648101004105,0.10268848252495126,0.0001396337884205936,0.745486125091046,0.005307919970516087,0.04368865919510638,-5.039823947163448e-05,0.5831458594982608,0.0003320625926777517,0.9549955554358354,-0.0004244701223762165,0.027998356576066582,0.9357660967729671,1.0,1.0,1.0,0.10946891507470664,1.0,1.0,1.0,1.0,1.0,0.5242639103412765,1.0,1.0,0.36397863548886555,0.0011193990656368114,0.0006611322973777343
343,-0.000988486468045886,0.7928740433113033,0.00021334114016089697,0.05859389828616551,0.0023190453722140274,0.570121352606463,9.623713235753424e-05,0.47208693465769125,0.005063186302726054,0.13852991370795473,-2.4759762684910064e-05,0.8041876795774241,-0.00486647901120337,0.350410889101913,-0.0001663889421744588,0.36272082179240184,0.0008155650807527231,0.9333242386482683,4.238100361171674e-05,0.8940663197544328,-0.0020049210140061185,0.4658224775013792,8.313605237545819e-05,0.2888862533770895,-0.00033791075117239704,0.9498743108781239,-0.00024394663471980673,0.14374671253182086,1.0,0.8203145760063172,1.0,1.0,1.0,1.0,1.0,1.0,1.0,1.0,1.0,1.0,1.0,1.0,0.0002805127875342014,-0.0003266860703181914
344,0.005140054213583657,0.183887037099838,-9.17177430026882e-07,0.9953660345069815,-0.0028816080594181665,0.6337463172500566,0.00023724889508622694,0.29315079465393956,0.008811134374546645,0.01667595255470972,8.273064370431587e-07,0.9935268927007282,-0.005204659136326945,0.2647504561754198,0.00011273111530063417,0.2635044786905447,0.004550665516701914,0.6584354023126737,-0.0005951654635629308,0.12410719779205087,-0.00011764674107973923,0.954864951724879,0.0001850835137767788,0.02601618485718946,-0.010297941009912819,0.010583054065901267,6.0191798035968024e-05,0.638855619783248,1.0,1.0,1.0,1.0,0.21678738321122637,1.0,1.0,1.0,1.0,1.0,1.0,0.31219421828627353,0.14816275692261774,1.0,0.0017337695550048865,0.00029212715175593994
345,-0.002637389441215704,0.6013201821143757,0.0002852319041062701,0.14533509576014922,-0.009089057053384206,0.1339185950992087,0.00017532498464826692,0.38773323265158743,0.007941534027659182,0.013823709591748572,0.00013617331870295323,0.18922062912507165,-0.0018458310963067794,0.6909437114651424,-0.0003174371428919788,0.002115398819317252,0.010936819339851859,0.30682535267327815,-0.000314216015605868,0.44466925010603164,-0.002855248405710623,0.2466051232083165,0.00024907408337875925,0.000631698528647144,-0.0024508260905114227,0.5738658874779149,-0.00021415114317289494,0.17079917611844087,1.0,1.0,1.0,1.0,0.16588451510098287,1.0,1.0,0.027500184651124276,1.0,1.0,1.0,0.008843779401060016,1.0,1.0,0.002023004676150103,0.00047039167806228857
346,-0.006889782329841975,0.06308422685439381,0.0001856625629892806,0.12109486445579763,-0.0227305157741363,2.0426829332663836e-06,0.000338486842098293,0.019107146116955718,0.004694125643547536,0.2127122273505525,4.509240823805418e-05,0.6889239585209822,0.006718287080723446,0.2007700652619412,-0.0004378634667893663,0.001253930153464042,0.02378318026433782,0.0006481470254272836,0.00020991496435487336,0.2974926828721375,-0.005405088566222893,0.006873548416058489,0.00015904250054529008,0.04133478246580967,-0.0001702066860392468,0.9784472464403153,-0.000500335816991084,0.013030185368066646,0.4415895879807567,0.7265691867347858,2.859756106572937e-05,0.17196431505260146,1.0,1.0,1.0,0.015047161841568502,0.008425911330554687,1.0,0.07560903257664338,0.33067825972647735,1.0,0.13030185368066646,0.0007981477990164884,-0.0008589528581642688
347,-0.0015388402355287025,0.5759336944680746,0.0002752400127527135,0.0036570524873478696,-0.005930372841508001,0.27445243368472383,0.00016273463657379071,0.40347593784848024,0.007580003242367349,0.03026273283208068,7.303288026078724e-05,0.5817833370151535,-0.0035320906384506026,0.45654283980860333,-0.0001705615590253316,0.20859294122083039,0.005559475570033879,0.6056956241010882,-0.00035414395722158966,0.31161051492174463,-0.0003340640076701988,0.9286923725372448,8.218769482570511e-05,0.5143403742029853,-0.001804110529333416,0.6996894598299661,-6.848972878559528e-05,0.6631630966539942,1.0,0.05119873482287017,1.0,1.0,0.39341552681704883,1.0,1.0,1.0,1.0,1.0,1.0,1.0,1.0,1.0,0.002447326505494515,0.00014882830661390591
348,0.003122229554623249,0.4726259109763128,3.9501138561148124e-05,0.797128181836599,-0.00011822522469299659,0.9799724068136952,-5.717861039095942e-06,0.9704336118481689,0.005975170030177355,0.028039001668376046,-3.4519915597257563e-05,0.7110965146990671,-0.005566957255236505,0.19750035739451655,-0.00024708811529929297,0.15906392810708725,0.007468171206325241,0.30683472448946214,0.00014216911137707105,0.5511447759282095,-0.006132727032357331,0.01241487996834537,0.00023961899773372613,0.0030984871092080923,-0.004747663587087227,0.33814163187445634,-0.0001339632785195789,0.33177580633775894,1.0,1.0,1.0,1.0,0.33646802002051257,1.0,1.0,1.0,1.0,1.0,0.1613934395884898,0.043378819528913294,1.0,1.0,0.0011128151998852094,0.0010884138623167
349,0.008165470044523993,0.042214209497494215,2.6620372275281354e-05,0.8056110202762594,0.0011343026078551143,0.7413346601825974,0.0003711370795123701,0.0008003879812363355,0.008620953392216815,0.07578597224234603,4.3451343572810455e-05,0.7313712977318685,-0.009401064004744998,0.014369613856186814,-3.5637765276897656e-05,0.7859635017352633,-2.2582628629562032e-05,0.9979079155101386,-0.0003537827644768449,0.21008755757337394,-0.003395475190839277,0.0813455942090594,0.00010016538401781833,0.06137000997689558,-0.005101603023897714,0.2491189041692844,-0.00015195359764640199,0.3224556151493274,0.5065705139699306,1.0,1.0,0.011205431737308697,0.7578597224234602,1.0,0.1868049801304286,1.0,1.0,1.0,0.7578597224234602,0.6750701097458514,1.0,1.0,-0.00023169070721531257,0.0008241571508577255
350,-0.00019608450403971203,0.9574237900530971,0.00010600392918546629,0.2775659346997209,-0.001212593646791571,0.8298091487994119,0.0005974218372807068,0.00036610711900032957,0.008067750005735258,9.639400272944186e-05,-4.457737528504227e-05,0.5733918959308646,0.00849605929404426,0.08044981988074948,-0.000301461086128319,0.018214511448000407,-0.01246333211709336,0.16661144008799333,-0.0001672808337055487,0.5008818193356135,-0.0033264187206910553,0.23119630879453146,0.00010780277568109879,0.20301736670151094,0.0006346199951578156,0.8907995874221185,-0.0002979092952990169,0.028457081653592238,1.0,1.0,1.0,0.004759392547004284,0.001349516038212186,1.0,0.8044981988074948,0.2185741373760049,1.0,1.0,1.0,1.0,1.0,0.3130278981895146,0.0011133934047242462,0.0010118312397360309
351,0.001673368493287599,0.648641043987807,0.00021630463668269691,0.08794495985780507,0.004116955302611856,0.31787098448515005,-0.00021145808734801931,0.08845811190593646,0.004433968777131125,0.16930615797741255,0.00017048134473497459,0.10500935292264231,-0.0005771795675674047,0.918075038689221,-0.00016042453750531906,0.32734152670266614,-0.013140569266553997,0.2524891977151079,0.0004287610758216091,0.2030609038132145,-0.0031371315295794116,0.2293371073024757,9.115260308392556e-05,0.4321171264107966,0.006630588151311184,0.17152330647335434,-0.0005348169916982953,5.398888669656367e-05,1.0,1.0,1.0,1.0,1.0,1.0,1.0,1.0,1.0,1.0,1.0,1.0,1.0,0.0007558444137518915,0.00035872400653525193,3.907299760883429e-05
352,-0.0018554136209191102,0.511486753070026,0.0001816429580888865,0.13992527665745916,-0.008615065512728481,0.012597885097124416,0.0004815970489494148,6.391618357341066e-06,0.01032041895668622,0.015580087458358795,9.412870702647752e-05,0.49365413824720805,-0.0019206849718928624,0.6510719185399165,-9.745343875650428e-05,0.5095086487647353,0.011013083477293257,0.34960973558551145,-0.000300401588625303,0.35295669835277055,-0.004495357936363913,0.08997470203131978,0.0001259335319401655,0.08297726040194603,-0.004446980800849286,0.48591590568021426,-0.0004854471916196682,0.0064784808426772995,1.0,1.0,0.151174621165493,8.948265700277492e-05,0.17138096204194675,1.0,1.0,1.0,1.0,1.0,0.8297726040194603,0.8297726040194603,1.0,0.0842202509548049,0.0021155550507307905,0.001585848737267189
353,0.0019408558662243832,0.5830020281930322,9.386669909199333e-05,0.3600361866770019,-0.005451882600096931,0.35518734543289265,4.840704655729178e-05,0.7826378826237537,0.00888628723539465,0.014011608146840927,-0.0001473496949603064,0.24450406080785747,-0.00707205092768572,0.33921798316137186,-0.00024311555527557324,0.15414307523080845,-0.0038452655560814644,0.607890842529342,0.0006550571430187583,0.01116305739113643,-0.00421258770941238,0.12742362103229404,0.00022479942362426953,0.00280047935970964,0.009754643921746362,0.06795906613464296,-0.000631665074579549,0.005465151305179081,1.0,1.0,1.0,1.0,0.1541276896152502,1.0,1.0,1.0,1.0,0.13395668869363714,1.0,0.03920671103593496,0.6795906613464296,0.07104696696732805,-0.0003732815191241147,-0.00028683054941317464
354,0.0053535766680069315,0.19323829585302943,-0.0001517387104482474,0.2114773370410853,-0.007048287029692677,0.22680538961276997,0.00024566360220641545,0.1232553913073294,0.008228783473511046,0.027248083920081746,4.894317011075891e-06,0.9700228470940612,-0.0014638440102864182,0.808061538546504,-4.312786486018285e-05,0.7682678465346776,-0.0052179857940160826,0.5759053018196734,0.00012624662388698474,0.6212992668170749,0.0009127600562779166,0.7364144882200656,0.00012284788613856393,0.1884515260535916,-0.0007650022516177691,0.8874406575073585,-0.00030478581660009767,0.06187060556673425,1.0,1.0,1.0,1.0,0.38147317488114446,1.0,1.0,1.0,1.0,1.0,1.0,1.0,1.0,0.8043178723675453,0.0019905467401887516,-1.23847551509602e-05
355,0.0032652000184318335,0.28944090675371525,5.566353841260865e-05,0.4940826995885669,-0.005983679231288098,0.18766870424962023,0.0001587993954887335,0.3373838581384643,0.005175730762642903,0.1516509161915841,0.00019502522355886983,0.04677386254253406,-0.0023015376975916856,0.591305386198309,-0.00016026541323136973,0.30618095531524925,-0.0037149421878655818,0.7064684660888743,0.00011836776884399726,0.7387336512442215,0.0009745507270856478,0.6263040832361075,6.569910803435132e-05,0.4713663502598917,0.002584677282543592,0.6431564204806643,-0.00043328958759578806,0.014786712535854809,1.0,1.0,1.0,1.0,1.0,0.6080602130529428,1.0,1.0,1.0,1.0,1.0,1.0,1.0,0.20701397550196732,0.0009916198816461756,0.00024825753051089194
356,0.004949176845192691,0.14258445884975998,5.362258582764225e-05,0.6146625772469867,0.005745094873027649,0.22965786544418376,3.4142995777380474e-05,0.8028360717860508,0.008694169794425891,0.002535143664302813,8.889738200517231e-05,0.3338844048094164,0.0023960500327192464,0.6139363849520036,-0.00016840514011319752,0.22837616725891396,-0.015354497410652711,0.045649375046513764,0.00011338963788486238,0.6054963712046142,-0.004182950105692324,0.2513662052869824,0.00026832095224038177,0.034163426547278684,-0.0022470455032234248,0.632531732795953,-0.0003899684235479679,0.02700184209478316,1.0,1.0,1.0,1.0,0.03549201130023938,1.0,1.0,1.0,0.5021431255116514,1.0,1.0,0.4099611185673442,1.0,0.35102394723218105,0.002038526874069647,0.0008480793627708441
357,-0.005448288557314209,0.1424121530280301,0.0005174944279828199,0.00016541057032358063,-0.008557038185876968,0.10724414304952481,0.00034953001287301805,0.0488010278864895,0.007674247841468049,0.01914365581984925,8.568716329203218e-06,0.9249113733535089,0.00014288572472284568,0.9751425940884263,-0.00036348717797718,0.027797840689537473,0.011186594335086677,0.18678118875583305,-0.00012229844788451608,0.6384521328401183,-0.005745805278322592,0.027522630251171257,9.620288638981959e-05,0.3055016955868308,0.0007474072634512961,0.8744874777179958,-0.0004860104053818853,0.00011344777607119948,0.9968850711962106,0.002150337414206548,0.8579531443961985,0.43920925097840546,0.22972386983819099,1.0,1.0,0.30274893276288384,1.0,1.0,0.30274893276288384,1.0,1.0,0.0015882688649967926,0.002380427403521847,-0.001065220408026012
358,-0.001970734460525502,0.5959104379410018,0.00042397686491548424,0.0004927119941131068,-0.0071662826573677466,0.12089984084775761,0.0006591378287368236,0.0005347324663685571,0.011949616706035771,5.730151066508345e-05,9.29799214926122e-06,0.8938826156219817,-0.0011854029602410346,0.7787512336240202,-0.00023465425133051675,0.04070715927000103,0.006087098932686527,0.49019042193202966,-0.0005990028317756351,0.024126233357074676,-0.000504244377184352,0.8203758248134246,0.00011323452505208291,0.1823247143754967,-0.007210050663941939,0.3234703941068391,-0.0003719901497049415,0.15670455417488105,1.0,0.006405255923470388,1.0,0.006416789596422685,0.0008022211493111682,1.0,1.0,0.40707159270001025,1.0,0.2653885669278214,1.0,1.0,1.0,1.0,0.001148019585109929,-7.584991239024227e-06
359,-0.0036204921509262918,0.36993101806099016,0.0003836132304996979,0.007383595503999758,-0.01682481455225371,0.0009151893372545324,0.0006815611670693504,0.00030337515856669654,0.005977265538914023,0.05081267565141137,-0.00010152824882511974,0.2899170567879207,-0.0013461416982849673,0.7314716956544707,-0.00020725263144136794,0.08980501499600964,0.02675838018442455,0.00470197805337213,-0.0006065807373186752,0.13701222709386374,-0.0051022732502129615,0.059466537743606086,0.00023884834533090276,0.008298430703289759,-0.005841923555827747,0.21960319253040816,-0.0003886611401540048,0.049736927263590025,0.8784127701216327,0.08121955054399735,0.011897461384308921,0.004247252219933752,0.4476323453723102,0.8784127701216327,0.8784127701216327,0.5388300899760579,0.056423736640465565,0.6850611354693187,0.4476323453723102,0.08298430703289758,0.8784127701216327,0.4476323453723102,0.0011470890609690861,-0.0012919551762563815
360,0.0016668817756868685,0.6867708100615455,8.65998333174056e-05,0.49371475273036847,0.004096437248992378,0.33423783427415943,0.00016443834299431702,0.12405523424158665,0.007330754997553985,0.054410345632104375,1.815751276366096e-05,0.8639485465089536,-0.004664054438821759,0.27432036085057554,-0.00026456403210648897,0.028313492138049134,-0.00929182422544247,0.31233285252119947,0.00043378840784952623,0.16878321869118285,0.0009211777183671875,0.6804641421281152,2.362818315811207e-06,0.9737649391153621,-5.9372665330937405e-05,0.9947465236272651,-0.0004407829240064464,0.115582565710461,1.0,1.0,1.0,1.0,0.7073344932173569,1.0,1.0,0.3963888899326879,1.0,1.0,1.0,1.0,1.0,1.0,0.0019482451668607645,0.00017651528535960923
361,-0.00297968770409414,0.5437065793013864,0.0002353567491016136,0.052755371334312115,-0.009291542193163867,0.21186427677525121,0.0002356713063074461,0.2517196655148275,0.008679629421175922,0.0035206469209637047,2.1358173793017945e-05,0.8369683824695607,0.004426396979939395,0.40073423643183126,-0.0002454585003364796,0.06897371349826319,-0.003735878266428374,0.6992102276199086,-1.38065341336103e-05,0.9601278622991731,0.0032142030979383507,0.3012666628947932,4.717349125053087e-05,0.7308141409086126,-0.00031312186044222656,0.9531520970276554,-0.00028029461574912714,0.1291893894061394,1.0,0.6858198273460575,1.0,1.0,0.04928905689349187,1.0,1.0,0.8276845619791582,1.0,1.0,1.0,1.0,1.0,1.0,0.0009668094008593575,-0.0006957290424136392
362,0.004918465073479654,0.2130829496876454,-4.2578074845269296e-05,0.7133435413293905,-0.0021934667951505247,0.6410507567698849,2.3486786881226802e-05,0.8761386253234583,0.007853798365294486,0.002431118703133247,8.483190757834927e-05,0.33729971865726216,-0.0023064649480565185,0.5699722590721427,-8.199461671125727e-05,0.49589574464822084,-0.0031459788932209974,0.6464373319692334,0.0003410667256217561,0.12598443289979017,0.0017102039273001865,0.5149622493549824,-2.3115663071099246e-05,0.8114971562459288,-0.0068365562525146886,0.23987331729906347,-0.0003016970375217209,0.0773481769254481,1.0,1.0,1.0,1.0,0.03403566184386546,1.0,1.0,1.0,1.0,1.0,1.0,1.0,1.0,1.0,0.002455625248249296,8.020063871331723e-05
363,-0.001266043517631629,0.7780144164470884,6.0659925117242865e-05,0.7525845295912418,0.0025311763894581853,0.6855895033545645,-0.00021231337254423236,0.3963497051541769,0.008776804762707318,0.011880741614069563,-0.00010109464279908057,0.40421351943132267,-0.00042556450400775645,0.9188062633946895,4.5947231970910124e-05,0.6989751032570439,-0.008338259094162408,0.3422609372990406,0.0001600933114604783,0.5832352496449107,-0.006860997091896316,0.0011300180934635906,0.0001537945352637977,0.019117431403263094,0.005582881226398993,0.3674506390888681,-0.00010708695837062697,0.6345501984836137,1.0,1.0,1.0,1.0,0.1544496409829043,1.0,1.0,1.0,1.0,1.0,0.015820253308490267,0.22940917683915713,1.0,1.0,0.002267932003854481,-0.00031495443577546486
364,5.998736205267442e-05,0.9889382252694247,0.00022053599158671706,0.12232641380440532,-0.006555590087082113,0.11767999867855079,0.00016443814779826485,0.42999430675274275,0.0026039236688232916,0.30798770324964575,9.617472698220243e-05,0.2825710349398588,0.0019924287199961626,0.6739111095461041,-0.0002558506649921094,0.05765171957848434,0.00429378419315778,0.65704154303601,-3.181669642854726e-05,0.9275511035793,-0.0017804817029957714,0.5107375010758759,0.000125120287884065,0.22573436755181153,-0.0006140496679505222,0.9386011420165121,-0.00031860176449553817,0.29159795014934653,1.0,1.0,1.0,1.0,1.0,1.0,1.0,0.8071240740987807,1.0,1.0,1.0,1.0,1.0,1.0,-0.0007528730647581766,-0.0017472641906765016
365,-0.004971608068622059,0.1382886975307521,0.00033496072872330666,0.0021104561081030796,-0.007369394604974969,0.06728661365170568,0.0003627743953394631,0.00365016715924184,0.0033849341619874,0.1930196462023539,6.583305363418142e-05,0.5251471950277851,-0.0023007074266341862,0.5765605787260701,-1.768680323600416e-05,0.904229036107565,0.0159975255181656,0.03219140596622552,-0.0006351226470029353,0.0069595129352049145,-0.0031138611356671844,0.23479787433973498,8.114941426489617e-05,0.28788986721455856,-0.0016268883271330094,0.760834348848243,-0.00019190810698534598,0.2585526252034125,1.0,0.029546385513443116,0.6728661365170568,0.04745217307014392,1.0,1.0,1.0,1.0,0.3541054656284808,0.08351415522245897,1.0,1.0,1.0,1.0,0.0004753697071278606,-0.0005373350187821444
366,0.0020978449147469338,0.54936857335713,3.0572494652248915e-05,0.7625922746840443,-0.004721584407082172,0.28522209059951975,9.262355025846101e-05,0.5319177773163366,0.004886490252177382,0.040799560373696586,8.460900926184691e-05,0.3141667824962796,-0.0020229391199833133,0.6332528109257016,-9.087259479909586e-06,0.9348027932321735,0.0005372178528533561,0.9461582663048127,-0.00024657688108994317,0.3658720679242584,0.0008881029416779096,0.692891086199952,0.0002576819005227451,0.004178249104261621,-0.0016651321141430836,0.6972899092630567,-0.00020982273501310395,0.06831941693461759,1.0,1.0,1.0,1.0,0.5303942848580556,1.0,1.0,1.0,1.0,1.0,1.0,0.058495487459662696,1.0,0.8198330032154111,0.0007781726947041612,-0.0006621491566811353
367,0.005888144511208815,0.09400773939692882,0.00013797607611648575,0.24881314701432378,-0.00300683435624054,0.48608879633077895,0.000297055252391306,0.04890569770073543,0.008562405231289528,0.03278375747049268,-2.873622807356392e-05,0.8074732947486483,0.00293205277964481,0.6512323428027132,-0.00041923673527235886,0.006447645667662603,-0.00813358237343186,0.43706357481144664,0.000139843003592134,0.6943877540604408,-0.0014068788729430742,0.5429909862738829,0.00010705305602248891,0.3012386118693172,-0.00483530602463631,0.3340247815239672,-0.0002339544133606975,0.07184688563401094,0.9400773939692881,1.0,1.0,0.5868683724088252,0.42618884711640487,1.0,1.0,0.09026703934727645,1.0,1.0,1.0,1.0,1.0,0.7903157419741204,0.0015116160707625752,0.0003396768862059603
368,0.0035883138047262497,0.3652231219269616,0.00023380489353385194,0.030205913484379253,0.000770785200306957,0.8806555104819874,0.0001487789303090472,0.2706802579631665,0.0022083430286073155,0.640775163354234,0.00024400700251371975,0.08592740139210132,0.0002596074906305209,0.9735180607088316,-0.00018440126506408553,0.4424152578096734,-0.00764150525105505,0.4480037708932798,-7.707315256905467e-05,0.7997737804953347,-0.003721651594673196,0.13161983453682569,9.791938215028533e-05,0.13234850121788833,0.004536106808429683,0.33713228477461343,-0.0004630357392732196,0.003279308935903638,1.0,0.3926768752969303,1.0,1.0,1.0,1.0,1.0,1.0,1.0,1.0,1.0,1.0,1.0,0.04591032510265093,0.00013399784240092255,-0.0006801554708110791
369,-0.0012633304108227602,0.7426344534513433,0.0002956169172677893,0.05415394408879156,-0.0018410287489687989,0.750693271991757,0.0002886889415355358,0.06879587724012794,0.007456581796347195,0.028773553151523266,0.00023051988634626233,0.03604438102840375,-0.009565611128307132,0.23616037530669265,-9.1267442741712e-05,0.7101176096914548,0.004916153188732775,0.6454311700233162,-0.00021123221403742683,0.5843565348761268,0.0018485681732838008,0.39110703218366627,-9.594175471254964e-05,0.27807097103149125,-0.001551332379500477,0.8190815131896301,-0.0004163843690137984,0.06872185584283297,1.0,0.6498473290654987,1.0,0.7559404142711627,0.4028297441213257,0.46857695336924876,1.0,1.0,1.0,1.0,1.0,1.0,1.0,0.7559404142711627,0.0024948514892359067,-0.0003986664780132902
370,0.00971427262551956,0.006675925013372626,-3.262886031387429e-07,0.9979201435571794,-0.0028668823167259275,0.4982081254001235,0.0001353560907463403,0.4338000723485206,0.01444693625869251,1.3953375085291933e-06,0.00020508011333525737,0.06765183300821517,-0.0047119357838927315,0.34377672460535835,-9.310437463205347e-05,0.5516507906780242,-0.007061019773879337,0.2843803185189747,1.013063052964094e-05,0.9742677083484513,-0.00021576663027855037,0.907006997289378,3.076361374702333e-05,0.7163848168840525,-0.009305604691829781,0.12786163660644786,-0.0002878997750250532,0.0893460315430561,0.08678702517384414,1.0,1.0,1.0,1.9534725119408704e-05,0.8118219960985821,1.0,1.0,1.0,1.0,1.0,1.0,1.0,0.9828063469736171,0.0025941238952383377,0.0012088591552317982
371,0.0071063878534682635,0.12377066262799048,3.9779944359449025e-05,0.7883251619050247,0.007206780851490681,0.16255421653724378,6.197898916873032e-05,0.6961924162631522,0.005710777736135736,0.09140595261976117,0.0001337661068920351,0.21245371179059258,-0.009138911204077529,0.10200600999224843,-0.00013329948923007802,0.4429644434228427,-0.0001942049991495262,0.9797036501366149,-0.00023871829575421332,0.4062638535036638,0.0019712191100081677,0.4914633216025208,0.00010646282254597183,0.3431539096340416,-0.012662050301114294,0.10231280310368301,3.0029948194980876e-05,0.9153005684859233,1.0,1.0,1.0,1.0,1.0,1.0,1.0,1.0,1.0,1.0,1.0,1.0,1.0,1.0,0.0006238586753778034,-0.00010994063987993267
372,-0.008313694606838664,0.02810962845699154,0.0004856697420376124,0.00013096931568926267,-0.010339294356004227,0.015078181144406403,0.0003142644838439229,0.029951889568000312,0.006603651731969396,0.03607055867569144,8.238451218142297e-05,0.4461679570382959,0.000156932159096989,0.9773289021406273,-7.131456914764457e-05,0.7029472225800111,0.014897341765917015,0.13707483641659685,-0.00029010747209331106,0.4563806760200694,-0.0020554354797897487,0.5059014400730242,4.469938943833106e-05,0.6508548737737234,-0.0009495006683930598,0.83239715885136,-0.000565596119492866,4.617188588503879e-05,0.3092059130269069,0.0017026011039604147,0.18093817373287685,0.3092059130269069,0.32463502808122296,1.0,1.0,1.0,1.0,1.0,1.0,1.0,1.0,0.0006464064023905431,0.000519281245821953,-0.0022712523911128228
373,0.006504354225692732,0.07290296288428819,-0.00010871586226466129,0.2252584814775802,0.004040350775530505,0.3096426997614393,-0.0001813742610561674,0.18249924212884228,0.00508521991402634,0.18522778552462404,-7.828022436975033e-05,0.47576141382505266,-0.007243676357708772,0.15752150899672712,8.125496589909437e-05,0.5996142099238637,0.006282055245869477,0.43021416526510003,0.0002149771611640292,0.5080796877847535,-0.008263312671437179,0.00019599795334301163,0.0002180192302408826,0.0020225330796158686,-0.006404992486150658,0.22731403434532016,-0.00014588096736803898,0.5256986089942727,0.8748355546114582,1.0,1.0,1.0,1.0,1.0,1.0,1.0,1.0,1.0,0.002743971346802163,0.026292930035006292,1.0,1.0,-0.00012966299337319661,0.0011058790909577437
374,0.0012750396400471723,0.7373170326335596,-2.6332684087818732e-05,0.8523979234676192,-0.003921330102142755,0.5120788587408958,7.310162291459822e-05,0.7568077216748644,0.00372340076133174,0.3563357931874189,1.6011943341895243e-05,0.893241508072734,-0.005988557059575622,0.3742418986001964,-0.00016572466061571219,0.4017835652067122,-0.0004044873846700867,0.9752423263775318,0.0005297340875008148,0.2589584834953187,-0.0010707692657764057,0.6965409769469743,8.520196643441531e-05,0.19323188231222854,0.0063867031069811415,0.2907633921904845,-0.00051199228892947,0.018900052193859724,1.0,1.0,1.0,1.0,1.0,1.0,1.0,1.0,1.0,1.0,1.0,1.0,1.0,0.2646007307140361,-0.00020524331694078644,-0.00010015403839000331
375,0.0022606627195644376,0.5526128908966494,8.604447245386916e-05,0.4377528748979441,-0.0031530959797207675,0.6702444442370259,0.00012785770472563095,0.5125165166705872,0.0035129489786608907,0.26862483151174354,2.3760527099460314e-05,0.8479106200874452,-0.0019574354853154393,0.666910863385173,-0.00011406902763622943,0.47498632994998524,0.002476799783210653,0.8001369664945114,-4.3775199953424986e-05,0.9045670470798156,-0.0009611463074699838,0.7546526453820994,0.0002357202034583405,0.016179211068436103,-0.002178733783259076,0.7289850213255675,-0.0003155386635562957,0.11019584715871565,1.0,1.0,1.0,1.0,1.0,1.0,1.0,1.0,1.0,1.0,1.0,0.22650895495810544,1.0,1.0,-0.0005207871373279496,0.000790318282820076
376,0.0014695837132651362,0.7244585142562676,7.033353330247487e-05,0.5825615882392494,-0.0025958804341893998,0.6494867360921777,0.0001276070280669005,0.448509062650559,0.007490152042595969,0.008963324441957254,0.00015735394506679104,0.07578861406946294,-0.003642689192380363,0.3738786046474937,-4.818133366733924e-05,0.7548764029328439,0.011564702123102023,0.18717078312009183,-0.0005021171638648025,0.030292219494200242,-0.003454354302693045,0.13376211738224628,0.00021115019974644555,0.009797101918146435,-0.010831515852278966,0.004760517490620338,-1.6146090326502653e-05,0.8991785626705282,1.0,1.0,1.0,1.0,0.1165232177454443,0.7578861406946293,1.0,1.0,1.0,0.33321441443620264,1.0,0.11756522301775721,0.06664724486868473,1.0,0.0012868089031514186,0.0007878133795156379
377,0.0020348944203976405,0.5514207303223746,4.34367800208061e-06,0.9717109930857416,-0.002125250658317232,0.6818408141885217,0.0001256770138510469,0.4312256648506324,0.003972973680529796,0.2864338245145581,0.00022276878848076544,0.05399963868993891,-0.002409840754421749,0.5540614257112465,-0.00046742788447812276,4.429919379011962e-06,0.00421667604509177,0.6464120258037777,0.00017516733681826406,0.5844359385286917,-0.0015219093612214901,0.5504164609894979,-3.410006841707122e-06,0.972122897699795,-0.004167544640622618,0.5222383449352659,-5.711886916284574e-05,0.7871613109515698,1.0,1.0,1.0,1.0,1.0,0.7019953029692058,1.0,6.201887130616746e-05,1.0,1.0,1.0,1.0,1.0,1.0,-0.0005645901276875421,-7.488584914685785e-05
378,0.006959366249113353,0.02867524853069459,-2.4791469960087492e-05,0.8439054483610205,-0.009733032466402017,0.09087297958534091,0.00026693123358439,0.08024483451560165,0.006290486274747045,0.07373069400237771,0.00016803579476618738,0.24783262286135188,-0.0025156051706219018,0.6898077499996842,4.797022322128889e-05,0.7589376203143113,0.015757014769772922,0.09848256260311651,-0.0007612337410910436,0.006023694805199079,-0.00389626187146529,0.06511032260785887,2.451302074220212e-05,0.6480426016284808,-0.012861970061749304,0.004215605152912511,0.00027857501823235284,0.12651603024141383,0.3441029823683351,1.0,0.7373069400237771,0.7373069400237771,0.7373069400237771,1.0,1.0,1.0,0.7373069400237771,0.07830803246758802,0.7162135486864476,1.0,0.05901847214077515,0.759096181448483,0.0009974985186865138,0.00027116846109906135
379,0.006663980922031736,0.05896633696904163,0.00012628898529756859,0.2671018433036295,0.005967681200645551,0.11467211055786049,-1.3976545825790786e-05,0.9180515678363199,0.004886342747290704,0.078115118937543,-3.0140864536725286e-05,0.7834101441063186,-0.005112607933883574,0.23976585013227303,-4.5035828387472365e-06,0.9772736973766178,-0.0052249085774924665,0.4698933325505651,-0.0002844291147450035,0.4098785059370532,-0.0009192476956643163,0.7081021381046012,0.00017624312560801742,0.06080036638866732,-0.00626123870014877,0.20352809196687383,3.051797092990534e-05,0.8533655488750737,0.8255287175665829,1.0,1.0,1.0,0.937381427250516,1.0,1.0,1.0,1.0,1.0,1.0,0.8255287175665829,1.0,1.0,0.0005199151554557625,0.0005791546509806438
380,-0.0015546790778261416,0.6495542099333318,6.341682554096727e-05,0.6292177203997502,0.0004561222448129807,0.9294648824561982,-0.00010590235595033953,0.5332128315132374,0.005209597802462138,0.037284356510768626,-5.776708336481848e-05,0.5015973023894068,0.00011660342985419467,0.9841445438049993,1.4566394540014729e-05,0.9572112723712842,-0.0026535778130364414,0.6972433887069922,0.00027344623735717265,0.2032787738807571,-0.0040635121905919815,0.04843556940268442,0.00013139279821730853,0.10639900951485087,0.002489445925135511,0.6521847451359879,-0.00031915274488793026,0.06885589524885899,1.0,1.0,1.0,1.0,0.5219809911507608,1.0,1.0,1.0,1.0,1.0,0.6296624022348974,1.0,1.0,0.8262707429863079,0.0021679774115295628,0.0007720448160807513
381,0.0005582520327335543,0.9117046361712268,9.610144460638562e-05,0.5424402011898279,-0.008827231969423926,0.14665595124986372,0.00026419787281946637,0.22796645657029824,0.0032006138680014634,0.3045454006344219,-0.00017793610489872446,0.0728306223032389,-0.0070741709601462996,0.0895520082889344,0.00014105439414745528,0.18388445745549675,0.01640394676126407,0.17841669652424752,-0.00015997933445263657,0.6579071133144982,-0.0045573649258839714,0.032418258736483255,7.548935123344234e-05,0.43268062864679324,0.00029595530073153823,0.9442525704975271,-0.0002389276958070637,0.10025988016387413,1.0,1.0,1.0,1.0,1.0,0.9467980899421058,1.0,1.0,1.0,1.0,0.4538556223107656,1.0,1.0,1.0,9.856550332196655e-06,-0.0008756292736437547
382,0.00594354432099007,0.0661905382029328,3.2087805493927844e-05,0.8040690836264319,-0.0005556760709217811,0.9091609220267792,0.0002833310672553277,0.1284476747921766,0.004101032643751398,0.1718913868226314,1.5321218601063776e-05,0.8704502111544135,-0.014046811244462557,0.012042087612158678,-2.9273320341034744e-05,0.8805224396246829,-0.010345800444703469,0.28271152570554525,1.1735830100212486e-05,0.9762508180845964,0.0010433477161281566,0.6171396005003636,-9.221113947916551e-05,0.21547464323386778,0.01386036425410305,0.022891727573865893,-0.00022099141465003048,0.3583858292089619,0.7942864584351936,1.0,1.0,1.0,1.0,1.0,0.1685892265702215,1.0,1.0,1.0,1.0,1.0,0.2975924584602566,1.0,0.0008015244438632314,-0.0005965151144790781
383,0.007921916096750694,0.02527022921957065,-5.478976318554687e-06,0.9670308815800813,0.006673258491870694,0.28073709473532193,-0.00023793991065399072,0.20011876630832381,0.011467990890454659,0.0026773441668655057,-0.00021200735973471639,0.08058127262528678,-0.005503224110281904,0.18842680379086685,0.00013514356444193165,0.4137903133568146,-0.013662673343382163,0.07884977313800513,0.0005274896141985877,0.0707635871806082,0.0005967975390490552,0.8542787134223226,2.4521409658035143e-05,0.8225006782982558,-0.007494066753204601,0.16058974619439526,-0.00023172828834811432,0.17481192372824494,0.32851297985441846,1.0,1.0,1.0,0.03748281833611708,0.8673475045180564,1.0,1.0,0.8673475045180564,0.8491630461672983,1.0,1.0,1.0,1.0,0.0017767256309932065,0.0021520012511197797
384,0.009122393969529225,0.017389463566162198,0.00021177983634251973,0.0786178095742424,0.006281440850323003,0.24058788573131396,6.0464199046804276e-05,0.7412936681217959,0.0048632270695382835,0.18815994484677856,0.00010968871299028134,0.3255160921723853,-0.006297570221612167,0.17579389465460526,-0.0003924772729589062,0.027194332705317688,-0.003977052378409344,0.5770387051291299,0.00021510112134472665,0.40268058639275595,-0.0027610530005209217,0.2498609442443367,0.00025852270850147235,0.0017091207177177517,-0.00723138832212923,0.20488622232555997,-0.00046307922424228585,0.046759504378082996,0.22606302636010858,0.786178095742424,1.0,1.0,1.0,1.0,1.0,0.3263319924638123,1.0,1.0,1.0,0.023927690048048525,1.0,0.5143545481589129,0.0007391018918743398,0.0018982721909922547
385,0.0031467422214856225,0.41001333533827167,0.00027856626287418905,0.03141279800953733,-0.005395627870725839,0.43383837478964815,0.0005685046147574814,0.004285622121877233,0.004856311875707941,0.10882739033357122,0.00010850278716627506,0.1995851415676807,-0.008117441925273798,0.07384627787454293,3.627794312764271e-05,0.8061236502285638,0.013708179816530225,0.13766893397091248,-0.0009606962511189322,0.0007668545474318944,-0.004772563133221375,0.05577293273539483,0.00021624463922727364,0.007042604848264394,-0.0034256005905565984,0.5021217374210671,-0.0002473999577871403,0.14063689877116187,1.0,0.34554077810491063,1.0,0.055713087584404034,0.8706191226685698,0.9979257078384035,0.6646165008708863,1.0,0.9636825377963874,0.010735963664046522,0.5577293273539483,0.08451125817917272,1.0,0.9636825377963874,0.00113441420747145,-6.408124059605096e-05
386,0.006130482130828051,0.27206868094914494,0.000143015121249589,0.37856862974980854,-0.0005869367191230388,0.9251469150951345,0.00028037488475783694,0.18045968048775118,0.0078167012956908,0.0007832437665925716,-0.00012083502274689942,0.1861437651947887,-0.005809732441108003,0.2920919994581227,-0.00019217362418748503,0.30354323475908906,0.01343618790582537,0.218878380711087,-0.00022737538720089216,0.4631152946619058,-0.001878382094786603,0.507612033877546,3.0170521524350473e-05,0.7262128465842095,-0.01910832011373015,0.00036500820554927194,8.682356095605021e-05,0.5444845337379605,1.0,1.0,1.0,1.0,0.01018216896570343,1.0,1.0,1.0,1.0,1.0,1.0,1.0,0.005110114877689807,1.0,0.0007009220154421314,0.0013148025647272898
387,-0.0008609336867779741,0.7889415006289094,0.0002749745222084903,0.00649839237932149,-0.007396756413895719,0.10324639557083992,0.0005173419997591095,0.0017872166196400369,0.005388973876025535,0.07405177055746211,8.257740586694828e-05,0.4454286985680883,0.004112423630640632,0.32870425667422964,-6.35170048139596e-05,0.6243120936716644,-0.005393661213263464,0.45249902848875545,-0.0005701920620064001,0.014189593120101682,-0.0015313214192168017,0.5245769350613096,0.00013805193109300105,0.19300173511474616,0.005681275014844786,0.19506841241726314,-0.0003792367631236226,0.007787100007171805,1.0,0.08447910093117937,0.9292175601375593,0.025021032674960517,0.740517705574621,1.0,1.0,1.0,1.0,0.1560855243211185,1.0,1.0,1.0,0.09344520008606166,-0.00017006015465707532,-0.0003141142062154268
388,0.003643210572027877,0.2850127842543655,0.0002095406085392566,0.2631559531021592,-0.004017623456586574,0.5689014551637187,0.0002984530469145956,0.16873951187153535,0.009018104824875228,0.01752519377634416,1.5233136961877296e-05,0.8885878307327878,0.0019370951464697415,0.7025741628055041,-0.00035540848838149647,0.046223997365986876,-0.0032344371414024034,0.7932072425234402,0.0001230006636293715,0.7370104979754665,-0.004405782073966873,0.16135293315933819,6.555718709263485e-05,0.5615163502786816,-0.002940567985348652,0.6199445679006894,-0.000356376183480246,0.11819476026253067,1.0,1.0,1.0,1.0,0.24535271286881824,1.0,1.0,0.6009119657578293,1.0,1.0,1.0,1.0,1.0,1.0,0.0009502909055449982,0.00038900660241467073
389,-0.002421021755092101,0.44337476701268796,0.00018088734972453152,0.05791571505384185,-0.017478383814489875,0.00088850511948895,0.0003985226749813673,0.014560993531664726,0.0014580640326323812,0.7331938970984682,6.070069349392804e-05,0.6353509095631288,0.007252766386804863,0.25658892068687567,-0.0003208935461984653,0.05310482323710455,0.015684485664811912,0.058454797098516115,-0.00034169206368997907,0.19553891106828747,-0.007048489122383622,0.00600172112637872,0.0003124827828532017,1.2030182184103728e-06,0.0025525786208196025,0.4702732315362973,-0.0002900078558640597,0.06323466905546885,1.0,0.5310482323710455,0.01155056655335635,0.160170928848312,1.0,1.0,1.0,0.5310482323710455,0.5310482323710455,1.0,0.07202065351654463,1.684225505774522e-05,1.0,0.5310482323710455,8.733072046189344e-05,8.954071339498579e-05
390,-0.00030460331227336935,0.940371737595,0.00011726896477553574,0.2888457598270022,-0.0054517915270052356,0.3795614899398506,5.262728625011415e-05,0.7752913567481288,0.0020176732574454944,0.6007497909371333,0.00018715351945104345,0.22216280495784757,-0.004298893611782965,0.42941787864784486,-0.0002977484314530727,0.13225095001615386,0.012823538311933185,0.1398912614123179,-0.0001647746981947716,0.5528948352522058,0.0010834867153365828,0.7005627560517078,6.393903646949885e-05,0.5675389997164251,-0.005869408368618478,0.2741251185797733,4.153423858711165e-05,0.7883978155782967,1.0,1.0,1.0,1.0,1.0,1.0,1.0,1.0,1.0,1.0,1.0,1.0,1.0,1.0,-0.0005753425023842692,-0.0007979577565048985
391,0.0018153026064224097,0.6176514794848897,6.827409586152835e-05,0.42774570189088257,-0.00862593101188423,0.07072643501714383,0.0003027268236177726,0.0222078758390702,0.006715272720971011,0.07062897356615741,8.289201421925269e-05,0.4933660641571165,-0.0013608143414624194,0.7231676390130524,-3.0317877835173368e-05,0.789244224922441,0.002054221560312134,0.822707056062776,-0.00022501023262340103,0.4825550569966953,-0.0034945522297993286,0.07505158102337428,0.0001259398899768474,0.047905135352382944,0.0028965000676647147,0.5223322592481661,-0.00032450468599096535,0.04602035321992946,1.0,1.0,0.7769187092277315,0.31091026174698283,0.7769187092277315,1.0,1.0,1.0,1.0,1.0,0.7769187092277315,0.598264591859083,1.0,0.598264591859083,0.0006939900219921549,3.8012595977205233e-06
392,0.008716717629380099,0.014432439194572436,6.363627143434508e-05,0.5560933083243634,-6.898258845799351e-05,0.9892005355999938,0.00013971624263768736,0.4248799225161708,0.011851271251430366,0.0034201928869992564,-0.00014804421098187925,0.32068512452831244,-0.002578000505448467,0.6139680161301956,8.365239216001433e-05,0.6211968860728159,-0.01231349745498981,0.09070590487626659,0.00020054249310497025,0.3946701289736726,0.00073431566862954,0.8067329052064452,-1.3340062448294494e-05,0.8879572088259098,-0.006341824174982543,0.3568287749463237,-0.00032616307493774094,0.09161996910863794,0.18762170952944168,1.0,1.0,1.0,0.04788270041798959,1.0,1.0,1.0,1.0,1.0,1.0,1.0,1.0,1.0,0.0030330933143573463,0.0008331373172704263
393,-0.0017800309473163633,0.6678382807968697,0.00029851086284413776,0.01793628416316708,-0.010128207841783898,0.14521939503120762,0.0003203700839399504,0.10666601783972744,0.00578710474431533,0.05055170762157688,0.00014862848874412358,0.06610784378064233,-0.00287441772984111,0.4801343658957027,-0.00020081920429407203,0.10274087299107347,0.013927109508482312,0.2122995914596869,-0.00044780472237798224,0.18019791769209426,-0.0058428815638692675,0.018743373559695575,0.0002344484483922036,0.00024125284301418113,0.0009113239970590667,0.7963014362878907,-0.00035333396761352777,0.0025692997228261966,1.0,0.21523540995800497,0.8713163701872457,0.8219269839285878,0.5055170762157688,0.594970594025781,1.0,0.8219269839285878,0.9009895884604713,0.9009895884604713,0.21523540995800497,0.0033775398021985356,1.0,0.033400896396740556,0.0007691522995202541,-0.0010434049240211371
394,0.002190702585946624,0.6534070026318848,0.000265135810383794,0.06277138305657312,-0.010320543593248535,0.051658369315745585,0.0003744922584891481,0.006063034411191305,0.008257525635471491,0.01580088722638275,5.0632059741600466e-05,0.6373778623536774,-0.006489941464892762,0.15207528368886256,8.000085549540807e-05,0.5146397228879174,0.01650345785651644,0.1378401581486428,-0.0010074049519131693,0.009703337091589166,0.00022868798288434036,0.9345428083654157,0.00016866509631687906,0.16297807538336828,-0.01036988705792606,0.04211248575912527,6.847879913863456e-05,0.7485043497947261,1.0,0.5649424475091581,0.5165836931574559,0.08488248175667827,0.189610646716593,1.0,1.0,1.0,1.0,0.12614338219065915,1.0,1.0,0.4632373433503779,1.0,0.0010636181157543325,-0.00047714154465398835
395,-0.0032506524926640334,0.34218933772586013,0.0003739765644160934,0.0007824695971377122,-0.0009374653984171136,0.8794354909618681,0.00048126566670617105,0.0020194260650161213,0.004429265273679819,0.12601061573080152,0.0002993663063112033,0.006309734602403178,-0.0010899321745236792,0.8544757951427709,-6.893510435162608e-05,0.7042050943189175,0.0038354214689506356,0.5803260342572092,-0.001060751508815251,0.0033552324854326937,-0.0038996999690009285,0.2182739928269809,9.145719502405167e-05,0.42417611031976177,0.0009130628413859662,0.8625311649191857,-0.00011637910432735777,0.3964318547084107,1.0,0.010954574359927971,1.0,0.02625253884520958,1.0,0.06940708062643496,1.0,1.0,1.0,0.040262789825192324,1.0,1.0,1.0,1.0,0.0006035265638616204,0.0004560332400292248
396,0.006678044800864745,0.09889791920401654,-3.2310247846102633e-06,0.9781825898712425,-0.0027876110381145425,0.531795691010551,0.0002857526928251209,0.06086456473476452,0.0052600111380082535,0.04739693516878175,4.135141413130067e-06,0.9673829366179603,-0.005393743390381791,0.19799153228736677,-0.00010733442412591553,0.427151464923359,0.0028849703720067923,0.7018795034567594,-0.00030283538763211195,0.2968428135983161,-0.006763245044315458,0.0005985486299363619,0.00025903520952145885,2.3300630463108698e-05,0.0001215722025949353,0.984252883376684,-0.00013552213827687677,0.43696830484289806,0.9889791920401654,1.0,1.0,0.6695102120824098,0.568763222025381,1.0,1.0,1.0,1.0,1.0,0.007781132189172705,0.0003262088264835218,1.0,1.0,0.00115551388334864,-0.00015061730557019165
397,0.008110476976119779,0.021749147296516495,8.057000927240875e-05,0.47611043199244585,0.00197291930562223,0.7764874325864329,0.0004687529253207792,0.038130956269121455,0.01141700007076222,0.0006596755162750389,8.771997875427281e-05,0.3753907251250417,-0.00616484103914816,0.23829111282047388,-7.54024490802391e-05,0.691633154202024,-0.015611685492396398,0.11582084681309536,9.666608806650092e-05,0.7367896570654408,0.0051476785272346155,0.02461774685531333,-0.00013192975948940271,0.0730174620210319,-0.004871548131550093,0.3547757917868739,-0.0005263767922265062,0.00044381260450761527,0.2609897675581979,1.0,1.0,0.3813095626912145,0.008575781711575504,1.0,1.0,1.0,0.9265667745047629,1.0,0.27079521540844664,0.6571571581892871,1.0,0.0062133764631066134,0.0012195780550666193,0.0023743302706842194
398,0.005457965405008971,0.14328774413746012,1.3319407603135276e-05,0.9209405006988217,0.004069569691421432,0.3229920314182303,8.193064417052714e-05,0.5681283645730679,0.0062154963637717645,0.058892001143725156,3.29883204752955e-05,0.8153003016750604,-0.0011730732489162105,0.811917378823908,3.920796603509304e-05,0.8169630651002674,-0.008339866393277023,0.4214857406610526,7.810818793785379e-05,0.8321286779329116,0.0017132453888224497,0.46354670027823364,-5.890905635252291e-05,0.2771765276641466,-0.007943336683884793,0.3727948351652629,-0.00018664543839940297,0.5358822616311305,1.0,1.0,1.0,1.0,0.8244880160121522,1.0,1.0,1.0,1.0,1.0,1.0,1.0,1.0,1.0,0.0011703829056931101,0.0010035817228432457
399,0.002935586508908696,0.5798144143092638,6.160703315234682e-05,0.7104974064430274,-0.000555450997953775,0.9327015942958923,0.00031342866810908773,0.08618974072987254,0.002543809127915036,0.43001011351586904,5.6719839606912715e-06,0.960959804625232,-3.1434465831973673e-05,0.9956419592876153,-0.0002987975163095062,0.0803912392808424,-0.003543941452948619,0.6838992424903296,0.0001517671147729309,0.570183583209416,0.000895593187542079,0.7455661574178809,1.2147703709845987e-05,0.9004371267895862,-0.002244161836701627,0.6582328157304165,-0.0002458249446603595,0.20801832291602196,1.0,1.0,1.0,1.0,1.0,1.0,1.0,1.0,1.0,1.0,1.0,1.0,1.0,1.0,0.0019200285205215402,0.001026068221815917
400,-0.0003242077749362017,0.906982511683301,0.00023364847039474994,0.04183630743387004,0.0023392914844958946,0.6876392542353588,0.00014892137552801693,0.5081895409451318,0.009669981180202097,0.0013477732978455805,-5.6101318265406776e-05,0.47927721244710075,0.0031209330839679786,0.5508686332699559,-1.5904306841944442e-06,0.9886200027208291,0.0019902650424891703,0.8469335662838172,-0.0005196426735116609,0.21778981048070245,0.0008247541386513083,0.734818236833083,5.704487994941666e-05,0.5037996210698641,-0.017621017425931945,6.71482783342183e-05,0.00013771973423546216,0.34913730772497564,1.0,0.5020356892064405,1.0,1.0,0.017521052871992546,1.0,1.0,1.0,1.0,1.0,1.0,1.0,0.0009400758966790563,1.0,0.0022579408499436276,1.1601754243796466e-05
401,-0.0009788831590443272,0.8501213767130099,0.00040621107716383453,0.004768666810836448,-0.006474911189252054,0.16375810739800134,0.000310364187761746,0.09656705929189431,0.0045204491705207826,0.06935379680509139,0.00011748251441934074,0.16827216103959386,-0.0020846280060391018,0.5674650434630844,8.192564594955052e-05,0.43898406702974835,0.01410104586228876,0.13059400914582978,-0.0007231720424319608,0.010198677025689877,-0.0005575423008938786,0.789573082778233,8.796360836290779e-05,0.1468078847403843,-0.00852553272021301,0.10205910332011524,-0.00028077494506938675,0.06995856120937004,1.0,0.06676133535171028,1.0,0.9656705929189431,0.8322455616610966,1.0,1.0,1.0,1.0,0.1325828013339684,1.0,1.0,0.9656705929189431,0.8322455616610966,-0.0011465945274713946,8.595696771984165e-05
402,-0.0007717039914177208,0.808420678518554,0.0002846715551318007,0.005857504676794135,-0.00446096388941116,0.48428545874400253,0.0002057762326947553,0.3189595845753004,0.001552562179517694,0.7375416710717806,0.0002728836256301239,0.10932339491952216,-0.006673338733577832,0.09828702473975393,8.318120299454362e-05,0.5409241114185139,0.004791350443059699,0.6585550254358348,-0.00026318869605133314,0.4358302577183103,-0.001391328203744751,0.588164067583529,-0.00014845931248606066,0.12418767526971626,0.006953421741869362,0.3310130029102004,-0.0004348645648865335,0.030609090869616506,1.0,0.08200506547511789,1.0,1.0,1.0,1.0,1.0,1.0,1.0,1.0,1.0,1.0,1.0,0.39791818130501455,0.0002738004167412076,-0.0012549939148333905
403,0.005487351689961923,0.24228814697874324,-0.0001333603705934824,0.3183604113603301,-0.010137229699603132,0.05233800869944185,8.98640041991436e-05,0.6653984400205453,0.0019423384082966622,0.6775024503558258,0.0001329596794168131,0.3729904793672273,-0.003206820299420543,0.48470518790918227,-0.00014813540287015673,0.2203981864176402,0.00666967212989109,0.5294403943361388,0.0004545514955887737,0.28170842684610775,-0.0009373677924076232,0.7011994842873932,-1.629431021172249e-05,0.8462966077938857,0.00018205360114257284,0.9783873919393417,-0.0003795850191467261,0.08443222942266747,1.0,1.0,0.7327321217921859,1.0,1.0,1.0,1.0,1.0,1.0,1.0,1.0,1.0,1.0,1.0,-0.0011031374174504025,-0.0010584360044107754
404,-0.003996412844548306,0.28676656117481913,0.0003995207584212326,0.00010414635924455555,0.0029986265158373614,0.4607531914837901,0.00011286680188378423,0.4227541585563722,0.003414045239032954,0.2798024557308202,0.00011387345370480507,0.25663027947418693,-0.0005159030021413041,0.9364894786325972,-0.00041043433924998584,0.014477416319890201,-0.0011724047455328487,0.9099445246308742,4.864511762536057e-05,0.871432893968773,-0.0014314177411203141,0.5946228989863873,-2.4454707404484078e-05,0.7101565589163699,0.0007034655944558617,0.9055134988607387,-0.0002400171095930431,0.14050435886691456,1.0,0.0014580490294237775,1.0,1.0,1.0,1.0,1.0,0.18820641215857262,1.0,1.0,1.0,1.0,1.0,1.0,0.0004542543499130884,-0.001388544095592738
405,0.005862669323464763,0.34082476737359846,0.00020980654958349025,0.2710535318983469,0.00290848258672327,0.6128842972860045,9.469584331382634e-05,0.604588811806248,0.004333041204210228,0.23512403482891997,0.00018158836350804265,0.09494113667519379,0.004533309439238743,0.25517281399624314,-0.00019068563128821596,0.038474519396599655,-0.009706822740032229,0.27131944212889625,0.00015222637527961849,0.48035402589178,-0.0038239818780326355,0.10664769066323405,0.00010079527167395751,0.12416514709796386,-0.00410669784989388,0.5523360064269496,-0.0005484267882096714,0.020316678531222612,1.0,1.0,1.0,1.0,1.0,1.0,1.0,0.5001687521557955,1.0,1.0,1.0,1.0,1.0,0.2844334994371166,0.00023278888475288486,-0.00019925281496634058
406,-0.0032658601663779416,0.3042958295635796,0.00027353632274169037,0.04412392279263307,-0.007698334592192679,0.2489402056050386,0.0005227178954156577,0.01570402704534273,0.00525281294230198,0.0922666074745705,8.039701660001562e-05,0.42153148603746915,-0.0021014886550575003,0.6620048797559313,-0.000297161870325894,0.036282444045314347,0.013008530583229896,0.2178078264181349,-0.00046791099557264075,0.1849678812439527,-0.0016199110434833735,0.5370965674688339,0.00021456270046998514,0.02941190955142096,-0.0035757477304195627,0.46305953205438444,-0.0003261410301776937,0.04522929913679055,1.0,0.4853631507189638,1.0,0.2198563786347982,0.8303994672711345,1.0,1.0,0.43538932854377216,1.0,1.0,1.0,0.3823548241684725,1.0,0.4853631507189638,-0.00015500898584604457,0.00024147042429428173
407,0.0045069451878222535,0.2103951079485169,-6.927677742705263e-05,0.4585097322206073,-0.009501456937136922,0.09136797248735976,0.0002874497798214855,0.09081108474744774,0.004378122071966493,0.1308742551950872,0.00018059267540264192,0.04363441768665712,0.0011323287652975304,0.814644887104719,-5.216557174520985e-05,0.65593692294928,0.012773478439713375,0.15216968911001216,-0.0004069824146146867,0.0733315030513922,-0.002738547988026468,0.25573958868747837,0.0001866282299901419,0.021155173775861263,-0.010550871031908946,0.18261634947522987,-0.00012624598975306714,0.616257174647771,1.0,1.0,0.9989219322219252,0.9989219322219252,1.0,0.5672474299265425,1.0,1.0,1.0,0.8799780366167065,1.0,0.2961724328620577,1.0,1.0,0.00030735120320874674,-0.0011661128988108545
408,0.0015309305831695365,0.6576401095276623,0.0001794784363013952,0.08743489056517777,-0.0032622430532585752,0.5601611739744163,0.00014852062072081337,0.347215913033194,0.0064464783595926155,0.044799979073987826,4.606264040888331e-06,0.9655111035024296,0.005046969544409468,0.3302442166893341,-9.985227978722711e-05,0.5333596467432131,0.0011427829055751819,0.9009199633321295,-0.0001073787747121443,0.7236647940527849,-0.003168210573301146,0.294139183400563,0.0001344321733370715,0.11915857424127485,-0.007736706483099832,0.1081473425201685,-0.00025980645971953594,0.30717319598963133,1.0,1.0,1.0,1.0,0.6271997070358296,1.0,1.0,1.0,1.0,1.0,1.0,1.0,1.0,1.0,0.0016252109881675202,-0.0006433774612435994
409,0.0039456598459687645,0.273393060054533,0.00015326875867162959,0.13139803220247806,-0.002969168361094971,0.5289635434216136,0.0001018936502824739,0.5267438984015902,0.0012902335299971733,0.6057524622859403,0.0001391995217125791,0.06280999724552563,-0.00422607961917629,0.44979239981566066,9.542982014604454e-05,0.47847093685829867,0.009032807069703755,0.2030446251053487,-0.000563387683553457,0.006868352674313228,-0.002894946102429863,0.3297405425981367,0.0002734216676825134,0.003519666916031236,-0.004178506209148742,0.4477751291771942,-0.00019982569017271332,0.25797935535651173,1.0,1.0,1.0,1.0,1.0,0.7537199669463076,1.0,1.0,1.0,0.08928858476607196,1.0,0.049275336824437306,1.0,1.0,0.0016903655727928185,0.0002747586367162184
410,0.0026458239239333004,0.4661596035845833,-4.882000003713004e-05,0.6134532478908459,-0.005538801282116329,0.27804040286071685,4.6157666280224e-05,0.7629958213892634,0.00846655750061737,0.009876048717859305,2.0233643222801876e-05,0.8190304881657875,-0.009248271319956241,0.057332717119905036,-0.00021305765619772078,0.137273756926773,-0.003283277327302653,0.7476385345917343,0.00030538575667433157,0.27945456141720415,0.0010245066093048354,0.7464292828923749,0.00011780075781704698,0.232332450823314,0.0059334626945340115,0.3444290098032975,-0.00022770014328004072,0.32464850911340326,1.0,1.0,1.0,1.0,0.13826468205003029,1.0,0.7453253225587655,1.0,1.0,1.0,1.0,1.0,1.0,1.0,2.397257726932558e-05,0.0002891194450163509
411,0.0015307840910151799,0.6721082860284373,0.00012505951873682824,0.3377500291170128,0.007558127948365604,0.17273056576202073,-0.00030414643978827853,0.1819592302918115,0.007785653891905509,0.008973792388017281,-0.00014100243239045554,0.1861741944719819,0.006566573424716846,0.2570926103639719,-0.0003695781294903243,0.02573044869191894,-0.01708535532582408,0.06361447435406566,0.0006534003884071023,0.08107672965444508,-0.001679016807689451,0.5447366168231141,7.815874031961872e-05,0.3619124050826018,-0.004676769156353742,0.3393534846955809,-4.18915664566411e-05,0.6943886534287301,1.0,1.0,1.0,1.0,0.12563309343224194,1.0,1.0,0.3344958329949462,0.7633736922487879,0.8918440261988959,1.0,1.0,1.0,1.0,0.000985079710304483,0.0008326838637442428
412,0.006102570370120211,0.12594685930154798,-0.00016079645763636345,0.0905288417994002,0.0051451575168537265,0.302762824641841,-0.0002241650203211745,0.16504711560148566,0.008167051639165071,0.05999831039394491,2.444131843192167e-05,0.8548537960606906,-0.0055263635943282735,0.3231093173070879,4.319693574739622e-05,0.83545001991636,-0.007322955055732118,0.6126356301353002,0.0006537556621750622,0.06609259353877991,-0.0006460451912843092,0.7514302381028112,-5.7857232469359455e-05,0.3078660809550854,-0.0059194162225451145,0.33656966663667,-0.00027857517407949077,0.1769389372567417,1.0,1.0,1.0,1.0,0.8399763455152287,1.0,1.0,1.0,1.0,0.8592037160041389,1.0,1.0,1.0,1.0,0.0018816344772175828,0.00017177736705901252
413,-0.003302078766210491,0.4190590596050279,0.00024770780137338844,0.05708953345529004,-0.006084276937980302,0.2784156399821289,0.00012283460122356388,0.5851955895266928,0.012116625569383732,0.003019505831329438,-3.145197494914902e-05,0.8254810443890844,-0.006369658602542867,0.1606996661272514,-0.00010118154630297155,0.4812410999766624,0.0018976121628043337,0.847099429336568,-0.0003357566735848688,0.28266320720861315,0.0032848720561293246,0.35556174785625116,0.00013896795193791943,0.21026073756160235,-0.0015430967908436361,0.7451211310488302,-4.112009910320228e-05,0.8021240228004072,1.0,0.7421639349187705,1.0,1.0,0.04227308163861213,1.0,1.0,1.0,1.0,1.0,1.0,1.0,1.0,1.0,0.0012777527240035572,0.0007398264401684474
414,0.0002764186964416891,0.940099754110278,1.4699123539874464e-05,0.9120152931792735,-0.00891089180054887,0.058660153726643544,-0.00018940928467041574,0.25036459344934847,0.002435876819093945,0.4599203040984483,-0.00016890261761341556,0.07749021870610222,-0.0008394339432166157,0.8963206447194013,0.0003005111581896778,0.09292407398029146,0.009929154532069131,0.2870728092281928,0.00030914108136980345,0.3019944535377248,-0.00015277368914437317,0.9485586472252181,3.816235789295438e-05,0.6673221392685036,-0.0027383517846665375,0.6176683999299049,-0.0003042017467061921,0.09017561278015127,1.0,1.0,0.8212421521730096,1.0,1.0,1.0,1.0,1.0,1.0,1.0,1.0,1.0,1.0,1.0,-0.0016771163816140333,-0.0010650206020160155
415,0.004841818796665292,0.08972334108236313,-4.4387604207351395e-05,0.6686445483780132,0.004909503877907359,0.3567419682590156,-0.00013994785803676351,0.3687519922285897,0.0080652671324279,0.02661587615424497,0.00010556449094114159,0.4323788588455799,-0.007961177896660192,0.13558858964792628,0.00013323582232874326,0.39372650385627317,-0.0040585074625263855,0.6432179982339064,-0.00015530701459290402,0.5309152353870059,-0.0014581968266057818,0.5344171601834327,4.012615558275706e-05,0.7142592018255629,-0.004338707659369391,0.3675595570752904,6.07160723909563e-05,0.7059704109416169,1.0,1.0,1.0,1.0,0.3726222661594296,1.0,1.0,1.0,1.0,1.0,1.0,1.0,1.0,1.0,0.0014508430158150381,0.0005635967676805026
416,-0.007292085658101691,0.04318787402605666,5.8001954789964637e-05,0.5908362985835077,-0.017965302379165465,0.00015999417521504386,0.0004642001662443438,0.002416092287375784,0.006819731635817405,0.014435879329382038,-0.0001463756217222648,0.13731311840562005,0.00443178443246044,0.23924256236879693,5.2172638626802815e-05,0.694206681916234,0.009225988715879105,0.3575400123503588,-0.0002497847682505311,0.5006954943709511,1.71259100907004e-05,0.9940943243754179,5.9072601813889365e-05,0.56544496227741,0.004762758224530536,0.5371631425863592,-0.00023728697264038177,0.39528510921269433,0.4750666142866232,1.0,0.002239918453010614,0.03140919973588519,0.17323055195258447,1.0,1.0,1.0,1.0,1.0,1.0,1.0,1.0,1.0,0.001001784296043555,-0.000845227023136453
417,0.0015145430600945384,0.6403973197485873,5.020803501605142e-05,0.6539433366642127,0.006932136558332886,0.17905252222493273,-6.782806993747687e-05,0.6905999564139813,0.0007245430521321786,0.8555862252581702,0.00019903639613511596,0.10680530551829251,-0.012893498264223714,0.001694487597775417,-4.106970952743468e-05,0.7810166028627921,0.011454378541099933,0.28262777813917794,-0.00015022953623151098,0.676642451415133,-0.0020205273537378405,0.5407197679255747,9.425352005430643e-05,0.5029552697792138,-0.005711574479457514,0.3080725323701887,-8.437063366009925e-05,0.6834356887162215,1.0,1.0,1.0,1.0,1.0,1.0,0.023722826368855837,1.0,1.0,1.0,1.0,1.0,1.0,1.0,0.0005008308644342078,0.0007705432218251635
418,-2.450542379102098e-05,0.995259346672616,6.533830469800377e-05,0.5972764205149252,-0.0034017936110414906,0.5779888915187538,-0.00015268856643203384,0.49037046240432236,0.002972378759851327,0.3850586495730032,0.0001381219164545062,0.2402674903375096,0.004404947129369247,0.30567139235767127,-0.00026902688752632973,0.01790459497795518,-0.0012837019778484209,0.8756453974953583,0.0004821825427973475,0.07297078747517409,-0.0014043363119979738,0.4777145182340188,8.982054285408526e-05,0.24009660812689482,-0.0012629879013159257,0.8248452277927332,-0.00035374787822126623,0.021863592299768274,1.0,1.0,1.0,1.0,1.0,1.0,1.0,0.25066432969137253,1.0,0.875649449702089,1.0,1.0,1.0,0.28422669989698757,-0.0007707061251593921,-0.001525805203534025
419,-0.0035562122036481387,0.42663225463832744,0.00040975060139500363,0.035536311062572094,-0.010794381198080554,0.02815947043821728,0.00039978659617822697,0.08784310526848316,0.0006554179978367282,0.8430281327542037,0.0002830007979168962,0.01617248375643603,-0.0016293206109869586,0.6631913296653053,-0.0003304098272854229,0.002574487131413123,0.008659254059891184,0.28872413340140013,-0.0005558634647128942,0.04733864781276344,5.004625675619231e-05,0.9821270910875334,-5.7995455126992445e-05,0.4272335863728294,0.006615196265560605,0.17222872293700142,-0.0001482692411281294,0.45961206638939656,1.0,0.39089942168829306,0.33791364525860734,0.7905879474163484,1.0,0.21024228883366838,1.0,0.03604281983978372,1.0,0.47338647812763435,1.0,1.0,1.0,1.0,0.0011451912376202996,8.766779768204161e-05
420,-0.0023481046419339176,0.5108215184212497,2.0710902620812857e-05,0.8836609833110934,-0.013213548439184025,0.006831664218086775,0.00016177453633507027,0.21842857020579143,0.01260429553855151,0.0051164764240874665,-4.963157256665014e-05,0.7014966953357322,0.004898089503319689,0.38492915395143934,-0.0001339241858664225,0.40218915922220755,-0.006489554948480216,0.5655974642144176,0.00046430171282181614,0.1699763010899129,0.001955882958768898,0.4060160057730896,-0.0001276705248349351,0.02560711393976491,0.0025929404547614917,0.6002556154551386,-0.0003355608677557168,0.04061970208650151,1.0,1.0,0.08881163483512806,1.0,0.07163066993722453,1.0,1.0,1.0,1.0,1.0,1.0,0.3072853672771789,1.0,0.4468167229515166,0.001866538467379436,-0.0016656031076559858
421,0.0015178599209922795,0.712241767807385,0.00014101115390052782,0.2692523051214184,-0.005314014451088454,0.4055492099206278,0.00020312838647761338,0.3870792750060371,0.00793414319374141,0.07009964457701383,-8.385830825178653e-05,0.5679086755352833,0.007539285873202981,0.1386100426703896,-8.316362630055824e-06,0.9513057440464444,-0.0017570937555851974,0.8886745738901258,-0.00017540259738693954,0.6357400170825369,-0.00422275197968494,0.14624733119904304,0.00021217006690314082,0.038845632636037235,-0.005697429744392963,0.22370548229176634,-0.0002887323167709165,0.013923154150567035,1.0,1.0,1.0,1.0,0.8411957349241659,1.0,1.0,1.0,1.0,1.0,1.0,0.504993224268484,1.0,0.19492415810793848,0.0007860755137465724,0.00017994327193263053
422,0.0036603985030699824,0.3064673594552141,-2.523658150924255e-05,0.8246967689353001,0.0006955318706593327,0.9023787142739221,-0.00010717683389670714,0.5063977819421963,0.0032584102693404304,0.3712204442979318,0.00023155236713530517,0.07417838572988637,-0.004118014455327561,0.39509927277607515,-5.7982661835384804e-05,0.7197096692992788,0.00023818530602521206,0.9818303637420736,4.78038283163723e-05,0.8873549413684941,-0.001269084753299274,0.6348805773253566,0.00017122200504212856,0.04766102994697165,-0.0024654262758890474,0.688416353252074,-0.00026018213221013246,0.2983592031875175,1.0,1.0,1.0,1.0,1.0,0.9643190144885229,1.0,1.0,1.0,1.0,1.0,0.6672544192576031,1.0,1.0,-0.0007032684739667358,0.00015067375063554616
423,-0.001465992770045913,0.7485336322624285,0.0002763550995762872,0.06065893592325841,-0.003858815154739943,0.4366642463780358,0.0005587684806106055,0.0010095190334338685,0.0024912774174807545,0.40282465938305023,0.00014999211802121481,0.10308039786278267,-0.0016808186156475015,0.7674899792245191,-0.00019652542168907306,0.32652127584711477,0.0005551332675952012,0.9617176850449688,-0.00035929347420979985,0.3602302632501556,-0.0041251146880173445,0.22816714340068733,0.00019564844717672567,0.1927975587173446,0.008084331398137856,0.10751835850372608,-0.0006249452297846743,0.00017938071583632252,1.0,0.7279072310791009,1.0,0.01312374743464029,1.0,1.0,1.0,1.0,1.0,1.0,1.0,1.0,1.0,0.002511330021708515,0.0001300927537540144,-0.0006103251253500341
424,-0.0034542960193288384,0.3955989146893759,0.0002549495085469029,0.06514717164224623,-0.015118157552441619,0.009038381220953665,0.000322800534925168,0.05409272332613502,0.012927383795790998,2.329013680948736e-06,-0.00013568421764499953,0.17573132454978357,-0.006304705658458638,0.03464337124077594,-0.00015559233300095352,0.15057829313434973,0.012232873432856521,0.1352358417378548,0.00011272739413622181,0.7361585768730583,-0.0009196197428789035,0.6046459468187371,0.00016786757280247872,0.00415718934260024,0.0006365233302984911,0.9044315134940046,-0.0005670684721829427,0.00024153844361957658,1.0,0.5211773731379699,0.09942219343049032,0.48683450993521515,3.26061915332823e-05,0.9466508921649837,0.3464337124077594,0.9466508921649837,0.9466508921649837,1.0,1.0,0.04988627211120288,1.0,0.0031399997670544955,0.003729053527891095,-0.0003687350508772217
425,0.00020905021640965293,0.950653927702257,0.00021208321217393988,0.08423976981968687,-0.000614703608989063,0.8963453843452693,5.174807493374426e-05,0.7600419020037738,0.011241287331849746,0.00010797346335204908,-4.7215860106692006e-05,0.6934631904164585,-0.004834895765151055,0.2861198574072019,-7.224049776763733e-05,0.6726973608358164,0.005600771915175171,0.35767539441149065,-9.848389069056113e-06,0.9530891067579214,-0.003394654763463459,0.22254221344566916,0.00022348210193559972,0.01196645142204527,-0.008206855513544305,0.14482641666999593,-0.00035800860583350244,0.05759772574797058,1.0,0.9266374680165556,1.0,1.0,0.0015116284869286871,1.0,1.0,1.0,1.0,1.0,1.0,0.1555638684865885,1.0,0.691172708975647,0.001778847230917512,-0.00015218525678936266
426,-0.002383329440359836,0.5688565773690488,0.0002225946430518028,0.26170306322361436,-0.001948339215379361,0.7123618872596266,0.0003980838267103647,0.008909931959954058,0.004685756525595569,0.05272081826606056,0.00018815550396662846,0.02645143889117505,5.228982746852772e-05,0.9914258578822945,-0.00014620804974282276,0.3932342463141788,-0.006071827253847246,0.41020413848716053,0.00018653742838439682,0.47598701530987964,0.003482061238860915,0.09258863967961072,-0.0001521052154939431,0.03741276994711376,0.002183387459720965,0.6833571574813283,-0.0006970581165662212,1.775631845030086e-05,1.0,1.0,1.0,0.11582911547940276,0.5272081826606055,0.31741726669410064,1.0,1.0,1.0,1.0,0.8332977571164965,0.4115404694182514,1.0,0.000248588458304212,7.500544023001964e-05,-0.0007957599193826866
427,-0.002299226422455668,0.4987705782885792,0.0001821909796865266,0.18474163761481477,0.0009414393120315425,0.8820499972490139,1.4801235228892105e-05,0.9443342531867401,0.007278252330504626,0.02344537425555986,-7.635166521955609e-05,0.4027937086673101,-0.0038852086606530954,0.4675414832777779,-0.0002481009683868719,0.15161069165852875,-0.004567477066728366,0.6250281688707173,0.00022005981599183515,0.566151993566292,-0.0007317258199591591,0.7722593038010214,0.00011053517630544595,0.19293720004872916,0.0032639487538455975,0.4945550050150894,-0.00020313462689477806,0.0877768725758633,1.0,1.0,1.0,1.0,0.328235239577838,1.0,1.0,1.0,1.0,1.0,1.0,1.0,1.0,1.0,-0.00043788766299369166,-0.00012662347826363312
428,0.003830221583254749,0.33754863302068716,-0.00014927304933211462,0.38607010930548646,0.0002059786426551415,0.9600392631494422,-1.7826090111441863e-05,0.906602095779784,0.00488598133078421,0.18988593507259466,0.000132191287944268,0.24012243452945936,-0.00036636930872766964,0.951346332641281,2.8455678307635986e-05,0.8860327297133225,0.002332398135207652,0.8185943361549748,8.345836366722306e-05,0.8009604342463669,-0.003957067178087297,0.0944639912074066,9.431505336744216e-05,0.14889709948220517,-0.006931143890153097,0.23692955257595083,-0.0001713211997232957,0.36820425020222003,1.0,1.0,1.0,1.0,1.0,1.0,1.0,1.0,1.0,1.0,1.0,1.0,1.0,1.0,0.0013753600146688544,3.762430929925179e-05
429,0.008145495905401368,0.008201947729075633,0.00018660604070794114,0.05677919686691011,-0.0009339229946092723,0.8458253346672691,0.00045375832386654444,0.003618055621495107,0.0031929149961929136,0.22123185573925175,0.0001044569984067001,0.24367660805505797,-0.006330956889877307,0.1741954935681873,-0.0002374040835942088,0.060249729257989514,0.009010964611063226,0.3298393576383628,-0.0002096586479025904,0.5094457836962935,-0.003069254473459222,0.1947800223429511,8.793108768432627e-05,0.20952847043103662,-0.01001523930832451,0.00827721687889705,-0.00038568984528621194,0.012001601876531466,0.10662532047798322,0.5677919686691011,1.0,0.050652778700931496,1.0,1.0,1.0,0.5677919686691011,1.0,1.0,1.0,1.0,0.10662532047798322,0.13201762064184613,-0.0005984948648159545,0.0008843045910452677
430,0.005406847242392206,0.19004401179322228,4.498385774368896e-06,0.9708993636592791,-0.008889084153831616,0.1418346898620692,8.15139120970419e-05,0.633390355635512,0.007709507164670987,0.0442918687719817,3.506823721036406e-05,0.7824303615960712,-0.007108976016981785,0.24054393718187994,9.75538218793145e-06,0.9590842679952959,0.014841844092302253,0.07093088500167852,-0.00010009847566164386,0.6524028969603775,-0.0009771767984894644,0.6872832930484785,7.761789080189464e-05,0.3883721060805516,-0.01098295992633969,0.024466475099706786,-0.00010835536028800809,0.5652768288349728,1.0,1.0,1.0,1.0,0.5757942940357621,1.0,1.0,1.0,0.8511706200201422,1.0,1.0,1.0,0.342530651395895,1.0,0.002083497182886602,-0.0006203695362010961
431,0.008390939995271372,0.009377402143899866,0.00013515530298138816,0.22153334181314654,0.008872419630277599,0.10900778485817471,-1.8198629403038786e-05,0.9272668617713966,0.008550582313430123,0.01051381031633084,-7.450300553913865e-05,0.48043708100410076,-0.002379507103018625,0.7391276948214462,-0.00026201590576981586,0.3930288301799698,-0.009429828223829746,0.4010957127238931,-3.888601004415503e-06,0.9913129179942478,-0.002970189089811169,0.36851810021891696,0.00021126545249848595,0.05371434759053659,-0.01103441544706182,0.03282536851105929,1.2185287090125657e-05,0.9498397913207153,0.1312836300145981,1.0,1.0,1.0,0.1366795341123009,1.0,1.0,1.0,1.0,1.0,1.0,0.5908578234959024,0.3939044221327115,1.0,-0.0004865132353804114,-2.4131304625103544e-05
432,0.0018752133341724331,0.5695299249066641,9.969104681482037e-06,0.9374509228096548,-0.0028809604441013296,0.6891731280630475,1.6241232698633944e-05,0.9453805184221731,-0.004538762356465657,0.3046318692119887,0.00022970185301099473,0.07532425224984202,0.002930202279413803,0.6523791589027161,-2.4832033185344116e-05,0.8920960069284061,0.015158451411515155,0.09013273904234277,-0.00014947370351889043,0.5613554053068661,-0.0007909915274775411,0.739012403317377,0.00022407478372205174,0.00296870011858088,-0.011753152901864515,0.12543445339395365,-0.0003056811910961123,0.19788380504660985,1.0,1.0,1.0,1.0,1.0,0.9792152792479463,1.0,1.0,1.0,1.0,1.0,0.04156180166013232,1.0,1.0,-0.0011887424227751773,-0.001303806141490285
433,0.004013897342952125,0.23655672134854144,0.00017122736202242973,0.10798017787334876,0.002140188039566602,0.754687779132961,6.141063263517127e-05,0.766240946283423,0.006791343082916131,0.0253699379357064,0.00019885744204652467,0.09634172094159235,-0.0045130723199073896,0.32545371819862534,9.488410626155074e-05,0.5919872465674733,-0.0003048263568377522,0.981050514402858,-0.00042819187729478827,0.27412772301136656,-0.0008505058843673123,0.6862987971626585,0.0001393355788475433,0.13013575030693497,-0.007277024636301537,0.19199309109917895,-0.0002375231235175506,0.17794926474643724,1.0,1.0,1.0,1.0,0.3551791310998896,1.0,1.0,1.0,1.0,1.0,1.0,1.0,1.0,1.0,0.00024542778708421176,0.0008929993425476467
434,0.0034186494697502844,0.35441777961494114,8.770377860534426e-05,0.45958228498720943,0.0019624216629524865,0.6812917507123859,-4.9277078787254637e-05,0.78703328017761,0.004206239737239572,0.2437866965168849,0.00010996388791931982,0.2956403528198601,-0.009230728703296127,0.11021107685866899,-0.00030349570750145606,0.07227785845484161,0.004741205560585817,0.6236201093450733,0.000127371183575011,0.614082693101825,0.0009577062770341306,0.6979921637677832,5.519336728752182e-05,0.49722454148534034,-0.006055494011302321,0.3366972918525587,-2.7459435434870373e-05,0.8959130771801809,1.0,1.0,1.0,1.0,1.0,1.0,1.0,1.0,1.0,1.0,1.0,1.0,1.0,1.0,-0.0002012785848818564,0.0006122318057548437
435,0.005289889632253579,0.18448236290096753,-0.00011663726457865125,0.2886610026771149,0.0012993847712690768,0.84604527062256,-0.00014761499954473012,0.48048050272817666,0.004162392377005074,0.20981830705213123,5.144835426250594e-05,0.6753223084135805,-0.003415577137780064,0.38561090633064943,-0.00013772490421332627,0.4291199878922023,0.0001992042274290002,0.9848283908876061,0.00045932360895620993,0.15192470652495077,8.591648125065322e-05,0.9697310284068626,7.610562010940582e-05,0.36622845950518046,-0.007621210874226965,0.1947609949552348,-0.00018490036541463445,0.3251658662441823,1.0,1.0,1.0,1.0,1.0,1.0,1.0,1.0,1.0,1.0,1.0,1.0,1.0,1.0,0.00160898502873344,4.545265000623299e-06
436,0.0025559907153983384,0.6342778303894966,7.989353615899746e-05,0.644185520629037,0.0017751635188319281,0.8327750320198136,-4.0943616627056454e-05,0.8797111556888817,0.010563490718918392,0.0005806156788742706,-1.098951096265185e-05,0.916399114644858,-0.0019788268312749364,0.5544848126350528,-0.00022870302362156317,0.014055280998344986,-0.012873498144588281,0.3099728526001433,0.0004934989129783971,0.1879313901182561,0.0036694895045047255,0.1314375031797417,-6.894361236115157e-05,0.4135341767141124,-0.00371180777297741,0.48828648114969075,-0.0002238126896297942,0.17276042938224634,1.0,1.0,1.0,1.0,0.008128619504239789,1.0,1.0,0.18271865297848483,1.0,1.0,1.0,1.0,1.0,1.0,0.002481850736750532,1.3288349159300717e-05
437,0.003145154289458608,0.30787697979105644,-6.264509335828971e-05,0.5252261963289648,0.0005604472390162172,0.9020940941787956,1.3361546518729084e-05,0.9184864850297703,0.010583818077140664,0.00033499848536387174,-8.670263073192364e-05,0.31242057537496193,-0.0006379685238310394,0.8668700828871942,0.0001748249466047294,0.1274396825885136,-0.013280828708567496,0.1524386350193235,0.0001362585105384136,0.543021012366743,0.006016244976514013,0.0008991547284876645,-0.0001629395974930926,0.031908604510822995,-0.006386868952420742,0.11206941286359741,-1.2157661574249707e-05,0.933394981174797,1.0,1.0,1.0,1.0,0.004689978795094204,1.0,1.0,1.0,1.0,1.0,0.011689011470339638,0.3829032541298759,1.0,1.0,0.001895079659287653,-0.000142444457231741
438,0.002638708556029524,0.43531510534336815,0.0001463237127352817,0.19907208005678945,-0.004757763310758811,0.3017504325683775,9.313987824220235e-05,0.6140182617789196,0.003841744414542873,0.19316108986542257,-5.462564909256221e-05,0.6028423282849138,-0.0017071538644655114,0.642792592163363,-3.383444633923235e-05,0.7506380474280168,-0.004424832583786338,0.6168862564659416,-0.00014925963008735905,0.6041159892355815,0.002123316496527886,0.4930388831036089,6.288514871319995e-05,0.48021036871865064,0.0022859794961350628,0.715853553905342,-6.462898013758591e-05,0.6364065551325588,1.0,1.0,1.0,1.0,1.0,1.0,1.0,1.0,1.0,1.0,1.0,1.0,1.0,1.0,0.0006103579731535143,0.0007791813709308084
439,-0.007640342399744522,0.05940960380377764,0.0003120597855569699,0.06537131167331095,-0.012698367641418606,0.06856742473388358,0.0002763504446184646,0.15969841989987676,0.008827007330823778,0.00028216880502566745,-5.330877566439123e-05,0.43500830292952475,4.8238314545116795e-05,0.9931276811324528,-0.0001369166369303505,0.3681646442181822,0.014375439576412002,0.16028085636839562,-0.00033446801469368684,0.20766238368996592,-1.90276487565027e-05,0.9928332993810512,0.00017348327030180028,0.04868593965469432,-0.002892947011152519,0.6100821969328993,-0.0002372001053980937,0.21385334773070985,0.7129152456453317,0.7190844284064204,0.7190844284064204,1.0,0.003950363270359344,1.0,1.0,1.0,1.0,1.0,1.0,0.6329172155110261,1.0,1.0,0.0003913015835470483,0.0003870192122022417
440,0.002790673302593677,0.4896250822448889,1.254752775419166e-05,0.916207876416362,0.006108679039697252,0.3574673655965591,-0.00026002153987178945,0.10184839542488,0.0004530644940226801,0.8913076627272922,0.00025114153064905256,0.009698278608629715,-0.0029125804536746596,0.6393826644918554,-7.86665855864041e-05,0.6664028917063898,0.002455210216551277,0.7322354101305517,-0.00014235307947982727,0.46998214084251966,0.0022039090701957992,0.4546330563671107,3.1648797818487394e-05,0.7763435788657297,-0.011098956156013298,0.03465940436175421,0.00018570342945690996,0.33295771785528006,1.0,1.0,1.0,1.0,1.0,0.135775900520816,1.0,1.0,1.0,1.0,1.0,1.0,0.4505722567028047,1.0,-0.0008769327618186123,-0.0004451297118693015
441,0.002107528397448551,0.5704511869382515,9.767494943783636e-05,0.3573891139430385,-0.002851578957869831,0.48937252874232273,0.00024185444268946135,0.07634328114565127,0.0034419980828641556,0.1279729510347186,0.00010976356591309967,0.24305719030466355,-0.007286923900532729,0.11259044185088417,-0.00010661310890822496,0.3609337831401981,0.0015075825557528092,0.8788403445749638,6.288977689436889e-06,0.9819409560451078,0.0013975073155382896,0.6763934941338527,8.374871958329125e-05,0.4714550646647817,0.0016838892913524732,0.7512789017541849,-0.0004327175610619624,0.016966756215181195,1.0,1.0,1.0,0.9924626548934665,1.0,1.0,1.0,1.0,1.0,1.0,1.0,1.0,1.0,0.23753458701253674,0.0005601382706447496,0.0001904209817636705
442,0.00101777541557419,0.8063896806322519,0.00010125193010583165,0.4278303478986414,-0.015209063531693521,0.024067358106242224,0.00032005783699133307,0.11940288736088794,0.002457349445733986,0.4286226574201226,7.088131813544425e-05,0.44525051235784263,-0.002203317632980829,0.6546405602216483,-0.0001765207965267663,0.39915487115680603,0.00560683892762019,0.5352276215824883,-0.00014824741820854422,0.6164003764518011,0.002601079424669706,0.19614091455303417,3.9568632310026697e-05,0.5855045277158236,0.005729336822618972,0.19528747600090024,-0.00020699154058639565,0.16668046369799616,1.0,1.0,0.33694301348739114,1.0,1.0,1.0,1.0,1.0,1.0,1.0,1.0,1.0,1.0,1.0,0.0002459103201626175,-0.0011266508518392056
443,0.006725812092406695,0.07270426424527289,9.763233691243224e-05,0.3985621368888904,-0.0031570238212146303,0.6290153808746595,0.00013862003595405692,0.37407532034248736,0.011034790006896085,6.990693986543763e-06,-0.00019190971235548605,0.028945814376177357,-0.0019446503420054572,0.7195734672157431,-0.0002775178425997125,0.0617256170660472,-0.007894544279310637,0.37081015878431034,0.0005263451139886228,0.11324459528259713,0.0007623456872553066,0.7038673150349619,1.8170251852910936e-05,0.7780484915606973,-0.005526729610103147,0.3535719496313191,-0.00031134019961957045,0.0751718594567619,0.7997469066980017,1.0,1.0,1.0,9.786971581161268e-05,0.3762955868903056,1.0,0.7407074047925664,1.0,1.0,1.0,1.0,1.0,0.7997469066980017,0.001652432446049239,0.0008063085454321764
444,0.004803768889243506,0.17917387741477953,0.00015078824747065154,0.2478395470482554,-0.002683153000144506,0.6814695246886906,0.00010026791839207792,0.632985610597856,0.0034337744682825257,0.18147743364493463,0.00015416583359374012,0.055509791115402156,0.0019506881773890612,0.7347288212422955,-0.0001710336868534685,0.44021725415633006,0.001525789625496006,0.883882212342294,-0.0003851741696158901,0.15914145047353312,-0.0007678779378237083,0.8323118892350432,0.0002505390199113705,0.038748878785514564,-0.008262991258381626,0.16754603236989896,-9.955309487990997e-05,0.6506954566594421,1.0,1.0,1.0,1.0,1.0,0.7216272845002281,1.0,1.0,1.0,1.0,1.0,0.5424843029972038,1.0,1.0,0.0017165521990680378,-0.0003344980870305083
445,-0.0014048532442145641,0.6095399347088131,0.0002854422999231476,0.0004546548859575864,-0.005654923683917113,0.46205995971286073,0.0002416888236861964,0.42934777555886894,0.0049019443566846385,0.11032704830879271,1.2225423760709236e-05,0.8944533326433428,-0.00339462100535164,0.5081753678283061,-0.0001251459835195868,0.389909600430163,0.009774348821851573,0.20122899992024768,-0.0004447814558611307,0.05926944164948974,-0.0007715900645549121,0.7211408780327644,4.435538553945438e-05,0.6219917365311212,-0.003450305222827821,0.6026205840046959,-1.3784468637950109e-05,0.9536327666357357,1.0,0.0063651684034062095,1.0,1.0,1.0,1.0,1.0,1.0,1.0,0.7705027414433666,1.0,1.0,1.0,1.0,0.0007064137243164626,-0.00012583546180212454
446,0.0038305772778250233,0.2702959784589136,0.00022078117221511156,0.0987257438738834,-0.0018630037020397091,0.6586592655165273,0.00042833136443791946,0.0010648706329030415,0.01151812019337209,0.00044507762285222747,1.3362769356034606e-05,0.9141822925827721,0.0061731556383360165,0.2769572130688779,-0.0003899123012807635,0.01651119713081405,-0.02245042962981779,0.006056760189959113,0.00020183380111217985,0.5242690474468701,0.002406362272963644,0.3749470286475456,0.00015006490831792962,0.21756860118966237,0.00038521833298372495,0.9504649948215544,-0.0006244616710230727,0.0019167730259021392,1.0,0.8885316948649506,1.0,0.01384331822773954,0.006231086719931184,1.0,1.0,0.16511197130814048,0.06662436208955025,1.0,1.0,1.0,1.0,0.023001276310825672,0.0028938166273349704,0.00045447724188356884
447,0.00420890270465805,0.4516361674733892,-0.00010879157761115164,0.5574560151322985,-0.0012890559649313133,0.8522522294868146,2.9840947395649944e-07,0.9990363363336261,0.0063934553766573235,0.1384397085428027,0.0001955917463078972,0.13538357029574255,0.0029494742479029513,0.5695940675886311,-0.00020505927783635492,0.11056303818579755,-0.016685321312366108,0.14241032202094187,0.0003750193152543856,0.30351000251333515,0.003898298621124082,0.026859860161070268,5.5317583416437285e-05,0.38509483323281,0.0005242435706063761,0.9168617235506981,-0.0003123761243242692,0.04367187189808684,1.0,1.0,1.0,1.0,1.0,1.0,1.0,1.0,1.0,1.0,0.3760380422549837,1.0,1.0,0.5677343346751289,0.0004886914733775497,0.001010435821052782
448,0.0010442976442123378,0.751924455756638,7.939480301128167e-05,0.44214972804114794,-0.0041462743968959164,0.5038225027604206,1.2931033621668733e-05,0.946388394102839,0.0027550586551738383,0.3937576744866621,4.8049286816064605e-05,0.6231836657445212,0.0016871135361652325,0.6972949779156395,-0.0002386341525184397,0.07900625495282798,0.016748043819475502,0.07713182089260691,-9.107569476872385e-05,0.774421501481995,-0.004492979952650807,0.03519340923622234,0.0001088985016582778,0.09724913846710923,-0.013595262014736662,0.005346060301624551,8.043621627378572e-05,0.6182689954439625,1.0,1.0,1.0,1.0,1.0,1.0,1.0,0.925581850711283,0.925581850711283,1.0,0.45751432007089043,0.9724913846710923,0.07484484422274372,1.0,0.00015650024348579656,0.0008846492093653952
449,0.0006118541919119648,0.8913954371484984,0.00026437318772475207,0.010492151408658048,0.006607602733571934,0.09300435537646116,-6.746138128032305e-05,0.6134839372433301,0.009692699813232179,0.00092104749217526,-2.0789710905034066e-05,0.8272071230216202,-0.005079676542976268,0.2883928261557298,-1.2184474083493083e-05,0.9342185924136805,-0.018867327970139874,0.00978309894295801,0.00023878138867086562,0.2155057288007729,-0.000718551647005501,0.8301344825179582,0.00015812487146987683,0.1095023706296924,0.007753397991600131,0.1277243741478099,-0.0005608439022743204,0.0010979096508391395,1.0,0.11739718731549613,0.9300435537646117,1.0,0.01289466489045364,1.0,1.0,1.0,0.11739718731549613,1.0,1.0,0.9855213356672315,1.0,0.014272825460908814,0.0024198599504716705,0.0005468558425717984
450,-0.0005499182793834976,0.8772047769611094,0.00019326035850988343,0.06344913577051398,-0.007246383486224705,0.1496937980994649,-0.00016863427427414772,0.40555237304241276,0.002823822452150194,0.4085095367967524,5.4693380600124685e-05,0.6041556221044218,-0.00019940541921092064,0.9666121210864945,-5.399404578227008e-07,0.9968070353845403,0.008853365201243206,0.3436674935675875,-0.00025787246378715384,0.43288181956384675,-0.0034291436058787746,0.24524367464161367,0.00024130924943506553,0.0017357054636308316,-0.0002523375289807801,0.9481501275425243,-6.22163933121897e-05,0.6751151871087604,1.0,0.8248387650166817,1.0,1.0,1.0,1.0,1.0,1.0,1.0,1.0,1.0,0.02429987649083164,1.0,1.0,0.0009662462194435643,0.0006212062878555603
451,-0.0034358992961456935,0.31926879635088345,0.00031338181785430647,0.004144928808446029,-0.004406300898658808,0.35908904724251345,0.0003758598062316187,0.008826958029486787,0.009626391806464305,0.0011737263610969038,0.00010270176976960273,0.184648016450214,0.004724372230386898,0.12531495514458052,-0.0003712616984157963,0.0010371444573044055,-0.015986782857698004,0.02745784624549936,4.3921302180947936e-05,0.8645243491504874,-0.0007272457745374159,0.8100301585068193,0.0001846861577283828,0.0381917725460477,0.010205465437629796,0.00979152682442067,-0.0006492891948260886,4.389467432393005e-06,1.0,0.04559421689290632,1.0,0.08826958029486787,0.014084716333162845,0.92324008225107,0.7518897308674831,0.013482877944957273,0.2196627699639949,1.0,1.0,0.26734240782233387,0.08826958029486787,6.145254405350207e-05,0.0011318783783059872,-0.0005344127315232136
452,0.0007851743143857472,0.8638237218025514,0.00011926838011406663,0.5185726463388072,-0.005506376268980102,0.4751444710377448,0.0001892846593585623,0.4718160161110855,0.0013854547025266592,0.6400824182075996,8.983669282528411e-05,0.3976203813922594,0.0050899035593232455,0.2803092174838274,-0.0005655658942998533,8.486107501234978e-05,-0.0019543387671615716,0.836403420266283,0.0005772714536552222,0.06964043774373299,-0.00028144783498875884,0.925557130857864,7.70145736703346e-05,0.5207126674239201,0.0004816313937490964,0.9509126253321493,-0.00048710981342675147,0.04534054123202776,1.0,1.0,1.0,1.0,1.0,1.0,1.0,0.001188055050172897,1.0,0.8356852529247959,1.0,1.0,1.0,0.5894270360163609,0.0007055821210697196,-0.00010237699545460191
453,-0.0012430336352973078,0.7566496828227787,-1.1568369533341156e-05,0.9126615542504771,-0.002911016245855557,0.6161394460133419,0.000260958360940309,0.12237065632107612,0.0063601986040886516,0.1532942578560513,-0.00010845035187587754,0.48849765384498345,-0.004109545158596056,0.48687753962688707,-0.00016031971903944958,0.3719700665792336,-0.006720230340128165,0.4150415777934884,0.00032477404878791897,0.1907975171734021,-0.0021886096034699504,0.4461681920690579,0.0001246578095271147,0.15899752979829074,0.010812235325629537,0.07577588373669351,-0.00043005177799705765,0.03700120615191942,1.0,1.0,1.0,1.0,1.0,1.0,1.0,1.0,1.0,1.0,1.0,1.0,0.9850864885770156,0.5180168861268719,-0.00013349899779035865,-0.00016206530341131644
454,0.0028179741881446288,0.5374340644672323,9.708618493078803e-05,0.5593057490029036,-0.005243603149334905,0.3990756890137387,0.0003924302491860527,0.040010211649582156,0.005531111091352084,0.11966956121563588,0.00010957060389919543,0.27898226522587777,-0.0007055898836553518,0.9193475469834944,-0.00024268400936471916,0.1715058158156294,0.009636627074140158,0.31813399318894586,-0.00033655760830500784,0.24849806200872948,-0.002577803222010284,0.18451879906848556,-8.618407964702189e-05,0.2413589478469127,-0.009458717052702686,0.044898258631570584,6.633870271623996e-05,0.7297154024044846,1.0,1.0,1.0,0.5601429630941501,1.0,1.0,1.0,1.0,1.0,1.0,1.0,1.0,0.5836773622104175,1.0,0.0013073839869332297,-0.00043629114444263147
455,0.0035225879421595546,0.22377355156597545,7.397935945301109e-05,0.36403471471718674,-0.006361234626886303,0.22127482331052695,2.549684038936941e-05,0.8766706167943491,0.00527198797458776,0.13526052032258898,0.00015492679426884771,0.32138551265007076,-0.0022772583967804365,0.6899535536971642,-0.00021196672521394584,0.19607953094065345,0.005572501099180002,0.6711783069910913,-7.370097382633677e-05,0.8709346598855157,-0.004262616182641321,0.20556420809606335,0.00024431302835458606,0.02765304320227616,-0.0014659695148313181,0.7676531988578452,-0.00021304830986237802,0.11825853122833659,1.0,1.0,1.0,1.0,1.0,1.0,1.0,1.0,1.0,1.0,1.0,0.38714260483186624,1.0,1.0,0.00020099303206105377,0.0008639497480269309
456,0.001094835242959713,0.754167237470415,0.0002448341763426895,0.025269822936130993,-0.0028546897511183807,0.6903718103088621,7.752895460330934e-05,0.73811439707102,0.0072512934439935926,0.01689726176960346,-6.503944795544381e-05,0.5646224431898494,0.004579359028188879,0.24624356039336837,-0.00013971471798156711,0.2881290988132229,0.010990217054122358,0.38042508648210094,-0.00034352111944127475,0.3334462103754756,-0.008836806852327999,0.001603957272000175,0.00033841481220428575,0.002236645351437987,-0.012224206866748773,0.03599890101627294,-0.00011250265313774071,0.5029342975406498,1.0,0.2779680522974409,1.0,1.0,0.20276714123524153,1.0,1.0,1.0,1.0,1.0,0.02245540180800245,0.02907638956869383,0.35998901016272944,1.0,0.0020656892671746083,-0.00015807498872775778
457,0.008567717003771754,0.03096945123246855,-0.0001337125652786613,0.2918424192310495,-0.0015963988783275263,0.7518807832453046,-9.06760708557396e-05,0.5867577065050702,0.008176715360176279,0.033636183154122694,-5.342308833112425e-05,0.6337012847183388,-0.004795226012517959,0.32221583055468694,0.00014039534971977275,0.34780489702359185,-0.006138753194822476,0.524341310044371,0.00013820818595324782,0.6731658309569872,-0.0028979848856261854,0.2771945052125824,0.0001928524127835528,0.019250753314490082,-0.0013160690977812978,0.8343272318410447,-0.00019364423922606062,0.411669436862553,0.40260286602209117,1.0,1.0,1.0,0.4036341978494723,1.0,1.0,1.0,1.0,1.0,1.0,0.26951054640286115,1.0,1.0,0.001606130185232801,-5.8716361746705234e-05
458,0.005744080479739127,0.16244191825684573,0.00012206326280923102,0.29637802373785926,-0.003903285574789393,0.539764778288315,0.0002234524149465486,0.2592377375194399,0.006882299522059628,0.024357635399134922,2.0747038903625923e-05,0.8266968243071251,-0.008427663716751707,0.044873312406910365,9.357786981511829e-05,0.5401304407617313,0.013377461013974516,0.30058220185524964,-0.00046811242659724773,0.21262424022752602,-0.0019017474284865785,0.34072163284360646,6.222656681145573e-05,0.38108721615882957,-0.011771144209349367,0.012503099324422355,-5.3954753332367955e-05,0.6831645469671035,1.0,1.0,1.0,1.0,0.316649260188754,1.0,0.5384797488829244,1.0,1.0,1.0,1.0,1.0,0.17504339054191298,1.0,0.0016052173071611196,-0.0007876903249425429
459,0.007928385440155223,0.016639944412449148,0.00015110191871863912,0.15661404888476166,-0.000430433239358745,0.9393194962447261,0.0003583357416416105,0.042152949242387314,0.010954299472483485,0.0011861750871450605,1.7528079528163875e-06,0.9854332937598728,-0.0066154614435441315,0.04663488930074437,-2.0850903680374888e-06,0.9816128631228269,-0.0033578289717153638,0.7304826323941512,-0.0003060520704142465,0.2911503591329253,-0.004854539194606027,0.01867815400143237,4.946203769882748e-05,0.4694684034246924,-0.0036244215920400113,0.5353853031631977,-0.00025251530179319794,0.15856345477865497,0.21631927736183892,1.0,1.0,0.46368244166626044,0.01660645122003085,1.0,0.46634889300744375,1.0,1.0,1.0,0.22413784801718845,1.0,1.0,1.0,0.002304735343404884,0.0017952111737103637
460,0.005383433748254712,0.14200910370018727,-0.00024525969605835576,0.01653260022369047,0.004763856555456359,0.4400281053160673,-0.0003201908595777847,0.08604038216639395,0.011656249164875548,3.6720797012765392e-06,-6.409204621253642e-05,0.45656379415174253,-0.00553673522001412,0.3132692424025024,4.937797438010143e-05,0.7571060253342485,-0.004112134755998951,0.6581385579348135,7.760215135808495e-05,0.7799229195355937,-7.341964111030744e-05,0.9809520342663491,0.00021716435603351677,0.016771193913253924,-0.012081250150874192,0.019361693354008242,0.0002853981137920317,0.1160691609528559,1.0,0.2149238029079761,1.0,0.8604038216639396,5.140911581787155e-05,1.0,1.0,1.0,1.0,1.0,1.0,0.2149238029079761,0.2149238029079761,1.0,0.002504654311922197,0.0005772236458764178
461,0.0006522342463227193,0.8804130028046653,0.00032953207026922024,0.013822509580260448,-0.0038394857743772495,0.49013478793827636,0.0005307471362325993,0.01191890734601127,0.006151805988178608,0.03821077019418269,4.937795099688831e-05,0.672787787992249,-0.005025828786689979,0.1938609820306293,-0.0002429863330355022,0.11033036585752354,-0.0009813392102876533,0.9070100915436163,-0.0005506553377100097,0.06481133007667901,0.000841946743222636,0.6742316011384795,0.0001223301338528873,0.051483976735452845,0.002200665523167561,0.637375780503951,-0.0002383455200242602,0.06421946827231075,1.0,0.1796926245433858,1.0,0.16686470284415778,0.45852924233019227,1.0,1.0,0.8826429268601883,1.0,0.6421946827231074,1.0,0.5663237440899813,1.0,0.6421946827231074,0.0014622644809976382,-0.000926318739514827
462,-0.009220067236244111,0.0021003133899290087,0.0004135744773567082,1.0444872948976025e-06,-0.008574460597568057,0.10961096809576536,0.0002002785206081928,0.18987088481393988,0.004147834847284707,0.23862535617246028,2.5680024481652177e-05,0.8309464257104392,-0.000276136967542021,0.9477786797134268,-0.0002661654771598031,0.03413935413893782,0.010390445139171686,0.20299009781189803,0.00017906858174622983,0.38152522124665467,-0.0011517945225870932,0.5290049153031373,3.342882960079065e-05,0.5785236357705026,0.004684179284103913,0.3454196779908185,-0.0005858649091453065,0.0003465344934731315,0.025203760679148104,1.4622822128566435e-05,1.0,1.0,1.0,1.0,1.0,0.37553289552831604,1.0,1.0,1.0,1.0,1.0,0.00450494841515071,-0.0006550638491504806,-0.001290795245637514
463,0.004002380827454163,0.3017426230087302,0.0001606208248169296,0.0481173626974074,0.006047541167381849,0.4952074967900292,-6.173940363698912e-05,0.8194907583453557,0.0024822329294373886,0.2794690475722109,0.0002541807259230694,0.0029179585791010727,-0.0007793728957076387,0.8949922919992661,-0.00017711604207272877,0.31944730822187817,0.0005883014005477404,0.954239834300828,-3.816717344558944e-05,0.905186088386008,-0.0010025104382674801,0.705196168725089,4.0454905987254296e-05,0.6403748034150506,-0.011338573755788384,0.020209173290038795,-0.0001782338276599106,0.16849247125050448,1.0,0.5774083523688888,1.0,1.0,1.0,0.04085142010741502,1.0,1.0,1.0,1.0,1.0,1.0,0.26271925277050434,1.0,-0.000971766039429776,-0.00010432278549682715
464,0.0044118501802221525,0.31008431963667804,9.72919521952902e-05,0.43743744691400444,-0.004883537704499308,0.30290678060150145,0.00019726186258138504,0.1649668387777632,0.0045776335585610735,0.16180143749834763,0.0001670345146055454,0.11172373167656917,-0.0058523922078992496,0.3665387604257573,-0.00013738829673941432,0.48811367412607476,0.006109285286854689,0.5579283409140976,-8.090107389712037e-05,0.8271268872579866,0.0009328702351346286,0.6435824422472576,0.0001519904107241496,0.051576618361050965,-0.005295708897151058,0.2769592138918925,-0.0003952894208994991,0.022401598575856062,1.0,1.0,1.0,1.0,1.0,1.0,1.0,1.0,1.0,1.0,1.0,0.6704960386936626,1.0,0.3136223800619849,0.00035756527688207435,0.0004020357280380614
465,0.005031569675927407,0.15682388628027435,0.00011574046253783617,0.25241501682785417,-0.0017348982182872192,0.7660812401010307,7.609445815641203e-05,0.6364669405721077,0.008535640905993238,0.026913656866896594,-7.628923035892416e-05,0.45742783330404135,0.0013543428008331753,0.7434342187419871,-0.00023266048663352944,0.044134427173566665,-0.007124081965520405,0.35844686016817673,0.0003064158525151112,0.16447444137461686,0.0027302156191070432,0.25852064103141603,6.659217595791547e-06,0.9240516616359742,-0.008792790980657177,0.054343846196949305,-0.00019596028853664105,0.2689164118105375,1.0,1.0,1.0,1.0,0.3767911961365523,1.0,1.0,0.5737475532563666,1.0,1.0,1.0,1.0,0.6521261543633916,1.0,0.0014394670248512567,0.0016210572920779588
466,0.0010622178721726365,0.711506436552855,0.0003311985241717288,0.0008598636746972492,-0.0036472680715368957,0.4012018595324204,0.0002445883029195658,0.10843116778314846,0.003976874333108592,0.3850760779935086,-7.422387331168538e-05,0.6095410278780558,-0.0015264415513999514,0.7297924069408219,-0.0003923743744991141,0.009793739652094778,-0.0008253158729931867,0.9321369219384054,0.00011150492169142687,0.6561122459698254,-0.001222056902300348,0.7090924789818055,0.00012984397537129232,0.2079537918041624,0.0021819905602544895,0.7022838797932585,-0.0003505374895866863,0.03701033061839746,1.0,0.01203809144576149,1.0,1.0,1.0,1.0,1.0,0.1273186154772321,1.0,1.0,1.0,1.0,1.0,0.44412396742076954,0.0003574126118026867,-0.0007008983494714126
467,0.0012675750050500458,0.6934565393160117,6.584869234122988e-05,0.6192696735199257,-0.008634655976351076,0.08666141253386407,0.0002897219615623508,0.016504217979844055,0.006936645585584656,0.020888129209404225,-1.66262837646932e-06,0.9892308692589836,0.0023286257320859673,0.6918056048253886,-0.00032571184491450106,0.04256633389914672,0.007170507625655074,0.41819578227043863,0.00025827538339943376,0.2785099018628422,-0.001824010806082296,0.5176993252810248,8.912205187893823e-05,0.28554275868929446,-0.007244687269821945,0.13622209978825195,-0.00037559358366901456,0.05287669275574081,1.0,1.0,0.8666141253386407,0.23105905171781677,0.2715456797222549,1.0,1.0,0.5107960067897607,1.0,1.0,1.0,1.0,1.0,0.581643620313149,0.0019599689683251573,-0.00017964112486612075
468,-0.002636994438194424,0.28631004671405114,0.00025610245927685133,0.0001515356335509137,-0.0019738599513446763,0.7681368430444635,-6.685172565853875e-05,0.7189007861314639,0.006620255515945471,0.08285990367196355,-4.766635613057828e-06,0.9636731323340668,0.009463114901505766,0.015219564993946937,-0.0003006705675428047,0.01045007428612602,-0.005666914991114307,0.49100098257364433,0.00027169672833483947,0.3252118998232332,-0.0037005222874222296,0.15651779477934757,5.450451732231978e-05,0.5583596584113368,-0.00210507640694366,0.6678983446204294,-0.00021001482541351058,0.11309154486272577,1.0,0.0021214988697127917,1.0,1.0,0.9114589403915991,1.0,0.18263477992736324,0.13585096571963826,1.0,1.0,1.0,1.0,1.0,1.0,0.0011282417840359643,-0.0007540127788959504
469,0.0018324815276233816,0.6053251764114858,7.667267210165337e-05,0.4844999672906277,-0.008931200241734818,0.06048228450802398,0.00030362052191499267,0.04131160113453271,0.005913609472085189,0.06917151917794319,-5.74310686764026e-06,0.9589964920750044,0.007862826299198242,0.08109783249800998,-0.00037399942973186096,0.005045507040160282,-0.006640420108771064,0.33575425205972753,0.0002386266646237789,0.31329144289192934,-0.0013514432132284357,0.5693759527109408,8.308051056998258e-05,0.2980332879604658,0.0013141456533257872,0.7531643410109274,-0.0003222578199082172,0.029469559936625256,1.0,1.0,0.6653051295882638,0.4957392136143925,0.6917151917794319,1.0,0.7298804924820897,0.07063709856224394,1.0,1.0,1.0,1.0,1.0,0.3831042791761283,0.00016102677646270927,-0.0005391066522053192
470,-0.003489135507494645,0.3003128042122344,0.00020806214711057675,0.04747308522848272,-0.004139298664823013,0.36633563836839345,0.000184382860417185,0.15158348126911317,0.000831036674229518,0.7645805555991533,0.00017889043801555622,0.03949717410461025,-0.0011640476131345205,0.7903533914036024,-0.00027491612777914154,0.04173852794135089,0.004204537720845955,0.6393019714917434,0.00010720113165296894,0.6912845079734782,-0.00332947042430616,0.174398602714825,0.00021250677340744372,0.006961959878343195,0.0070863780208049116,0.23174854476508544,-0.0006161271822993281,0.00020553990385753488,1.0,0.47473085228482714,1.0,1.0,1.0,0.47396608925532296,1.0,0.47396608925532296,1.0,1.0,1.0,0.09050547841846154,1.0,0.0028775586540054883,-0.0010640745017116541,-0.0007034830791234921
471,-0.002141664949022988,0.4981014967954295,0.00020101341345112094,0.04577609081409378,-0.015317862224027064,0.0011474583013764525,0.0002766064303600297,0.03594938433625202,0.007743083346603702,0.03652614665126443,0.00010016994071556913,0.34244152146732576,-0.00021227508831497528,0.9706993523821195,-0.0001682851418833291,0.3263941133193956,0.01589292749558689,0.10989152268435294,-0.00015360352178366777,0.6475727999547438,0.0010844573786918733,0.6021494293209804,-3.810672769440076e-05,0.6283872438913578,-0.007048667566510501,0.28744489112110927,-0.0002177943318567303,0.261450032212858,1.0,0.5035369989550316,0.016064416219270336,0.46734199637127627,0.46734199637127627,1.0,1.0,1.0,1.0,1.0,1.0,1.0,1.0,1.0,0.001741831759979698,-0.000362919685661187
472,-0.005498002786531751,0.10267714910986403,0.0001740777625622615,0.14482700383065927,-0.007192113164224626,0.2122684906442699,0.00011886681872990749,0.5038535987105075,0.005193011254083139,0.0726601474752436,0.0001643684564440268,0.08603888277549815,0.0011152368593165033,0.8451175322592214,2.420210605003568e-05,0.8881315588554064,0.011056431465278302,0.23190787182879324,-0.0006107498204952898,0.054293536158982955,-0.0009208447779812215,0.7492770995582143,5.54554434081252e-05,0.6773769214268869,-0.0037537195441984645,0.47212009279498746,7.377928067080543e-05,0.6904271535210871,1.0,1.0,1.0,1.0,0.9445819171781669,1.0,1.0,1.0,1.0,0.7601095062257613,1.0,1.0,1.0,1.0,-0.00048552685641539993,-0.00040379121610438745
473,0.00584813888636305,0.12237279008304298,-0.00021066813739201382,0.06984537950311571,0.003220228302770557,0.6207639511427822,-0.00018547474201074024,0.3579741929988235,0.009113348388188237,0.008725645244982561,-0.00018164646223769066,0.1092560164851842,0.00026572345682824655,0.9573736934117798,-0.00023994772028710344,0.12269568928734549,-0.005057855032811075,0.5817634675404977,0.0005614007463811664,0.06051408263054256,-0.001995374971349667,0.33884390215854676,0.00012402046863900078,0.034036616114775466,-0.011394209645586567,0.014792609764454576,0.0001323158203673435,0.3261895647279539,0.9833041483666578,0.6984537950311571,1.0,1.0,0.12215903342975586,0.9833041483666578,1.0,0.9833041483666578,1.0,0.6656549089359681,1.0,0.4084393933773056,0.1923039269379095,1.0,0.0012555618826667076,0.0017292731853819215
474,0.001493182741406594,0.6766183531034038,1.7561869159012952e-07,0.9989307235343559,-0.0009870228537035002,0.824920082770316,8.029928951046775e-05,0.5223263316407154,0.0031391624960744433,0.3866687461777536,0.00029804334928088455,0.0070598516795957215,0.0016148207085680986,0.7837038320735068,-0.000371925097923619,0.030654857642827715,-0.006617317930439953,0.4506371468333302,0.000448456686907506,0.11365253931718601,0.002525733873878181,0.5238567918059356,0.00013670844322890942,0.29009790865275153,-0.0011685593966804045,0.7822715966962753,-0.0005917582652193486,2.1387489482849642e-05,1.0,1.0,1.0,1.0,1.0,0.09177807183474437,1.0,0.3678582917139326,1.0,1.0,1.0,1.0,1.0,0.000299424852759895,0.0016754285956041765,0.0009173287154366433
475,-0.002595518903467576,0.5112321614600316,0.00018109803929899394,0.2349502439582556,-0.015731776764454208,0.008692077951458365,0.00039873712947022954,0.053415942918469246,0.0049928439075899835,0.13179629143419921,5.400514469134215e-05,0.6039150712869368,-0.0034470035152106547,0.37172320575289375,-2.614882975140471e-05,0.86059134144591,0.015471238917741008,0.1753403879183585,-0.0003787474954985716,0.3691010299515636,-0.002461965387748522,0.33094137535770785,0.00020810866399005717,0.03100033672641486,0.003772182724797984,0.4514809775871037,-0.0004370526722265128,0.011551450644772518,1.0,1.0,0.12168909132041711,0.5875753721031617,1.0,1.0,1.0,1.0,1.0,1.0,1.0,0.3720040407169783,1.0,0.15016885838204275,0.0009954304487079183,-0.0007148511492160945
476,0.0019251308689513713,0.5129564516106628,7.350158516261137e-05,0.419037716658188,0.001589490554856288,0.7412658196707231,0.00018159870558579361,0.3214202571636803,0.008252508306473392,0.0025436916461604644,-2.3922994454513442e-05,0.8027813669244817,-0.002368981219382627,0.6103904343556728,-0.0001332219257767126,0.3840567966605768,-0.011580910091165653,0.21059534001559033,0.00010679995771686743,0.676471198001263,-0.0016559115399364084,0.5275484512995126,0.00012190885222925624,0.31970819291688146,0.0038386740724917386,0.5255764839579995,-0.00032666423970651923,0.09894812246223544,1.0,1.0,1.0,1.0,0.0356116830462465,1.0,1.0,1.0,1.0,1.0,1.0,1.0,1.0,1.0,0.0016554797629348555,2.3677575018630046e-05
477,0.0003202853797249759,0.9513518063263072,0.0002590349508204602,0.11662750768538949,-0.005261281952402378,0.30208791135883906,0.00018963585421108266,0.29671253490972005,0.005006828859485204,0.04788529147907529,-3.8290674308992826e-05,0.7074303037128185,0.0009255989154880558,0.890192730321367,-0.00036173229376359507,0.08579764873286268,0.003673200064592782,0.685653071272988,0.00014126494200382352,0.7006269851445104,-0.0010490479087814097,0.6621613942100588,8.021278188455249e-05,0.2509202565629841,-0.0036155827820743905,0.5452929752933044,-0.00027012555142275275,0.2369857403438852,1.0,1.0,1.0,1.0,0.6703940807070541,1.0,1.0,1.0,1.0,1.0,1.0,1.0,1.0,1.0,0.000708769436094412,-0.0005711101815878589
478,0.0021778680356293483,0.466137303776196,0.00010204817168961424,0.2703537736223238,-0.007554459041703784,0.16432423369426497,0.00033237688463807395,0.07933401822015763,0.005826560427051393,0.059386619654122653,-0.00016607997250520963,0.11767596612012733,-0.0009331803592478881,0.8308284517062243,-1.3550875965340046e-05,0.9239501848996219,0.001964212203494181,0.809780609185099,-8.530033581966699e-06,0.9752354366171245,0.003919545449282551,0.15388038409423355,8.125689384721258e-05,0.29788387854735443,-0.005400546044016534,0.2643626477228722,-0.0003275210781655282,0.08544121404583367,1.0,1.0,1.0,1.0,0.8314126751577171,1.0,1.0,1.0,1.0,1.0,1.0,1.0,1.0,1.0,0.0017551822520388226,-9.237025343875745e-05
479,-0.00042988767305132875,0.9228333830890456,-1.9772798900472835e-05,0.8975795630840682,-0.002424833625711926,0.6330515314801974,-6.43998723506176e-05,0.710137542706718,0.007291497003624756,0.07035822911274371,2.8621986888241618e-05,0.8445914810509554,-0.0015382798388989267,0.7258998245503135,-3.3690430849865745e-05,0.810672615636786,-0.001420050911700209,0.8844710260663036,-3.4855584657626e-05,0.909988183960324,-0.0011735180954018313,0.6777417387112706,0.00027734377594408475,0.005271672143589587,-0.0003049274916954132,0.9490936796824677,-0.000153247022180724,0.37887252414814065,1.0,1.0,1.0,1.0,0.9146569784656683,1.0,1.0,1.0,1.0,1.0,1.0,0.07380341001025421,1.0,1.0,0.00169367081273426,0.00026116570772344387
480,0.004371967404112781,0.2324885981917475,0.00021209922285208175,0.0376104243436305,-0.0008431859884401768,0.8740647766157408,2.5014951243600434e-05,0.9020096526652234,0.00576750384286171,0.02805486356547968,0.00012071711533923381,0.18727893597850986,-0.015066394257119677,0.00020305922539852415,8.460973433448713e-05,0.5502741490337659,0.014123642431669005,0.11129282484282108,-2.622093755985176e-05,0.9275658893452305,-0.003283223689781296,0.14627810965347357,0.000152229159424693,0.08468782478178724,-0.005070312022936398,0.23906613312800062,-0.0005684491640860625,2.526444963594236e-05,1.0,0.41371466777993554,1.0,1.0,0.33665836278575617,1.0,0.002639769930180814,1.0,1.0,1.0,1.0,0.8468782478178725,1.0,0.0003537022949031931,4.844596113532274e-05,-3.45893345161838e-05
481,0.0012034517538139261,0.699153497430542,0.00010366404412539186,0.2589323013268393,-0.0121863787026267,0.039254231621142936,0.00036823770818313696,0.02772415198400607,0.005690368734581542,0.05789710668049317,-8.08662190877999e-05,0.32801621209634724,-0.005228894889591089,0.24371817143074492,-7.120016028435066e-05,0.5911830193869345,0.009502727583873917,0.22176335155491034,-0.0001234692187600478,0.5925129142782876,0.000537580575540029,0.8208480490409265,3.8287568784721546e-05,0.6037652735234278,0.0004811439037717773,0.9129026418498256,-0.00023465366657241202,0.10003755551627394,1.0,1.0,0.5103050110748582,0.388138127776085,0.6947652801659181,1.0,1.0,1.0,1.0,1.0,1.0,1.0,1.0,1.0,0.0004958486526728508,8.38477106561122e-05
482,0.008152062996938408,0.07948899054129366,-3.305985050497378e-05,0.8399923356300245,0.006022120742419586,0.1751836876307582,-1.3361142210620676e-05,0.9354684135953613,0.00512880164260867,0.0817823912030622,8.103884013327516e-05,0.4650349084471451,0.0012764901630855825,0.8502570475395357,-5.627749268026734e-05,0.7317265256906764,-0.006068118975435172,0.48447192736762357,-0.0002110347380411248,0.5273266584264655,-0.005617884114654717,0.0030832753169965565,0.0002635907359703347,5.630829840694247e-06,-0.008893471993496839,0.09294726445273499,-3.089639356367819e-05,0.8482302952670138,0.9538678864955239,1.0,1.0,1.0,0.9538678864955239,1.0,1.0,1.0,1.0,1.0,0.04008257912095523,7.883161776971946e-05,0.9538678864955239,1.0,0.002277295674130472,-7.934123907470609e-05
483,0.007633262137339734,0.007028243289787591,-3.414887924112654e-05,0.7322717622665267,0.0010230001881857778,0.8338188982558341,0.00021488409101485913,0.25124665036684646,0.009523885806329766,0.003912870617288507,9.188441965912869e-05,0.4023617689895934,5.375041791262537e-05,0.9895750959593123,6.596605460526983e-05,0.6053074781541417,-0.0015730916517656395,0.839697947404498,-0.00019798574103612623,0.46314164685507875,-0.003901450683906888,0.19378011521638727,7.769195368975488e-05,0.3342101319089511,-0.012759358608222814,0.006379038881727094,-0.00021829183388261456,0.2828205981298967,0.08433891947745109,1.0,1.0,1.0,0.0547801886420391,1.0,1.0,1.0,1.0,1.0,1.0,1.0,0.08292750546245223,1.0,0.000970755227325197,0.0006785688520924556
484,-0.0010530074553633734,0.7898997484656792,0.00031512416975592553,0.005614117471139335,-0.003957847812186759,0.5233348368834139,0.00031700906672423723,0.1043948158881811,0.0030766912497287224,0.382434006963296,0.00019794629126624447,0.08783898564655038,0.003194618357227304,0.45181857283865245,-0.0001293148813262254,0.27966713750575267,-0.0005232080861759088,0.9536347955346335,-0.0006575772807863146,0.02640293695162428,-0.00137769185196659,0.5991492145170398,0.00012343847297120023,0.06503647126370281,0.0006404455817204207,0.8944456600711427,-0.00016662587110827617,0.32207201555110276,1.0,0.07859764459595069,1.0,1.0,1.0,0.9662288421120542,1.0,1.0,1.0,0.34323818037111564,1.0,0.7804376551644336,1.0,1.0,-0.00010656110639900137,-0.00045202049572732667
485,0.012251002175884521,0.0007590564544911043,-9.285580727697921e-05,0.4797477187379122,0.005613045377952354,0.2716462619019535,2.024245411510879e-05,0.9083224417253768,0.007462258784428404,0.01720040237202404,0.00011989603703916714,0.20253731517085127,-0.006938210752519025,0.11620190664570963,-4.020355237412042e-05,0.7325034023589272,-0.00916332385407375,0.2747783582898685,0.00017547634276803597,0.5043550204312073,-0.004753171753038936,0.05779419958378836,0.00020970849353242607,0.03965134307633186,-0.004471601933987572,0.4798998884202792,-0.00039226391036809114,0.03397228521446708,0.01062679036287546,1.0,1.0,1.0,0.2236052308363125,1.0,1.0,1.0,1.0,1.0,0.5779419958378836,0.43616477383965047,1.0,0.407667422573605,0.0002689027283818925,-0.00011845671542619484
486,0.005997276450040925,0.053294079724005634,-0.0002357450339831457,0.07993368991302949,0.008440162565408145,0.04183313674216532,-0.00022128744066575695,0.08135618001163182,0.009986061903693515,0.005271639341966238,-0.00017407786330919238,0.14060332240668544,0.003693941325246368,0.5556855433210441,-6.074891876646273e-05,0.7292797567810235,-0.01642297009820587,0.08406436190707205,0.0007464779641624809,0.013990502848518554,-0.003059665149844683,0.10835416907609971,7.21486533897555e-05,0.31123481804265696,-0.00863480693959905,0.15996518766740286,-0.000126767374221274,0.504684807080477,0.586234876964062,0.7993368991302949,0.5019976409059839,0.7993368991302949,0.07380295078752733,0.8436199344401126,1.0,1.0,0.7993368991302949,0.1818765370307412,0.7993368991302949,1.0,0.8436199344401126,1.0,0.0013398899315080494,-0.00031013967940680975
487,-0.0020524601230406314,0.5457774953864265,5.60509796754733e-05,0.5930689121250109,-0.005369164789904284,0.3355746045265312,-2.3691496806185557e-05,0.9001501049644565,0.008011069001842019,0.02931564701692019,1.8073603322049978e-05,0.8922367024688126,-0.006053205919030183,0.20743144699188498,-8.429965852378197e-05,0.7017776800091914,0.0017969811125562,0.8307258623970102,0.0001411471924511409,0.709766199930344,0.008107315809412386,0.021424859571545204,-7.7985591572202e-05,0.5146621881085295,-0.00444053352457524,0.42449207688542934,-2.929509756559043e-05,0.8444996254508252,1.0,1.0,1.0,1.0,0.3811034112199625,1.0,1.0,1.0,1.0,1.0,0.29994803400163284,1.0,1.0,1.0,3.2566469052815075e-05,0.00044832684252276247
488,0.0028175188386002302,0.4236703009151378,0.00015175356382417715,0.16857231700457098,-0.005354177877470531,0.24718586268818954,0.0001755027814290716,0.14099781823449253,0.0062139012636147975,0.09760584824443194,2.5728376535120034e-05,0.8347010585686043,7.57068587623287e-05,0.9853603454844245,-4.2661380480394095e-05,0.7547350616808468,-0.0025958602252575624,0.7435753970515961,4.940443976127029e-05,0.8652318791129301,0.00011404746552451266,0.9631296793555978,7.739088910702961e-05,0.5026634248943809,-0.0012711363106662741,0.825737362358847,-0.0004371186971004914,0.06615580994981526,1.0,1.0,1.0,1.0,1.0,1.0,1.0,1.0,1.0,1.0,1.0,1.0,1.0,0.9261813392974136,0.0011302085616724604,-8.593222324861646e-05
489,0.003759856868833255,0.25264074987530805,0.0001099726482722663,0.31881689316848616,-0.00036039547895791896,0.9583836296078809,8.242628024009208e-05,0.7001442808140181,0.009953529244386763,0.008205949492330939,-0.00021851319515967085,0.025395795344395723,-0.0052667456119511805,0.4010011260320998,8.576868451668344e-05,0.6865899984684616,-0.001101900647489766,0.905177242612361,-0.00021535136844199918,0.4389239350215348,-0.0005476443850268223,0.8026607143542008,0.00021289804340893543,0.0009257316456206805,-0.006436697915700367,0.1580205716004306,-5.720122145979582e-05,0.6646715137925524,1.0,1.0,1.0,1.0,0.1066773434003022,0.3047495441327487,1.0,1.0,1.0,1.0,1.0,0.012960243038689527,1.0,1.0,0.0019338985606001647,-0.0004905932506007921
490,0.0040734813940239865,0.2687045061068065,0.00019053556878319923,0.12388002800185122,-0.0016387968883202438,0.7133802802370399,1.4941901327042607e-05,0.9289792639740914,0.00557875289347318,0.22274564364539284,0.0001196350059262906,0.3741686324101613,-0.0058407133992658756,0.24857310901576424,-0.00017695223443642006,0.28404410744449804,0.015251974642176034,0.053821083375223455,-0.0003837191537140126,0.0881101293617593,-0.00413036554338417,0.14434175402956623,0.00014860358941605999,0.08055604371905502,-0.0132943356110473,0.008517079120879395,8.695538640934333e-05,0.6376993364006784,1.0,1.0,1.0,1.0,1.0,1.0,1.0,1.0,0.699674083877905,0.9692114229793523,1.0,0.9666725246286603,0.11923910769231154,1.0,-0.0005118583103806003,0.0010602188981684258
491,0.004526105116293994,0.17882442975183754,0.0001723006655835099,0.07616273153855137,-0.004106437329992215,0.35498812203112196,0.0004431741778575203,0.0008285182851744913,0.008250767834033898,0.03868816164836532,4.584768992577506e-05,0.7369401627638268,-0.004852200453895752,0.5042456213281007,-0.00029580876059356756,0.18585674097877147,-0.007363197948128192,0.591223291812708,0.0001722324629281054,0.7118557891680615,0.002400638380342953,0.21548155656222057,2.5377028780147036e-05,0.708919878771482,0.0011443249110119386,0.8654800020785012,-0.0005631231720163965,0.004445723391551285,1.0,0.837790046924065,1.0,0.011599255992442879,0.4642579397803838,1.0,1.0,1.0,1.0,1.0,1.0,1.0,1.0,0.0577944040901667,0.0010792480080898377,0.0009094055241797009
492,-0.0010927272270194537,0.7941579343682724,0.0001082067263835846,0.46402295257766457,-0.018970723077928832,3.117638597245142e-05,0.0004739570984456719,0.003198708386150796,0.009041461087223746,0.0010167561802026095,0.00011735414374942224,0.1714784746126342,0.0012318796929005357,0.7791144930665773,-0.00021729146366860228,0.07320858430044905,0.02537053385691504,0.004146943166137415,-0.0005567217909566494,0.04510013428966673,0.00014779539191582265,0.9329603980967275,4.32065864986114e-05,0.5148603732687385,-0.015728218278380602,0.0007460387811809224,3.128868125927568e-05,0.8242884336252697,1.0,1.0,0.0004364694036143199,0.035185792247658755,0.012201074162431314,1.0,1.0,0.5856686744035924,0.04146943166137415,0.4059012086070006,1.0,1.0,0.009698504155351992,1.0,0.0005232751479438653,-0.00026974677817612495
493,-0.0027458854301511547,0.411274272835913,0.0001993073526802576,0.13215293807460463,-0.011832368286827544,0.00047620034110209213,0.0005053750595299495,0.00013171579652362662,0.010917928325170368,0.0006141582086134041,-8.074228636299046e-05,0.41900428012371593,-0.007235865254588073,0.04815879701550061,5.6807334373601534e-05,0.7322091306258574,0.017919096259382043,0.01705329731540334,-0.00042685169031691145,0.07454751515482919,-0.0036225652858807834,0.1793585430350495,0.0001406823906798243,0.1771581555352888,-0.0034003414343201145,0.4313032556326988,-0.0003945781032785485,0.01957488419466053,1.0,0.9250705665222324,0.006190604434327198,0.0018440211513307727,0.007369898503360849,1.0,0.4334291731395055,1.0,0.18758627046943674,0.5963801212386335,1.0,1.0,1.0,0.1957488419466053,0.0023023988245764442,-0.0008870285993263421
494,0.008713327327709398,0.0014172672697552434,0.0001745037991535687,0.07388423806262372,-0.009411412503262214,0.10668171455685115,0.00031223750837804765,0.17255575051596828,0.003860156925754364,0.1102968097776271,0.00019322720870911162,0.01587800031098411,-0.007129995878358815,0.10730693810201625,-0.00035603484041741765,0.014637578324103017,0.0038611567110204276,0.6872691295394784,1.626063461100541e-05,0.9565345541167788,-0.0027988139697716786,0.23215050303175266,0.00010422508586982016,0.1743942499096225,0.002905579466302854,0.5757710608589872,-0.0004444194254785079,0.003186263649152167,0.019841741776573406,0.7388423806262372,0.9601354310116603,1.0,0.9601354310116603,0.1756509398892362,0.9601354310116603,0.1756509398892362,1.0,1.0,1.0,1.0,1.0,0.04142142743897817,0.0005598318427558036,0.00020969932876662816
495,-0.00023889508546584787,0.9562860653704742,0.0002180221386333104,0.11692466889676693,-0.008312405273254768,0.08383742571815485,0.00027982049034754763,0.11463123334759602,0.006235869685412753,0.01783060664040028,-4.853794620124248e-05,0.6103182458432392,0.0021036818222028926,0.6506470371438441,-0.00011159725234190958,0.44356058370096707,-0.0008373474961851931,0.9143233738049106,-3.1777466038569746e-05,0.9230459997746572,8.754015340773803e-06,0.996974917905575,4.497466530371091e-06,0.9674768561402051,0.0010403428160551524,0.8521865658605929,-0.0003104274561399782,0.11491999311606427,1.0,1.0,1.0,1.0,0.2496284929656039,1.0,1.0,1.0,1.0,1.0,1.0,1.0,1.0,1.0,0.0015070061870326103,0.00024257893559252833
496,0.004440596084724979,0.2680755334126801,4.6654591210563474e-05,0.7597912704782362,-0.005884613806304908,0.25801833539841945,0.00028853141426367856,0.045529233878441065,0.007819471913763644,0.001275820950195907,0.0001982072864587962,0.008842477969859156,0.009513763358275857,0.011448338602316997,-0.0003521216259894449,0.0030253449632544195,-0.010764859944303219,0.31701748979995703,-0.0003213807305537411,0.3481228789094175,0.0021289583280388424,0.4227322514763804,5.197204178312923e-05,0.5261054996667148,-0.007253315061257959,0.126945221125634,8.813700990379205e-05,0.6384674026342281,1.0,1.0,1.0,0.45529233878441067,0.017861493302742698,0.10610973563830987,0.12593172462548696,0.03932948452230745,1.0,1.0,1.0,1.0,1.0,1.0,0.0020081927422779793,-0.0006858828119482162
497,0.00151700211714553,0.6525082905868773,0.0001768342229391463,0.17087420807790743,0.0067249319120251515,0.14738241666715332,-4.7847798993193226e-05,0.7474775846046307,0.012118244855868068,5.6537623921205544e-05,-8.125191333446261e-05,0.45569802644736146,-0.011406838094724694,0.023654549765633137,0.00015474487260815293,0.27141043037846746,-0.004829665358248766,0.5079225844972564,-0.00019542656600544375,0.398966780087712,-0.0022799217983494368,0.3265993248989395,5.980388198656634e-05,0.464618400613547,-0.0018437532697772713,0.7476677362979249,-6.685672437953328e-05,0.7579496649349352,1.0,1.0,1.0,1.0,0.0007915267348968776,1.0,0.3075091469532308,1.0,1.0,1.0,1.0,1.0,1.0,1.0,0.0026020802951619818,0.0009118019561149811
498,0.00862612227161784,0.04077074259459612,-0.00021390416377416475,0.09624659501197615,0.0032105822872301993,0.5261920928754114,-0.00012036326060111386,0.48508271013888427,0.00562919254335247,0.04116276011519371,4.6686777513596996e-05,0.7158676486187461,-0.00022558548954242072,0.9618257947108918,-0.00010128340105478069,0.4368992455545463,-0.0035699080310179244,0.6485201958419897,0.00011085344004067503,0.6793257026372262,-0.004299731457393664,0.08221789729397622,0.00021780110223016462,0.009744957658266957,-0.009370673092649788,0.12024988533920171,6.020949828257385e-05,0.7632074662492778,0.5300196537297496,0.9624659501197614,1.0,1.0,0.5300196537297496,1.0,1.0,1.0,1.0,1.0,0.9043968702337384,0.1364294072157374,1.0,1.0,0.0001505285828469032,0.0008642413368162846
499,-0.0032882119864822055,0.3196456660735809,-9.277309337322717e-05,0.4657265138100659,-0.013037689138671782,0.0034484306133094676,6.533597513086147e-05,0.6378472168848613,0.004860401072011889,0.0370882952775811,2.6654061135471454e-05,0.7170112200647897,-0.0019772261768280885,0.7247310905147677,7.10858831120815e-05,0.6653287930176197,0.026075843471254613,0.0018682943672726268,-0.000252448860749483,0.43857250680060833,-0.0036281412076908572,0.179244884091745,0.00013464733768070092,0.12230544971221283,-0.009004976657602,0.05521268943748334,4.7498733816931426e-05,0.7201593076439462,1.0,1.0,0.04482959797302308,1.0,0.4450595433309732,1.0,1.0,1.0,0.026156121141816775,1.0,1.0,1.0,0.6073395838123167,1.0,0.0003401868029214384,-0.0007313615517198998
500,0.0071159777981627615,0.026959053101546563,-0.00016116042311237224,0.1145813682660627,-0.002650650083901009,0.6838838139199923,0.00024897715448903755,0.2164729778872746,0.004098393421658884,0.18703288814336383,8.236641605287049e-05,0.4041937110942171,-0.006022951424996691,0.15320858191156367,3.202780217067719e-05,0.8090176378052996,0.00502576669185653,0.6192864155667019,-1.3370250195169447e-05,0.9683517279485071,-0.006266039891902211,0.0650419056613692,0.00023867409878016067,0.03191323547670308,-0.0013004951424058662,0.8134836642207742,-0.0004275148064401999,0.011486167261353833,0.35046769032010533,1.0,1.0,1.0,1.0,1.0,1.0,1.0,1.0,1.0,0.7154609622750613,0.38295882572043694,1.0,0.16080634165895366,-0.0001761775388705945,-0.00024089295076613128
501,0.003590449338825626,0.4270596996798748,0.0002013022158689447,0.23006258963295922,-0.005568524162178021,0.3395304769915257,8.48897717975256e-05,0.6504663165953262,0.010011278774892413,0.0007264039202290001,7.629403594621894e-05,0.5123927678105724,-7.980882306493376e-05,0.9899866945835731,-1.4143309419691583e-05,0.942219643394924,-0.012826335252508335,0.06416176389775716,-0.000260256344733987,0.27550858838000525,-0.0038724043888018387,0.22863182662044546,0.00027933346240938985,0.0027602331959189234,0.00874534448706394,0.09247344402613145,-0.0003674198027160248,0.03393836825256841,1.0,1.0,1.0,1.0,0.010169654883206002,1.0,1.0,1.0,0.7057794028753287,1.0,1.0,0.035883031546946005,0.9247344402613145,0.4072604190308209,0.0016135900295760346,0.0015396252595993338
502,0.0014445376137343206,0.6320695612394212,0.0001798736212810361,0.09442922740890487,-0.004244703388258544,0.45450376256156666,0.0002170701902636294,0.20441798830973168,0.0064107498474710424,0.014850033525475509,0.0002728874331254672,0.0008579920650895967,-0.004804199673351742,0.3171335788362666,-0.00010840820919873003,0.40595057901714127,0.002909725167668262,0.7002500461793655,-0.00044974066141047984,0.0715976479000925,-0.0002891860754533357,0.9336519635082393,0.00024788329123384207,0.022296626882065865,-0.0014269219462987775,0.8169206573823227,-0.0003595656459072735,0.034390289077284864,1.0,0.8498630466801439,1.0,1.0,0.19305043583118162,0.012011888911254353,1.0,1.0,1.0,0.715976479000925,1.0,0.2675595225847904,1.0,0.3782931798501335,0.0013831484532600773,-0.0005201275878010721
503,0.005769615821980262,0.08922795177945164,1.3475062792131418e-05,0.9109488773086973,0.00013159119835693168,0.9765379447349396,-0.0001596444396311825,0.2241368108768651,0.01194890014884826,0.0008222413445916149,-1.9430921206481575e-06,0.9851693419789626,-0.008012271777675025,0.03916164729777895,-5.3131092944000644e-05,0.677864094662093,-0.00450504408173038,0.600430715982103,0.00048174466529893724,0.1437447620229895,0.000612300596205905,0.8335217437618574,-7.003860808917441e-05,0.39827132752220606,-0.0059450919802755695,0.18598260077258,-0.0002104625648120741,0.26770341231056194,1.0,1.0,1.0,1.0,0.011511378824282608,1.0,0.5091014148711264,1.0,1.0,1.0,1.0,1.0,1.0,1.0,0.0036738372778192573,0.0019704660882158284
504,-0.001716874613125329,0.5154786967699263,0.0002429006837716957,0.020046845811505915,-0.005039724861462495,0.3355682119412827,0.00029621504939949714,0.07491553853384758,0.005245424981506051,0.09544572857559042,0.00016483745818857785,0.0845446307895641,-0.005562266868265235,0.2972144185908785,-5.7648728872653863e-05,0.7379917054346927,0.0074490199552411625,0.4234251407977421,-0.0005085252693270804,0.15042216823447604,-0.0006014769441963736,0.7888610336564719,9.234663849799333e-05,0.12855432020532215,0.0002258982980287212,0.9618796433470199,-0.00023012579481056458,0.1443167482429733,1.0,0.2806558413610828,1.0,0.9739020009400186,1.0,1.0,1.0,1.0,1.0,1.0,1.0,1.0,1.0,1.0,0.0015169396390724123,-0.00028849302357824723
505,-0.0010649051761794299,0.8087478558407453,0.00031957946052277243,0.05059365108302695,-0.005670882957307329,0.3059479643150028,0.0003597567325178332,0.037092500746800774,0.007563540207722113,0.055685685396421006,0.00010200624570990075,0.4148467727435001,0.0025651637869553664,0.5847509541369018,-0.00013683771488564984,0.36628649737203756,-0.0004775703371306608,0.9567384334133121,-0.00042015012790548936,0.07157516215151846,-0.004720859316975119,0.07887826770079792,0.00029776316762890933,0.00021371445084853417,0.0018055139471451237,0.8057650733503496,-0.0005221176891882229,0.022164864404468465,1.0,0.5565301619132964,1.0,0.4451100089616093,0.55685685396421,1.0,1.0,1.0,1.0,0.6441764593636662,0.6441764593636662,0.0029920023118794785,1.0,0.28814323725809005,0.0009349185022246329,0.0005273373690898393
506,-0.00038647033222782796,0.9126386896144638,0.00019805392709208792,0.13424707819003487,-0.0028454921792294497,0.617685277832307,4.809126445872881e-05,0.7570957796411051,0.003975580960635445,0.36714544254383874,4.620925427705472e-05,0.7138597214648679,-0.0016726731572706498,0.6580620230472365,-0.00011991759012817053,0.42012760970643626,0.0019384689003187983,0.8456958153898076,0.0003673569690812626,0.22819677263546434,0.00021954436764897874,0.9427807930167017,6.75940070384395e-05,0.5510822917161506,-0.0012289583612888908,0.8446098011447862,-0.0006073878532539414,0.003824778761039481,1.0,1.0,1.0,1.0,1.0,1.0,1.0,1.0,1.0,1.0,1.0,1.0,1.0,0.05354690265455273,0.0006544421637793498,-0.00041861402562736334
507,0.0040555950511196185,0.3501109124913795,-6.828020830439979e-05,0.5384101699996245,-0.004544183013708282,0.4483783527809331,0.00019089918218110775,0.3038106176902904,0.0073976681363157135,0.005824922820882443,-5.559369377816225e-06,0.9467469160377323,0.0027270422151118106,0.7175261349843746,-9.721303663432764e-05,0.6502723367469581,0.0021377045186300393,0.8319742665756396,-0.00012992168883752353,0.7043980084639851,-0.003350074108168901,0.11701516327632415,0.00013961411052080435,0.029264414154598843,-0.008423753356119952,0.11750492450447761,-2.953900683495401e-05,0.8706629267834902,1.0,1.0,1.0,1.0,0.08154891949235421,1.0,1.0,1.0,1.0,1.0,1.0,0.38043738400978494,1.0,1.0,0.0008799078552253742,0.00014974847647102022
508,0.0021851436615767227,0.5911511969316137,4.044966907845679e-05,0.7742381149351194,-0.004669524028746301,0.22974639873689706,0.00016270593015024626,0.19041405479355344,0.00959705614743406,6.370315826237724e-06,4.348784517464058e-05,0.5824876178865137,-0.004750921741307681,0.3798192081389764,-0.00040398983072105265,0.02031485844487672,-0.007833572237569126,0.3684423584829055,0.0003066921306379304,0.2910344716640566,-0.0033872475270972555,0.31875314312114755,0.00032527341422339967,0.008260026150876737,0.008859064983928735,0.1624525060074773,-0.0004746191746623665,0.022984130329742437,1.0,1.0,1.0,1.0,8.918442156732814e-05,1.0,1.0,0.24377830133852063,1.0,1.0,1.0,0.10738033996139758,1.0,0.2528254336271668,0.001861328000983682,0.00039473699904475775
509,0.004469256340718031,0.27033559016698705,-8.292961048097863e-05,0.523894788920851,-0.0007012654731348717,0.9053438585004775,0.00017360843760355664,0.30687372217133324,0.008092067721105024,0.0021011156902129105,2.5224923113739157e-05,0.7412958133527034,-0.003858882389314117,0.47773816620479925,-0.00014745901652476307,0.30702698118857696,-0.004536917638825204,0.6855297272035246,1.1844768455499826e-05,0.9756122456282617,-0.0014129763990665392,0.5805152009460516,7.030396754670461e-05,0.4649203505114975,-0.002051283714965928,0.728001380472916,-5.059340484225311e-05,0.7913124715303981,1.0,1.0,1.0,1.0,0.029415619662980747,1.0,1.0,1.0,1.0,1.0,1.0,1.0,1.0,1.0,0.0010148548555821422,-0.00011233928147544485
510,0.0050869750185546115,0.22123483606740924,-9.039438924572824e-05,0.4905404820517534,0.0018440380474480887,0.781522475721075,5.718980215322181e-05,0.7573679423388653,0.0031042928543689435,0.38144582056170195,3.782819899324564e-05,0.7516647636004408,-0.00341831041658067,0.5156229222547533,5.651976782995932e-05,0.7676341923389294,0.0004594761589190285,0.9655912223471113,0.00023177628336000237,0.4783396414374538,-0.0019638872633706422,0.4245127005580247,9.761427607069585e-05,0.28351751276837844,-0.005112584442328286,0.4105312721479395,-0.00039053395124797463,0.061214991811730485,1.0,1.0,1.0,1.0,1.0,1.0,1.0,1.0,1.0,1.0,1.0,1.0,1.0,0.8570098853642267,0.0004710342807136807,-0.00021926774444908215
511,-0.006366301826419154,0.12983104076709212,0.00018028688350990433,0.24602507053382383,-0.021463971286807056,0.00012544206416759308,0.0003720561697227552,0.04734949163646069,0.008183751964793411,0.0011015952738659782,-9.509745994907229e-05,0.3187294130786398,0.00412529688084646,0.44573516821286807,-0.00019866668242775876,0.19237194838623617,0.020815221089426194,0.009725899608467559,-0.00012180532043914363,0.562483766932463,-0.003110486746543481,0.15653658033403292,0.0002073360154965313,0.0018018051699736223,-0.0021835114889239083,0.6550994632312679,-0.00034410956793252446,0.0494619829571782,1.0,1.0,0.0017561888983463033,0.4734949163646069,0.014320738560257716,1.0,1.0,1.0,0.10698489569314315,1.0,1.0,0.021621662039683468,1.0,0.4734949163646069,0.0014147454204461137,-0.0013513699212190117
512,0.006692157999168571,0.07196011856618742,-0.0001233608950804765,0.23478108460240354,-0.0031551125853170403,0.5895618462437604,2.4967186764309486e-05,0.8880960397910143,-0.002153370808661103,0.42587515305699897,9.737248315883518e-05,0.2777151362844491,-0.006270104901743524,0.07658811076596153,0.00013663861843323503,0.22581250820647825,0.011043009647474223,0.19536027201184458,-9.100332324518589e-05,0.7540244269448448,-0.002402532522896179,0.3157836847228529,0.00017389115278935904,0.05405159059715915,-0.003754047251500836,0.5926003542750244,-0.00021850523008175017,0.330691660796557,0.9354815413604365,1.0,1.0,1.0,1.0,1.0,0.9354815413604365,1.0,1.0,1.0,1.0,0.7567222683602282,1.0,1.0,-0.000901523977244162,-3.471190721737363e-05
513,0.0032736441221596626,0.34505000783079365,6.29095538730881e-05,0.5686118279254222,0.0022680210237002677,0.7714224851192164,6.983875997536932e-06,0.9765845112258577,0.008128598420393098,0.001415222024848666,-6.63063148524806e-06,0.9348355091245606,-0.0012295531636184907,0.837270184380301,-7.871908796946121e-05,0.7057788885267231,-0.012654123879778052,0.21546904734116135,0.000269366368054592,0.38340235112417187,0.0013447401292731491,0.5767117570966567,7.876907797581994e-05,0.3192029883561307,-0.0011313295868771913,0.8651988288107185,-0.00033267906687067214,0.16675406647853608,1.0,1.0,1.0,1.0,0.019813108347881324,1.0,1.0,1.0,1.0,1.0,1.0,1.0,1.0,1.0,0.0006196925283765971,0.00083011274093954
514,0.004587845054991186,0.3160438694158574,0.00014794335256617915,0.28825769389747624,-0.008586523382355438,0.07450662264288724,0.00018301884376528216,0.17233784879485048,0.01165343533788001,0.0001410382242694202,-3.043500138831988e-05,0.7158225856664904,0.005667454685122476,0.22336060939387714,-0.0005673455916518441,1.4447806930499701e-05,-0.015311783768882552,0.05918220752522544,0.0007746714341992133,0.007424072831597319,-0.0038551337169475406,0.0952402575540692,0.0001789685305294175,0.01828169636216627,0.005844703752489831,0.3100235011677088,-0.0006868215219613269,4.878944657991874e-05,1.0,1.0,0.5960529811430979,1.0,0.0016924586912330421,1.0,1.0,0.0002022692970269958,0.532639867727029,0.0816648011475705,0.6666818028784844,0.1828169636216627,1.0,0.0006342628055389436,0.0025528734112377632,0.00039042548918568856
515,0.007286838126292537,0.03795360240262895,-9.625738831134526e-05,0.4016082005558247,0.00333104609222073,0.5378675042071746,8.924369715648334e-05,0.5362410810565741,0.003202999663956503,0.2956935757357527,0.00015748967829549388,0.1377352475209559,-0.004758455994705919,0.325543725334987,-9.777228195776048e-05,0.5987559770037502,-0.0009390740612105235,0.9113702019278789,-0.00018962259025566669,0.5323283340315587,-0.008252129483204404,0.0002938629683308809,0.00016528678630818689,0.053475882490163114,0.0001287757838667821,0.9831110101948826,-2.8367937403962302e-05,0.8780345644653874,0.4933968312341763,1.0,1.0,1.0,1.0,1.0,1.0,1.0,1.0,1.0,0.004114081556632333,0.6417105898819574,1.0,1.0,8.346940000582954e-05,-0.0014570627095506058
516,0.0050237985634784205,0.16744209850012304,8.757913496974009e-06,0.9349360914854968,-0.006571252071465486,0.31979197046654795,0.00025345966895189766,0.23021453512328993,0.004693334506476029,0.09672464377597305,8.760899367124946e-05,0.43104724882940304,0.0037027767601354386,0.4030277402896276,-0.00019693676609026768,0.13919467930496063,-0.003543108103627319,0.7558885808365821,-2.230128555614548e-05,0.9545101314385167,-0.0009865741981348868,0.7411958236229845,0.00019548740833453043,0.023557241388057256,-0.002318974246550154,0.6735323823360939,-0.0003260759678878971,0.0566990909574826,1.0,1.0,1.0,1.0,1.0,1.0,1.0,1.0,1.0,1.0,1.0,0.3298013794328016,1.0,0.7370881824472738,-0.00021166580078989258,1.848865879238999e-05
517,0.0028801488494052878,0.5094075241292412,0.0002554021233483918,0.07267729110363637,-0.0020795212766713533,0.6390100816283417,0.00020057517593174135,0.10390398072902585,0.005596071581002289,0.13928076505285308,-3.652283418100764e-06,0.9728919519691588,-0.007382608580345436,0.2029926890862045,-0.00019348760593008941,0.21279853930514048,0.0010611438129116036,0.8917394080356574,-4.825159012670971e-05,0.8412158808235554,-0.0028717182051190065,0.2078105694230079,8.13795788729734e-05,0.432597775898793,0.00279648460671662,0.6966109802198823,-0.0002919654463097179,0.2322923653101544,1.0,1.0,1.0,1.0,1.0,1.0,1.0,1.0,1.0,1.0,1.0,1.0,1.0,1.0,0.00017181965202291618,-0.0012096324386918704
518,0.00027138094716278917,0.9552161734569318,0.00021003657348694693,0.16684493520564225,-0.008860265335211451,0.06279802797844485,0.00016243353031165927,0.27352935837637626,0.006203456014327211,0.1149366228841502,5.565086805324189e-05,0.6741563433925464,0.004311307210421206,0.3549833896080532,-0.0003442817509790096,0.0713946417528734,0.001073163207862631,0.9129634894313442,5.905407171743687e-05,0.8238398432802916,-0.005098490302862625,0.17466717268643694,8.495697614916845e-05,0.41947910838098623,0.0020994469017566854,0.7318395281991165,-0.00022785020045005785,0.2502997944330173,1.0,1.0,0.8791723916982278,1.0,1.0,1.0,1.0,0.9281303427873542,1.0,1.0,1.0,1.0,1.0,1.0,0.0006264381989732064,-0.0007088737071117038
519,0.0014234130474340993,0.5818700082551518,0.00018053074861110953,0.04385694715525603,-0.006942275082122373,0.2712652896721437,0.0004726791409476456,0.01789711511615207,0.0025040463890383183,0.4466569095900018,4.64749416835028e-05,0.7076327761300722,-0.0034603473496176685,0.5006722295103944,-6.743815199795544e-05,0.701951814804634,0.001273626012059815,0.8385915326577758,-0.0002733550765422824,0.21089607291010914,-0.0022643383734878768,0.29083673549142963,0.00018126416921873624,0.016276194736236742,0.007465874885184642,0.25077064896594536,-0.0005401557557477117,0.0049740928363363,1.0,0.48242641870781633,1.0,0.21476538139382484,1.0,1.0,1.0,1.0,1.0,1.0,1.0,0.21159053157107766,1.0,0.0696372997087082,-0.00011263916420916389,0.0008414458207824504
520,0.007910056336698138,0.05286735417403664,-5.4343699305413745e-05,0.6489407774412443,0.0007778563869831164,0.89784622501396,0.00024150955458679033,0.1540170791642436,0.009534091657301106,0.0004061615328127726,-4.950436810777853e-05,0.6245474536844534,0.0020697425585164617,0.5987481946560633,-0.0001031928713814578,0.35997803513136784,-0.01512117575264878,0.0971527468875204,0.00017161863058966665,0.5070286565947268,0.0015596890976611049,0.5474366996511516,0.00012851035717224737,0.14927380158100556,-0.0067302583381654,0.334917207081067,-0.00033459770182863645,0.14976866865638053,0.6872756042624762,1.0,1.0,1.0,0.005686261459378817,1.0,1.0,1.0,1.0,1.0,1.0,1.0,1.0,1.0,0.00012923712808236807,0.00046825375360289105
521,0.004936335345768482,0.29555594859031376,-8.067896880544406e-05,0.5549894103596544,-0.002008207321244754,0.6263540370249923,0.0002052014778959992,0.1378259398890482,0.008191143971630113,0.019903314980969256,-1.5501003019911913e-05,0.8909217884575162,0.004084038485349895,0.26837261308062954,-0.0003110070148694011,0.04080192558150587,-0.01331554156406062,0.1512765981449061,0.0005983553068786696,0.08601091173833499,0.001057577803193035,0.6412076430266198,-3.4862451290942323e-06,0.9653150597388024,-0.0029453470885492127,0.6657987545746858,-0.00039288354930116246,0.0733380541604985,1.0,1.0,1.0,1.0,0.2786464097335696,1.0,1.0,0.5304250325595763,1.0,0.9461200291216848,1.0,1.0,1.0,0.8800566499259821,-0.0005974560663992622,0.0005858079124779007
522,0.0030675329085088493,0.30846089006193944,0.00011764722772190525,0.14923705666831377,-0.002476986705191699,0.6122633717933557,5.7694480218567365e-05,0.6742065864047382,0.011727959772778091,8.338054386272114e-07,-0.00013334133187896638,0.1679900078560217,0.0019060994486089047,0.6953075848434485,-8.57074805701524e-05,0.471061438287944,-0.005876463975678121,0.47426342867385696,0.0003856915468449978,0.16037808650559915,0.0001545087999511841,0.954521496786424,8.833332574870253e-06,0.9281031873025282,-0.008502649814480465,0.0971692840359764,-0.00035081771832545116,0.03596577221781401,1.0,1.0,1.0,1.0,1.1673276140780958e-05,1.0,1.0,1.0,1.0,1.0,1.0,1.0,1.0,0.4675550388315821,0.0007879378571980679,0.00040923256658075436
523,-0.0014682635474037023,0.6154454581690946,-1.8180836435512243e-06,0.9880671917565543,-0.002013198987946008,0.7167084835229485,0.00016656362679319024,0.3517943245151618,0.005413521235735564,0.1405559685776236,0.00011769163635182609,0.2632712557286476,-0.006369803139937297,0.275299792307955,1.7471502371000935e-05,0.9278687575035716,0.005676993564846078,0.6871163195426091,-0.00035396412685529793,0.374664520939771,-0.00539895541698126,0.06383178511020426,0.0002531916931350437,0.004084497448979609,0.0041597055902748625,0.5770046936242379,-0.00019913620749814135,0.3979300750359436,1.0,1.0,1.0,1.0,1.0,1.0,1.0,1.0,1.0,1.0,0.8298132064326554,0.057182964285714524,1.0,1.0,-0.00032830303220611197,-3.175596459089505e-05
524,-0.0017427048457686269,0.48177909533196883,0.0001436870862084686,0.20089533002685533,-0.005930998443551464,0.19661416084233818,0.0003165442424631991,0.08238507625339937,0.010746501736958543,0.0008312635277697686,-0.0001111359694761418,0.20462065883594416,0.0012188939380231947,0.7682717739479681,-7.398437259865117e-06,0.9607882969136304,0.005205577982800893,0.49081493446656277,-0.0002625237855729939,0.24451735751932835,-0.004657117659432078,0.10230284857520432,0.0002014225344332511,0.018473506150234735,-0.004840152147802353,0.32187117366509455,-0.0002805957138620992,0.1635786598699014,1.0,1.0,1.0,0.9886209150407925,0.01163768938877676,1.0,1.0,1.0,1.0,1.0,1.0,0.24015557995305156,1.0,1.0,0.0008466666037804482,2.1810087192126785e-05
525,0.003322960155996119,0.4230252727010355,-3.4094910354679934e-05,0.8042934063597212,-0.00850791873506062,0.028376064298657556,7.215988394685286e-05,0.5154939962811724,0.007757542865289402,0.02113018013334601,6.259245624796809e-05,0.44898776316332856,-0.0034541801423168847,0.49752304823222904,-0.00018444462084813356,0.17053597451390623,0.004296676155631816,0.6408159925471563,3.124201834541416e-05,0.9067078620887651,-0.003327181498310511,0.12125555524473611,0.00027243274791291814,0.001174199013956751,-8.790043871380211e-05,0.9864479082025894,-0.00021988751535366327,0.20246680135655415,1.0,1.0,0.3405127715838907,1.0,0.2746923417334981,1.0,1.0,1.0,1.0,1.0,1.0,0.016438786195394513,1.0,1.0,0.0022465015711077125,-0.0007373555361092436
526,0.0015839774495335585,0.6093365458603577,-0.00017283140797861988,0.07654698935805115,-0.0032803877495817665,0.5625869510807942,-3.0401979096164986e-05,0.8796748437315874,0.006152259295505566,0.16652705348198948,1.1122354333754054e-05,0.922340347169516,-0.0028130683205725257,0.512253471156028,-0.00019053110266832265,0.10449829291802133,0.014462626812077417,0.1031174968837865,0.00025370607382709437,0.33984122147502727,-0.0032651796872071696,0.22415337448740813,0.000154662202465176,0.08090968816175817,-0.012840228080015757,0.006580711736183675,-2.5726099482128065e-05,0.8994352713924547,1.0,0.995110861654665,1.0,1.0,1.0,1.0,1.0,1.0,1.0,1.0,1.0,0.995110861654665,0.09212996430657146,1.0,-0.0003543994753814233,-0.0003611075731076072
527,0.007316855897739474,0.051181179328676336,-1.8685368024853944e-05,0.8783081531670913,-0.005198006193161848,0.3902157722431361,0.00018885759034839515,0.3845532372770044,0.005292043604369308,0.32916491428655437,0.00012314524601332642,0.458949152128757,0.005139125641487657,0.1641957895568532,-0.0003765418891336841,0.019001617686406395,-0.00047637030358323927,0.9729888629302842,0.0003192552972259985,0.47917531965799365,-0.0014336091468856475,0.4339342650936038,0.00014347319618543457,0.07282533912817989,-0.010640038499867133,0.037330149133784275,-0.0003795040345401638,0.035051572735279646,0.5629929726154397,1.0,1.0,1.0,1.0,1.0,1.0,0.2660226476096895,1.0,1.0,1.0,0.7282533912817989,0.4556704455586354,0.4556704455586354,0.0007039877495751924,-0.0018873241105062737
528,0.00736165554604964,0.06147870208734592,0.00018275565894309886,0.15747464974323244,-0.0003742130737410732,0.920507069715649,0.0003291553033555716,0.032734250523991495,0.0036040179664675576,0.1435690947939417,0.00012633382966052744,0.16848606217696005,0.004875709577154544,0.25462215709798774,-0.00010666293902730046,0.48933133144119956,-0.014914052156965165,0.06693460256178353,-0.00048725747303552,0.18460701029428073,0.007419685719525105,0.00954171691626408,0.00012384634041489397,0.08844290626953753,-0.007972805836506796,0.09102606803731927,-0.0001681707098648809,0.3236496911776523,0.7377444250481511,1.0,1.0,0.4255452568118894,1.0,1.0,1.0,1.0,0.7377444250481511,1.0,0.13358403682769712,0.8844290626953754,0.8844290626953754,1.0,0.00011493154696653706,-0.0017564693434207366
529,0.004183052301254839,0.14280215164177665,0.00016015983750763897,0.04204340707902356,0.0006713934156389973,0.9204752880196595,0.0003393706092262078,0.0991064031658801,0.008557451494299649,0.014599931547343051,-2.025727149265465e-05,0.8685356221389169,0.004592187559135786,0.19943491209784103,-0.0004201930101528842,0.0012869356951318524,-0.010278931878907925,0.34304438669890736,3.269554683858824e-05,0.9158513542802212,-0.000401039389900086,0.8577678590763599,0.0001353098273657384,0.07536740823797583,-0.007324113257747702,0.19319617612813633,-0.0002270854917809111,0.29319180946829493,1.0,0.5045208849482827,1.0,0.991064031658801,0.18979911011545966,1.0,1.0,0.018017099731845933,1.0,1.0,1.0,0.8290414906177341,1.0,1.0,0.0007096299306096111,0.000690776509011769
530,-0.0012755800326003238,0.7848499730844838,0.000308893602278485,0.019440623560732964,-0.014901459187689734,0.049420249746084895,0.0002583220619509432,0.2486796391047028,0.004443463430098418,0.1734228804035468,-0.00011849773448673935,0.2545045824259037,0.0019219126910278495,0.7588562816751797,-0.00010163620594074541,0.5584923089377591,0.012738980408788533,0.16993614155336523,-0.00021731791160956365,0.4137686295302474,-0.0023832168884261496,0.3290371450798255,0.00014594679269729036,0.11041797259191664,-0.0005440997330330607,0.9105063509466099,-0.00027571055970181417,0.17155811822094402,1.0,0.2721687298502615,0.6424632466991036,1.0,1.0,1.0,1.0,1.0,1.0,1.0,1.0,1.0,1.0,1.0,0.0004766965072083394,-0.0005675992662838364
531,0.00011348204674370532,0.9762470391227841,0.00019039917408501182,0.20344906362005533,-0.007109290048306935,0.213097217280944,0.0003181022202365743,0.06669947114187413,0.004786696331938529,0.14579277285593822,5.50844166117171e-05,0.5659781425602782,0.007134818968948673,0.0352187847259393,-0.00029837201049325767,0.0047911917021014536,0.0050734079817707205,0.5290110239226458,-0.00027928316531718254,0.32942311125040835,-0.004733646727954472,0.004329331019904131,0.00018148934010699818,0.0010594923388206868,-0.005265469997187651,0.34223990558220685,-0.00016741992432873422,0.288335586934068,1.0,1.0,1.0,0.6669947114187413,1.0,1.0,0.38740663198533226,0.05749430042521744,1.0,1.0,0.056281303258753704,0.014832892743489614,1.0,1.0,0.0007565324874560787,-0.0020719010874488387
532,0.00024465763189227425,0.9562955722441803,2.6875669957083682e-05,0.8452504973842295,-0.0035458671741389375,0.6159358163841089,0.00017061097103399867,0.4641804392616098,0.009147391216485196,0.0005159979817529316,4.986369696816197e-05,0.5295917250110034,-0.0023859220661057515,0.7147460560129522,5.281309237021056e-05,0.7351757490563262,-0.0001308408169009181,0.9867418876457539,-0.00033385903768402494,0.13471127028604968,1.1000609180784447e-05,0.996379137877244,6.911796489238228e-05,0.483354812973404,-0.0033404196835855045,0.5515830986261396,-3.542229890049208e-05,0.8611110000061579,1.0,1.0,1.0,1.0,0.007223971744541043,1.0,1.0,1.0,1.0,1.0,1.0,1.0,1.0,1.0,0.0019409858399336145,0.0004940039750419794
533,-0.0015515721159485305,0.7051738596233299,0.00019527176153214679,0.15344749170050223,-0.010600041879200241,0.07602290057831068,3.647196932563554e-05,0.8564124743154868,0.008525516906574214,0.024114604015282155,-6.971250856708426e-05,0.48943381584419976,-0.0008653997769517165,0.814182614218772,-6.919482781662414e-06,0.9567615671924278,0.003874770413736128,0.594928762787948,-0.00010633748473488549,0.6975526844953195,-0.0012859720112424053,0.6069746983751322,0.00011475427419842343,0.12766161537037082,0.0019026959275778117,0.7221481998102369,-0.00016352845367523046,0.3136967189532741,1.0,1.0,0.9882977075180388,1.0,0.3376044562139502,1.0,1.0,1.0,1.0,1.0,1.0,1.0,1.0,1.0,0.0025158422701757337,9.103848326473337e-05
534,0.009706398342136968,0.0019534374654145343,0.00019882705959602817,0.032175012429627,0.005549504416724571,0.2620771188859182,0.00011935591044628988,0.4481524186435437,0.006071312292697903,0.07355023773731066,0.00011340334042256417,0.23687826758735742,-0.00732715343889382,0.039422012205962545,-0.00032430285398353585,0.0011613004250108502,-0.006979820500915649,0.3086698240773973,-5.757168459588382e-05,0.7765256353701862,-0.0033119504971613548,0.12096838625369573,0.0001380598768206469,0.043479208627516884,-0.0037082902859012176,0.39346620979035163,-0.00018777166260846648,0.289634282170146,0.025394687050388946,0.38610014915552393,1.0,1.0,0.6619521396357959,1.0,0.433642134265588,0.016258205950151903,1.0,1.0,0.9677470900295658,0.43479208627516885,1.0,1.0,0.001399373214529295,0.0003597765832614077
535,0.0006005754534687555,0.8852809633922776,0.00011032353162144718,0.370548519955904,-0.010452793628272127,0.024864745160134382,0.0003774939303950559,0.021680392197208364,0.005959689643225406,0.032368501591750594,1.5453368363305952e-05,0.8748295630903618,-0.0048864132013024,0.3779336335214305,-0.00029924099937795787,0.10578393070538844,0.01120933348962738,0.1923276501826321,0.0003181615416834317,0.2661324324721531,0.0014545196472375464,0.5621576536815146,6.597004401899284e-05,0.4750236967592024,-0.0038849080251666846,0.3807884765381552,-0.0005881614915443949,2.434073282769547e-05,1.0,1.0,0.29837694192161257,0.2818450985637087,0.3560535175092565,1.0,1.0,1.0,1.0,1.0,1.0,1.0,1.0,0.00034077025958773657,0.001853916648366718,-0.00042788473920812235
536,-0.004276052803282552,0.2585086078892198,0.0004080124609857839,0.00045661077799172614,-0.012390771123170368,0.006364479603633385,0.00038015945465870026,0.022630271426130638,0.002444788056957713,0.45965771963522695,0.0001665341015570856,0.05986596555910706,0.002217682311925965,0.6845318444905308,-0.0002210251275361527,0.25868536369326256,0.016390141006177052,0.15864802529155198,-0.00035982668786353023,0.45178325126255714,0.0016529357563157107,0.48250580979320634,-2.2011890620615522e-05,0.7956950184232318,-0.006038722927854934,0.4431389131350988,-0.0003518423155628358,0.1625182140373741,1.0,0.006392550891884166,0.082738234847234,0.27156325711356766,1.0,0.6585256211501777,1.0,1.0,1.0,1.0,1.0,1.0,1.0,1.0,0.0007992639066053467,-0.0009046389174476864
537,0.007031955926350347,0.13967909655225857,-3.2787236457980816e-05,0.8382411962276204,0.0017550160993781842,0.7800293296739055,0.00015777347106669175,0.38810217216209897,0.012520053873852542,9.772449293090065e-07,1.4715896493351997e-05,0.8837282145352283,-0.00806036208832082,0.23403256828507812,6.001660713441591e-05,0.6938657089437472,-0.0005718430227133081,0.959849776011666,-0.00049505154043839,0.036171215763304274,0.0004589693773148032,0.862390941395212,0.0001971217645175076,0.015527227842510007,-0.013133790254031932,0.009884371467197735,9.821105084577065e-05,0.6061285747009013,1.0,1.0,1.0,1.0,1.368142901032609e-05,1.0,1.0,1.0,1.0,0.397883373396347,1.0,0.18632673411012007,0.12849682907357055,1.0,0.0014934769075125704,0.0017341537553620169
538,0.006682383817130232,0.0676668791013749,0.00014474493951992454,0.2784387300310853,-0.00643154693500548,0.35983931224578114,0.0003812631380587429,0.09377026041020894,0.0030463142993313844,0.5420266672729137,0.00023801127370416602,0.1759639299569723,-0.00024719435918824556,0.9609062937125327,-7.818104558252676e-05,0.5773350556719699,0.008736358138246776,0.5231573312173776,-0.00048298527464024686,0.31025439619913386,8.039341896621029e-05,0.9812466456490941,1.1225190643785223e-05,0.9248045636974415,-0.011866708438606769,0.08070906089965195,-0.00021407818091701336,0.3726028481772048,0.9473363074192485,1.0,1.0,1.0,1.0,1.0,1.0,1.0,1.0,1.0,1.0,1.0,1.0,1.0,0.00010370620738894795,-0.00047984958664571494
539,0.003915764320587833,0.2683641129897344,9.401166353381424e-05,0.4771129295002553,-0.004672926861674119,0.3314852072950505,0.0002210134592906371,0.24104187228267804,0.000415289944344542,0.8708075195878882,7.763050288311169e-05,0.31209971476146847,-0.002009435957951995,0.7049709127988455,-0.00019323194081904548,0.29735644136606265,0.016993896973932374,0.07163690733727451,-5.0102523109090464e-05,0.8692001765928659,-0.004785355725462053,0.035823380935392134,5.7211686599182055e-05,0.48546712828426364,-0.009857232721362989,0.03468570311896081,-0.00020653275250641866,0.2828727291776426,1.0,1.0,1.0,1.0,1.0,1.0,1.0,1.0,0.8596428880472942,1.0,0.4855998436654514,1.0,0.4855998436654514,1.0,-0.0006765394027269154,-0.0009408577881391638
540,0.006320335329173098,0.09763024710569992,-5.4644195828381465e-05,0.6676871041199692,-0.0019256592293553992,0.7048223251112297,0.0002179083823174091,0.26938058895171046,0.004094405064364841,0.27950691192339516,5.560669701203459e-05,0.6418697939296373,-0.0057703505477301855,0.17589811223951146,-0.00013270617983933124,0.41415195250300707,0.005932674395066305,0.5672352681737983,-0.00023317536401050025,0.4595966073427904,0.0010985467235836305,0.7196093132762851,8.413419057022859e-05,0.4195770017478738,-0.009749952621034837,0.08350895850682963,6.287651951978677e-05,0.7453759332740715,1.0,1.0,1.0,1.0,1.0,1.0,1.0,1.0,1.0,1.0,1.0,1.0,1.0,1.0,0.00014815872443222025,0.0005182333511752329
541,-0.0030191346325707633,0.5058925832588566,5.403368725871458e-05,0.7395437897941648,-0.014195093032297743,0.0008196158842049433,0.0005398609680848407,0.0006311471216636645,0.009347160400499944,0.00018993410419110402,-2.270686199845744e-05,0.7899133999434842,0.0005199314548354473,0.904917293366132,-0.00031813231012314537,0.0704464175412284,0.012463434591113027,0.16412528962235784,8.558686792676353e-05,0.7519351122047829,-0.0032238174801677805,0.07352819580202592,5.3445791552822786e-05,0.5855282420877113,-0.0018924815045491031,0.7815619031736849,-0.0003920881058022386,0.0718750647457666,1.0,1.0,0.00983539061045932,0.008204912581627638,0.0026590774586754563,1.0,1.0,0.7749105929535125,1.0,1.0,0.7749105929535125,1.0,1.0,0.7749105929535125,0.0006051286561181363,-0.00043094862848671835
542,0.006851995268498573,0.13865385151185705,0.0002892830901561255,0.060168626368776124,0.009882846182739236,0.12099892384376408,-4.562734620827353e-05,0.79102495503262,0.004957083717069018,0.16223210512402497,8.057024723183723e-05,0.45916873667329394,-0.004952512085956242,0.3112031783907012,-0.00020893695222109186,0.1322957680610506,-0.0062356262409721894,0.6308480660017435,1.645264151031082e-05,0.968187749953423,-0.002572856236913732,0.4481888194784782,0.00011830095085593475,0.27725608344813524,-0.00793092849081864,0.1267075874263411,-0.0002500426528545604,0.27041903341262086,1.0,0.8423607691628657,1.0,1.0,1.0,1.0,1.0,1.0,1.0,1.0,1.0,1.0,1.0,1.0,-0.0002085608440491832,-0.000499087178583652
543,-0.001334603736604681,0.7300743341793287,0.0001890736327291209,0.15023268491041403,-0.004028779502567365,0.44679392638121174,7.096561656847281e-05,0.6542488386417888,0.001608718266584728,0.55248461952921,0.00012248421075352874,0.07959421303797429,-0.002661843424516599,0.5719647413224687,0.00036235027905387923,0.054655534615282435,-0.0003454225129814253,0.9606623745050783,-0.00044334398506212997,0.09566035424924581,0.0030215262996123268,0.2088446475964021,-0.00010395745904300865,0.20409231672699857,0.003740404276233451,0.4048567713205067,-0.00019757222911025008,0.16469216764419825,1.0,1.0,1.0,1.0,1.0,1.0,1.0,0.7651774846139541,1.0,1.0,1.0,1.0,1.0,1.0,-0.0002873291100550057,-0.0004843646803042025
544,0.005166175222490339,0.1564861487018231,3.203188955163184e-05,0.7735781422991412,0.0009123696457647686,0.838592370701476,6.000984717543282e-05,0.675739055768238,0.006411223322171133,0.03263738262419197,-8.107236815585807e-05,0.3951597135047945,-0.003879417075963451,0.36157928255400185,-0.0002516785411218399,0.06632736704165076,-0.003235489750721107,0.7212445734929867,0.000432225590898581,0.18413935724315644,-0.0004604858720473976,0.8311059913424739,9.58177213422773e-05,0.27318579700182144,-0.004914377844139094,0.4095352880504237,-0.00028733409854306453,0.1618216262535349,1.0,1.0,1.0,1.0,0.45692335673868756,1.0,1.0,0.8622557715414599,1.0,1.0,1.0,1.0,1.0,1.0,0.0013044999591963083,-8.223696715061777e-05
545,0.002482600771044038,0.49464213115101896,0.00011653091161934776,0.34107733883005087,-0.0018163821154685306,0.6731589946984037,6.760071933938064e-05,0.5318779147822084,0.010015636864203738,0.003640494254577822,3.6252780189230784e-05,0.7385208332472446,0.007452786871577224,0.03932512164487782,-0.0002153035024681435,0.08517286163638332,-0.005266825742896708,0.5700318420942189,0.00011472018295308844,0.6923963110278388,0.0013060526194883118,0.6323558780478211,-2.3958681253006806e-05,0.7197163915392376,-0.014173871149285675,0.03201506039821217,-9.584229500105087e-05,0.5855991478943549,1.0,1.0,1.0,1.0,0.05096691956408951,1.0,0.47190145973853387,0.9369014780002165,1.0,1.0,1.0,1.0,0.4161957851767582,1.0,0.001799205648483972,0.0004989261797626642
546,0.000860063502832874,0.8254077725945844,6.458496986768305e-05,0.6340666530406929,-0.006933723597725515,0.14761705663238042,0.0004630569945595309,0.016388731710078222,0.0014471317223462283,0.7195146559224964,0.0001820674508350727,0.2125877146703269,0.0001514859289728834,0.9710308694817276,-0.000227788017841902,0.12862365972783918,0.018776642569211004,0.09707113845099695,-0.0005930854317179242,0.19475185082043123,-0.0041956893142829224,0.09451336960272509,8.880244051565646e-05,0.42128504497701613,-0.010105911628772389,0.01761465495907509,2.2361648799413244e-05,0.882359856322658,1.0,1.0,1.0,0.2294422439410951,1.0,1.0,1.0,1.0,1.0,1.0,1.0,1.0,0.2294422439410951,1.0,0.0005090080878322838,-0.000884555133996855
547,0.009291807571202744,0.011138384936205477,0.00012053476460805018,0.20468857414049957,-0.002819772901174363,0.6085045545510002,0.00011497180997259386,0.44782500379048673,0.0066361964695978385,0.029744622394231267,2.5620748808860918e-05,0.791453110100119,-0.0038955688701564576,0.410281524448614,-0.00021168139981729458,0.041386114313527095,-0.0067162842868900615,0.4421864645584005,0.00010930215042474576,0.6709450908991625,-0.0007821273492791844,0.7878075867664049,0.00020210351918421857,0.010957027017950306,-0.0017142519670390953,0.8054935248056436,-0.0003608515224807371,0.13004411143316444,0.15339837825130428,1.0,1.0,1.0,0.3569354687307752,1.0,1.0,0.455247257448798,1.0,1.0,1.0,0.15339837825130428,1.0,1.0,0.0012215962170559647,0.0017468627489263815
548,0.002368289594049984,0.5520087563002145,-6.205188449828698e-05,0.7083329259462787,-0.0021110829742314527,0.7772448189564601,-3.974184038960016e-05,0.8568427719924943,0.008696633914956326,0.013266061688298898,0.00014377840546931045,0.17537364044338988,-0.0009755272097311488,0.8823450642017322,-0.00012047187056554285,0.5096054790350586,-0.0032512104136450132,0.6415719254109374,0.00030453681696080055,0.2744598131706718,-0.002806887157430253,0.1694375434911608,8.012759716038512e-05,0.3469220300872219,-0.0019202164248588696,0.7120995785091759,-0.0003061772259558916,0.03314929199291784,1.0,1.0,1.0,1.0,0.18572486363618457,1.0,1.0,1.0,1.0,1.0,1.0,1.0,1.0,0.43094079590793194,-0.0002636317465001958,0.00010002291119483417
549,-0.006750714540171845,0.1160777781305477,0.00030516465108824286,0.01582233997572552,-0.006990148763717481,0.08761974394149862,0.00035929274789841056,0.012307471030768841,0.005490291183538195,0.08166310860511468,-5.1529061000746013e-05,0.5401385639250968,-0.004099222798996369,0.3534370483129533,-0.00022940071484112834,0.18656567934507517,0.009249081879988992,0.45503726849017734,0.00022479149453792673,0.557107192135732,6.408420159895367e-05,0.9743507254030143,-2.1782929976529218e-05,0.748883866421282,0.0030366308068363068,0.6573463574071152,-0.0005865361756097212,0.0037201041681551674,1.0,0.18986807970870623,0.8982941946562615,0.15999712339999494,0.8982941946562615,1.0,1.0,1.0,1.0,1.0,1.0,1.0,1.0,0.05208145835417234,0.0024607189326491517,-0.0015322160547022708
550,0.0009590146743311766,0.7822058112018457,0.00020348727004131087,0.05379548104826067,0.000944221657675849,0.8118321997850236,-3.964097712042626e-05,0.7682149664950544,0.006399934132394247,0.11404524580968382,-0.0001735106030688756,0.1835183748492194,0.0010392141797899795,0.8091274902000447,-0.00017139950574504776,0.2592370729930562,0.003967484322050744,0.6046333757307248,3.4902525832400055e-05,0.9061522954576209,-0.004009268236901432,0.10483323424786412,0.0001553681431003168,0.09888914324782294,-0.009300600932230037,0.13671740469106902,-9.206843085250841e-06,0.9679259672556377,1.0,0.7531367346756495,1.0,1.0,1.0,1.0,1.0,1.0,1.0,1.0,1.0,1.0,1.0,1.0,0.0010545884517376798,0.001899518926077743
551,0.00020506416347350397,0.9475018070556859,2.3444397209727323e-05,0.8706657418539587,-0.000268417803251289,0.9474983596560727,-2.124732809932577e-05,0.9024244804465213,0.0036562527173044463,0.3224278113029989,3.68062010103513e-05,0.8260285613131725,-0.00042009489261355033,0.9435663940275987,-6.579194577121156e-05,0.7443305685379298,0.009476798264049183,0.1966142936052233,-5.744047232797223e-05,0.8257120381695563,-0.004568460246396886,0.08817754380257575,0.00019839050122599816,0.013005072927189698,-0.008081143216539332,0.16956135070255307,-0.00011416125185125309,0.5573152022928869,1.0,1.0,1.0,1.0,1.0,1.0,1.0,1.0,1.0,1.0,1.0,0.18207102098065578,1.0,1.0,-0.0005334741013496923,2.2386266626613832e-06
552,-0.00029968439264077524,0.9186410065592954,0.0001091624178638448,0.3524325752267625,-0.014433830355797298,0.011652084336986673,-9.606328889304714e-05,0.5814515248387295,0.007933733675664578,0.04958234846398302,-7.885123618826001e-05,0.5161330222503471,0.0026174912380678554,0.6281395641145724,-8.808812200688925e-05,0.6247737436677137,0.016904981527446974,0.026024032068546435,0.00010032652405350515,0.7862952109790013,-0.003434271056657179,0.1883539557243571,0.00015158172819564888,0.06524917267727416,-0.0092884204921201,0.05809143436563586,-9.806799798956617e-05,0.4766989931297405,1.0,1.0,0.16312918071781343,1.0,0.5949881815677962,1.0,1.0,1.0,0.33831241689110364,1.0,1.0,0.6524917267727416,0.6390057780219944,1.0,0.0034418698222400484,-0.0010832260860762215
553,-0.003009699986300478,0.48242565836424167,0.00022052809462466588,0.16050128482297243,-0.0041110891972461466,0.4183773438777987,2.6299341483524337e-06,0.9876089074738037,0.0013962172502521508,0.6116520694022727,8.575734140494157e-05,0.38753594202178776,0.0077980417141947245,0.09225107832202728,-0.0002709741292586275,0.03997537096318403,0.0006474750872429696,0.9501804846957395,0.00021695916847169766,0.5187772393021646,-0.00367776533389654,0.21538959150974368,0.00013358585225441618,0.1337285406896403,0.0009568204682182786,0.8505457489487794,-0.00038848627532023607,0.004712170232446121,1.0,1.0,1.0,1.0,1.0,1.0,1.0,0.5196798225213923,1.0,1.0,1.0,1.0,1.0,0.0659703832542457,0.00011730985075147067,-0.00034879205432407085
554,0.008688653016619967,0.005317538766390286,0.00016272037753568903,0.1449481366678513,0.010694048806332282,0.12743337967581103,2.4067516520511074e-05,0.9280435081397697,0.0016569766397004043,0.5434590236956407,0.00030651382674639206,0.005707741899092314,-0.00284686434686478,0.4302778786142769,2.194561908552001e-06,0.986509566325297,-0.0006906177611506665,0.9580520765376848,-0.0004931686286614844,0.2804680917924077,-0.0030674379623959517,0.30364384318820825,0.00025884201218934465,0.008425371606499086,-0.014434757103142525,0.034265798389574116,-0.00026116963233337767,0.2919823929200639,0.074445542729464,1.0,1.0,1.0,1.0,0.074445542729464,1.0,1.0,1.0,1.0,1.0,0.10110445927798903,0.37692378228531526,1.0,0.00048736958752978706,0.0005011705592395986
555,-0.007306643654061167,0.06902844529376977,0.000160059901149651,0.2099729440806356,-0.007658037051368548,0.1886157358858962,0.00037859445742445454,0.036862686123311235,-0.002673255644082747,0.3491146413168291,0.0004784134318908626,4.475251855959777e-06,-0.008597510936264456,0.1969060551513543,-3.430745973595404e-05,0.8882106701139669,0.0373883255199236,1.2924423978586584e-05,-0.0007195113989487633,0.013257400154205878,-0.006629539160876067,0.009624571979483474,0.00019712149239176026,0.04440151409851811,-0.004523338490020651,0.3087870536420747,-0.00046037041528011714,0.00023203334605634675,0.48319911705638835,1.0,1.0,0.3317641751098011,1.0,6.265352598343687e-05,1.0,1.0,0.0001680175117216256,0.13257400154205878,0.10587029177431821,0.3552121127881449,1.0,0.002784400152676161,-0.0009382030243503751,-0.001678745629104054
556,0.0007187240539833936,0.7927812000984373,0.0003081681906462741,0.0005499159414801592,-0.010391628050302722,0.07772711721591678,0.00048665383276557517,0.008128771093226246,0.00532894955958819,0.04046302456101006,-3.9038318957709584e-05,0.6259592458756875,0.003642646335954093,0.5450232420455965,-0.0002494010048548725,0.14235656705454977,-0.003908885381027881,0.7159765805078204,-2.7418459519706548e-05,0.9334892686011619,-0.0026908354834331476,0.42355224401991354,6.951258612389804e-05,0.5389688435625002,0.007301031848189004,0.221751205603274,-0.0005484768973691287,0.0005191681929698404,1.0,0.007268354701577766,0.7772711721591679,0.09754525311871495,0.44509327017111067,1.0,1.0,1.0,1.0,1.0,1.0,1.0,1.0,0.007268354701577766,0.00010278985837788035,0.00016253736324211242
557,0.0014839521081603901,0.7289339544236115,0.00033084957628585495,0.006032417403410627,-0.01102407338522685,0.018812161568834293,0.0004165076803312173,0.00017150887583663598,0.007365114578361589,0.02933320889183894,-0.00022212661431725132,0.029020091920421934,-0.0031622096915032883,0.5515368517656996,-0.0003157058559693557,0.04498471368282313,0.014465214623283706,0.05826667155139581,-0.00032966364417110606,0.2209219119145729,-0.0021868218652418285,0.38002833475553677,-2.5249986964666188e-05,0.7153429027143752,-0.0069411766093180295,0.2605895957138886,0.0001453888512822069,0.5076932288075435,1.0,0.07842142624433815,0.22574593882601152,0.0024011242617129037,0.3192210111246413,0.3192210111246413,1.0,0.40486242314540816,0.4661333724111665,1.0,1.0,1.0,1.0,1.0,-3.116165495368108e-05,-0.0006723641800365451
558,0.0035915097133255524,0.3278045912428642,0.00024007726779421042,0.015113145386543462,-0.004580749294491601,0.36751740487987516,0.0004056770033414272,0.00999161801397643,0.007310994280190763,0.039001497018114034,2.6210403467632674e-05,0.8162857051562967,0.0027261151556560274,0.5523599545653101,-0.00041525200270972184,0.013571113033864823,-0.00041010929867289775,0.9656028399229913,-0.0002503082929030538,0.3439294087413415,0.002708210850639652,0.24773058659788938,0.0001469841612728977,0.02654752251284215,-0.011345971604238217,0.04273107843209677,-0.0001533885484142527,0.43399394575228945,1.0,0.18135774463852156,1.0,0.13988265219567003,0.39001497018114034,1.0,1.0,0.1764244694402427,1.0,1.0,1.0,0.2920227476412637,0.39001497018114034,1.0,0.0018400121971745068,0.0009253178144505936
559,0.004700547452583895,0.2607300226220979,6.849548272919516e-05,0.6009799909857982,0.004229484716619389,0.44520622878648397,-0.00016349683688143796,0.38524113498894796,0.0028864671851256676,0.33613721780672756,0.00011549041832566657,0.2555920120539178,0.0019061092374533827,0.7340888110345543,-0.0002689775345608656,0.11397038338595848,-0.007034829986279193,0.4060719024260281,0.0003818463937031802,0.08354057984221903,-0.0025855252570386685,0.5779557600210754,0.00023193906093399588,0.08843541688333072,-0.0041022538922117786,0.45465994315412417,-0.0003652969243368708,0.002230750315110784,1.0,1.0,1.0,1.0,1.0,1.0,1.0,1.0,1.0,1.0,1.0,1.0,1.0,0.031230504411550973,-0.0005446893471903483,-8.402787945542457e-05
560,0.002055157015925478,0.6502555462473691,0.00032358837607580557,0.04561156998662797,0.005035667095197551,0.39856651346501737,0.00011899787242247596,0.565764138070413,0.004218859190743159,0.1235713600590271,0.00016572618315229259,0.08995394219065846,-0.0016665260593726173,0.6460955081022447,-3.105917429505299e-05,0.8084452740543203,-0.0008082672212195012,0.9242349986731476,-0.00013586053329920066,0.6934126942375676,-0.0020306664974848922,0.4976165842636473,-2.427952627833682e-05,0.7997316383643394,-0.00680422443575344,0.16964826476968553,-0.0004171131759945951,0.043722801173688965,1.0,0.6121192164316455,1.0,1.0,1.0,1.0,1.0,1.0,1.0,1.0,1.0,1.0,1.0,0.6121192164316455,0.0010675625415246179,-0.00010519328903978457
561,-0.002179313396713733,0.6040793490014099,0.00022239797541069483,0.057244872601416544,-0.004318752357822386,0.39778851177494134,0.0001660233164367853,0.296128568110548,0.011363370634076365,0.0010880720706167484,-0.0002191172627673225,0.04767580322659774,-0.002462213665958394,0.6331848950813447,-8.499031003523282e-05,0.5373717764973787,0.001805797121575882,0.841672600799308,-0.0003364265978954699,0.3348768242726714,-0.0016434382952491213,0.5752989026911035,9.235971397218412e-05,0.4293030925311805,-0.002565447995477389,0.6613079775397116,0.00015975315197488762,0.49316023630466244,1.0,0.6869384712169986,1.0,1.0,0.015233008988634477,0.6197854419457707,1.0,1.0,1.0,1.0,1.0,1.0,1.0,1.0,0.002512130905579347,-0.00022196201058813375
562,0.005078554118748089,0.201286669819136,-5.957682578247538e-05,0.7243110800530096,0.005830649348653868,0.19095811180637046,-0.00026177447285490507,0.013295690212331986,0.002053592925145049,0.6100499883251642,0.0001792789677669619,0.1703192918048052,0.004112039605567456,0.38616611443430515,-0.00020957726667444947,0.23208707151199293,-0.00543933413178601,0.47366580509231326,0.0005019688226399847,0.012783392763591216,0.002840393280287683,0.3546860769098835,2.0004087984044526e-05,0.8594721380690552,-0.014475895783943489,0.003374784353724186,-0.00017032322245128783,0.2542850970077881,1.0,1.0,1.0,0.1661841059266858,1.0,1.0,1.0,1.0,1.0,0.1661841059266858,1.0,1.0,0.0472469809521386,1.0,-0.0004614799770073876,0.0001663494281933795
563,-0.002141211282260777,0.6859729329909289,-2.8070669115101966e-05,0.8617924920895372,-0.007204933879685718,0.2778403505622047,4.437685520573436e-05,0.8258075597587371,0.0015329613575073655,0.6790092779033101,8.928458558500543e-05,0.5032307759463442,0.004176501470369868,0.3740364233611465,9.626395375819212e-05,0.500704116496042,0.004109516939151783,0.7201561288586678,-0.0002131988225032353,0.5704812760923081,0.0023121752453855796,0.22361786332989964,4.718921331503519e-05,0.48387264835042076,-0.002785008083604337,0.6488182431970453,-3.584508837601506e-05,0.8486304626118507,1.0,1.0,1.0,1.0,1.0,1.0,1.0,1.0,1.0,1.0,1.0,1.0,1.0,1.0,-1.1809357366799368e-05,0.00012022133605441776
564,0.01520908039052877,3.6931584637657134e-06,6.132253827743022e-05,0.5731473510547438,0.009352359879212893,0.10033658138109657,-6.334305358440463e-05,0.6631261242153228,0.014611470539848523,3.338447147310392e-06,-9.376360547553915e-05,0.4388449887660153,-0.002865958909475604,0.3775287520439369,-4.651455705513257e-05,0.7106066363731494,-0.021583763905449218,0.017109812239689926,0.0003626847565120661,0.1483345566408843,-0.0022725313344417984,0.3790443008029013,8.06409916845734e-05,0.4069773711972079,-0.012450655955823326,0.11977356019032193,-0.00030102707755535704,0.2560630219817217,4.801106002895427e-05,1.0,1.0,1.0,4.673826006234549e-05,1.0,1.0,1.0,0.20531774687627913,1.0,1.0,1.0,1.0,1.0,0.0031509927502145732,0.0010177310884755416
565,0.0027255781682566592,0.48057000565086216,0.00023991163158550903,0.1219458986453423,-0.0017986701942237766,0.8151625301999881,0.00025810462075399144,0.15714731420460654,0.006226126978684109,0.018626581489547787,0.00010112613846368727,0.2947198608095155,-0.0012956570682032317,0.82162235556697,-0.00013959253505950743,0.35701233856564996,0.008126388253330851,0.3242170797727707,-0.0005284581773594159,0.045376628095450115,-0.002178917263673561,0.44111360560641133,0.0003052497197465226,0.0001477140689926811,-0.01180484916271876,0.021169842420299248,-0.00023634137601825824,0.1936397893904862,1.0,1.0,1.0,1.0,0.24214555936412124,1.0,1.0,1.0,1.0,0.4991429090499513,1.0,0.0020679969658975355,0.254038109043591,1.0,0.0004285234908640762,-2.6757023847620173e-05
566,-0.00010709628264333835,0.9716538842240645,0.00023000496994582214,0.011716973070795975,-0.013366970831747765,0.04788943966106006,0.00040932697278760134,0.0245564960739667,0.01100851031723726,0.01894374786361641,7.324910306146542e-05,0.5472556879037059,-0.006691956526260353,0.19278107670793898,-0.00039858082922584033,0.035846192866500176,0.010670125629305803,0.20606556955550082,0.00011939728021230537,0.6637298914286314,-0.0004993722405984514,0.8675430696518227,2.366025731337972e-06,0.9815985468537746,-0.0010132395486595349,0.811578978083463,-0.0004357635116917491,0.012620980399109673,1.0,0.16403762299114366,0.43100495694954055,0.2701214568136337,0.22732497436339694,1.0,1.0,0.35846192866500176,1.0,1.0,1.0,1.0,1.0,0.16407274518842574,0.0013656989497995995,0.00027917050334220713
567,0.0017918723466064529,0.5219025264543219,-3.5485021804978216e-05,0.7161905153895367,-0.0011561334540746598,0.8353798370197956,-4.551960512691486e-06,0.9803646117277866,0.009687430284122939,0.00048551005262508705,-0.0001820525629319439,0.09050196043239812,0.005754510008672037,0.2690232505995134,-9.115194400738541e-05,0.5353595858527532,-0.016079578539193545,0.07317161198418845,0.0006737393672741639,0.02605343972840411,-1.6514526045918032e-05,0.995375429386009,0.00013534133192459242,0.10286237508180787,1.8412702695164978e-05,0.9973958923578542,-0.0004958392039613533,0.0012458059158033485,1.0,1.0,1.0,1.0,0.006797140736751218,0.9050196043239812,1.0,1.0,0.804887731826073,0.3126412767408493,1.0,0.9257613757362708,1.0,0.01619547690544353,0.001759862246592596,-0.00101031628556075
568,0.0044295182054610305,0.22862657547140786,0.0002100247528273102,0.05241368627034927,-0.007191599590294431,0.14750884325611266,0.00033187760375562005,0.02065729479179496,0.003993589636347733,0.38258638614802576,0.0002840714118790323,0.025223338263721366,0.0025800392030478716,0.6852070590681911,-0.0004973242251716234,0.001601265836403829,0.0023401732558102025,0.8128557508478107,2.2373609765849386e-05,0.9437195796940993,-0.00030743519542895405,0.8887873631855305,-2.31382297612219e-05,0.6985157431622319,-0.0058442879806511385,0.300457595524537,-0.0003278848045769313,0.21728945896901686,1.0,0.576550548973842,1.0,0.2685448322933345,1.0,0.3026800591646564,1.0,0.022417721709653605,1.0,1.0,1.0,1.0,1.0,1.0,-5.168680042642275e-05,-0.0007275230582982927
569,0.004771526067310806,0.32590338180693823,7.183903895622733e-06,0.9588609626423328,-0.0031049084705006714,0.596272672904332,0.0001515653415060909,0.36148325091752387,0.00884473025628603,0.006846915169776704,-4.11076936973126e-05,0.7233459081079181,-0.009246165039830017,0.014090347762479924,-5.92069207064593e-05,0.6190807990491626,-0.0013637550976125991,0.868268401613778,1.032281218767625e-05,0.9638573843359944,-0.0031940361248870993,0.22809951233315218,0.00010061209614787715,0.24688970257202625,0.00329260716116167,0.5522458167084434,-0.00016936948800336563,0.3748281843185427,1.0,1.0,1.0,1.0,0.09585681237687387,1.0,0.18317452091223901,1.0,1.0,1.0,1.0,1.0,1.0,1.0,0.0013171428947126363,0.0012046777468765113
570,-0.0015255282510859545,0.7037662688229456,0.00022311323412712016,0.0809471737041205,0.005072428248294798,0.2731298262427768,-0.00018160962356569162,0.355949216220926,0.004540065061697542,0.09522141627942064,7.950596483074777e-05,0.44717123331373365,0.0027885404226842864,0.6520827371735907,-0.00043891819610960013,0.0480463329492486,-0.007114075244253202,0.4188252331189104,0.00047856421411545985,0.13625221315822336,-0.005094525892497627,0.06575264125619185,0.000188564706648038,0.0392850222343123,0.0013330952646954102,0.7904155917394295,-0.0003492202863713098,0.033017442492166135,1.0,0.809471737041205,1.0,1.0,0.8569927465147857,1.0,1.0,0.5765559953909832,1.0,1.0,0.7232790538181103,0.5107052890460599,1.0,0.46224419489032587,0.0012395643920410562,0.00024206944568931816
571,0.002816047075160742,0.4751085449718666,6.994818414905228e-05,0.6287168533568377,-0.011554748895128171,0.07643891771879346,0.00010942313665809608,0.6196473197536936,0.009290135902429058,0.0018777874968938066,4.486248057040346e-05,0.6216466261964866,-0.004581738285578393,0.3485911588360371,0.00023221796035058907,0.07532906948596982,0.008766563640975054,0.3054711723743412,-0.00021972772657040908,0.5181847073219927,-0.002035564657882907,0.43458100844753766,0.00011995736124984722,0.2632457874016285,-0.0027006969023612502,0.63828733859543,-0.0003566813673551647,0.050742089412450814,1.0,1.0,0.9039488338316378,1.0,0.026289024956513293,1.0,1.0,0.9039488338316378,1.0,1.0,1.0,1.0,1.0,0.6596471623618606,0.0011898041080218409,0.00044998014691158386
572,-0.004673462269018078,0.1967155828979419,0.00020971674210753768,0.09548557019705324,-0.007375042934326497,0.11874169412602958,0.0001947566998739607,0.13214571643875828,0.00811873448169561,0.012628299217663445,-0.00011672153229347553,0.21018506293278838,0.00353849777466938,0.38741001392699315,-9.620716793676441e-05,0.3786026802432071,-0.0055398421852436265,0.513932244280275,4.032609298555186e-05,0.8941539757961768,0.00022397968938877278,0.9106038755301522,0.00013582728212597892,0.05656205791342173,0.005707132911804653,0.4882934646441395,-0.0003676980292793866,0.1769199225374195,1.0,1.0,1.0,1.0,0.17679618904728822,1.0,1.0,1.0,1.0,1.0,1.0,0.7353067528744825,1.0,1.0,0.00032888597290721357,-0.0006555412878490637
573,-0.0022199650482088032,0.5923733308512484,0.0003095571583961023,0.07583152886938042,-0.010282952127819753,0.022041775151990056,0.0004805551671487988,0.00017259000003980515,0.006324618104962301,0.05331095224899454,-9.644626375815475e-05,0.3825810253381232,0.0042199183341570645,0.4407051728288389,-0.00022731787782199672,0.21660665679543845,0.014613633432164472,0.07581790281683343,-0.0006226066540324685,0.010593440438059565,0.0004743033450555227,0.8101288646949978,8.041423205829361e-05,0.22035018440306708,-0.013129556749944255,0.06907320681223127,7.58442303329008e-05,0.7553665367997171,1.0,0.6907320681223127,0.26450130182388065,0.002416260000557272,0.58642047473894,1.0,1.0,1.0,0.6907320681223127,0.13771472569477436,1.0,1.0,0.6907320681223127,1.0,0.0005565150559171533,-0.0002086796866632226
574,-0.002538688130032638,0.47757739157411505,0.00013447551969887123,0.2390091578834479,-0.016211645179755915,0.002959063021868954,0.0003341345451003846,0.13957728071927844,0.006691064965949628,0.007547393113806962,5.1185307475683165e-05,0.5402063970042292,-0.00030486503713263006,0.952989086123977,-0.00021107096736363174,0.09606529720264607,0.017681270559791927,0.04780446579605426,-0.00025174278789145033,0.359276874874636,-0.0033103615010235243,0.1530522438875592,7.461428794375895e-05,0.2443236086781393,-0.0020067760259713406,0.6946771987670335,-0.000131595836339274,0.5131231179140372,1.0,1.0,0.041426882306165355,1.0,0.0981161104794905,1.0,1.0,1.0,0.5736535895526511,1.0,1.0,1.0,1.0,1.0,0.0006374766097159227,-0.0007432667964486796
575,0.001099387651089404,0.776210720151221,0.0001820710732338917,0.15062561844715505,-0.0022939474919061917,0.7383820082805903,0.00013199020737641987,0.5554006176774844,-6.333118977072213e-05,0.9790519432791396,0.0003136802965406463,0.001175284197360698,0.0021000845667828094,0.769717074578976,-0.0001403463006137183,0.5830989336512251,0.005304452758746795,0.5279756605029355,-0.00011414885694565537,0.7176347206682406,-0.003153431715222217,0.1771697236962596,8.399670125259668e-05,0.24671258359145531,-0.00299321432421615,0.5672056512197245,-0.0004572431170180394,0.0482668759164412,1.0,1.0,1.0,1.0,1.0,0.016453978763049774,1.0,1.0,1.0,1.0,1.0,1.0,1.0,0.6274693869137357,-0.0007470246581373636,-0.0007204162165818595
576,-0.00201084114098161,0.7094425465337759,0.0003743274358786392,0.028538969669827212,-0.004996183459819726,0.3056536966487856,0.0004346458968302792,0.0003770174120441113,0.008631853258042768,0.0030472909384733522,-2.5798642540604324e-05,0.7729441607390491,-0.009085349043535182,0.07092062441995675,-3.0507088223856048e-05,0.8916168550865736,0.011597078889039995,0.2731765341227421,-0.00021147936954647405,0.4635931792447844,-0.001730036157153506,0.5288294648389582,-8.240432322820099e-05,0.3219803576901368,-0.0024065215253203398,0.6619021309602846,-0.00045878390239342646,0.005581779460382793,1.0,0.31392866636809935,1.0,0.005278243768617558,0.039614782200153575,1.0,0.7092062441995675,1.0,1.0,1.0,1.0,1.0,1.0,0.06698135352459351,0.0011797167221026656,0.00046733664108846855
577,-0.003038188252125704,0.4336124029228632,0.0001566889576279009,0.3385117282411817,-0.001183832079064513,0.7721350255138024,8.847995035262296e-05,0.5272435736566723,0.005022503283746522,0.07181536513235091,0.00012158802995826973,0.11256927240102683,0.002507211329536591,0.5139073521221691,-0.0003737363732007703,0.0034800309453314115,0.006689791522189001,0.4254755360156739,5.2575045854277065e-05,0.8621084237877517,-0.001237095455999286,0.6477869955933,0.00014068215684466892,0.07243751599627964,-0.008760389233170936,0.12684801618371858,-0.00018627780328498095,0.37513349770252347,1.0,1.0,1.0,1.0,0.9335997467205619,1.0,1.0,0.04872043323463976,1.0,1.0,1.0,0.9335997467205619,1.0,1.0,0.001851454248268321,0.00017444990067007967
578,0.003100875183186452,0.4874553876367711,-1.0460475761232261e-05,0.9382912107803723,0.000845896978337098,0.8414481909303967,0.00014845504050074252,0.20884494068552129,0.004195231648355102,0.1435342338789697,6.812639698197e-05,0.4933638871405305,-0.005682948443127186,0.22259899867690602,-4.881488802517369e-05,0.7425110234792307,0.003379719325174938,0.7550674621490626,4.058293205507153e-05,0.8955698202860435,-0.0019859513953146583,0.4794259964166272,7.964426594013654e-05,0.4959725128241421,-0.0038528256072059217,0.594108906453377,-0.0002775332651467844,0.1739114485845632,1.0,1.0,1.0,1.0,1.0,1.0,1.0,1.0,1.0,1.0,1.0,1.0,1.0,1.0,0.00036952991666516517,-0.00012830296756136835
579,0.0012860319636464382,0.7436479736591872,0.0002484570902752806,0.07327267351662017,-0.00918675218210958,0.3264044474029896,8.868747828352337e-07,0.9976146085233109,0.009995855607584257,0.0016925750324007771,-4.2897133546261336e-05,0.7424845637716371,0.00221537539313755,0.638345098388325,-0.00018181507453952063,0.24400135918956312,-0.0004464142144165787,0.9670026757807028,-9.006942284800126e-05,0.8100317689846513,-0.0005706232343852758,0.8155982579837635,0.0002116322918240595,0.014662216006304202,-0.003293474574305562,0.5156931634431288,-0.00014619459987906948,0.31726032630863843,1.0,0.8792720821994421,1.0,1.0,0.02369605045361088,1.0,1.0,1.0,1.0,1.0,1.0,0.19060880808195463,1.0,1.0,0.002473072421597188,0.00035589937935242595
580,-0.005357607655904992,0.14501992230930982,8.577264923147353e-05,0.46971406933671445,-0.02364172786927586,1.823909060671673e-08,0.0004483051581571469,0.003425977607767072,0.005484429288280959,0.08395480687157224,0.00017404599200891363,0.13115412776854146,0.011895920007340402,0.00808721028652313,-0.000495538503856459,0.0008333543607689521,0.008438202576153556,0.3634098423384179,0.00014407251460476028,0.6397603067491571,0.0032454325229174653,0.16914988419289145,-9.816192607328552e-05,0.2857944928274979,-6.464948395351897e-05,0.9913565253841191,-0.00025849586588605537,0.19511583823942302,1.0,1.0,2.5534726849403425e-07,0.04111173129320486,0.8395480687157224,1.0,0.08895931315175444,0.010833606689996377,1.0,1.0,1.0,1.0,1.0,1.0,0.001534856209484716,-0.0012654339638017125
581,0.0065688916851729525,0.02778013081522568,7.719477678263259e-06,0.9220457378524014,-0.00038317204803119164,0.9247311734290393,-8.385581340604006e-05,0.5875534938440732,0.007648219565043985,0.07678765701406372,-0.0001421129160639139,0.35821143093589924,-0.005833384558167265,0.21912877661716723,-0.00023972550832540373,0.09094758248699447,-0.004348815906949118,0.593787864402574,0.00034889565188566004,0.20179306624211735,-3.1568310932131875e-05,0.9888495387301132,2.3124320109202e-05,0.780102989662623,-0.003620172542886812,0.39494497550047203,8.595482707485116e-05,0.46975109209698496,0.3889218314131595,1.0,1.0,1.0,0.9982395411828283,1.0,1.0,1.0,1.0,1.0,1.0,1.0,1.0,1.0,0.0021643042684280456,-4.271113805704959e-05
582,0.005309443754079266,0.09383293788055612,0.00012448459906124758,0.21685563976687539,-0.0008728941201025641,0.8785996450490501,3.938030393309885e-05,0.8405722725441944,0.013872742255915236,3.624962944165242e-09,2.729327117479609e-05,0.7847190354928004,-0.009331959807098162,0.10625190484812315,-4.3104360864884984e-05,0.7802163096770031,0.005198012281478184,0.7341427886331477,-0.00046362728432336296,0.3200504423251538,0.0003959085399977206,0.9190277680376407,0.00017514791327618085,0.1776751123929733,-0.014571253852901546,0.0014108999545112894,0.0001404256591090284,0.320994792470788,1.0,1.0,1.0,1.0,5.074948121831339e-08,1.0,1.0,1.0,1.0,1.0,1.0,1.0,0.018341699408646762,1.0,0.0008057122725176697,0.001524725975692251
583,0.0019772199539417495,0.6042111650610407,0.00010393657346710924,0.48691254721341637,-0.003599853698382228,0.5836616765007336,0.0001729784799255857,0.42352288889678946,0.0056959910764118145,0.011471741931691669,4.5291222488759205e-05,0.5245190217753397,-0.0005360264720424405,0.905144010505436,-0.00038287422231789495,0.005674192044246914,0.002302511346327013,0.8201773086696742,0.0001729774096460228,0.5472958171507856,-0.00015372564358059752,0.9519189669506489,-2.337101830766733e-05,0.7638862517576608,-0.005686116445159757,0.23112037769832217,-8.893839439331448e-05,0.6417189244771437,1.0,1.0,1.0,1.0,0.1491326451119917,1.0,1.0,0.0794386886194568,1.0,1.0,1.0,1.0,1.0,1.0,0.0008976288345060488,0.00024031737411634485
584,0.002711038822783406,0.4896082943829413,0.0003126260823374755,0.007968000909770075,-0.0037249640767217933,0.5064465715579308,0.0005012990953037173,0.0003312112643290316,0.007316935189697469,0.0016111310198054618,0.00017989431244986928,0.009832299329438061,0.002615067237061767,0.5821087150530716,-0.00024132548038717486,0.10320895494714453,0.00014320380431104973,0.9880441644634393,-0.00042142804055684185,0.10355881057208907,-0.0032907224568748147,0.15282889566391228,4.3241777995871056e-05,0.6092991076245797,-0.005770558531538735,0.3078857222188033,-0.0003743078491488815,0.03506256301288058,1.0,0.0956160109172409,1.0,0.004636957700606442,0.020944703257471,0.10815529262381868,1.0,0.9288805945243008,1.0,0.9288805945243008,1.0,1.0,1.0,0.3506256301288058,0.0030926921715710145,0.0007173305813043431
585,0.0006324016337918156,0.8443508314616159,6.63496118390425e-05,0.44885026443780285,-0.008671519240930639,0.11030543428983645,0.00037949110851289336,0.018091644522743353,0.0059701535173621555,0.09149523034617763,7.4689713018562e-05,0.5010343116492866,0.004649329517437881,0.40278580729218605,-0.0001999878613238344,0.22827603982526412,-0.0014857240903005755,0.88035824062273,-0.00014906054137315454,0.5946240076073714,-0.002820606969606355,0.1531232102356018,0.00018134532256734511,0.03280973194347993,0.0017259641472181498,0.7988414174327482,-0.00035282738691058316,0.1412129065460649,1.0,1.0,1.0,0.2532830233184069,1.0,1.0,1.0,1.0,1.0,1.0,1.0,0.42652651526523905,1.0,1.0,0.001363858406650508,-0.0005339968574832626
586,-0.00018219631485900888,0.9610508322962686,-0.00016127877501752194,0.2165959348794485,-0.012217371254174714,0.002460148712787091,0.0002571169212361136,0.04911488455904417,0.005771896764133951,0.13802149466524838,0.00023681193080712224,0.06561400960462199,-0.0016869303358650165,0.7313029360653074,7.97091059360209e-05,0.7079016606788239,0.00993257530491747,0.30637613745772996,-0.0004967983164074226,0.06648511538589107,-0.0016542341266399072,0.46309213167820795,9.374736279095367e-05,0.264130922295424,3.6261187260863775e-05,0.9946862595609026,-9.30822493164901e-06,0.9640629196746375,1.0,1.0,0.034442081979019275,0.6384934992675741,1.0,0.7873681152554639,1.0,1.0,1.0,0.7873681152554639,1.0,1.0,1.0,1.0,0.00044468293852657423,-0.0003688647085294776
587,0.0029805329392439857,0.4384906212981612,0.0001288989786066665,0.36761908254011155,0.002828301835642547,0.6667245231456395,0.0001576371780690183,0.5398401085199037,0.00826389068380176,0.0005012236908647226,-6.51221748726204e-05,0.3976844325030565,-0.0026343469288388254,0.6468224687464144,-0.0004963318029104655,0.009562464541852233,-8.761115021545105e-05,0.991953427224848,4.682349920705817e-05,0.9008143182065432,-0.0032730275388975828,0.22425845676148182,0.00014176075879918798,0.19822004600335552,-0.00807773767977076,0.23377186756241408,8.633354211018697e-05,0.7173052006896936,1.0,1.0,1.0,1.0,0.007017131672106117,1.0,1.0,0.12431203904407903,1.0,1.0,1.0,1.0,1.0,1.0,-1.0202500235567534e-05,0.00028235254830555746
588,0.0016389582308182923,0.7099934920403068,0.000275004604224479,0.05651278513471426,-0.0030225703627827978,0.5553926088139779,0.00025526392921931953,0.21788752673989875,0.0029063167605013485,0.3064243165312668,0.00012566958318198314,0.08881248343198037,0.0024478796903741225,0.6034571882054682,-0.00025063369594978646,0.08037714402307417,0.010280090832877547,0.26134196388615305,-0.0005899267102280655,0.020676957948245277,-0.0038711748789944525,0.0633588594366245,0.00016387332069476958,0.008859453064195326,-0.010379500884900705,0.08829824374632991,2.0749038647364508e-05,0.9173931120427661,1.0,0.6781534216165712,1.0,1.0,1.0,0.8037714402307417,1.0,0.8037714402307417,1.0,0.2688004533271886,0.6969474538028695,0.12403234289873456,0.8037714402307417,1.0,0.0003679104075842702,-0.001350604128310175
589,-0.005099492106388517,0.1273898605729296,0.0003415057643390545,0.002121127045330763,-0.011154475726927054,0.021137472774048,0.00046196500527435213,0.0027187425165238533,0.004939230076639416,0.044427757970161234,5.543125523414036e-05,0.49855891925095164,0.0024898718037450187,0.657667071673714,-0.0004490339737256991,0.005357360385717603,0.005064974957797489,0.3922331616565261,-0.0001185943922856615,0.5787779100432029,-0.001968978127668769,0.46762107360705873,0.00020777574421245858,0.0017206421117378946,0.00572886671327925,0.33486445722186,-0.0004990493004822347,0.0056650761760463075,0.8917290240105071,0.02757465158929992,0.190237254966432,0.03262491019828624,0.3554220637612899,1.0,1.0,0.05893096424289363,1.0,1.0,1.0,0.024088989564330525,1.0,0.05893096424289363,-0.0004156365164441234,-0.00120174030230723
590,0.0007506830465952375,0.8203319363422839,5.6763359391849714e-05,0.542521590166226,-0.004388744917847932,0.4298898913456446,3.5362089558063646e-07,0.9983585582354855,0.005854529266327761,0.07189773458179763,4.149334233512779e-05,0.6838883180332705,0.003037212964801634,0.632364417041263,-0.0002497488535486659,0.1988521356965004,-0.007791601515504552,0.37756025516893377,0.0005553554525345811,0.024051400777275606,-0.0011073729960655349,0.6518809430344231,4.2818908919359484e-05,0.66929693212129,0.003645294523248732,0.5009599453188662,-0.0004470357886743425,0.026866952846606697,1.0,1.0,1.0,1.0,0.8627728149815715,1.0,1.0,1.0,1.0,0.3367196108818585,1.0,1.0,1.0,0.3492703870058871,-0.0001295124101105816,-0.0006434271899407218
591,0.006189813732217983,0.21320025855492974,0.00011004034668762877,0.3916184922545992,-0.00036545521676076785,0.9427133884373777,0.00030463573007843205,0.16026606151152067,0.007164165808674112,0.0008375885237148808,-3.573457109676355e-05,0.7174164464956116,-0.012260057588907206,0.06128191775796022,0.0001978547484465339,0.35984778075334,0.003449632809982954,0.7446004154329804,-0.0002638059203313159,0.3933624146558031,-0.0007584999767595051,0.7650450000943507,-6.569382153795939e-05,0.35224428063977975,-0.003419601216439107,0.4437086504885568,-0.0002472964186161135,0.05985002009617831,1.0,1.0,1.0,1.0,0.011726239332008332,1.0,0.7780502612503181,1.0,1.0,1.0,1.0,1.0,1.0,0.7780502612503181,-0.001112265149962966,0.0005985769352468996
592,0.006286902859100714,0.16863069019972154,-4.843104834988147e-05,0.7675496655388312,-0.0072446474316887974,0.07017352400569893,-0.00010359284244598837,0.3708952683283522,0.008565445235797865,0.02509467284739808,-8.336582561583357e-05,0.46347407707243116,0.006447202180733355,0.16717985912961364,-0.0001634722890843993,0.29854029358956813,-0.00846575759775619,0.35196398880014157,0.00019356425857040854,0.5818023308708148,-0.002335523121545587,0.26158775004591484,0.00015090168393575045,0.04031974166880241,-0.0032536227827151963,0.45077690686868466,5.439605528969017e-05,0.7314590004163175,1.0,1.0,0.8420822880683871,1.0,0.35132541986357313,1.0,1.0,1.0,1.0,1.0,1.0,0.5241566416944313,1.0,1.0,-0.00012313692785600363,2.620865250891814e-05
593,-0.0059934165559272536,0.07764683502871178,0.0002885121979382531,0.005939076240910222,-0.01138743945617888,0.013054631698679178,0.00048503854924205486,0.001090590206669607,-2.2855277608271563e-05,0.9940668092439197,0.00019568671896164882,0.023349055679492633,0.00027088179351439785,0.952111081994695,0.00015621132761921953,0.32091239503794744,0.025034227558458574,0.00019078780607458063,-0.0011129685680773059,4.3914066528326075e-11,-0.006557318917547069,0.0018823933106745466,0.00021838966336175722,0.022992570959154877,-0.0013440808620673902,0.7342197699429136,-0.0002308698410720566,0.05131259314873744,0.3882341751435589,0.059390762409102224,0.1174916852881126,0.013087082480035284,1.0,0.18394056767323902,1.0,1.0,0.0024802414789695483,6.147969313965651e-10,0.020706326417420012,0.18394056767323902,1.0,0.3078755588924247,0.0009444748650951713,-0.0011180865175221802
594,0.0028133852623287267,0.30143193126694945,7.107976127752621e-05,0.5980989095930315,-0.008626657774149437,0.08316126438863304,7.019628144565556e-05,0.6064372908535647,0.009011197433993173,0.002945894868628499,3.2133325692944563e-06,0.9678130444519923,-0.002757223243063646,0.56660769884046,0.00017361307772163016,0.16787673733646424,0.010516342812065932,0.2711514752262776,-0.00043481609241552676,0.2314169718477429,-0.003988030410148764,0.13826578262733846,0.00021833164376126272,0.025998011596174687,-0.0069690150260496055,0.20585314434438506,-0.00010161801578984515,0.5603467584338482,1.0,1.0,0.9979351726635965,1.0,0.041242528160798986,1.0,1.0,1.0,1.0,1.0,1.0,0.33797415075027093,1.0,1.0,0.0008227898460248818,-0.0006829420806250347
595,0.0027357946140356337,0.6339680626499795,0.00013815348405873146,0.4844291063046401,-0.006272763420959376,0.5023468692759572,0.00031419419253752304,0.272342653832494,0.002957889656751304,0.3465544406755189,4.806891288366442e-06,0.9629718554346776,-0.008031473885990995,0.2664235635398847,0.00012907126554316824,0.5230914283475935,0.012593352650273658,0.22396339486345396,-0.00048135468509664513,0.12656430366973687,-0.005828778791746292,0.05281766055659279,0.00022500054306650642,0.012097646356202233,0.0018459805224408912,0.64528551851128,-0.000329871684230804,0.02687980010626165,1.0,1.0,1.0,1.0,1.0,1.0,1.0,1.0,1.0,1.0,0.6338119266791135,0.16936704898683125,1.0,0.34943740138140145,-0.002520106656467294,-0.0004372802572037989
596,0.0012418481393803998,0.7167193355395349,0.00020356267295257391,0.0718151469128372,-0.0025653012746090016,0.5600307237633384,0.0001579946971730392,0.1959170625707396,0.0012257170691863213,0.6230792134108787,0.00028103269934436846,0.0011404837172147165,0.0019098782818601243,0.6882899839272036,-6.366946404459866e-05,0.6863244125028536,-0.0035615496027440897,0.5081350511462079,-0.00017291432023060907,0.403750470903116,-0.004205482808628193,0.1584252703182314,0.00010949643461183443,0.11480758990187957,0.005954892411664082,0.2177718310400223,-0.0005155027348867167,0.02309539120569312,1.0,0.8617817629540465,1.0,1.0,1.0,0.015966772041006033,1.0,1.0,1.0,1.0,1.0,1.0,1.0,0.30024008567401056,0.00013564994472844237,0.000535783003731533
597,-0.005170261014138724,0.0874594712384054,0.0001861576646649619,0.11140078534150084,-0.003848539906342287,0.4429970633187441,5.793968890531866e-05,0.7346131620350341,0.008522620996155746,0.0036744654946543765,-9.283787860884789e-05,0.35082583369470555,-0.0037088852524601434,0.3957668254556408,0.00015075722200531404,0.18170982790351176,0.009583003164735678,0.1891817976275617,-7.371231535360173e-05,0.7422869988366471,-0.0010209393712754934,0.6511443202412355,8.487136895283974e-05,0.26181050791458127,-0.004356999015618833,0.4435248916029102,-0.00031317569485061667,0.1134912483687945,1.0,1.0,1.0,1.0,0.051442516925161275,1.0,1.0,1.0,1.0,1.0,1.0,1.0,1.0,1.0,3.2044724774656945e-07,-0.0007605916667782136
598,-0.005965148862795235,0.18762966982683182,0.0001969462326480058,0.14725947328796665,-0.018402383088964986,0.00014867927450633637,0.00042188610696525757,0.005182920897514494,0.009521167947082767,0.00016234272092871405,-2.930857275488954e-05,0.7597964303186789,-0.0028728309442880985,0.587766271064979,-0.00019400696350289746,0.15122070705819118,0.022008756425705534,0.011741350339049312,-0.0006029653356030292,0.037103421024056435,-0.0019324352770875742,0.4244195505335785,0.00024621995059658874,0.04869471147677733,-0.0023571260970893194,0.7228197119188946,-3.877141011804165e-05,0.8623137942979253,1.0,1.0,0.002081509843088709,0.062195050770173926,0.0021104553720732826,1.0,1.0,1.0,0.12915485372954244,0.3710342102405644,1.0,0.43825240329099596,1.0,1.0,0.0029380270868150254,0.00045881846627785085
599,0.0036938990875076657,0.19003116621290728,-1.8680886534558598e-05,0.8153094209832784,-0.008110409535081027,0.06182454864669508,8.128651615858544e-05,0.6084095421617163,0.005236274761281298,0.08630182564040875,3.8510236246828993e-05,0.6669478501586589,0.0029813546285498535,0.4770013478491728,-0.0001937529106490305,0.15484800514188923,0.004602588934300707,0.6122903042904853,0.000291620975078148,0.3649368379891078,-0.0020996331708352084,0.4155572835110021,-2.594884230984294e-05,0.8274355320531763,-0.00630407665350317,0.22107235105254386,-0.00017303499001515446,0.40123523275333695,1.0,1.0,0.8655436810537311,1.0,1.0,1.0,1.0,1.0,1.0,1.0,1.0,1.0,1.0,1.0,-0.0007676535765741378,0.00011219913857499635
600,0.007190658882104498,0.06763816956424457,0.0001255997580929435,0.32541914897783664,-0.006127492127353293,0.2954851096355545,0.0002309682201666,0.20468655123989654,0.005581391321633302,0.13691519894726253,4.772191732779976e-05,0.6522679016235053,0.0011057422153517525,0.8341937327567929,-0.00024410112894134386,0.1685277135838925,-0.003076184145243637,0.8034964859526722,0.00027667215679256954,0.45553077738950776,-0.0022517393842653435,0.287902593051122,-5.898492211152458e-05,0.45131947504724335,-0.0024223771737629037,0.6843997023726487,-0.000377875961141494,0.07886014531796105,0.9469343738994239,1.0,1.0,1.0,1.0,1.0,1.0,1.0,1.0,1.0,1.0,1.0,1.0,1.0,0.0008101228818247131,-0.000329171625778482
601,0.0008219176085598889,0.8397076643746303,0.00014583082581186467,0.3192979470862164,0.0003738790297050579,0.9425013089489368,0.0002886914582651515,0.1943820801015581,0.00624455674102637,0.01982525914717278,4.470924591340167e-06,0.9653214191105297,-0.004223705531915952,0.33971796333933246,-0.00019871731820702556,0.1865200188552273,0.003870429699699994,0.698951204090188,-0.0002507252451039852,0.44800660838876416,0.00016213665533527713,0.9562024976240086,8.443207802210266e-05,0.3997187354586388,-0.007249214174186633,0.22502708690048756,-7.398268670902002e-05,0.6797538810446748,1.0,1.0,1.0,1.0,0.2775536280604189,1.0,1.0,1.0,1.0,1.0,1.0,1.0,1.0,1.0,0.0006332626400584538,4.466579549436236e-05
602,-0.0021259600309678508,0.5415638858283132,0.0002494106279692282,0.008681069930064098,-0.0043480012729266975,0.4506581157361538,9.648088932860963e-05,0.6306837408599649,0.010004050456955065,0.000913601104475899,9.230762637049864e-05,0.40457688041137274,0.002271369835909611,0.6499198241972708,-0.00025365314706336486,0.03706871661641259,-0.004682301373229511,0.5265613016146512,-0.00012852094673000605,0.519638869474951,-0.0007350476719151053,0.7165294310973507,0.00010305360900398112,0.08317346184707462,-0.00038410977589841853,0.9399530914302003,-0.00015907865460751617,0.3150635998345751,1.0,0.11285390909083327,1.0,1.0,0.012790415462662585,1.0,1.0,0.44482459939695107,1.0,1.0,1.0,0.9149080803178209,1.0,1.0,0.0018631967012574043,-5.960474560788223e-05
603,0.0009675248786011543,0.7885888617341992,-0.00012385160858935224,0.22096369565964935,-0.011947244640445746,0.05423359631107373,-2.72787860420319e-06,0.9883554049258234,0.004266218965625954,0.09367653487462166,-6.3536623340564e-05,0.4723999370163452,-0.0028860770917579497,0.6750258885407817,-0.0001222237124451287,0.49072136694292656,0.009614648480864933,0.22367247110972355,0.0004507694353741537,0.018347013911883904,-0.00011225308482461102,0.9638582495219805,3.19778149357119e-05,0.6873613333458974,9.718433704407334e-05,0.9853431047525242,-0.00017040740257209854,0.30412526716844723,1.0,1.0,0.7050367520439585,1.0,1.0,1.0,1.0,1.0,1.0,0.25685819476637467,1.0,1.0,1.0,1.0,0.0012272153439862573,7.291832349495533e-05
604,-0.002078401761167383,0.6245174911116231,9.477023255032247e-05,0.44531051024166834,-0.013135439478736207,0.003341980287404276,0.0006182899802294806,0.0008600198877234858,0.008135889204044473,0.00380855044281592,-4.05096811183996e-05,0.5852314479588696,0.0016641496504492324,0.7390036010040156,-0.00026670201292383877,0.14277869856178738,0.009376115150561061,0.2810829984505431,-0.00021291287699831153,0.44722656987384746,0.001072567347822761,0.5891513854282225,2.634352693113197e-05,0.7831364681761792,-0.0050348848858971455,0.29454987846573955,-0.00021927904328381258,0.18124722167442098,1.0,1.0,0.04344574373625559,0.012040278428128801,0.04570260531379104,1.0,1.0,1.0,1.0,1.0,1.0,1.0,1.0,1.0,0.0025397116526075726,-0.0008710907379436928
605,-0.004188884653039453,0.2580254042438852,0.00027746401009541295,0.000739409931189405,-0.010170287274373774,0.061819399507790945,0.0003506955687335117,0.020595568078877614,0.001740188718241911,0.6664283410821283,2.1166973502281974e-05,0.8743100305142144,0.006393072560924639,0.22747692473242098,-0.00038117072266589117,0.028837502224587048,0.01269020328416532,0.20465653018529495,-0.00010075992515612794,0.7404986983703048,-0.0029730117805555826,0.3904013837344962,0.00013145669660343326,0.31218386727976577,-0.003491280628244286,0.5302955718682998,-0.00029885259032878103,0.08913445873585715,1.0,0.01035173903665167,0.6800133945857004,0.267742385025409,1.0,1.0,1.0,0.3460500266950446,1.0,1.0,1.0,1.0,1.0,0.8913445873585715,0.0002771869257607213,-0.0006317541196746094
606,0.0025262095115902916,0.5039618669744048,0.0003419302238996533,0.007177824298742528,0.0004883594105073185,0.922937901217733,3.0248812482619025e-05,0.8675612638199015,0.002751471259256038,0.4374713335249161,0.00018955653854990125,0.11845511591099857,-7.832143667714422e-05,0.9881034561870169,-0.00030087097838284307,0.06948490682088107,0.0005962493505769458,0.9472099650228512,0.00011171550145505075,0.6416202154141749,-0.008127833382676603,0.0005587284196127063,0.00019902235467121482,0.005725999213405277,0.0018438638899275178,0.7014953999514043,-0.0005716023866053338,0.0026731920146998373,1.0,0.07895606728616782,1.0,1.0,1.0,1.0,1.0,0.6948490682088106,1.0,1.0,0.007822197874577889,0.06871199056086333,1.0,0.03475149619109789,-0.0003675663004375605,0.002106777031782117
607,-0.0004765080294998133,0.913156070106011,0.0002567031502092816,0.050670343521524816,-0.010148510928789753,0.021008725638669012,0.000110049109469209,0.47365040601813213,0.00780642144498248,0.007953520385170342,4.6569794230361804e-05,0.614846693065082,0.009584927665055087,0.06357593863377789,-0.00042669105729560276,0.007566504575103997,-0.005282997778330328,0.634307276350065,0.0002881461119979135,0.43576966984523247,-0.0024711296838630763,0.28469166309574157,0.00011776598018471488,0.10054177160895636,0.0009877981055041334,0.8540772180235187,-0.00039254312524955186,0.07153277342299617,1.0,0.557373778736773,0.25210470766402815,1.0,0.10593106405145597,1.0,0.6357593863377788,0.10593106405145597,1.0,1.0,1.0,0.8043341728716509,1.0,0.6437949608069655,0.00022829735955091695,0.00036276315056527324
608,0.0034599193084816947,0.336843452116811,0.00016768175500466275,0.1051380614678811,-0.00977800734593121,0.042279418311915166,0.0001455274445788232,0.284071816752008,0.008310264636304528,0.0009460648635863342,0.00013510430726719954,0.08108444836311711,-0.0012363314926334154,0.8124437167347378,-0.0003848909757223709,0.0377920358598103,0.004867935757857275,0.6531794548507812,-0.0001018431640293522,0.7851956561956598,0.0026705348633081346,0.3121813596952592,0.00013314311380412417,0.1275745502491336,-0.008294316757222068,0.24632280640268145,-9.472249236845653e-05,0.6807820868546561,1.0,1.0,0.507353019742982,1.0,0.013244908090208679,0.8919289319942882,1.0,0.4912964661775339,1.0,1.0,1.0,1.0,1.0,1.0,-0.000405944666654908,-0.0014070604466148587
609,0.0005021081927271716,0.8867154922408913,9.237966528487658e-05,0.4238073243229662,-0.002878751774763031,0.48626885781787643,0.00016841677292816254,0.16467043630867573,0.011703353045030103,6.399984937972386e-06,2.1466124172138403e-05,0.8251287883011417,-0.0010492612287224322,0.8447385265704299,-1.8176807935031997e-05,0.9109502521447498,-0.0017316942809391413,0.8259322826212548,-0.00015928216509757597,0.6070694177341325,-0.0026867262253706093,0.24324775517434027,0.00017995226662697122,0.010946185258733268,-0.0038590275697112514,0.3713191021357869,-0.0002847558737722864,0.08751115241357106,1.0,1.0,1.0,1.0,8.95997891316134e-05,1.0,1.0,1.0,1.0,1.0,1.0,0.14230040836353247,1.0,1.0,0.0004611428063264497,-0.0004388808981430874
610,0.0004894502974540838,0.9126167080853299,0.0001275175170170409,0.47208572882286814,-0.005561235701892095,0.2733211365663929,0.00017926057147824476,0.2856673238238222,0.005947852531564252,0.09829166000315603,4.484282604894969e-05,0.7251788054047262,-0.003640986032457122,0.4851374212125289,-0.0001240895458632006,0.5254412135346089,0.002702245834264246,0.6586953526574726,7.255448051314728e-05,0.7282237529484784,0.0004015200123614975,0.8861588412764388,8.190688740847275e-05,0.3821491850208135,-0.00033884661368811813,0.9320484514969063,-0.00038199266662121266,0.002097525873690516,1.0,1.0,1.0,1.0,1.0,1.0,1.0,1.0,1.0,1.0,1.0,1.0,1.0,0.029365362231667226,0.0020906649895643566,-0.00047497394669258485
611,0.0019056487280094548,0.6414617894593957,2.3555766934053032e-05,0.8626048947159073,-0.010918630939049058,0.13634298207480017,0.00022029511101062378,0.3321587638531206,0.004592270795909664,0.08084839494474585,8.657760786128597e-05,0.35968527977774234,0.0008504355950684889,0.8386398589573067,-0.00016743579659157166,0.19316818662013202,0.01138300053138699,0.2607954615935767,-0.00027302674704229646,0.40920444625825003,-0.0012122210246642666,0.6647817301398625,0.00012394501186184634,0.11008204713796041,-0.006600503751548817,0.18158979876781667,-1.3910972846874377e-05,0.9283064146397835,1.0,1.0,1.0,1.0,1.0,1.0,1.0,1.0,1.0,1.0,1.0,1.0,1.0,1.0,0.001418913533874352,-0.0013874935686950037
612,0.0012333261399497264,0.7014494878923035,0.00010599780530722246,0.28754849784549397,0.0020954104804540566,0.6718484849798898,1.8868567331843988e-06,0.9913934514584076,0.007075719718157276,0.010497188894703184,-1.5662988269258664e-06,0.9853564456890151,-0.004698281389288951,0.20789079812126754,-0.0001586465048717962,0.17801575501887157,0.006630177237062653,0.4339874003852673,6.258519079442332e-05,0.8214116751455101,0.0026765801854250278,0.3619078877284142,1.2226802285063502e-05,0.9055545145527232,-0.015012932976755104,0.0022964336633157587,-2.2483859617422547e-05,0.9016731342565083,1.0,1.0,1.0,1.0,0.1364634556311414,1.0,1.0,1.0,1.0,1.0,1.0,1.0,0.032150071286420626,1.0,-0.0008689437926006464,-0.0005053379795128769
613,0.012803271913629547,4.46241838206427e-05,-3.903769599489868e-06,0.97409091550744,0.010246607352576787,0.027140899076489415,-5.845448235758527e-05,0.7227609711486218,0.0041110996310005955,0.06852750004242847,-0.00013764812187636583,0.03714091525026372,-0.011738018049582185,0.01322990505067035,1.103668330980595e-05,0.9486141943517609,-0.005409040623757264,0.4865958908382806,0.0003651323610915903,0.12892991271873794,-0.0009790679415825226,0.6942008878323676,-3.1328306120406186e-06,0.9691142209899356,-0.009034853558190817,0.1528996976503686,-0.00017302981484518408,0.4000881127078555,0.0006247385734889978,1.0,0.32569078891787295,1.0,0.6852750004242847,0.4085500677529009,0.17198876565871454,1.0,1.0,1.0,1.0,1.0,1.0,1.0,-4.0174763884844063e-05,0.001040911059512434
614,0.0046984023305846325,0.11241293458022729,-6.782411711589834e-05,0.5917321822500277,-0.001365838428062394,0.7066121411731444,5.2442421287907693e-05,0.7557899136492642,0.005555164065396426,0.06862712867342291,-0.00011662431225674722,0.23046277985756858,-0.0014429086172069495,0.7657125059499315,1.5797365557685405e-05,0.913529667180304,-0.0032100936439708734,0.6490553366180156,0.00015953979154135993,0.4525711040046345,-0.004293715061990024,0.07328891445495476,0.0001721284445046796,0.027119670892321708,5.898742276681254e-05,0.9902060841374309,-0.00021545957014084237,0.3096334201509101,1.0,1.0,1.0,1.0,0.8921526727544978,1.0,1.0,1.0,1.0,1.0,0.8921526727544978,0.3796753924925039,1.0,1.0,0.0009104869089797435,0.0008643849058743712
615,0.0051856057847586194,0.28479865313203,-0.0001228106378922011,0.4346217412820784,-0.0063660931504409095,0.3657394883837475,-0.00010668352939571651,0.6466962424992408,0.006968354579334704,0.0030431711630642113,8.59894032024731e-05,0.3770356629054885,0.0007997613070917832,0.9035444874642574,-0.0006090961231920504,0.0008065622697361593,0.007520411705481978,0.49965815556550564,0.000582610037634254,0.09523370837636216,-0.0027568007343784706,0.284659727521537,0.00014378907335414878,0.03186200124467356,-0.011351239110268845,0.022393396513853702,2.6201763048718007e-05,0.879607483505245,1.0,1.0,1.0,1.0,0.039561225119834745,1.0,1.0,0.011291871776306231,1.0,0.9523370837636216,1.0,0.3504820136914092,0.2687207581662444,1.0,0.0009606203317131023,-0.00039741419393503086
616,0.006212360687178677,0.08749708003890523,1.5844497470284763e-05,0.9104303666068715,-0.00043221160058284523,0.9259240901863396,9.473798381157128e-05,0.5025914074186004,0.005628111027845054,0.03714503337356481,9.167461078473383e-05,0.3275423997695093,0.0018322053366185737,0.7132402955129864,-0.000293111192228079,0.026172475958841014,-0.006814083530313059,0.5127883062105401,0.0004598786587780748,0.07397890175858349,-0.003503865371766899,0.1437153582637165,0.00020011275663766155,0.016274091333383846,-0.0029225179657306347,0.5714005044947166,-0.0005691373153980545,1.7644227529030907e-05,0.7874737203501471,1.0,1.0,1.0,0.40859536710921296,1.0,1.0,0.3140697115060922,1.0,0.7397890175858348,1.0,0.21156318733399,1.0,0.0002470191854064327,-0.0002591997854184594,0.00045142423716497887
617,0.006368007406072616,0.11166877904343235,-1.901962730023583e-05,0.8983887141179198,-0.004276653907226729,0.43685319743512474,5.065825704452459e-05,0.7602122411955707,-0.002022673901819576,0.5395693195114464,6.587214337713575e-05,0.4866820104665117,-0.00563959538491282,0.437099169323539,-8.079696006434484e-05,0.678647781069494,0.012995935103117634,0.1592228467809761,-8.846990400989737e-06,0.9734740400588288,-0.0010744372980475933,0.6073092093267762,9.084928019851523e-05,0.160347931435866,-0.006350582621137604,0.19710098558244016,-9.871612294404888e-05,0.493243937475384,1.0,1.0,1.0,1.0,1.0,1.0,1.0,1.0,1.0,1.0,1.0,1.0,1.0,1.0,-0.0019406998433458096,-0.000547731244423122
618,0.0027353161406200844,0.47153915712593075,8.596205322429756e-05,0.4541621016898437,-0.0020924213474410552,0.6565373471111515,0.00015483032655919273,0.4755210430431305,0.008480627557882675,0.0007386106206409075,1.697881916971294e-05,0.801067029430223,-0.0019208782686634587,0.6797441747204949,-9.410678546685127e-05,0.47117319922467793,0.006658283341990259,0.4795777486295738,-0.00013404131815153322,0.6640603577328319,-0.008575441388912971,0.0008734690412635336,0.0003067669239097503,0.00046394058947403304,-0.005285487143510066,0.46928675833875555,-0.0003363900130709843,0.2291867583683076,1.0,1.0,1.0,1.0,0.009601938068331798,1.0,1.0,1.0,1.0,1.0,0.010481628495162404,0.006495168252636463,1.0,1.0,0.00012648104886307552,5.246883168319218e-05
619,-0.0006572558055697916,0.8768246367169811,0.00024269436438195964,0.06724526141475962,-0.01020449745282215,0.06248667085825205,0.00033135710795277894,0.11003420663863171,0.004724470070083032,0.17162328634404989,0.00011463671092496403,0.31920383359406757,0.006139206783374733,0.22344275813293368,-0.0002076371560490871,0.17992998428537743,0.007832052948640965,0.3305613668789573,-0.0007697249578992684,0.02152100686091909,-0.0016223740836177642,0.5893027638674633,0.00013275539642217812,0.16753403148576118,-0.006211601422122985,0.223516657813436,0.00015591852660950108,0.3197602315543927,1.0,0.8123267211572767,0.8123267211572767,1.0,1.0,1.0,1.0,1.0,1.0,0.3012940960528672,1.0,1.0,1.0,1.0,-0.0007694727458684518,-0.00032476638707919106
620,0.008254849132716853,0.05737917510564057,0.0001912678313785624,0.20516817276293065,-9.858770845475283e-07,0.9998711843346749,0.0003935964683128187,0.028296633451970716,0.008841237941652747,0.015730177280374978,9.236159980385869e-05,0.43664434044091893,-0.0007999380610793948,0.8782967009681906,-0.00025680394406466466,0.06620793456842626,-0.0149100673612303,0.06972521085447556,-0.0005564661010246419,0.01779650820139699,-0.0030192544840828856,0.3017051622325989,0.0003107897940872713,0.006178455147478251,0.001634156885993647,0.7924954543335136,-0.00017474550128112855,0.433008626864714,0.5737917510564057,1.0,1.0,0.31126296797167785,0.20449230464487472,1.0,1.0,0.5958714111158363,0.5958714111158363,0.21355809841676388,1.0,0.08649837206469552,1.0,1.0,0.0017319283199604266,0.0024140177597660093
621,0.002363941180470378,0.5760804116598737,0.00013299509212421666,0.32352937777260016,0.0019060498577386695,0.6556553105435041,0.0002190731935472048,0.10197388081234701,0.0023827795520994016,0.41535447490517885,9.270075526708485e-05,0.29423947515634963,-0.0036997118631848444,0.46111800411599,3.9723720622336176e-05,0.8039461573576315,0.0016370690916741296,0.8785846064163167,-3.13062260444939e-05,0.9276896548503383,-0.0007717053730108789,0.7909449875024691,2.064541960050316e-05,0.8315128493688154,-0.003818423330665913,0.5027903443395942,-0.00047383191208924216,0.009665170765137988,1.0,1.0,1.0,1.0,1.0,1.0,1.0,1.0,1.0,1.0,1.0,1.0,1.0,0.13531239071193185,0.0021077261100194956,0.001085574542155357
622,-0.001526453750892361,0.6976728857831499,3.8327639467291714e-05,0.7450135654796035,-0.0012412942709142355,0.7738384006660688,0.00010634876975834983,0.5393735517808629,0.008129232863738265,0.05205214899434248,-5.2874769438312126e-05,0.6853668057962327,-0.004726405535735538,0.26848379651983667,-3.893936796526683e-05,0.7145783056636283,0.008750995385068265,0.3229377130119445,0.0002316396783835542,0.49312429757335785,0.00026245613289991486,0.9363971188913766,-0.00017270635662677375,0.0656035350479709,-0.009648530645370962,0.03161180890312639,-0.00011179552671843145,0.35349711333861755,1.0,1.0,1.0,1.0,0.6766779369264523,1.0,1.0,1.0,1.0,1.0,1.0,0.7872424205756507,0.44256532464376946,1.0,0.0007314036710753565,-5.66899877236711e-06
623,0.0029090139341137137,0.3718982913277048,0.00013389879254453106,0.2050028987647583,-0.004127041528682811,0.355002006902728,0.00033481524558270844,0.00528125676016203,0.004150043451032083,0.12098065645506301,8.8873520785844e-05,0.3640555483982154,-0.009124255768268722,0.0009197341720840428,-0.00015222257471471726,0.1361229653608793,0.01294777377765715,0.1685252911657351,-0.0002525891731960451,0.3454144900516044,-0.005020664836502263,0.008447469648921502,0.00028687918440526225,7.845275389095426e-05,-0.0017348724063845748,0.7716114347655622,-0.0004396549459767082,0.040114406516328235,1.0,1.0,1.0,0.06337508112194437,1.0,1.0,0.011956544237092557,1.0,1.0,1.0,0.09292216613813653,0.0010983385544733597,1.0,0.4011440651632824,0.0014627702206589648,-0.0007455728347626558
624,-0.00017536137236900392,0.9606876751699255,0.00017370998650458375,0.17039111514263672,-0.005340063602982898,0.3516425873939343,0.00011607147022738366,0.5667289538173501,0.007119220836738128,0.010519320130073735,6.636158963377086e-05,0.41789156595638244,0.0007561467947735191,0.8465999325589155,-0.0002893424839608314,0.023640449818249865,0.008859058596816547,0.23847125470091568,0.0001474865018200986,0.501325511395938,0.0022204726959571203,0.3280386170726042,-2.0865296849246474e-06,0.9786886570770978,-0.013439473202551604,0.001429291912358494,-0.000212200556652193,0.10055835374459801,1.0,1.0,1.0,1.0,0.13675116169095855,1.0,1.0,0.2836853978189984,1.0,1.0,1.0,1.0,0.020010086773018916,1.0,0.0002376221940155304,-0.0005631653325947519
625,0.005949035945123847,0.11286364971067786,0.0001954932970396277,0.09529448771335385,0.004903881476531732,0.41773375209950114,1.9286773246010927e-05,0.9085019061385962,0.007160099947665243,0.018525571438723184,0.00011842091862661489,0.21788606516381082,-0.011282334544129156,0.013498727228112063,0.00016420025376889864,0.18605983382867985,-0.01144351250795604,0.17281459544853972,-0.0003141537589957105,0.17233102727063676,-0.0015525575482985758,0.557668607246014,0.00019426150520596546,0.07681641451024773,0.006265386223214162,0.16423020022613977,-0.0003775089589026302,0.015300574389236387,1.0,0.9529448771335385,1.0,1.0,0.2223068572646782,1.0,0.18898218119356888,1.0,1.0,1.0,1.0,0.8449805596127251,1.0,0.19890746706007303,0.0017536946126112218,0.000533238440618884
626,-0.0017420363587201805,0.6135823692668793,0.00019549674638443784,0.07375299674008426,-0.004172968630306498,0.30427941887590293,0.0002553354917708371,0.04234445038884219,0.007478010959467952,0.02544522253972211,2.3853509784409233e-06,0.9825805235659429,-0.0038272910942398525,0.5386532847027472,1.6888012274993666e-05,0.9342052731334315,-0.00553806796193342,0.5829679462464943,-3.52143387493815e-05,0.9130116833652272,0.00048820728546310877,0.8229605458992753,0.0001376823131666124,0.03354891248984072,0.007314145436004212,0.2814312821476417,-0.0005725735059231141,0.012853611223738693,1.0,0.7375299674008426,1.0,0.46578895427726413,0.33078789301638745,1.0,1.0,1.0,1.0,1.0,1.0,0.40258694987808863,1.0,0.1799505571323417,0.002235684188524948,2.4566634426828775e-05
627,0.0004922780048537276,0.8658265011998441,0.00011033006147131245,0.1978788205496924,-0.00721739832484648,0.14972855720785738,0.000510989954174202,0.0011822453021316463,0.0059349671625514,0.013515963266770077,4.608980409053123e-05,0.541231930678197,-0.010564090050182546,0.02080034115379299,-9.72835749847432e-06,0.9465274743348081,0.009472221214346757,0.293241889196165,-0.0003675734704941157,0.29914438573439717,0.0025007006233443755,0.29310282971450086,0.0001389172048045297,0.11048135627914152,-0.0006186797096642539,0.9274025598193315,-0.0004290251762343148,0.0770584388100597,1.0,1.0,1.0,0.016551434229843048,0.175707522468011,1.0,0.24960409384551585,1.0,1.0,1.0,1.0,1.0,1.0,0.8476428269106567,0.0005275833060397862,0.0005198711512240579
628,0.003781186420358114,0.331890870210621,0.0003660159393827686,0.0070519449758629565,-0.0051767955853227994,0.35204489590677535,0.0006431066087049497,0.000505841948634951,0.0004101049898812669,0.884958977415884,0.0003655381768039618,0.0012420667307382447,0.005072097974507683,0.36478302498657267,-0.0003814504093053867,0.019731337665620952,-0.005185473415273176,0.6314869314349125,-0.0005178525539703754,0.12837297267651937,-0.000629106595193833,0.8170582128632706,0.00030448289605168756,0.0004303918861634296,0.0017279856647611932,0.7811714735154058,-0.0007798406510227028,0.0001117812003058254,1.0,0.07051944975862956,1.0,0.006070103383619413,1.0,0.013662734038120692,1.0,0.17758203899058858,1.0,1.0,1.0,0.005595094520124585,1.0,0.0015649368042815557,0.00025695947690622986,-0.0014972843422497834
629,0.0010879305623137563,0.8178992536232438,0.00022287728269534564,0.09402758938137551,-0.003220073220287029,0.3388965912633307,0.00037413340865573573,0.0013649615729132848,0.007428047046789317,0.060972259914552226,0.00013323226198306719,0.20330628608832768,-0.0048961611912507015,0.4166282999008397,-2.5277270369548034e-05,0.8824375424246129,0.004739704597523002,0.6343356096363293,-0.0005249858621646485,0.017131988756489976,-0.004018155520914256,0.1278013995012398,0.0002199725633090321,0.013387832580225084,-0.0011212901661847745,0.8544029510485208,-0.0003999524046052499,0.018583677358123895,1.0,0.8462483044323796,1.0,0.019109462020785988,0.6097225991455223,1.0,1.0,1.0,1.0,0.2055838650778797,1.0,0.17404182354292608,1.0,0.2055838650778797,-6.256427093295483e-06,-0.0008183027018436926
630,4.506781280837282e-05,0.9901555354962656,0.00012786448582965588,0.2630374851660475,-0.004642941832417725,0.3435647615567864,0.0002618967281011472,0.06628558946751989,0.006297327572501765,0.051888059486695774,3.191475660639345e-05,0.7451140601343464,-0.002591677752454641,0.6043987054501185,-6.433851734849265e-05,0.7090427700031581,0.012448555208551001,0.23246617174254114,-0.0005380020448114177,0.0492510823338973,-0.0025484375036957173,0.27820718666981314,0.0002016873270432639,0.009681722495332439,-0.009007892823486685,0.09072617460813244,-2.102271761160833e-05,0.9101841905932231,1.0,1.0,1.0,0.7291414841427188,0.6402640703406649,1.0,1.0,1.0,1.0,0.6402640703406649,1.0,0.13554411493465413,0.9072617460813244,1.0,0.0008295287617058789,-0.00019085151989987296
631,0.0030270141486903428,0.3589274106300585,5.839450173427058e-05,0.6525613762648597,0.0012452682461515873,0.8607189426126308,0.00014372968890141407,0.5211970060770261,0.011557300708001804,0.003375130143151316,2.2868360068850694e-05,0.8564236637889004,0.001873932658500644,0.6743893410363764,-0.00013952651143985746,0.3293513581320162,-0.00920802323249131,0.3939337865293442,0.00014169245646983343,0.7157458910179275,-0.0027783304110832983,0.22323286967230782,5.784402774399158e-05,0.26472479432268214,-0.005717160021839734,0.3213125843850968,-0.0002850025782267603,0.12268000381621645,1.0,1.0,1.0,1.0,0.04725182200411843,1.0,1.0,1.0,1.0,1.0,1.0,1.0,1.0,1.0,0.0017668322771248102,0.00031866418428536976
632,0.0031688641326756985,0.46236560261723125,0.00015234413133253,0.31188261649819626,-0.00518690706711033,0.25952915228984375,0.0001434945528848986,0.5470859954186515,0.0005030993383849142,0.8952594532679704,7.074516999073641e-05,0.5311344735893653,-0.0031706322045453404,0.49009756788142833,-6.211036829560693e-05,0.6846272640168274,0.0066820017772572715,0.44170763805422397,-0.00018121371103955433,0.6177030448965432,-0.0017092313886846481,0.45345845271371366,0.00016216911341103042,0.10878099008086722,-0.0002871934475446714,0.9580673347450835,-0.00028542889438636955,0.05103131713151447,1.0,1.0,1.0,1.0,1.0,1.0,1.0,1.0,1.0,1.0,1.0,1.0,1.0,0.7144384398412026,0.0011959026843947106,-0.0001275105329544509
633,0.0015397510440014997,0.7267329572368247,0.0001597140219472049,0.23308151889234097,-0.005794866682516575,0.3396199794082264,0.00021072445030847578,0.3041948445154824,0.0016925125305660188,0.698156290968895,0.00020045269275674373,0.16992525184012786,-0.006605698270495264,0.15777258987736897,-8.652616431573763e-05,0.5229673761157457,-0.00015903718696772814,0.9822246909428785,-0.00015207736828659022,0.5930609894217662,0.004477894155907538,0.14193818647125267,-4.916806440394296e-05,0.5813530705377065,0.004849445463377463,0.5091265637140732,-0.00028311956211969207,0.2516616181311153,1.0,1.0,1.0,1.0,1.0,1.0,1.0,1.0,1.0,1.0,1.0,1.0,1.0,1.0,-2.5044378124341598e-05,4.332462221491518e-05
634,-0.00045005446090350056,0.9020216887821523,0.0002278066084211901,0.055372481966443676,0.0016238743925912368,0.8015665434328618,-5.493034119923497e-05,0.7503023056782019,0.005363688311289067,0.01720897187952625,7.274917097226601e-05,0.2267498921754013,-0.007484810771588975,0.21360504106196332,7.096409436766296e-05,0.5961616132530829,0.00222638844525651,0.7322140445839838,-0.0002660500000642976,0.2224583558865123,-0.001450459961195135,0.5895682127690054,0.0002518358291528178,0.007245004107434453,0.00017137280027604282,0.9780884750583632,-0.0003023752847614271,0.1314764978034735,1.0,0.6644697835973241,1.0,1.0,0.22371663443384127,1.0,1.0,1.0,1.0,1.0,1.0,0.10143005750408235,1.0,1.0,0.0005932435433402636,7.279620355079597e-05
635,0.00896682045352961,0.014927755245425058,4.49687002749396e-05,0.6095771415417688,0.006794277249897772,0.07227236773393649,1.2265582523927963e-05,0.9281049084782735,0.008729704575914751,0.01645987531367892,-6.393876517159053e-06,0.9460192297478383,0.002787913180461736,0.537794945669255,-0.00018020795297995172,0.23991198009083226,-0.02415833637815536,0.03620115577307175,4.827262378366179e-05,0.848825609198681,0.0018521361707069391,0.5368706989040277,6.228684670043954e-05,0.48048669792639054,-0.004972516033791612,0.21228445214087766,1.8808108273776616e-05,0.8689595048735616,0.20898857343595081,1.0,0.7949960450733013,1.0,0.21397837907782594,1.0,1.0,1.0,0.434413869276861,1.0,1.0,1.0,1.0,1.0,0.0009118959149499344,0.001002350822061473
636,0.0060902607356486185,0.20432841615924868,5.674294975949092e-05,0.719582450404617,-0.010504725200098255,0.020459190975723827,0.00020879774023067842,0.09553513820944286,0.0039497510093969455,0.24193558454379327,3.3174791902161546e-05,0.7014390374283692,0.007212744233497803,0.07255890391143306,-9.151855405503028e-05,0.4729601145739596,-0.008158246753360947,0.38280892833167346,9.65653258939632e-05,0.7628345521273864,0.0006403489582866845,0.8303573813296525,3.930843230731246e-05,0.6279137436424265,0.0007698668098458574,0.8945439424723233,-0.00034307064234513125,0.02859493895476227,1.0,1.0,0.2864286736601336,1.0,1.0,1.0,0.8707068469371968,1.0,1.0,1.0,1.0,1.0,1.0,0.3717342064119095,0.00021236225445373546,-0.00037339658540106786
637,0.0005683156033711014,0.840937070200324,0.00035833038275494397,0.0021762935756094426,0.0005397987789761236,0.9079107397421087,0.0001402233795314026,0.3287995227784277,0.005763636868158315,0.09960392090666877,0.00011274835629970034,0.4580496265205738,0.0009696083890203078,0.8239888699973666,-0.00016367085899736413,0.22091050105791865,0.0011769182825143905,0.890436550536208,-0.000250781705089408,0.47825011942623175,0.0002628155150768797,0.9070945733212136,5.208347989670457e-05,0.5522429370637784,-0.009281094891044176,0.2418859014633311,-0.00024893304715582076,0.27965075470482936,1.0,0.030468110058532196,1.0,1.0,1.0,1.0,1.0,1.0,1.0,1.0,1.0,1.0,1.0,1.0,-0.0003609430749902363,0.0005975000783102216
638,-0.004794145543711335,0.1986970632711227,0.00040984833406358835,0.0003444608830242318,-0.006908836165053157,0.2125683198156446,9.609485458460236e-05,0.6176246242025276,0.005345710373962383,0.11641691291332829,0.00013768196011191777,0.20791218181961568,-0.0017430917086917624,0.6894339950228494,3.7283865056895765e-06,0.9766096225130464,0.0013873764221754342,0.8933023621075485,-0.00018499337773336867,0.6165073345487678,0.002370074902216718,0.30351649443507156,5.467077381151842e-05,0.45295360510807925,0.004342909925256988,0.32430459278015045,-0.0005170309267939954,0.001146196883632267,1.0,0.004822452362339245,1.0,1.0,1.0,1.0,1.0,1.0,1.0,1.0,1.0,1.0,1.0,0.01490055948721947,0.0006092948178493771,-0.0005053475368800677
639,0.007306531423546027,0.026313938800410348,-4.754040365545892e-05,0.5957309866878986,0.004833404046416293,0.4114903267028285,8.946131400425545e-05,0.6107365939820872,0.009850567010510274,0.009953654557592768,-7.712620046036491e-05,0.5441281195473271,-0.004070396765466997,0.4119436705980445,0.0001986325520926499,0.18392265680820097,-0.013274765278045587,0.20499014419660166,1.7501887818015723e-06,0.9965571481827303,-0.002615573189171074,0.30341658960664386,0.00011269979828676609,0.16032329573644977,-0.0020297673825144286,0.6138298105150954,-0.00027787726984545587,0.011441792189376711,0.3157672656049242,1.0,1.0,1.0,0.13935116380629875,1.0,1.0,1.0,1.0,1.0,1.0,1.0,1.0,0.14874329846189724,0.0016958170820871078,0.0014636987462976266
640,-0.0032956608642619994,0.1828748295131417,7.699480717357886e-05,0.3768632117937337,-0.007789460272180735,0.14348184159064878,0.00014328970804095606,0.33713768380048414,0.0008217521176097088,0.7739392538109571,-6.549537653507423e-05,0.49067826130688874,0.0008387371713129318,0.8913157648949604,-9.752256985821248e-05,0.5900193427927782,0.019083330957981332,0.029654117633478482,-0.00011869072426394715,0.717126458572379,-0.0009763039734214541,0.6722469576027392,0.0001696171699297914,0.04808751018430527,-0.008682394225625036,0.2916880823189578,-0.00010819307531167531,0.6968002255336172,1.0,1.0,1.0,1.0,1.0,1.0,1.0,1.0,0.41515764686869877,1.0,1.0,0.6251376323959685,1.0,1.0,0.001107446846626114,-0.0003832012736594267
641,-0.0005271451042861429,0.8248990700586851,0.00019649210827103584,0.013940026310476415,-0.002777751909842462,0.6081557489937693,0.00021059560182601006,0.15416189716596373,0.009551657566721584,5.274167390356628e-05,-0.00010249917380212696,0.07737977952216113,-0.0030724569955728007,0.5229478654029887,-0.00021269464029817403,0.08661469215583893,-0.0043212571703658284,0.6701911498060975,-7.979136547950535e-05,0.8136362886470605,0.0014906877509188446,0.5744138881263139,0.00011503728358880911,0.19426086105504536,-0.00034373474159782856,0.9484066683620033,-0.0001271398453240244,0.4420513110534491,1.0,0.1812203420361934,1.0,1.0,0.0007383834346499279,0.9285573542659336,1.0,0.9527616137142283,1.0,1.0,1.0,1.0,1.0,1.0,0.0012407197862361876,0.0011674512734408662
642,-0.0013699254095504965,0.7405083753790109,0.0002563690978355385,0.044248455711131514,-0.012476226206145751,0.028892730277907213,0.0005062777698963698,0.014599626632326345,0.0013106173717977922,0.7305741085407169,0.00016665664978471808,0.14740947161986936,0.004680070716792084,0.36923569705103,-0.00018485403947164766,0.24112653088530955,0.020393559472191267,0.034745768763860145,-0.00045031143369844045,0.17060702404637595,-0.003175406379575045,0.15891691462035662,0.00015287936584426674,0.06375194615102868,-0.009362689208304293,0.06352301183150232,-0.00044701740626107916,0.01109854557458645,1.0,0.4424845571113151,0.34671276333488654,0.1897951462202425,1.0,1.0,1.0,1.0,0.3822034564024616,1.0,1.0,0.5717071064835209,0.5717071064835209,0.1553796380442103,-0.00042614138225968603,-0.0005240844903187224
643,-0.0006506915463122153,0.8466971146071702,0.000282040431299799,0.01831894688152948,-0.0035694106822726315,0.46996893154553265,3.564251876996453e-05,0.8074915641784677,0.00264413493181301,0.4497573318934156,0.00011619247519009493,0.3203605395781012,0.0008254718011237779,0.8789326767201802,1.2553282887447355e-05,0.9445236106288882,0.003674692812847963,0.711204470063392,-0.0001932650159050602,0.4802038365469773,0.0005370157286438612,0.8367654290786112,0.00012794062348523964,0.11136413164578884,-0.003461213599421278,0.37975429379671466,-0.0003811043160752851,0.013638509874660216,1.0,0.23814630945988324,1.0,1.0,1.0,1.0,1.0,1.0,1.0,1.0,1.0,1.0,1.0,0.19093913824524303,0.00016060352078970308,-0.0009154319446348006
644,0.0010545806287499877,0.7497574186389414,0.00017238889504285948,0.12250136714243531,-0.007868886056749524,0.19988174557048277,4.743520761211654e-05,0.7385250365862185,0.005278831512190725,0.09881012202474851,3.554492974916e-05,0.7451651106763338,0.005958935066489123,0.32338088117892594,-0.0002222163717217659,0.2456353849289329,-0.00857858267596802,0.3623856171764981,0.00040111050444054797,0.19865868829246658,-0.0031211582959799608,0.4340371025247718,2.7613539916588344e-05,0.835199693380413,0.0072762799793572265,0.13578797418705701,-0.0004618766883485593,0.0021102072910562956,1.0,1.0,1.0,1.0,1.0,1.0,1.0,1.0,1.0,1.0,1.0,1.0,1.0,0.029542902074788137,-0.00020786401993406301,0.0001266958077734079
645,0.007741781472630711,0.03642063290170187,8.39361030807687e-05,0.5583596824825978,-0.0038760273501131583,0.46330409575961207,0.0001698297767375544,0.38715168781978526,0.004263049601356289,0.10936040688958966,7.035717406778502e-05,0.4800707368748395,-0.0018542052265690969,0.8049713730800363,-1.2031245991497505e-05,0.959728374180559,-0.007328911626973536,0.4478009298138159,6.695307596189565e-05,0.788222263704527,-0.0009496960250860644,0.7723241231160168,9.309329808537779e-05,0.36881342740153256,0.0020040071783072153,0.7297055717805137,-0.00047213813882966064,0.026963067493600862,0.47346822772212427,1.0,1.0,1.0,1.0,1.0,1.0,1.0,1.0,1.0,1.0,1.0,1.0,0.37748294491041207,0.000423208710580107,-0.00032817182889971936
646,-0.00018350029113596835,0.9636303094914737,-1.3817208774138077e-05,0.9216694296933936,-0.0038555218837427966,0.5621476135022534,8.545179173933099e-05,0.6779720391955244,0.009520253995038749,0.0018436117189453273,5.1852820265702025e-05,0.5608004890127716,-0.009215961774225902,0.0971638737832312,0.00022398428105327415,0.2532915512888464,0.0043489780412953654,0.6956926825008334,-0.0003411566333604235,0.3128232922140738,0.0031074814808745837,0.1657193763141549,-7.725258664710138e-05,0.23160797724229665,-0.003721729881787638,0.6301307339416078,7.093759178516733e-05,0.7929053732273286,1.0,1.0,1.0,1.0,0.025810564065234583,1.0,1.0,1.0,1.0,1.0,1.0,1.0,1.0,1.0,0.0017575708611934288,8.088102123258863e-05
647,-0.0011558780310579316,0.6842111547112943,0.0001587858754374918,0.19302077016214703,-0.0034301902494725733,0.5701876201044696,0.0003285426314101926,0.0941694066373813,0.0005106027654762116,0.9092223814845375,0.00035758524060206686,0.004001971170091699,-0.0027037886409792965,0.619692559061658,-0.0001757841894858801,0.2837575733023725,0.012966505753297473,0.19145016771832513,-0.0004053161716629237,0.2739249315113865,-0.00498933257309529,0.029015957809105004,0.00012037492693745021,0.10594496124393071,-0.0011979184598674582,0.7954365401751466,-0.00038418836604883836,0.018251199058683276,1.0,1.0,1.0,1.0,1.0,0.056027596381283795,1.0,1.0,1.0,1.0,0.34819149370926006,1.0,1.0,0.2372655877628826,0.0006707653291661861,-0.001324989688590812
648,0.0016429511793712805,0.7416823562671646,4.691525637340481e-06,0.9767879835366775,0.002416342827814695,0.6560273920219657,7.023429620288864e-05,0.683456257129573,0.01298456856157971,1.3125038770114952e-05,-0.0001953651724316922,0.041461273621578344,-0.00057742225750002,0.8895067253543866,-0.00027659901385881415,0.02707616301816474,-0.007719968692857607,0.39368282578497305,0.0004231625730295009,0.09755491566359546,0.000617181295582548,0.7914766656955357,0.0002074645655514211,0.03838393103891712,-0.009363652810404648,0.03721724661149386,-0.00023358874198393763,0.0893438563803206,1.0,1.0,1.0,1.0,0.00018375054278160934,0.44660695933792627,1.0,0.35199011923614165,1.0,0.8040947074228854,1.0,0.44660695933792627,0.44660695933792627,0.8040947074228854,0.002602682212424596,0.0018005862108990119
649,-0.0010765384519320733,0.8219044737893481,2.492777504864938e-05,0.852775892502232,-0.007130803470338208,0.1447953572410498,-1.4449325777432081e-05,0.925034943376008,0.013085122864218398,9.303815578828111e-06,-5.0461018376569184e-05,0.59589072803644,0.0006838995710725018,0.9071122195910214,-0.0003153019507145942,0.05918309917631736,-0.004142640697468416,0.6310210762539191,0.0004518617430951662,0.07602073666965238,-0.0016628559042883104,0.6433217158445796,-8.929091364520454e-06,0.939371914841324,0.0002438144228024959,0.9657238415243011,-8.76481061368334e-05,0.6643377803513335,1.0,1.0,1.0,1.0,0.00013025341810359356,1.0,1.0,0.7693802892921257,1.0,0.9122488400358286,1.0,1.0,1.0,1.0,0.0013927710797407905,0.0017123293779956012
650,-0.006724231174391684,0.1310057864838067,0.0002640427552251742,0.01849886010109364,-0.015024671316951212,0.004183354037842331,0.00019522743938854835,0.19714886179785718,-0.001104197816578972,0.7360835056443091,0.0002690107296230979,0.004111481293445972,0.010789116671551113,0.040509635158350994,-0.00015755428445428992,0.40198141740226656,0.006467961294074373,0.5471904264855141,-6.25457474668733e-05,0.8147282627722476,0.0003121068020690497,0.9085529576529981,3.9112311328244736e-10,0.999996296367528,0.005283916359010564,0.2907998159312415,-0.0005081812530502275,0.006020551375174372,1.0,0.20348746111203003,0.0575607381082436,1.0,1.0,0.0575607381082436,0.40509635158350993,1.0,1.0,1.0,1.0,1.0,1.0,0.07224661650209246,4.9730736780848313e-05,-0.0001687077386261534
651,0.004985546382671502,0.14058020515715206,0.0002488909821654494,0.002618101314195442,-0.008420286457239046,0.040630276480148955,0.00012547698741129679,0.29139021954709665,0.004952753116126825,0.05675577275595715,-6.265365212134687e-05,0.4937851646559327,-0.00556643416979569,0.17452451568481253,-0.00011822489534249837,0.42326931285043534,0.004479673312824111,0.5334574027946206,1.844085647853508e-05,0.9156556277919374,0.005413154605345064,0.04790577804729313,-4.4871138892805376e-05,0.5446318802689954,-0.005844407861108387,0.21244362998859434,-0.00016705913461356625,0.19705029196211166,1.0,0.03665341839873619,0.5281935942419365,1.0,0.6243135003155286,1.0,1.0,1.0,1.0,1.0,0.5748693365675176,1.0,1.0,1.0,0.001161017503028762,-0.00023865736943349337
652,0.002019307939959168,0.6183222368473344,0.00014970320765210116,0.2506633262187752,0.0003753937910778993,0.9550600877240749,0.0001539200695065667,0.436465246310337,0.008000340161100203,0.007645065941260594,7.07246789144906e-05,0.41406863087643,-0.00826911206328955,0.042119009753480686,-0.00029002444625115696,0.008348152433696762,0.0027711895864560216,0.7693229585261563,1.1099490703636351e-05,0.9674868170134354,-0.00391329912190806,0.12797568038254728,0.000137957187398061,0.045936923386318995,-0.0009838199898405235,0.8851193688533205,-0.00023338012302370794,0.30881808124478327,1.0,1.0,1.0,1.0,0.10703092317764831,1.0,0.5054281170417683,0.1085259816380579,1.0,1.0,1.0,0.5054281170417683,1.0,1.0,0.0012573617585953465,-4.708790739617148e-05
653,0.005335220054620679,0.14278403199097517,-5.509735423508755e-05,0.6719945708048288,-0.00157910091851104,0.8019764202938552,2.4216543100874653e-05,0.9085727774491095,0.0031538731267311574,0.23750392032016587,0.00013626794421145824,0.20478275285246716,0.0016394176659972177,0.7579097029657997,0.00012340045581267723,0.42735853386193046,0.003871362342675433,0.6666489385642651,-8.724813848564357e-05,0.7383448328080908,-0.0028348748072174316,0.21499272063829256,7.619619471843276e-05,0.2272745991800016,-0.00958589673924459,0.1095132866097103,-0.00021773565941966518,0.34547402343319833,1.0,1.0,1.0,1.0,1.0,1.0,1.0,1.0,1.0,1.0,1.0,1.0,1.0,1.0,-0.0003719020861380761,8.568536373519229e-06
654,-0.0001701660911603646,0.9553554937021188,0.00033532706405823133,0.0036984882930571235,-0.005552469785164573,0.1886541818840679,0.00016477031505107768,0.24783909981157026,0.001056411957055574,0.7534003750482294,4.398030108795945e-05,0.6493427562599761,0.0019019369597637352,0.7097392677975602,-0.00037774281871155637,0.011559652832778133,0.008498677454745855,0.4490847014036943,-0.00013614533644932535,0.6937527648826416,-0.002463373487975318,0.2622460935326182,9.477507855636455e-05,0.18192454878883169,-0.0032710171023554615,0.5075627457409391,-0.0001249645551542868,0.34266064139744024,1.0,0.05177883610279973,1.0,1.0,1.0,1.0,1.0,0.15027548682611572,1.0,1.0,1.0,1.0,1.0,1.0,0.0008243226106463279,-0.00045941844479039507
655,0.0011104209890738762,0.7397723365201171,0.00011608327235352311,0.2575810843108365,-0.001808585223609748,0.7070198399155013,4.9013500406102514e-05,0.7649841384828785,0.006178534358831056,0.029561284851306054,9.778728749926985e-05,0.30274630430371374,-0.002984654427497131,0.46981334838516864,-4.878471143506513e-05,0.7381531034011698,-0.0015532501240040843,0.843120109151348,7.463601833761843e-05,0.8527231496563754,-0.0016762753346195737,0.5998760389299574,0.00010591119235083153,0.5363183401382317,0.0007338114273831243,0.9151008074952288,-0.0003946465800255228,0.18679306419900543,1.0,1.0,1.0,1.0,0.41385798791828476,1.0,1.0,1.0,1.0,1.0,1.0,1.0,1.0,1.0,0.0006043891542287076,-0.0004825102184960939
656,0.011488580299922764,0.0008315511519036819,0.00012757313905050981,0.24486562061673312,-0.010207654707289817,0.00524619427867498,0.0004898172611916135,2.9609729066583598e-05,0.009425276398145596,0.001305172051371402,2.7304989551776344e-05,0.7455582003268828,0.006732707514856206,0.14021101803151623,-4.9808704542260695e-05,0.6673384306107796,-0.01261700286030859,0.12662984650068476,-0.0003187458244081975,0.20953072128030548,-0.0001601210844619146,0.9356821287292454,0.0002233369547405827,0.004460291802697171,-0.004661785959757553,0.4082395071986775,-0.0004994778012464174,0.011645610956379445,0.010810164974747865,1.0,0.0524619427867498,0.00041453620693217036,0.015662064616456823,1.0,1.0,1.0,1.0,1.0,1.0,0.04906320982966888,1.0,0.10481049860741501,0.0002229278764983185,0.00036803161085041826
657,-0.003609918847883272,0.37470550867304986,0.00024362952527032407,0.10429728274428958,-0.010091829162210094,0.08970104454967807,7.318117156790386e-05,0.6704382962602826,-0.0009015585809658882,0.7412422504674674,1.910019610468023e-05,0.8410815598926293,0.008417661678011995,0.10294014538049345,-0.0004947699678676827,0.004854102013806869,0.00315488327872158,0.7687129404151763,0.0003206191353293368,0.3333384770121539,-0.005112286266835343,0.040150327639465876,9.580820429331467e-05,0.3349905091011749,0.008143046521112916,0.049622204278953225,-0.0002575681919114194,0.02487869663157687,1.0,0.9264613084244411,0.8970104454967808,1.0,1.0,1.0,0.9264613084244411,0.06795742819329616,1.0,1.0,0.4818039316735905,1.0,0.5458442470684854,0.3234230562104993,-0.0008415738089196087,0.00039534251966792005
658,0.001763396893030829,0.6482052629107333,-7.557839939926126e-05,0.6033718179781014,-0.007427635547137666,0.23230503184443874,3.518391204572286e-05,0.8559175413782343,0.007448412471124399,0.013663597996043544,-3.119051791368806e-05,0.7971602716591439,-0.002104960801962409,0.6242115094169152,-4.60519665666039e-05,0.7555021397003541,-0.00782900078708075,0.28876102707699935,0.0007561934762920596,0.0016439360024857273,0.004886488814451013,0.08330516438217997,-1.0732648802169833e-05,0.9079576851205708,0.003263298841710038,0.4806926581999391,-0.0006278238664978522,6.741731021430667e-05,1.0,1.0,1.0,1.0,0.16396317595252252,1.0,1.0,1.0,1.0,0.021371168032314453,0.9163568082039797,1.0,1.0,0.0009438423430002934,-0.00028425027300537845,0.0003196152000765863
659,0.007029551424088455,0.01700667685016659,7.385684926990868e-05,0.49628917038360887,0.0014204452084045742,0.7954161878005437,-0.0001076781156030626,0.5868275453049892,0.005905357171367854,0.03274875193663116,0.00018198431395601098,0.03626207833279322,-0.00595828084363473,0.04794758890995736,-0.00016013903837029658,0.13352359942232567,0.009219186685125526,0.3232562121054757,3.6011429210395806e-05,0.9113542998056028,-0.0058518942901057535,0.009059760533853397,4.1220294213860125e-05,0.6059382172724774,-0.011764364148800877,0.03507200831219383,-6.525569409832254e-05,0.7275234601158849,0.2210867990521657,1.0,1.0,1.0,0.39298502323957396,0.39298502323957396,0.43152830018961624,1.0,1.0,1.0,0.12683664747394757,1.0,0.39298502323957396,1.0,0.001645491433013548,3.478354093440971e-05
660,0.003417597221495184,0.29913599684970127,-3.053523970459563e-05,0.7524954245259947,-0.008597184725040341,0.25495026860958714,2.5437886252216107e-06,0.9916921396657034,0.008069149367953419,0.006132845654689384,-0.0003009154263914314,0.01100792764624412,-0.004021619670376369,0.4258675393250969,2.9938426734563497e-06,0.9892215648221967,-0.0014425303049442472,0.8882172808870494,0.000755901496803788,0.013283497809247391,-0.0002703854853960672,0.8827008560822686,0.00012388523762916072,0.06134597113417646,0.0028449729441327046,0.5737217960539112,-0.0005538736507770374,0.00018630705890552852,1.0,1.0,1.0,1.0,0.07972699351096199,0.13209513175492943,1.0,1.0,1.0,0.1461184759017213,1.0,0.6134597113417646,1.0,0.002608298824677399,0.0001526804776501136,-0.000941453395336282
661,0.002422266841237087,0.4544249813528549,0.0002160463563941623,0.0938869824564927,0.004226803104040605,0.35620419391067804,-6.296383174964652e-05,0.5904727144699801,0.0030464071357481997,0.23833100253295725,7.610450676028013e-05,0.44228990721223105,-0.0012636970977930163,0.7911878759891928,-0.00017819754802126208,0.19989956368512807,-0.0005150741459052377,0.9533507429321022,0.00024250094894911057,0.34444561158564324,0.0016736473692110013,0.2935907257893998,-8.827756531679611e-05,0.21014694853677773,-0.00959035479427833,0.05002812468644987,-0.00020521279310657675,0.18925284383491214,1.0,1.0,1.0,1.0,1.0,1.0,1.0,1.0,1.0,1.0,1.0,1.0,0.7003937456102982,1.0,0.0011051965431027298,6.793028920384668e-05
662,0.0037353840961913696,0.47798691580936337,0.0001870483708752875,0.34747696348483903,-0.0031323459052445914,0.6453109769731393,5.0356625260074893e-05,0.8162848718821689,0.002572521002936985,0.36122638217543146,9.745789235438266e-05,0.2633400418198555,0.000652400550312256,0.9159988399251882,-0.00013809893812295838,0.435194201312875,0.0029937934222907785,0.7820054003577754,-0.00019424086128595113,0.5818376345157811,-0.002660619835471672,0.3433807159783331,8.796814940408736e-05,0.3030642375284841,-0.0041611344424746025,0.4511543793238364,-9.049116643408851e-05,0.5656495775262429,1.0,1.0,1.0,1.0,1.0,1.0,1.0,1.0,1.0,1.0,1.0,1.0,1.0,1.0,0.00030577043931566807,-0.0007967116518668397
663,0.00111860087427691,0.8314065791720706,0.0002912741621877029,0.06254115583910737,0.0035878716315791218,0.5405193047486587,0.000355196039411773,0.05155032958570219,0.002858724924936978,0.3781189495296835,0.0002454490714269147,0.008488382669648444,0.0011233377844388902,0.7855514126881947,-0.0004528715980869454,0.0007043357654720159,-0.004221952558458819,0.6785942682800459,-0.00032049252196645283,0.26709010483657314,-0.0027326087720054427,0.27276739882819845,3.060149715641549e-05,0.7360793007688243,-0.0017339736857565023,0.7128279061333324,-0.00014915666465406487,0.34546048630405635,1.0,0.687952714230181,1.0,0.6186039550284262,1.0,0.11034897470542976,1.0,0.009860700716608222,1.0,1.0,1.0,1.0,1.0,1.0,-0.00012175753543789364,-0.0008527877294306655
664,0.006919128220226437,0.026433671957122033,-1.7778866092119702e-05,0.8719548481400006,0.0013900544325017806,0.8689275209842652,1.3702142569789259e-05,0.9573723965349785,0.008545580310575127,0.034008543090413096,4.735302891909569e-05,0.7118209886662683,0.0028054653326377043,0.6093797043326727,-0.00010598363187975654,0.5684928104710869,-0.012599983806383842,0.26756386896321926,0.0003960248417518393,0.2635376745922394,-0.0023325625837831605,0.3005446052339714,0.00013819462690155433,0.08376837393973774,-0.0047276843592427885,0.3722599076834906,-0.0004715120782247656,0.0036985148049893278,0.3436377354425864,1.0,1.0,1.0,0.40810251708495715,1.0,1.0,1.0,1.0,1.0,1.0,0.9214521133371152,1.0,0.05177920726985059,0.000925589697638871,0.0006616765601984411
665,0.00554249579309131,0.15880217415060505,-8.694021444346422e-05,0.5254532962438576,-0.0002617611834132038,0.9581939537727053,-4.9105345254500436e-05,0.7217785946669282,0.007114939422902981,0.004994207302160068,-0.00010552489326837108,0.20119505604801668,-0.010072741824896696,0.0064315979954676205,-4.515704953426324e-05,0.7465283250858555,0.0018669126424472652,0.8110658741919908,2.3764380379137518e-05,0.9219828375322635,-0.000781393512979821,0.6833481020056499,8.556163886096104e-05,0.19170137523628727,-0.0034084528285599123,0.472100655067913,0.00017740152968382164,0.27355563572868347,1.0,1.0,1.0,1.0,0.06991890223024096,1.0,0.08361077394107906,1.0,1.0,1.0,1.0,1.0,1.0,1.0,0.0002705157389640108,-0.00013055952136740908
666,0.0038519834739547676,0.32880362442170186,0.0001494400868999097,0.1847099202080601,0.00025713573607643567,0.9538504060486656,2.4291491370689524e-05,0.8529079051699261,0.005967134922813372,0.29129242766425745,-5.089470750043835e-06,0.9742210058299441,-0.011095888934603067,0.020423788584561474,-5.616805718304571e-05,0.6959920695714155,0.005910838064408877,0.5076481556964467,0.00011389346689383414,0.6297180333872949,-0.0036587520809862398,0.09433440130983745,0.00025330387803418445,2.4314349666654455e-05,-0.0012324521516223978,0.8224000053618875,-0.00047967130042649627,0.008375603076037044,1.0,1.0,1.0,1.0,1.0,1.0,0.2450854630147377,1.0,1.0,1.0,1.0,0.00034040089533316235,1.0,0.10888283998848157,0.0013788866987548623,0.001107972363769115
667,0.005282782700177501,0.1742625969461471,-2.205772226097631e-05,0.8508833692027348,-0.007229023406446659,0.22735312279419673,-0.00010280087760334615,0.5484009625108293,0.006795609694696614,0.20766926148491371,-2.2166571088107313e-05,0.895933664352032,-0.007580816525751269,0.1761405311376023,-8.278905848780258e-05,0.6191995759970272,0.009528031523219871,0.2544152032016538,0.0002252323514603593,0.3375219257509835,0.0006984246423719383,0.7616672019570496,-1.9753196810145813e-05,0.7825142914798999,-0.007495006612487588,0.2989028870130669,2.4335088205984644e-05,0.9129802911914835,1.0,1.0,1.0,1.0,1.0,1.0,1.0,1.0,1.0,1.0,1.0,1.0,1.0,1.0,0.0018254524452071346,-0.0003104060092860906
668,-0.0018275406840888174,0.6775611432757394,0.00016060306473850836,0.3181724910824979,-0.003937304202428406,0.5247020388617811,0.0001922901714399208,0.42926462086783246,0.006059059163900046,0.05038376694355034,-6.261297929373973e-05,0.60683356562076,9.127207273110693e-05,0.9838435079790816,-0.0001353519524752676,0.3156107493333641,0.000499606139485252,0.9676096323845647,-4.6500528915537194e-05,0.9120940250561582,-0.0011670168227448307,0.7103954128064911,0.00010713133400786329,0.2741554505233459,0.00028192342850832225,0.9551359027835482,-0.00021555907454275778,0.1881404835899294,1.0,1.0,1.0,1.0,0.7053727372097047,1.0,1.0,1.0,1.0,1.0,1.0,1.0,1.0,1.0,-0.0005122989919748896,0.0008657699986508318
669,-0.004259651034994106,0.32212787034157675,0.000173135886714611,0.22085776306140414,-0.007377391053357523,0.307512116913108,-5.2948894681706665e-05,0.7799905770802722,0.005734919178224037,0.050408477783633936,-8.013243842294221e-05,0.31949470422476156,0.007951801091271395,0.0951771917675735,-0.0003695669574683477,0.015535218566270548,0.00039167895000871407,0.9690676379011592,0.0004328714341862175,0.19089533291250116,-0.003130483542640636,0.34183717174283645,0.00027370698246069496,0.016409968992109017,0.0006891274317069389,0.9124064393306007,-0.00037706607991959775,0.05620098165470713,1.0,1.0,1.0,1.0,0.6049017334036072,1.0,0.951771917675735,0.21749305992778767,1.0,1.0,1.0,0.21749305992778767,1.0,0.6182107982017785,0.0007855839333704623,0.0003550699274553263
670,0.000670365662392366,0.8594520520899289,0.0002071054162035795,0.2020110663898017,-0.017658856128872896,6.259213792166394e-05,0.0007322915648151986,3.182613009235656e-06,0.005378159845375061,0.0190385776933608,-1.4500071276437816e-05,0.8534732991976749,0.00013723384422421544,0.9793708394152881,-0.0005155930974126631,0.0007286418097403982,0.0131333829356363,0.1906581408335586,2.5094661250408833e-05,0.9513388870761033,0.0023884245947798505,0.3277218745538897,5.538195115815747e-05,0.5058639358947477,-0.0040487117978372554,0.4275684483791097,-0.0004897803235327419,0.01161220222371063,1.0,1.0,0.0008136977929816313,4.455658212929918e-05,0.190385776933608,1.0,1.0,0.008743701716884779,1.0,1.0,1.0,1.0,1.0,0.12773422446081692,0.0010361015515573844,0.0004942412339027965
671,0.004154968860114531,0.3331562804743199,0.00021476728836698888,0.1797991424581885,-0.002648825190620105,0.6183072842357294,-8.690556285622133e-06,0.9594490648154876,0.0031131903470183876,0.12849596474368458,0.00012349231950319303,0.15529246569738034,-0.005028278154074993,0.3529506515115497,-0.00018293214673737078,0.18529348406174329,-0.0052049948203062016,0.49258095354097176,0.0001426313823026722,0.5241044826812646,-0.0016108009725840586,0.4885982399827906,2.2664205877563775e-05,0.8040812207871761,0.007224739096185867,0.13243557792856248,-0.0003119324519381768,0.04451171024331946,1.0,1.0,1.0,1.0,1.0,1.0,1.0,1.0,1.0,1.0,1.0,1.0,1.0,0.6231639434064724,-0.0007360311604212783,-0.00024136190924506387
672,0.004449404486178209,0.2150247197200693,-0.00023622496338396157,0.0554564174465283,-0.0018626814954152307,0.7014754821416831,-0.0001516606555674331,0.2433513789067423,3.690537773065714e-05,0.9888860870478229,4.052120585001039e-05,0.6113858056397117,-0.006050309596913982,0.2819141364356411,0.00024865808300788796,0.13316718769014999,0.006780392242512466,0.3056586189801299,0.0002562270496693531,0.2826523915964758,-0.0022972914154105596,0.3667301222436815,0.00010476249477798686,0.15868661617326996,-0.001056419691002145,0.8312394188400927,-0.00026228320436452095,0.20373437085128332,1.0,0.7763898442513962,1.0,1.0,1.0,1.0,1.0,1.0,1.0,1.0,1.0,1.0,1.0,1.0,0.00048784586777764525,-0.00035415080254304956
673,0.005261944346576667,0.21893344770133605,-0.0001060287347128734,0.403753496599497,-0.0024924135511516137,0.6209439961231042,1.3994503786877463e-05,0.9446199993011211,0.007400705728517601,0.0011007940410761535,-8.383211562427046e-05,0.34119904734393924,-0.008992271311352407,0.011977515465899837,0.00011406188919324461,0.3494652956202009,-0.0008551322666851228,0.9330725835605745,0.00039272448042286545,0.17888468162448679,-0.0009758363627461791,0.7381769730820553,8.669845188597126e-05,0.33406033056297657,0.0006530021661464106,0.890930673288478,-0.00041761841991972765,0.013441291166137298,1.0,1.0,1.0,1.0,0.01541111657506615,1.0,0.15570770105669787,1.0,1.0,1.0,1.0,1.0,1.0,0.16129549399364757,0.0005549624291574885,0.0008612541083642902
674,-0.0011749239851796792,0.7316954664276825,0.00018783891503653202,0.10679207516470936,-0.001028483305052604,0.895025160242348,0.0003026518862297538,0.18137232229498834,0.010070022686022938,0.00029322798077566133,-0.00014531769395085338,0.10726925962777524,0.004601417654435826,0.41930555596051633,-0.00033264826323113654,0.1343648537132172,-0.013594000613120353,0.16925885331442558,-4.540392578564913e-05,0.8780173845074762,-0.0005082545554940455,0.8693594239186615,3.491389646612679e-05,0.721075569287938,0.001634220936240243,0.7263815205576696,-2.0347361595414927e-06,0.9910001766418851,1.0,1.0,1.0,1.0,0.004105191730859259,1.0,1.0,1.0,1.0,1.0,1.0,1.0,1.0,1.0,0.0015078486119400295,0.0003934294602695624
675,-0.0003750507887797849,0.9046989254004493,-5.8689957853628865e-05,0.5978436195986148,0.00043524979785348317,0.9269073846250748,0.00017466187167144577,0.26460464769518877,0.0038898104392638935,0.29780558836987925,4.31276706755783e-05,0.7031000413429773,-0.010349375232997783,0.007510802630846198,-7.693520096819111e-05,0.6074903077567695,0.023652290136832038,0.018894836553494523,-0.0002601737832837708,0.3947340754471489,-0.0031529394974355402,0.20306047853632792,0.00016121798923947813,0.05926497834841966,-0.014099983291604126,0.022067327603362663,1.6791419211845758e-05,0.9423366497040857,1.0,1.0,1.0,1.0,1.0,1.0,0.10515123683184677,1.0,0.24563287519542878,1.0,1.0,0.6519147618326162,0.26480793124035196,1.0,-0.0001531989725915996,-6.170564530107675e-05
676,0.0037024693593519908,0.3199414284290383,0.00018033546449788376,0.15484210673850707,-0.003923140728304467,0.5112351189838737,0.0003129945096146443,0.07389883528202452,0.012083123464840867,2.477680803271061e-05,3.743378914652675e-05,0.6746858579972657,-0.002143413563153436,0.722555082323404,-0.0002421983521170761,0.18399184802078994,-0.010691198229788644,0.24795615646202407,-4.549446434567033e-05,0.8629440510302454,-0.0017443261243776638,0.4978452360496066,0.00022751977551247688,0.00634614934449934,0.0027164851414052944,0.6538594141862824,-0.00047059075080896286,0.0036985113872983035,1.0,1.0,1.0,0.8128871881022698,0.0003468753124579486,1.0,1.0,1.0,1.0,1.0,1.0,0.07615379213399208,1.0,0.048080648034877944,0.001097122659348285,-0.0001870958609938488
677,-0.0023815226399396612,0.5361786734770855,0.00019791493035665228,0.12532670607106855,-0.007446371724317474,0.2809533332339377,0.0002327206161556776,0.3161432371417219,0.004614265212008228,0.19267798530960045,-8.526877573086016e-05,0.5236916635030211,0.002382780660799927,0.6701283383817753,-0.00022621161380894367,0.2802668292134688,-0.004348624709187363,0.6530737237491093,9.089377458750064e-05,0.7697839481747711,0.003459157814021621,0.26045381048521676,-3.86678642356348e-05,0.7611561644958533,0.0037203145112460444,0.48889699219426663,-0.00017138113256084424,0.3657916646255105,1.0,1.0,1.0,1.0,1.0,1.0,1.0,1.0,1.0,1.0,1.0,1.0,1.0,1.0,0.0023226818062555255,-0.00024346876372317804
678,-0.00048308892023136686,0.894097695261891,8.012433850820941e-05,0.4801230654315607,-0.011575966449250123,0.0681397771727297,8.927067820424436e-05,0.5851934705893438,0.003368726939339236,0.18455557047868332,0.00010331898898070832,0.18626545085085144,0.004439619009360803,0.4000392500135582,-2.6267775812414197e-05,0.8737071588974628,0.016629118812213517,0.010189963674659708,-0.00022614871181138953,0.25331485290383104,-0.005710022882237555,0.014478520923489837,0.00021454556156625046,0.0012016993629214406,-0.006668384790399545,0.16069643555646973,-0.00023484308235484502,0.2167185163269978,1.0,1.0,0.7495375489000268,1.0,1.0,1.0,1.0,1.0,0.13246952777057622,1.0,0.17374225108187805,0.01682379108090017,1.0,1.0,-0.0007461020346038585,-0.0014165086210527144
679,0.002016107962269059,0.7099705395792035,0.00016119816437133199,0.3478816034466362,-0.0027339689056692946,0.5694502831005153,-1.3655628927863353e-05,0.9282364457077372,0.003017035510492179,0.3654567349437603,0.00012671328206441133,0.17529955891653182,-0.005757875456608875,0.09741208810365735,9.661083905324458e-05,0.5313537094529563,0.005575852859731278,0.6341028181891706,-0.00016966850355487557,0.7326633343100757,0.002873315037348717,0.32193875732311916,7.793194299605835e-06,0.9515141821956922,-0.00499046794066396,0.3964431644193823,-0.0002089913382967958,0.2707102720248177,1.0,1.0,1.0,1.0,1.0,1.0,1.0,1.0,1.0,1.0,1.0,1.0,1.0,1.0,0.0005261004821906583,-0.0007309802054371124
680,0.004345195556300647,0.2405652251502176,0.00011501189608586138,0.2681379816841709,-0.0013851225917491299,0.7431727420254299,0.00029059252712190884,0.021482862559675884,0.004292673699221506,0.11818044168438267,0.00012917918617188327,0.15637125674845845,-0.002750431051276279,0.5771185810982324,1.1200617611341214e-05,0.909951314747771,0.0049306376637572044,0.5894121381033542,-0.0007357895212879681,0.0019766976567950857,-0.0009118486611452134,0.6952294228520518,0.00015982321524558236,0.015276458831286399,-0.008521107005058997,0.050646355808606686,2.9982110846826694e-05,0.8201565311815905,1.0,1.0,1.0,0.2577943507161106,1.0,1.0,1.0,1.0,1.0,0.027673767195131198,1.0,0.19859396480672317,0.5571099138946736,1.0,0.00019832467592604684,-0.001394429518445243
681,0.004609094444083866,0.358057068355375,4.823897766228362e-05,0.7308169659405948,-0.0013790083074895212,0.8411445233933306,-0.0001567139937019516,0.43015593989562806,0.0013342426015431161,0.6809330024042808,8.752198437242844e-05,0.36204707664200797,-0.000442301988953954,0.9314597026385736,-0.00028362784084991156,0.04069794588722552,-0.005092256963280483,0.645973069976622,-5.307234357606329e-05,0.8687021042201281,0.0014558450295395157,0.46804737952061937,0.00021731955044556714,0.0016620607809095928,-0.00048561672243022596,0.9428193216241033,0.00014033374520429557,0.5230265659058106,1.0,1.0,1.0,1.0,1.0,1.0,1.0,0.5290732965339318,1.0,1.0,1.0,0.0232688509327343,1.0,1.0,-0.0018047218813603079,-0.0003455092446630223
682,0.0012218929386947747,0.7396376156924331,4.973527824695171e-05,0.6689528651291881,-0.006264675344071311,0.16468168471982814,0.00033116304156880606,0.09940144870965067,0.0061791046439565065,0.01668275149615621,5.957373035645177e-05,0.454554793781593,-0.003653211439207849,0.3934100226879611,-0.00016976236737592396,0.26813496398813164,0.009976011585422613,0.1967375162686047,-0.0005641757434340818,0.02043627865070188,-0.001714176012536598,0.5351479030369798,0.0004089441440238945,1.9550530388935097e-05,-0.005744944531511808,0.32252372970182464,-0.00011547812490064462,0.5757430310466206,1.0,1.0,1.0,1.0,0.21687576945003073,1.0,1.0,1.0,1.0,0.24523534380842255,1.0,0.00027370742544509136,1.0,1.0,-0.00032467846266487707,-0.00019493889087763162
683,0.0015104291265542241,0.6732443513802735,0.00020683637526272718,0.13640894098617748,-0.004961826985729212,0.4504501027751402,0.00016729846243465147,0.5108353278145716,0.006455773966100487,0.04600282933469825,-4.5632355777919596e-05,0.6666978113379285,-0.00581992479711329,0.2813664868280181,-0.00012228035040799489,0.5012291816889648,0.011416108718320411,0.2964342308072164,-0.00036877312969950187,0.2915054300676042,-0.006609029303488758,0.005155624353319035,0.0002769018028688701,0.0003062893152009839,-0.001991531363279781,0.6136725871802715,-0.00011435074147674352,0.443639281474411,1.0,1.0,1.0,1.0,0.5520339520163791,1.0,1.0,1.0,1.0,1.0,0.06702311659314746,0.004288050412813775,1.0,1.0,0.001328166057105134,-0.0018054742377024736
684,0.008149671516308623,0.05739283317011217,-3.5982467262475284e-06,0.9777293206246618,0.005381254958102374,0.3357611580367392,7.91740496050633e-06,0.9668790138111192,0.008644926441351527,0.03822527872504751,5.738552752600419e-05,0.6592442398137082,-0.0019374954861393699,0.7035448220981466,-6.368991581949962e-05,0.6408747073166366,-0.00817169617033655,0.4701020680183209,-0.00019604479628862272,0.5745295274095381,-0.001631582518879673,0.5121280702377593,0.00017841902133269733,0.035400255724090134,-0.010435079604173782,0.1647352242797483,1.9611057923571903e-05,0.9378156393842867,0.688713998041346,1.0,1.0,1.0,0.4969286234256176,1.0,1.0,1.0,1.0,1.0,1.0,0.49560358013726186,1.0,1.0,5.317817125086298e-05,0.0012717259464987097
685,0.005651110878020858,0.222478564564224,-9.770566785506957e-05,0.49707349945616564,1.6296745301120107e-05,0.9972736727531285,-0.00035713235256497696,0.00969899984517671,0.006608213652630745,0.14389385321025291,-2.572261714126125e-05,0.8465369388840572,-0.0008604402976859561,0.8903704691402933,-0.00023951654359975438,0.1907502764690071,0.00011311481670187914,0.9944853444993106,0.0004954701755063307,0.23194283154449113,0.001321619072110999,0.5901288985440278,0.0001051115084799338,0.25560240590416017,-0.012849914992870222,0.04594531309948979,0.00011949553008826894,0.48468989914308014,1.0,1.0,1.0,0.13578599783247394,1.0,1.0,1.0,1.0,1.0,1.0,1.0,1.0,0.5972890702933673,1.0,1.2674217074165337e-05,-0.0005512297734352594
686,-0.002678175380761596,0.37835358336869374,3.7149375181435635e-05,0.6134027690383999,-0.0019127432173452815,0.6528591341371135,1.1987981964845919e-05,0.9281974974919673,0.009487362935507903,0.0005141436775780593,-0.0002517386811490443,0.0014349586078439408,-0.005810117567268606,0.18703338695559402,0.00027133097455197196,0.1400577316549948,0.010055427695834764,0.20170420462435423,-0.00019917235603771156,0.5079393129055942,-0.006973704188016321,0.0036834860579705864,0.00012739992573193001,0.10046818627660391,-0.0021680483090805976,0.6928603298003524,3.0427821737387727e-06,0.9857470900060886,1.0,1.0,1.0,1.0,0.00719801148609283,0.01865446190197123,1.0,1.0,1.0,1.0,0.044201832695647036,1.0,1.0,1.0,0.0006962877487552459,0.0006366658163401923
687,-0.0012766130659429902,0.7897551404266723,0.00030474703384520145,0.022315267358087927,-0.0026716181707324383,0.6420064958681886,6.444540652135496e-05,0.8268660868201316,0.007824087326636493,0.0013161038042521448,0.00010953191369559576,0.11509970507860638,0.0031343225285589867,0.3259841056869388,-0.0003451358465804813,0.014562452569198726,-0.0024458736666403535,0.7662705491769537,-8.0413364010999e-05,0.8130208489817848,0.001059928728840441,0.7303625769199167,0.0001093068828396122,0.20707340971876853,-0.005624232971340955,0.4214577183913295,-0.00016248206273521154,0.4317215794299959,1.0,0.26778320829705515,1.0,1.0,0.018425453259530027,1.0,1.0,0.18931188339958344,1.0,1.0,1.0,1.0,1.0,1.0,0.00040066217644522413,0.0015502998504164237
688,-0.003620846483334534,0.40852451688098856,0.00013589531474825364,0.3623295195606625,-0.01073404291922893,0.1479526485733465,0.00024526060734838536,0.13394422269302908,0.003519009532615635,0.42821586990455396,4.1822046714460934e-05,0.7661531619437618,0.0025222183335398022,0.6984657227803711,-0.00022778554030068195,0.19319541166098886,0.0059987905882329185,0.5217198182700087,6.319750045077141e-05,0.8555052796449856,0.001224081331596151,0.63784046046946,-5.026400097781874e-05,0.523855043615155,0.0010907896868126762,0.8564934419498422,-0.00020812593072487242,0.24273904465921659,1.0,1.0,1.0,1.0,1.0,1.0,1.0,1.0,1.0,1.0,1.0,1.0,1.0,1.0,-0.00040716338141962954,-0.0008276562624910818
689,0.006811858005680649,0.1197980365077449,-0.00016694738477280734,0.3287253563687055,0.0026027723155172978,0.7122310687758023,-0.0002547282663527707,0.2322370039253605,0.00858328107962619,0.0013844054840423667,-0.00020045460017361177,0.029332469449624244,0.0004920037512941685,0.9155971528151899,0.00013585994014246112,0.33305291646267077,-0.01646356061500737,0.009519792551268409,0.00046291754297528645,0.034015226291222674,-0.0008068407387600159,0.8073097140889045,0.00010942288814933256,0.36401668490338,-0.0012195139545909486,0.8295342580476902,-8.607010675248497e-05,0.6645472052333896,1.0,1.0,1.0,1.0,0.019381676776593134,0.35198963339549094,1.0,1.0,0.12375730316648931,0.3741674892034494,1.0,1.0,1.0,1.0,0.0011332616683954098,0.000881239882683202
690,0.003659613197550645,0.2818842307467626,0.00010904712400479058,0.4470573147789457,-0.0019079728776687645,0.653640633848011,0.00017649080201105667,0.33062003653030836,0.006417016696528451,0.03270983627344109,-4.2184845438194226e-05,0.622467722173308,-0.002964458622132809,0.49280651605946424,-4.288843476168528e-05,0.7679833424704045,0.0022270348325466867,0.7855844101187375,-0.00012207457159226209,0.6934787602668234,-0.002791268860974313,0.2678948799198366,0.00010285528283109912,0.3080106828515504,-0.0046399655453270945,0.15114450133416785,-0.0001812452460094546,0.11238302735189387,1.0,1.0,1.0,1.0,0.4579377078281752,1.0,1.0,1.0,1.0,1.0,1.0,1.0,1.0,1.0,-9.297767083490671e-05,0.0010464902372251286
691,0.004852946091117209,0.3298354769346177,9.556293192407607e-05,0.5424905796656608,-0.005709920509599681,0.38821551863850745,0.000570207051465472,0.00497151541354653,0.0061366445465783955,0.06717290058427447,3.7558511205993805e-05,0.7155338321733284,0.0029237903720456195,0.5791097020489857,-0.00040052593558908623,0.019638784121956094,0.0008414576331503428,0.9380532166682378,-0.00029904867366326986,0.3997514530378663,0.0012119221189834115,0.6343405684454859,2.267661588829445e-05,0.7809408843835588,-0.01025684066320223,0.005893862046971486,-2.6430410980387772e-05,0.8235515352504204,1.0,1.0,1.0,0.06960121578965142,0.7389019064270191,1.0,1.0,0.23566540946347314,1.0,1.0,1.0,1.0,0.07662020661062932,1.0,-0.0007264944481959499,0.00023464349735284986
692,0.0055612832035506305,0.1164010173915598,-4.055156530887398e-06,0.966774810721218,-0.003943488391922359,0.4534391886057143,0.00014173360670684525,0.3096324661105917,0.00726747787259846,0.01690674395750355,-2.4519735616189978e-05,0.7721604383560028,-0.00398096648980347,0.30775825796129597,-0.00011044843651593377,0.3140092973574482,-0.0004263649542539347,0.9541887253984045,5.429563889828257e-06,0.980052446496533,-0.00025215780780010044,0.9192832925684156,-3.291225897084538e-05,0.6190891103807528,-0.004225781128689353,0.30929658757762446,2.4772362707845877e-05,0.875844170751444,1.0,1.0,1.0,1.0,0.2366944154050497,1.0,1.0,1.0,1.0,1.0,1.0,1.0,1.0,1.0,0.0014229610782751905,-0.00011807440098382444
693,0.003491979156842865,0.4477362799690131,0.00015304547268846425,0.21694228713961528,-0.002192478178472873,0.6585592617444178,0.0001868320155822103,0.17599795115692352,0.005955327236627996,0.028828324875868724,7.061301015061995e-05,0.4100691529294055,-0.008941493881604833,0.11131692725116611,-5.829837787136358e-07,0.9960753627079363,0.011151998049988222,0.15180549755101733,-0.00035419153240371135,0.11417909072046832,-0.0004437789507482528,0.8245088923895784,4.184313370303822e-05,0.5934498266549285,-0.009021554370282635,0.06934100249760372,-9.755909347844487e-05,0.535031657440215,1.0,1.0,1.0,1.0,0.4035965482621621,1.0,1.0,1.0,1.0,1.0,1.0,1.0,0.9014330324688484,1.0,0.0013251004991131532,-7.304161348339333e-05
694,0.006052968219717381,0.09837178770268495,0.00017222844253268657,0.172574594952437,0.0006047628046987382,0.9025444029795825,2.1614887336460802e-05,0.9092791342928379,0.004909894575876218,0.1890376129118827,5.3904793103129826e-05,0.6934440581458032,-0.006315301987442435,0.2898421298606253,-0.0001730287146285865,0.40419267696796934,-0.0013338616196977636,0.850309425641266,6.83959346019589e-05,0.7960125224206336,-0.0038645990336977623,0.06340586194459899,0.00013383827419071294,0.1117994513549509,-5.386318423094433e-05,0.9900698678714878,-0.00027695359257395657,0.07818202296791224,1.0,1.0,1.0,1.0,1.0,1.0,1.0,1.0,1.0,1.0,0.8876820672243859,1.0,1.0,1.0,0.001053138755276276,-0.00028858673249817785
695,-0.006526216509629835,0.21507607302625698,0.0003138173890797197,0.03902985128366618,-0.009999071076570516,0.06669333578555625,0.0005597699093605351,0.0007137020893513215,0.005628689375474382,0.2666606367111868,0.0001254526133700682,0.4936342087061465,0.0017388888648831157,0.6814035566198828,6.75769332413198e-05,0.7509412232030526,0.01053735653738306,0.3577912712824768,-0.00078128351220832,0.010272146988834115,-0.003930032622280647,0.09118508213449023,7.041449274148373e-05,0.4554338806306336,0.002550385164434582,0.7085809751689593,-0.0003557477676257864,0.12151931014564246,1.0,0.46835821540399414,0.7336266936411188,0.0099918292509185,1.0,1.0,1.0,1.0,1.0,0.13353791085484348,0.9118508213449023,1.0,1.0,1.0,-0.0002799720341515232,-8.863922265329091e-05
696,0.0021471788682994463,0.47218560879244964,0.0002164309348315346,0.013651430474418993,0.0027988329203223676,0.6377487122876233,0.00013634335046182363,0.3651292808974337,0.006602336068069547,0.008225616309746813,4.1564830415366344e-05,0.651000516895267,0.004794527604310898,0.3787659152185461,-0.0002587804585699744,0.0686999553288731,-0.017791893759898963,0.03922428080683863,0.0001691783998616233,0.5275266791231247,8.760105374386373e-05,0.9735811536445561,3.3980246797848817e-05,0.7566258953034875,0.0013614172619673993,0.8070645376273009,-0.00033871732673498416,0.02968294496028038,1.0,0.1774685961674469,1.0,1.0,0.11515862833645538,1.0,1.0,0.686999553288731,0.43146708887522495,1.0,1.0,1.0,1.0,0.3561953395233646,0.0013212280021737413,-0.0006504067711036622
697,0.002675264965960887,0.37737398329859206,0.00015142702253067932,0.265675734206274,-0.007108112489220356,0.19985453275089204,0.00023157289232509507,0.3202389319893768,0.005602127260700125,0.09146120718516956,3.7864910793275125e-05,0.7607398546023136,-0.005112665150424172,0.261278423181296,-0.0001689818580475562,0.2460394608723918,0.007104625379900646,0.3756052007560471,7.185955124223562e-05,0.8287068689373928,-0.0030655860705303102,0.10838610820948621,0.0001189802934657703,0.10706067424423826,-9.565489407786895e-05,0.9860027599961776,-0.0004427226896796809,0.08068259250869109,1.0,1.0,1.0,1.0,1.0,1.0,1.0,1.0,1.0,1.0,1.0,1.0,1.0,1.0,0.00047551237102387,0.00019255990710107467
698,0.00047094674689996833,0.9006489910971329,0.0003273476786863293,0.014107728251154847,-0.006725608648925149,0.1685891782456126,0.0004548513055275455,0.018374197815900065,0.009617448506501095,0.00019743018930367043,5.917790934140213e-05,0.4198990122272469,-0.010858785045481052,0.0023105066509124823,0.0001443060302534406,0.15390970465849688,0.0033552356979743504,0.7359182831018112,-0.000382495685809224,0.22300532625285507,0.0040886465520448756,0.2446928230956884,3.294211461725015e-05,0.8060510348597568,5.211632820322523e-05,0.9923867198736329,-0.0006361293680538226,0.001127138233611448,1.0,0.1551850107627033,1.0,0.18374197815900065,0.0027640226502513862,1.0,0.027726079810949787,1.0,1.0,1.0,1.0,1.0,1.0,0.014652797036948825,0.002494482052299657,0.0012586512732040399
699,0.009024801978341723,0.017511956313238,6.514896173135447e-05,0.5678579184652331,-0.002327645273541372,0.6369840920211389,0.00023171496755867483,0.0755855824944735,0.005403711346761529,0.07456945553799672,5.400475471555398e-05,0.6751489967181269,0.0030922937033388185,0.45981057960934324,-0.0002640344313945866,0.01614457451256752,-0.013178118146970666,0.22945589734743999,0.00014073375859725653,0.6125182292092554,-2.0041664997000672e-05,0.9939766113211248,0.000128679441142132,0.1401924118824896,-0.0019950014687122974,0.7594545996116809,-0.00035624745531464115,0.06937764056588636,0.227655432072094,1.0,1.0,0.8325316867906363,0.8325316867906363,1.0,1.0,0.2260240431759453,1.0,1.0,1.0,1.0,1.0,0.8325316867906363,0.0015848693626966566,0.0013830844496971332
700,0.002289531945951559,0.5604908087395994,7.550075650666998e-05,0.6223148471072285,4.4681788485331105e-05,0.9951794334925148,6.259078551700426e-05,0.8140478426971257,0.009893700475878371,0.00689560847804566,-7.991766787642928e-05,0.49039744909092675,0.004838640234751629,0.15686501865854802,-0.00045480576494844873,5.114690809578558e-05,-0.012690895785320027,0.27235386276341855,0.0006379736477143041,0.14867002798394016,0.0010938622875730798,0.6370704867515795,-3.712961556792464e-06,0.9592611901216982,-0.005469521096665921,0.31076782712913087,-0.00023762879399679324,0.13560504803948417,1.0,1.0,1.0,1.0,0.08964291021459357,1.0,1.0,0.0007160567133409981,1.0,1.0,1.0,1.0,1.0,1.0,0.0034005431868704052,9.013502476193269e-05
701,0.00037934921133333144,0.9217275532977882,3.256625123335956e-05,0.7379068013162752,-0.00573388125907284,0.24452624932647726,0.00015579656840388262,0.1763583287914403,0.0038876567304319152,0.1391091162942748,-4.8131964772072274e-05,0.5353607106483067,-0.006430793205480329,0.23006852084475504,-4.632291592140113e-05,0.7695596997416958,0.021157281006910854,0.033900950424199515,1.2309004951112859e-05,0.9662810137870743,-0.006874459028529414,0.026556097937678082,9.714002582271728e-05,0.3323917631608029,-0.006385152227244539,0.29936412490364495,-0.00020335699113066937,0.2688202579758059,1.0,1.0,1.0,1.0,1.0,1.0,1.0,1.0,0.4407123555145937,1.0,0.37178537112749316,1.0,1.0,1.0,0.0010585471408297129,-0.0011664320526696167
702,0.0061887530967106585,0.2346289782169637,-0.0001337962759252498,0.4042861729990519,0.0034993912727007736,0.5363059252442672,-0.0003210987379519797,0.09375650055774973,0.01101746738780235,0.010558391492336897,-0.00014840214542743632,0.3638224215068564,-0.001572455204080428,0.7076402399625534,-0.0002638458298141909,0.016604638544749674,-0.009947554661992887,0.20598806055777164,0.0006204772886771373,0.05130423779324862,-0.0025479721578490102,0.18724106271278806,0.0002948455269329271,4.086649152324601e-05,-0.006637631375213146,0.248027251870933,-4.8179769675650126e-05,0.7598365108728137,1.0,1.0,1.0,0.9375650055774973,0.13725908940037967,1.0,1.0,0.1992556625369961,1.0,0.5643466157257349,1.0,0.0005721308813254442,1.0,1.0,0.0031441796336443566,0.001310609875637183
703,0.006337226205765609,0.0419563622054156,-4.10248086233903e-05,0.7450904848480859,-0.013266007167690606,0.020238490747452858,0.000147362119563201,0.300519280452076,0.007658810648981131,0.010221682714058057,-1.910122682573224e-06,0.9832630583420373,-0.00843722268778557,0.026072884732063224,4.842394363124634e-06,0.9723869170288383,-0.00019271073610017226,0.9796031440423755,0.000383312523702613,0.09328657983404685,-0.0004825417626918747,0.8405631111504426,7.945116129634513e-05,0.254894986547325,0.008382448613507497,0.0933519271470567,-0.0005720333090740118,0.0004444004740386375,0.419563622054156,1.0,0.24286188896943428,1.0,0.13288187528275475,1.0,0.28680173205269544,1.0,1.0,0.8395792185064217,1.0,1.0,0.8395792185064217,0.006221606636540925,0.0009495003661325921,-0.00053240365944644
704,0.0007390449539260478,0.8434642642597322,0.0001270180803197154,0.41887501928897386,-0.009038232436772318,0.16298960595652223,0.0004181191416002423,0.07392183215842499,0.006635756816798721,0.04129704403960563,-9.745732890996242e-05,0.3046524479572099,-0.0034578855754787015,0.47641581496635865,7.086304798358171e-05,0.5484196857772332,0.006660698298380015,0.5000362451133125,-0.0001233626997490667,0.7190793739700111,0.0006292720684335966,0.7717154711187857,7.284997294011056e-05,0.19423908091132214,-0.00216865432001276,0.6913745498558457,-0.0004680302470677159,0.0022577391998383723,1.0,1.0,1.0,0.8870619859010999,0.5368615725148732,1.0,1.0,1.0,1.0,1.0,1.0,1.0,1.0,0.03160834879773721,0.002741545786585367,-0.0004267430494970393
705,0.0009207076341313295,0.7447211515883996,0.0002766296671595501,0.02786037415172288,-0.009863407787534355,0.17184864488754192,0.00022226711035166756,0.37299930018202965,0.0031317234666857173,0.2458991428461782,0.00018117993026372712,0.050973684928951234,-0.005903894506968884,0.45296171654427353,4.992671969359664e-05,0.8513751457882651,0.014749173381835184,0.020713237581164345,-0.0004378881977094924,0.09433141273521202,-0.0017568755603492832,0.5325622950576998,7.601947625273963e-05,0.38053021255448705,-0.0012774252404320877,0.7949297600470915,-0.0003681346675480305,0.04415893408327838,1.0,0.36218486397239746,1.0,1.0,1.0,0.5607105342184636,1.0,1.0,0.28998532613630085,0.9433141273521202,1.0,1.0,1.0,0.5299072089993406,0.0013489547960198814,0.0004966063143399418
706,-0.004983000541912222,0.21153311247426387,0.00023704559133645627,0.11511111646713142,-0.008850745223620478,0.17375962336790696,0.0002582268310151036,0.16897597199666747,0.004927906524685754,0.1844779779346467,-5.5540395565102057e-05,0.648833581197203,0.0038118527514785696,0.48471641345035743,-6.863145864940032e-05,0.7063765767129302,0.002040320232960988,0.8597974858985544,-0.00015469860084594363,0.7105051378105225,-0.0007228199448639456,0.6850766940888438,0.00017611301886167276,0.01267379244342083,0.003776485662610788,0.5532397892803218,-0.000392515002011819,0.0857223720668968,1.0,1.0,1.0,1.0,1.0,1.0,1.0,1.0,1.0,1.0,1.0,0.1774330942078916,1.0,1.0,0.002109918893845529,-0.0006220599163939634
707,-0.0005046451094153021,0.8935194636963014,0.00025082021582793806,0.02967149301982128,-0.011351414399673597,0.054210194016100915,0.0002371486544458602,0.17497707689960396,0.004494273158767839,0.21096997677627383,-3.099775183049201e-05,0.7922220280161407,0.003066065695408198,0.5350324805912733,-0.00023526931532458936,0.17737301880572054,0.009311666642780977,0.2671767736802393,-5.396477876613396e-05,0.8411480743080175,-0.004630311404009374,0.04350389824638249,0.00036400105624878414,2.9966491462954366e-06,-0.0003856357269139547,0.957517779980223,-0.0005317380510172166,0.023255497831854193,1.0,0.3560579162378554,0.5421019401610092,1.0,1.0,1.0,1.0,1.0,1.0,1.0,0.4785428807102074,4.1953088048136114e-05,1.0,0.3023214718141045,-0.00025640875812928414,-0.0006492390688043261
708,0.005026417453560906,0.1173535412648285,0.00011527011420383756,0.2840330236867685,-0.010133769893083238,0.02615052661940393,0.00023307293572237658,0.133602649995501,0.011450005856444505,0.004189716556256285,-5.0783863056403266e-05,0.6798870727870715,0.0008724969861996122,0.8535166462874619,-4.210628692056062e-05,0.7710124233180784,-0.0008176791602271291,0.9120198064339988,-0.00012293865302961054,0.6260657266541487,-0.0029360401295572733,0.31594065747761,0.00011910145443734307,0.1326321248359384,-0.0034614322903567672,0.5156573116395538,-0.000251615718914085,0.17838752054826623,1.0,1.0,0.3399568460522511,1.0,0.05865603178758799,1.0,1.0,1.0,1.0,1.0,1.0,1.0,1.0,1.0,0.0025112027153121365,-0.00045539582395805547
709,-0.0005861970987436081,0.8590786230700156,0.0001785540032807234,0.09972346940229826,0.003889469930673523,0.3791004419787697,-6.67493934058545e-05,0.6819064030623421,0.010097577088444328,0.019558476562227912,-0.0001865538895807266,0.2009394645976078,0.0019034274125526616,0.6909384469859867,-0.00023077757131022175,0.13148006780691687,-0.004276198141380869,0.6445825356073462,0.00042770344394609823,0.35841928582435745,-0.000620510126952444,0.7934135327555523,-5.1372421445226586e-05,0.6205189640977482,-0.01040756781180847,0.06949737398310415,-7.080421351210716e-05,0.7560712403555143,1.0,1.0,1.0,1.0,0.27381867187119074,1.0,1.0,1.0,1.0,1.0,1.0,1.0,0.903465861780354,1.0,0.0013293268006333407,-0.0010037900213917136
710,0.0015769098074637634,0.6897602010179176,0.00014908151183056368,0.18855792913712333,-0.010753296269425238,0.1582307344546624,0.00048584004226580357,0.02255342792143109,0.008772844123517186,0.0001828022603478633,-2.6469277112522772e-05,0.7459715540734655,-0.0043493284945059045,0.4053599880478017,-0.00038450266228360746,0.030388067075570444,0.019687521964681,0.09867606781207872,-0.00023593857360317572,0.5734497757892228,-0.004178729549162696,0.15486519396719406,0.0002026291568236589,0.016606948133298015,-0.010755920380500977,0.022362574473190316,-0.00019064021198567508,0.2274260536662116,1.0,1.0,1.0,0.2683508936782838,0.0025592316448700865,1.0,1.0,0.30388067075570446,0.8880846103087084,1.0,1.0,0.2158903257328742,0.2683508936782838,1.0,0.0020685511202750305,0.00035033572382661145
711,-0.0007927451695057843,0.873116890282424,0.00013987728940212033,0.40584157048245617,-0.01039704423400496,0.1177941829628661,0.0002217923882716456,0.27346362631905285,0.00553518424597906,0.14556426977535877,6.302553389851219e-05,0.528990992403544,0.003946229178471428,0.3819070483329764,-0.00020802458445215682,0.2108495096830605,0.01190986084671022,0.25944576270820174,0.0001817766232288252,0.6127129343672368,-0.0024049012837163153,0.2818187018781393,9.452206242720663e-05,0.309872742861256,-0.007796584460882437,0.12301529987038116,-0.0004929692843763256,0.005334057131951831,1.0,1.0,1.0,1.0,1.0,1.0,1.0,1.0,1.0,1.0,1.0,1.0,1.0,0.07467679984732564,4.098902284094068e-05,-0.0006071600422925289
712,0.003118654263650186,0.3038592310163737,-6.495866399038422e-05,0.47919070729489843,-0.00011232234081421852,0.9880050956776129,1.9502236121087906e-05,0.9240777342138025,0.005733832023865152,0.10375159099827058,5.82804155518203e-05,0.6490961841634073,-0.004491497624393002,0.5496789459505209,-0.00014866639242000842,0.46609945842580736,-0.0012710042596928805,0.8917548896829619,0.00027687556711103526,0.3069621170198217,-0.00039509234201574097,0.8893604355653554,2.747787070371463e-05,0.6800595586596252,-0.0025825698624615447,0.6009455888766357,-0.00016851103287847548,0.23160130510005283,1.0,1.0,1.0,1.0,1.0,1.0,1.0,1.0,1.0,1.0,1.0,1.0,1.0,1.0,0.0010144836584733954,0.0012657537138299764
713,0.007872273664499907,0.04886859425190461,-0.00014329469274998195,0.3100147185893487,-0.011623710851772131,0.04279646993733515,0.00011913425648725048,0.614760767504521,0.004794735158028713,0.189969279743624,-3.7633242510402524e-05,0.7608656298080181,0.0019318247070456648,0.7440808731501889,-0.00024125157977821025,0.32527802063796973,0.002261360958050464,0.7864532809270408,0.0004160584145895332,0.05495395151931561,0.0013859166834664163,0.6430084218813783,0.00011353065430227357,0.3160494007125322,-0.006622400686984654,0.17843543921985217,-0.00022654381171289487,0.23368126995986416,0.63529172527476,1.0,0.5991505791226921,1.0,1.0,1.0,1.0,1.0,1.0,0.6594474182317873,1.0,1.0,1.0,1.0,0.0006120873792986206,6.113944617019562e-06
714,0.009591121990690388,0.012540933457872208,-0.00016241137868608078,0.1646133982510123,0.0021615587127478213,0.7020029712490695,1.8562738488014744e-05,0.922157474816566,0.010888237523276004,0.0003048143653893062,-8.264214268961338e-05,0.40818100235279553,-0.01068045823712873,0.019597081076133793,-0.000122420014419929,0.3368198324523469,-0.00796310513341592,0.3452220875018345,0.0006926862645715805,0.026873493047832295,0.004104815757351712,0.051623361650215,-4.083335165038868e-05,0.5925818686744126,-0.008102169549703607,0.282192618992929,-0.00030294210761284415,0.3006975337176171,0.1630321349523387,1.0,1.0,1.0,0.004267401115450287,1.0,0.2351649729136055,1.0,1.0,0.29560842352615524,0.5162336165021499,1.0,1.0,1.0,0.002525391083341098,0.0005471224889103273
715,-0.00046324699650312253,0.892168490252244,-2.4495791976948542e-05,0.8294508754713986,-0.008806150832584998,0.05156457044533224,4.3217604503142526e-05,0.7828160594117805,0.001989616128821406,0.4661563769146614,0.00011585729978368073,0.19614249653592242,-0.00038223930010448037,0.9039234531833821,-1.493855787703325e-05,0.8833048468959294,-0.0026458100014634125,0.7977146563795998,0.0004875446649639642,0.0626606614045782,0.0011642797563881935,0.6828991503137819,-4.092484029943981e-05,0.6231195344919166,0.009143550451743636,0.16287382831435315,-0.0005662604067841252,0.014354401111635539,1.0,1.0,0.6703394157893191,1.0,1.0,1.0,1.0,1.0,1.0,0.7519279368549383,1.0,1.0,1.0,0.20096161556289754,0.0005556361839359335,-0.0006766074743521457
716,-0.002922820423680291,0.4170636557080504,0.00015856630357533575,0.15526580704500909,-0.008969006621317777,0.09890072333529998,0.00016559647641906683,0.3290449697901463,0.0046238480374179375,0.21085943629497628,-6.514714841462903e-05,0.5804966172428756,-0.0030640043250091667,0.6201446676206102,-2.422691860978184e-05,0.8384988873719076,0.019271574102716005,0.03987175255156106,-0.0005654568723605608,0.0948362843777966,-0.0012927323110653944,0.6333905918541692,0.000239767828099022,0.0012808579622446885,-0.007646857235158531,0.1053315493638388,9.090031143280726e-05,0.593535382554349,1.0,1.0,1.0,1.0,1.0,1.0,1.0,1.0,0.5183327831702937,1.0,1.0,0.01793201147142564,1.0,1.0,0.0009332908859509796,-0.0010299120361024075
717,-0.0009292691746244905,0.8005963559879341,0.00039598624991705745,0.0012650461344781334,-0.006109448721911373,0.16669734490906607,0.00037477643218772897,0.004928167288847125,0.0013413731934387306,0.651143395551572,6.346104157383782e-05,0.545741255802956,-0.004673573761129102,0.41002014379533536,-0.00012090412256887098,0.5255042288412599,0.019914926034888737,0.011900212611415781,-0.0005564366922386577,0.030224394494635945,-0.0018609330478310251,0.47564238879801046,9.677856739682785e-05,0.25312763118335857,-0.007683074369193633,0.06991624378329964,-0.0002536614345423344,0.09861066742175158,1.0,0.017710645882693866,1.0,0.06406617475501263,1.0,1.0,1.0,1.0,0.14280255133698938,0.3324683394409954,1.0,1.0,0.6991624378329964,0.8874960067957642,-0.0004474611795790792,-0.0019265369137328543
718,0.003406769497560804,0.31295325415421293,0.00015643361710766985,0.11305677619876224,-0.01101194123511523,0.0584699860560755,0.0005134377157276518,0.0031756384020838707,0.0032370772173385765,0.3839266137899954,0.00011939170601913466,0.34680291469233615,-0.001983922557779425,0.6905807931300644,-0.0001615484107725773,0.35259152226490076,0.014632235495566952,0.14935037786481625,-0.0008489063819918587,0.0035122377502537485,-0.0013598631044204684,0.5194042084064302,0.00028851290584110866,2.8795888288480405e-06,-0.006920357381280773,0.39982918107941745,-6.732111486356148e-05,0.7891707698051743,1.0,1.0,0.6431698466168305,0.04128329922709032,1.0,1.0,1.0,1.0,1.0,0.04214685300304498,1.0,4.031424360387257e-05,1.0,1.0,-0.0014488458497784848,0.0003025160562045633
719,-0.00019276105867796551,0.9677569258151266,0.0001347646008186084,0.444432069588523,-0.0002468602482602903,0.9420701064290795,-3.6300910441663284e-05,0.7297612251260002,0.006139217373929855,0.09010708431610498,0.00012559828113650932,0.3052608655418204,-0.003549396970196709,0.3968274212934153,-0.0003289153970095573,0.016694911310376755,0.006955699797863034,0.3833445486582696,-3.806421043173841e-05,0.9062700464245509,-0.0006447443231340196,0.7934072552534299,1.963666075272304e-05,0.827993745115666,-0.008461153711378606,0.11603592942248926,0.00012328093010933775,0.5959257476359323,1.0,1.0,1.0,1.0,1.0,1.0,1.0,0.23372875834527457,1.0,1.0,1.0,1.0,1.0,1.0,0.0003657261432515857,0.00033599043923671903
720,0.002083413376803197,0.5984638473104089,0.00011580363755171043,0.340246337557748,-0.007996162555812888,0.14700692551233685,0.0003790554908897548,0.01579130234740692,0.008502951740155487,0.002945162897832943,-1.171151587722867e-05,0.8618109640499172,0.002638289260386463,0.4856190274245903,-0.0005722149612344512,9.164545347572564e-07,-0.012887995754280557,0.1579023446382044,0.0003756294515216127,0.18315962001543995,0.0017559291303908635,0.4918079456008849,-1.5097356106889581e-05,0.8798921665752276,0.005903575948021531,0.1969548823590438,-0.0002714647668710813,0.044753753888633487,1.0,1.0,1.0,0.18949562816888305,0.038287117671828255,1.0,1.0,1.283036348660159e-05,1.0,1.0,1.0,1.0,1.0,0.49229129277496836,0.0018724076712593077,0.00036800710215111846
721,0.001808687504933802,0.6130720396102958,7.533437661264574e-05,0.5670936101588381,-0.004308382988840817,0.34313660624008335,0.00014697787747009632,0.31819104115942554,0.0034186394732168366,0.3392743759089246,0.0002201356628389142,0.09049031758951112,0.0027106294636718817,0.7582137790477819,-0.00013645979118502346,0.5813151536905452,0.010631464452178578,0.35133609186420833,-0.00016489388297102114,0.5777420978912515,-0.0016403971223403326,0.4775177816029249,0.00021162390557873752,0.010977895347712928,-0.012620638942657162,0.003156723260611115,-0.00035271819509268427,0.018808698366246414,1.0,1.0,1.0,1.0,1.0,0.9953934934846224,1.0,1.0,1.0,1.0,1.0,0.14271263952026805,0.044194125648555606,0.22570438039495697,-0.0008047706801390354,0.0002041491304345316
722,-0.0036602967622589412,0.3968827249004372,0.0001528650000737201,0.3483489011810649,-0.00651541420369627,0.252998242423244,-2.7463521169102318e-05,0.8522008967184345,-8.620803725944889e-05,0.9799737706439969,0.00010883436644519156,0.4870248390402382,-0.006714079334087618,0.0748668918611675,9.161250490098059e-06,0.9447790664817372,0.02016149314671139,0.06221784540255456,-0.0002843255515102693,0.43010542650642647,-0.004465121148662591,0.16635444440423663,0.0003229481281084069,0.003041533404232311,0.001279627044146397,0.8106721547557666,-0.0002820196929685299,0.07074436379873024,1.0,1.0,1.0,1.0,1.0,1.0,0.8489323655847629,1.0,0.8088319902332093,1.0,1.0,0.04258146765925236,1.0,0.8489323655847629,6.344655651009849e-05,0.0002657989173760809
723,0.012841953393531983,0.0007025516872067724,-0.00025869674748357736,0.041678340105252246,0.008139511951543579,0.1359664726357919,2.1582357611999615e-05,0.886302731407445,0.004650565836307033,0.11071958799375574,7.208172109916796e-05,0.36034911064835184,-0.008930736725712478,0.12123066162307879,0.0001650493036840847,0.3096232698833241,-0.006400771618739415,0.44939089622942596,0.00015315129390257255,0.6525571068131037,-0.0012993781471946962,0.5389868567740868,7.421549612288638e-05,0.2860179750516285,-0.00900114240716414,0.09706299166063839,-0.00022738343544616751,0.22810691951597384,0.009835723620894814,0.5418184213682792,1.0,1.0,1.0,1.0,1.0,1.0,1.0,1.0,1.0,1.0,1.0,1.0,0.0001226695772078791,0.0011542397592121142
724,0.0033915282565974507,0.4380638609206493,0.0002446440629378989,0.02185591101316605,0.00232974673321193,0.6590277587923603,0.0001997056988664348,0.24410584899823196,0.0066090769696751745,0.11537129619350178,0.00013488254321129928,0.26654615267149195,-0.003961829062174893,0.3533513419304499,-0.00013057624305216304,0.3757892474647362,0.009818436908285566,0.44474431005423587,-0.0003470630533603761,0.43938414301670037,-0.0018413441534566595,0.4214382821058855,0.00019140334940125487,0.025010106035659625,-0.016345614342775327,0.007816498967694057,-0.0002929963805589154,0.15665378046724263,1.0,0.28412684317115866,1.0,1.0,1.0,1.0,1.0,1.0,1.0,1.0,1.0,0.30012127242791553,0.1094309855477168,1.0,0.002931597841566243,0.0004431771166678459
725,-0.0026473720752159596,0.550532649309442,0.00014915706554984994,0.34696951903299056,-0.016566977648680387,0.0023594888659959476,0.0004645154793143988,0.0007628157758299607,0.006591317607138485,0.029416355207008988,0.0001152529892627894,0.2157993781719184,-0.002171691751451002,0.6457882409842719,-8.043478279605315e-05,0.6049181212405228,0.014355893017518552,0.09065280518954677,-0.00043736712477906585,0.10932951873483378,-0.00037646100524172397,0.8735469227115835,0.00011110802341833264,0.20778567259374026,0.00081529170357083,0.8848408566074367,-0.0003222316496918414,0.11660702589400462,1.0,1.0,0.03067335525794732,0.01067942086161945,0.35299626248410787,1.0,1.0,1.0,0.9971808570850145,1.0,1.0,1.0,1.0,1.0,0.001698265400298041,-9.075487399720018e-05
726,-0.003028060015796087,0.45516132787843944,8.146228304606585e-05,0.532933865353173,-0.014425270313680062,0.0005788915253623434,0.0003333573886405754,0.024804357979546325,0.0019796817329370666,0.5468554675231947,0.00018322806831173484,0.07538454191600928,0.0033116525089283066,0.48101417837767946,-0.0003604975023799517,0.01367205562019111,0.00696821953085372,0.47591170786852244,6.34265575218896e-05,0.8065752265827089,0.0014325774559109676,0.6539119063491281,1.1196815412310623e-05,0.8926155105390757,0.0037611979256879473,0.38534599963946736,-0.0003121735678381444,0.01409144400681625,1.0,1.0,0.008104481355072806,0.2728479377750096,1.0,0.7538454191600928,1.0,0.17773672306248442,1.0,1.0,1.0,1.0,1.0,0.17773672306248442,0.0004593781164947243,0.0007455053278067279
727,0.006606909957845494,0.051419790811296946,0.0001838297110512165,0.1999347581620894,0.0031419176730875034,0.5727383902180105,0.00016521505241185719,0.3820493465243323,0.004854380363622185,0.13975754170489485,0.00014075775340095554,0.09926497374617661,-0.0032762927140999715,0.500773460582463,-0.00019956544150463414,0.12003131394652544,-0.009357603244401916,0.17355729910197493,0.00015287413077952108,0.4308936982287851,0.0016486162882535273,0.5180427630519244,-8.538981195417163e-05,0.24762560086586993,-0.0036179288457074124,0.5672828505936602,-0.0003577213394548091,0.09469198410294188,0.7198770713581573,1.0,1.0,1.0,1.0,1.0,1.0,1.0,1.0,1.0,1.0,1.0,1.0,1.0,-9.964446492690025e-05,0.0003680078766885891
728,0.003058894756206859,0.565936014348682,-0.00020585472270296445,0.2312752785350657,-0.010582941021158636,0.10057551962915363,0.0002025813999254999,0.448633465658282,0.006767444499294298,0.0459774111846178,0.0001941210641171754,0.024823179636632966,-0.006537404005480633,0.17081443193868784,-0.00024525404588337683,0.09217332074074647,0.005610019349436665,0.5697810283987861,0.0005229476835810567,0.06265241018271055,0.0018203588708640805,0.5365623011597717,0.00011232039641917466,0.2608329853367143,-0.000136372190133105,0.9844021057363472,-0.000580861751257476,0.019119416780163937,1.0,1.0,0.9217332074074647,1.0,0.5517289342154137,0.3227013352762286,1.0,0.9217332074074647,1.0,0.689176512009816,1.0,1.0,1.0,0.2676718349222951,0.0011279593307635795,-0.0007597117378604949
729,0.0050761726329980016,0.16237097833844583,4.0472334776033875e-05,0.7232492487423197,-0.01088424626758005,0.003311596753801988,3.98355962420095e-05,0.7821321138835936,0.0016630745469659643,0.6372708964210158,0.00012722841632071709,0.2149607531224843,0.005470458070666424,0.3043583338140996,-0.00024401835567673823,0.16693158752687465,0.009052930150413207,0.43381276027980964,0.0003185102673560053,0.2926359158013001,0.00254362138862791,0.34309946187662066,-8.256093826703587e-05,0.509980002998912,-0.012922011897344423,0.0036273295164474355,-0.00019946731151678754,0.22304371267738288,1.0,1.0,0.04636235455322783,1.0,1.0,1.0,1.0,1.0,1.0,1.0,1.0,1.0,0.047155283713816665,1.0,0.0013386184602234947,-0.00027543954970598054
730,0.002907704893526833,0.5718426684134895,0.0001458354850522732,0.4279785284907165,-0.0052806971984767,0.3984734107861104,0.00020706462396099902,0.3541674857266166,0.008010347726545079,0.013625411165284426,-0.00015895672533964336,0.10955934970785128,0.004654099916139429,0.34578702439277875,9.902055067206577e-06,0.9561114689457584,-0.010850386640044818,0.3351265788486304,0.00037343325644694305,0.2637942468865303,-0.006065912867265451,0.03209927633336333,3.761151811531296e-05,0.6914543242320459,0.006624841933005936,0.09435645982627977,-0.000614890078239143,1.6380796119658836e-06,1.0,1.0,1.0,1.0,0.17713034514869752,1.0,1.0,1.0,1.0,1.0,0.38519131600036,1.0,1.0,2.2933114567522372e-05,0.0020828005317394716,0.00010354125616414014
731,-0.00339155262643725,0.404737360838358,0.00018653512169597325,0.06621430619950963,-0.00921337345648374,0.06988557382112248,0.00024728419465405753,0.11237447657624192,0.004012155340832776,0.31222829738093394,0.00010347753663422657,0.38904202407137245,0.001035345311323915,0.8152842392465764,-0.00036114994108201706,0.018703688903712448,0.0194673517447126,0.05456092840546235,-0.00018426073016622048,0.5689406770441021,-0.0061632159735112175,0.04039114022440647,0.00016175396673793482,0.12667762063042087,-0.005746710297725294,0.31835301624261103,-0.00015364017101059896,0.4738473063653693,1.0,0.728357368194606,0.728357368194606,1.0,1.0,1.0,1.0,0.2618516446519743,0.6547311408655483,1.0,0.5250848229172841,1.0,1.0,1.0,0.0008510808683560673,-0.0010526378281353603
732,0.0013990327372874342,0.6961705180404745,0.00021123086602781014,0.022304079775167907,0.0013948323047676542,0.7707301245760342,-1.4934347433667303e-05,0.9299494201229357,0.0019165452698786348,0.5071823898067653,0.0002540621002478582,0.011773690778003984,0.001555009944884125,0.8318591973564438,-0.000305105378273084,0.10591299171309312,0.0037942460921814862,0.6943908293235741,-1.9560268486193797e-07,0.9992796498790316,0.0006410203952478794,0.7875684686477646,-7.321308692259922e-06,0.9426692270916837,-0.010700687102221855,0.07629567077140023,-0.00013773629556762784,0.45783742676065753,1.0,0.2899530370771828,1.0,1.0,1.0,0.16483167089205578,1.0,1.0,1.0,1.0,1.0,1.0,0.9155480492568028,1.0,0.00026736244501051595,0.00012006505841575567
733,-0.0017059470990809626,0.674804546346822,0.00032045403978237403,0.008454695170330748,-0.0029400712043365284,0.6011512312221206,0.00034676507391749936,0.0252741557324227,0.003901564980211854,0.11695666769955752,0.00011746419024550168,0.26112952781384235,0.003972439800468119,0.5564984494976857,-0.00037991314850507576,0.050759590500782034,0.0023584127382355945,0.77016298217017,-0.00028882656143334616,0.22954143894779422,-0.004524898463998974,0.08331538328121289,0.00018100867659780185,0.048580569500822166,-0.0010615013600881191,0.8729443643876695,-0.00029695221563399147,0.16127051257077374,1.0,0.11836573238463047,1.0,0.3285640245214951,1.0,1.0,1.0,0.5829668340098659,1.0,1.0,0.833153832812129,0.5829668340098659,1.0,1.0,0.00047873711626575426,0.0009460144660008111
734,0.001274972847736511,0.7627433010689583,7.051222527688564e-05,0.5884217029717091,-0.008350546302113961,0.0887619865763127,0.00034982864289227793,0.035916819761460536,0.0010442646647485434,0.7538689260901946,3.351658808411971e-05,0.8161872893648159,0.003847667961841996,0.47230911866920766,-0.000258712531979352,0.1158589064943764,0.008866718969781482,0.1729144297848938,9.007430587598408e-05,0.6045841177436679,-0.002828701328886803,0.26179666282381564,0.00014255485519408314,0.04272066588345204,-0.003854375732539362,0.469443881974548,-0.0004277740930128558,0.019210819477648793,1.0,1.0,0.9763818523394396,0.466918656898987,1.0,1.0,1.0,1.0,1.0,1.0,1.0,0.5126479906014245,1.0,0.2689514726870831,0.00041270444406968403,-0.00038968558674012553
735,0.005055271662576105,0.2895880574044136,-1.4349268154505227e-05,0.9191491036758268,-0.001422874619623468,0.7762825119041381,-8.954324465678202e-06,0.9604845074271391,-0.0009739091695489854,0.770689823468238,-1.8444214784198455e-05,0.8650413340161236,0.002222303275912843,0.7423353158281591,-0.00025294453902676746,0.24803981850493995,0.005743842857873006,0.6576596814652036,-0.00014053177353454675,0.7274143141929605,-0.003267851369606344,0.1152857054963967,0.00021555572701053563,0.007094957712940171,-0.0073567820851587005,0.08579160807193344,0.00021966835649806573,0.09933621277439594,1.0,1.0,1.0,1.0,1.0,1.0,1.0,1.0,1.0,1.0,1.0,0.0993294079811624,1.0,1.0,-0.0014501406296684946,-0.0005909080621215435
736,-0.00034393086702377856,0.9172151300371499,0.00028627014681730954,0.0064525792896931965,-0.007845065243743156,0.177855166863502,0.0001728092691167676,0.3163498905889419,0.005228764192329053,0.07687238779059033,3.0770604113510124e-05,0.6885602048646207,-0.00144521376298307,0.7522729980869203,8.483467288621258e-05,0.5115374230181768,0.010399701804936119,0.28582449591243264,-0.00048771731606461435,0.1280641280222816,-0.005632447187518232,0.06435011322314656,0.00014747254201375435,0.1830501825465808,-0.0003618099920963842,0.956697714632992,-0.00023443987435795108,0.2874436592576003,1.0,0.09033611005570474,1.0,1.0,0.922468653487084,1.0,1.0,1.0,1.0,1.0,0.8365514719009053,1.0,1.0,1.0,0.0007047283134785137,0.0002531347693436838
737,-0.008401628714286681,0.0012746483973559936,0.0005244806858913006,1.687774918384118e-10,-0.016696654196686082,0.0004409097798747642,0.0005644304888215725,3.923505855535533e-05,-0.0010981507911851805,0.6756589282651734,0.0002542307926783393,0.0006657681566115537,0.0010818456528348863,0.7951972663799942,-0.0002418170153976177,0.06634695264535448,0.03356433586899767,5.101793772313012e-08,-0.0007068600881302474,0.00012700164285562256,0.000311553592905929,0.9091892100279093,1.7275996764343525e-05,0.8198957063105419,-0.008761299281719735,0.14634273262708108,-0.0004117409631489132,0.021038155073310964,0.010197187178847949,2.362884885737765e-09,0.004409097798747642,0.00047082070266426395,1.0,0.0059919134095039826,1.0,0.3980817158721269,6.632331904006916e-07,0.001397018071411848,1.0,1.0,0.7317136631354054,0.14726708551317674,-0.0003599324058168434,-0.0005942978155939158
738,0.00538025060503155,0.15415856017630733,9.497445354499441e-05,0.498181198718584,0.00014896473625577704,0.976101225617964,0.0003886625569385384,0.015468294924664767,0.009865071111535355,6.3724980926334365e-06,6.121347712487121e-06,0.937132243470344,-0.012098669068839288,0.02681650298049406,3.2823947416164964e-05,0.8783353179182096,0.011927961746439144,0.15127482798967062,-0.00036443837311877326,0.15007849809898074,-0.00046013637645140676,0.8408916401108948,0.0001137766651680785,0.21567877123713108,-0.014763442640053207,0.014244165344343399,-0.00027192060112747764,0.19497400257549868,1.0,1.0,1.0,0.1856195390959772,8.921497329686811e-05,1.0,0.29498153278543465,1.0,1.0,1.0,1.0,1.0,0.18517414947646418,1.0,0.0018365303772245514,0.0021719076375497177
739,-0.0034196802694934168,0.41020339240368964,0.0003056850270820579,0.0627247544145914,-0.010597599545304426,0.06586141618658749,0.0003220273605890004,0.17839161141421944,0.0018367943895173193,0.7298328750232976,0.0001685489730393961,0.38132781347622924,0.0029949898712019443,0.5695450430448235,-0.00010874344428296696,0.4664399220988721,0.0048110713388918565,0.7144578664738628,-0.00014136170001592135,0.786945351849622,-0.0042814441812245325,0.07038477402253768,4.283525096691485e-05,0.5156934185960642,0.008655868719621604,0.11402245347479027,-0.0005889914824572034,0.00048317165705881004,1.0,0.8154218073896882,0.8154218073896882,1.0,1.0,1.0,1.0,1.0,1.0,1.0,0.8154218073896882,1.0,1.0,0.00676440319882334,-0.0005016908999965179,1.8646373835548334e-05
740,0.00034962757076138974,0.9220369314992164,0.0002225986971860642,0.0350579162513053,0.00034001049228031636,0.9524448339132431,-0.00018201071680901156,0.39409859130030933,0.01143288823865012,0.00023738394346137099,5.290534125690862e-05,0.6032499924055288,-0.0025608526901338417,0.5793013440681504,7.924146126319556e-05,0.5583106624766703,-0.008998727327973157,0.3454227986052477,7.008333178716583e-05,0.8498642147132172,-0.0005063936648746558,0.8885545977067832,8.521445118375874e-05,0.5500946368190773,-5.6551927410269804e-05,0.9916601492980275,-0.00032803258880200815,0.065554885484215,1.0,0.4557529112669689,1.0,1.0,0.003323375208459194,1.0,1.0,1.0,1.0,1.0,1.0,1.0,1.0,0.7866586258105799,0.0019687213465599874,-0.0002102283636772926
741,0.0074734466977555095,0.15472304928745112,-2.9243059031105607e-05,0.8706774648654401,0.0062231359493562545,0.31841535679144517,4.5151793537090145e-05,0.8201194743437139,0.00570730675917428,0.10762529222440365,0.00016873094197668444,0.22933391709761264,0.0010616094358194192,0.8376017075833164,-0.00023650775995557268,0.09745739602184975,-0.006645778828545836,0.5373462381938343,0.00013337271540889433,0.7469623486813317,0.00024643914649848694,0.9015862686235321,0.0001492773624796778,0.017426379292550746,-0.014066159488485634,0.001781351859427921,-0.00023078204248813363,0.13721502820143383,1.0,1.0,1.0,1.0,1.0,1.0,1.0,1.0,1.0,1.0,1.0,0.2265429308031597,0.024938926031990893,1.0,0.0010944456888069794,0.0005755346950602556
742,-0.005957965647787918,0.02867707692146879,0.0005590679197076373,2.7480995451883705e-09,-0.00011497276969746228,0.9824851747231677,0.00026463214848673137,0.10003511385060629,0.0041190107701786285,0.2450901332232147,0.00023400469246151188,0.06341215258256055,0.0006420838265908043,0.8941261344156166,-5.173484031302614e-05,0.8325568141755322,0.01058068815226776,0.26423518419941394,-0.0010067681768033726,0.00342724716069741,-0.0030509702782308364,0.29968006303415495,0.00010170387594937247,0.24553707551685433,-0.006217876221770487,0.297854632222163,-0.00010090552496515515,0.5787941328168348,0.3441249230576255,3.847339363263719e-08,1.0,1.0,1.0,0.697533678408166,1.0,1.0,1.0,0.044554213089066326,1.0,1.0,1.0,1.0,0.0016385685685892824,-0.0007435829137230024
743,0.002137289195953234,0.6466066350124327,-3.764032068201174e-05,0.8109735967477912,-0.003916203497134431,0.5732203419079027,0.00013353981239137526,0.5284711666557986,0.006660999619567772,0.14779359143743975,3.140304764619148e-05,0.8302641911702953,-0.005890006240242371,0.25543715721576854,2.7466231800377955e-05,0.8575908729594839,0.007043624085867926,0.4678255621300299,0.00018980138265627802,0.5084711605055995,0.0004998895661154491,0.8439230615607825,9.99437764743683e-06,0.9048158826065547,-0.006535592172188409,0.2246226344454364,-0.00035456454058971587,0.05158207320745731,1.0,1.0,1.0,1.0,1.0,1.0,1.0,1.0,1.0,1.0,1.0,1.0,1.0,0.7221490249044022,0.00010200074842308968,-0.00011797768535914215
744,0.006218139007546548,0.2691797871705768,-2.208767394651997e-05,0.8930603031776874,0.005064717779408215,0.3710788894763307,-0.00022200216869197495,0.20198570192017162,0.0037928610344775274,0.2289030143026426,0.00011518544662587452,0.230192409107846,-0.002062655935055222,0.6443750413733472,-0.00016834267657322107,0.25644541495045825,-0.010732287992770487,0.31183131398507036,0.0002505453814316861,0.41523754064096385,-0.0035778530142699,0.1852626577763622,0.0002939294057168974,0.0005400892402560069,0.001297078142816006,0.8590447626344944,-0.00024722765179369436,0.25064001546900117,1.0,1.0,1.0,1.0,1.0,1.0,1.0,1.0,1.0,1.0,1.0,0.007561249363584097,1.0,1.0,0.00026770202359415656,-0.00019870427988862583
745,0.0023786069456681862,0.48589026350855136,0.00016955789174710243,0.11210170569711372,-0.005781187829746128,0.34164443815995804,0.0002893285434823196,0.27229956781831477,0.005576402629173465,0.1462254873305353,0.00010831390160182882,0.32482660204930036,0.004889881877949989,0.28658950789908044,-0.0001267326569523272,0.4215812986414479,-0.005741680171149383,0.47313652256750227,7.326799160532781e-05,0.8504406031634963,-0.002743877170032283,0.2834463699333235,0.00011414192111142129,0.16209565144952487,0.0014218531809176297,0.7543619831317022,-0.0006278776336883776,0.00023763265647407103,1.0,1.0,1.0,1.0,1.0,1.0,1.0,1.0,1.0,1.0,1.0,1.0,1.0,0.0033268571906369944,0.003220248502068874,0.00011516083358338492
746,0.0012066096938073338,0.8023997242322503,0.00019157109342721605,0.1834082256833277,-0.006174100099521374,0.2660748012289599,0.0002102861674806036,0.2876935815610725,0.0037143453401057127,0.11357601650037495,8.016411004277428e-05,0.38119323519862724,0.0071170113658898726,0.21966013637962922,-0.00023538838524797263,0.115109505377061,0.004325861854489366,0.6021645127932304,-0.00019461714436870718,0.45555750945216067,-0.005147755916994418,0.036799808949498664,0.000355326264544981,7.352104133325949e-07,-0.005041970945421619,0.38565728354308715,-0.0004073421648263844,0.01636786047473816,1.0,1.0,1.0,1.0,1.0,1.0,1.0,1.0,1.0,1.0,0.44159770739398396,1.029294578665633e-05,1.0,0.21278218617159608,0.0009442946924035859,-0.0013335874782925894
747,-0.0006182692961150031,0.834966172385306,0.00035373313752010377,0.0007388866412093264,-0.00878994222693564,0.15416245143445256,0.00038362331693028083,0.08177168562061755,0.007353336001152215,0.0007575235311467459,0.0001389366468068198,0.10567444381071152,0.0043119476327667765,0.45015676683827044,-0.0002864420943901259,0.017516441125269008,0.0011039850413934167,0.8905390498584083,-0.0007114251780433146,0.030852956938477845,0.0009235150099048979,0.6432745198602512,9.775690230621888e-05,0.06128051801688674,-0.004284573398140056,0.4870831697227095,2.3817333760053265e-05,0.9025236908483814,1.0,0.01034441297693057,1.0,0.735945170585558,0.01034441297693057,0.8453955504856921,1.0,0.21019729350322808,1.0,0.3393825263232563,1.0,0.6128051801688674,1.0,1.0,0.00041009483912479467,0.0008158674018321373
748,0.009799024665100181,0.03181347100077987,-0.00012707242563259928,0.35460371994167883,-0.0022918729370156135,0.6239929312396182,8.49325842091635e-05,0.5549126441776269,0.006618540201439926,0.05968308666407712,0.00014563452223820717,0.14182360000202543,-0.009263473435386917,0.08868635705391065,-0.00011185980030975819,0.535133801629045,0.006722269907653934,0.4441353714922357,0.0001312507470150566,0.6067130799909686,-0.0025690493795441477,0.16071288077749446,0.00013821403264257598,0.008744923875169888,-0.00901543945860067,0.12101572951782448,-0.0002610996786297788,0.14762695546941107,0.4135751230101383,1.0,1.0,1.0,0.7161970399689255,1.0,0.9755499275930171,1.0,1.0,1.0,1.0,0.12242893425237843,1.0,1.0,0.0015671601466154285,0.002235359941478167
749,0.0051750708122568325,0.13198769031472737,1.4331904712282189e-05,0.905154566641922,-0.007509331470918734,0.25543557904090886,0.0003425865994106379,0.09284956205062193,0.0035110089561152732,0.20120852375569442,1.2310328116710054e-05,0.8794218772706417,0.002995476110343931,0.534420593982627,-9.266638956266809e-05,0.5405591980831619,-0.0014910947727437964,0.8627947938291691,-0.00021859042829232457,0.48190333806855934,0.00045021712974992466,0.8746573599573995,-4.12327867725216e-05,0.6108514630661994,-0.0031313462950496086,0.5354577843760249,-1.6739182185289302e-05,0.9143992820388963,1.0,1.0,1.0,1.0,1.0,1.0,1.0,1.0,1.0,1.0,1.0,1.0,1.0,1.0,-0.00040599749576619194,-0.00037837574054385673
750,-0.0015502394618216574,0.5574067324948071,4.4734554918974374e-05,0.6271103759941972,-0.011537496122677397,0.020535662976360843,-2.8510742546814194e-05,0.8347430752197191,0.005125116923121843,0.15308870282347029,7.819406367262691e-06,0.9380321998375466,-0.00461163098778076,0.3573609448217394,-0.00018484471356258514,0.3139156755250456,0.011426271145631585,0.17671174123536681,0.00039342938940882077,0.15914581618542822,0.004238488262185032,0.09519111681106752,1.5309702406965567e-05,0.8588429746279117,-0.0030905107130182914,0.6044729687287581,-0.000247937506931264,0.22751994543513676,1.0,1.0,0.2874992816690518,1.0,1.0,1.0,1.0,1.0,1.0,1.0,1.0,1.0,1.0,1.0,0.0004891837221035471,9.236352032210423e-05
751,-0.0003042410116367813,0.9388347322543303,0.00011015586531299971,0.4141726057947447,-0.01252854096850488,0.011883818380029668,0.000221885656117194,0.20347952466754304,0.004466405243887685,0.10701999493271097,-0.00011209620114138101,0.23067316604023846,0.0019124051946120251,0.733765107000897,-0.00022431148472858012,0.15380398594475464,0.0012559885601519884,0.914232564520843,2.855202147976585e-05,0.9379384894358404,-0.00012523454924856132,0.9522442331039106,3.5217960761905544e-05,0.6727570496835305,0.005323216789767878,0.3101847536641329,-5.9403800677166726e-05,0.7007027252756816,1.0,1.0,0.16637345732041536,1.0,1.0,1.0,1.0,1.0,1.0,1.0,1.0,1.0,1.0,1.0,0.0008581393074620246,-7.219570643894735e-05
752,-0.001453246176852426,0.7315206751292997,0.0004112315973807616,0.005136212784869683,0.0008241474766746542,0.892317151835788,0.00020789570466254003,0.22487115523940793,0.011960905791185373,0.00015513546267679218,-1.8253287450047515e-05,0.8970085683666562,0.0013221074827361294,0.7737382061090018,-0.00023613838657084635,0.16121664811608893,-0.0025718740757751505,0.7807599566044825,3.582518667507798e-05,0.9115699249498681,-0.0018242637046408422,0.5024417353881828,0.00016295971599395307,0.05735896026016608,-0.008257776993850075,0.1227699147624083,-0.0005635205408733539,0.0031247066641127566,1.0,0.0616345534184362,1.0,1.0,0.0021718964774750907,1.0,1.0,1.0,1.0,1.0,1.0,0.6309485628618269,1.0,0.04062118663346584,0.0025155849431078067,0.0010417212789500792
753,0.0020611135953346412,0.5165737328271569,0.00016503983511375464,0.03956903578000414,0.004644148427234429,0.25016121529419,0.0002630557697394558,0.03276989950873883,0.00960579900178137,0.0005442720750282139,6.99118841174772e-05,0.4444864461085004,0.0037440152029270426,0.39277774600151083,-9.677054904862855e-05,0.5329278247203888,-0.006367410918695036,0.39548173913048235,-0.0002679157168635978,0.266591680503359,-0.001775029917487072,0.5331922811825123,0.00022475201313689169,0.018816404250975468,-0.011912635697039285,0.012554179006149416,-0.0003580731784701416,0.020414416253140156,1.0,0.35612132202003727,1.0,0.32769899508738826,0.007619809050394995,1.0,1.0,1.0,1.0,1.0,1.0,0.2257968510117056,0.16320432707994242,0.2257968510117056,0.0012977703864411173,0.00021349054511810342
754,0.0012370073885226752,0.7465664988277521,5.460645224010088e-05,0.6100488063659975,-0.008069658371456274,0.23183096720780239,0.00036976842592735873,0.0371600631687349,0.00886447348943297,0.0070319222184426645,8.535928845519008e-05,0.3864208611876818,0.0032411119834946226,0.5460716718489753,-0.0002659632811982019,0.1763390614709478,-0.009249452194132144,0.3148013982871427,-5.6915299623138535e-05,0.8645445188977305,0.001844265318867785,0.566634746812422,0.00011351980686500464,0.1196472202730301,0.002132251382486766,0.7471184909606665,-0.0003003753641682774,0.13662351335187756,1.0,1.0,1.0,0.4830808211935537,0.0984469110581973,1.0,1.0,1.0,1.0,1.0,1.0,1.0,1.0,1.0,0.0019302396274401643,-0.00030455810468622135
755,0.006175569108992343,0.026831007263867834,-5.6575856145682106e-05,0.6362528457975207,-0.0002916101945093004,0.9603735740781707,-0.00013625568979224562,0.492648524052376,0.005702132820718043,0.02162416861136722,-5.391037471991757e-05,0.5597427804316584,-0.0013727078643349627,0.7723790456465655,-3.241734976483234e-05,0.8266414300151596,-0.008180112591748343,0.3584020915563433,0.00022592130353504892,0.5193605527935077,0.0023108220247549114,0.20725907127747278,9.095854507703076e-05,0.14920005055403304,-0.004344094198211182,0.46063601852205993,-3.772057094012806e-05,0.8632269382247602,0.34880309443028185,1.0,1.0,1.0,0.30273836055914105,1.0,1.0,1.0,1.0,1.0,1.0,1.0,1.0,1.0,0.001554094475627779,0.000442681167234432
756,0.004440001651605367,0.25282876385224284,-5.155145520482605e-05,0.7443836485100671,0.0045124970261694675,0.3359911311311746,-0.0003147062976277446,0.11569242734543772,0.007966089670440104,0.006806767029232924,-7.153233132307318e-05,0.5506681182169453,-0.007480499156792896,0.13962655965177376,7.085678903871e-05,0.6067399750944995,-0.011841048799344828,0.18970978141346972,0.0004017129199164959,0.1961706784571411,-0.0029116177292315736,0.19170799285094398,0.00014472807907786348,0.15966889855198718,0.005314576539497662,0.28745402893030847,-0.00017950769884964173,0.37753148220758836,1.0,1.0,1.0,1.0,0.09529473840926093,1.0,1.0,1.0,1.0,1.0,1.0,1.0,1.0,1.0,0.0011428663483743693,-0.0008128273438911739
757,0.0018553137455761854,0.6684225393192683,0.00029254538167679034,0.05328102232951319,0.0012501318709943509,0.8392883389367036,0.00017186385441748928,0.449143766588173,0.008389758546290933,0.06014527880664918,-9.42289763724564e-05,0.5258750398670073,-0.002377314677287893,0.6309073079198397,-2.1638904743594207e-05,0.9078926945517634,0.00878181658413479,0.34849429986306224,-0.0002379324116906324,0.4851926856350941,-0.001637301034231519,0.5714389695700799,-8.311566454394898e-05,0.43014988604124094,-0.01626240547387255,0.009474722163642276,-2.7493239744647795e-05,0.8931284009187599,1.0,0.6926532902836715,1.0,1.0,0.7217433456797901,1.0,1.0,1.0,1.0,1.0,1.0,1.0,0.13264611029099188,1.0,0.0014015963309228392,0.0013580252209372502
758,0.002705405012136246,0.36556387512884014,2.0096946252955005e-05,0.8555568187648445,-6.013813618133658e-05,0.9903208052224988,-6.235542150919264e-05,0.7104938782411137,0.0064255751614286805,0.02066183491335649,0.00010049462634105349,0.33208168519252623,-0.01214710266115609,0.002452775511430199,-0.00016073997260524937,0.22418091158403652,0.005509022882672884,0.50217105491603,0.0002559368206022249,0.48444891418324754,0.0015851206783122384,0.5327178801953747,0.00014148585608303498,0.1742930223073258,-0.004017883385981787,0.5681228765092433,-0.00029491879354167337,0.2468427451711942,1.0,1.0,1.0,1.0,0.2686038538736344,1.0,0.03433885716002279,1.0,1.0,1.0,1.0,1.0,1.0,1.0,0.0015003725783932884,0.0006309129968246454
759,0.010105351724002674,0.006239008917542088,-0.0002100753501028327,0.06871864794136272,0.0062849675681775794,0.2591782366418304,-1.835419998025026e-05,0.9217832128959097,0.01185109838367559,0.0004968044637601352,-2.205645211998715e-05,0.8641135533411868,-0.011868326416539295,0.004865132217461695,0.00010882813775497786,0.463100323251168,-0.00886738856591319,0.2518767323265604,0.00019185687823458758,0.48926601864716257,-0.0026430066558029105,0.22919921904177176,0.00020704974024678886,0.006498352332865534,-0.004862695678245834,0.4325469807092036,-0.0002572487661211524,0.15616647725308985,0.07486810701050506,0.6871864794136272,1.0,1.0,0.006955262492641893,1.0,0.06324671882700203,1.0,1.0,1.0,1.0,0.07486810701050506,1.0,1.0,0.00293893421134678,0.0005078501092268478
760,0.004975592523844112,0.22724898560942408,5.265550772857493e-06,0.971341786526523,-0.0021308955552387077,0.6269757365442119,0.0001426753594593039,0.24520847758424735,0.00782948135012631,0.011598112144060355,-2.104774616781564e-05,0.8097870352625454,-0.0015442335867263371,0.7402505446407857,-4.829648976940578e-06,0.9717622205880316,0.00361373192380989,0.7093869119771689,-0.00023913392941085502,0.42453101539575755,-0.0021496230522561797,0.5563875365953684,0.00017031550672182345,0.15729653498575252,-0.0105940548615097,0.14409038068739582,-5.324502303718362e-05,0.7995694682743533,1.0,1.0,1.0,1.0,0.16237357001684496,1.0,1.0,1.0,1.0,1.0,1.0,1.0,1.0,1.0,0.0009476475497698874,-4.338493867406244e-05
761,0.006268284365125106,0.08147768666769545,-2.0645576644504407e-05,0.9223630407449215,0.00043753668845340754,0.9377175879761936,-0.0002082899502178219,0.3556737108239393,0.0076628535139258306,0.013389428571135491,9.386621070545544e-06,0.9258808075228192,-0.002812041445791963,0.49798192693188137,-2.8121958308746377e-05,0.8123319056363575,-0.004275040975442017,0.5785265386577846,0.00033537692192790335,0.3550373591298799,-0.0015009491113305165,0.4914534805115687,0.00013813335602202428,0.16223954999738377,-0.005780643316717416,0.2019427508766941,-0.00022583943482676734,0.11894037194513231,1.0,1.0,1.0,1.0,0.18745199999589687,1.0,1.0,1.0,1.0,1.0,1.0,1.0,1.0,1.0,0.0013010364169955993,0.0005583488865501279
762,-0.0015785822230967945,0.7433491089103386,0.00016301300043860032,0.2401283746076256,-0.0034164665097770313,0.5316584272140374,0.00014770805289526873,0.5108858215894851,0.0016143562220197797,0.5336433951034908,1.4209521931142817e-05,0.8491520127275606,0.005214791231159362,0.3629459605564903,-0.00016656115516305807,0.38599411894149727,0.005632834585409003,0.5449847112912121,-0.00028641818637855916,0.32570108306372914,-0.007185356449114765,7.497808294133922e-05,0.00016944871670116748,0.005594402133980299,-0.00028157747577366106,0.9537266783318271,-4.1399931938828105e-05,0.7945656808540259,1.0,1.0,1.0,1.0,1.0,1.0,1.0,1.0,1.0,1.0,0.0010496931611787491,0.0727272277417439,1.0,1.0,0.0003171939639962053,7.773384887869554e-05
763,0.007672593600022193,0.06051144710887963,-2.3793217744941114e-05,0.8359880080775315,0.003855227110372549,0.4625663010134563,-0.0002188816985951882,0.21495818518720466,0.007363899953795057,0.008688691853491134,-1.1720416875647429e-05,0.8754983559167833,-0.00994088213919423,0.03731406351549872,2.9581786945716796e-05,0.8554126313783252,-0.009672202183589542,0.25685395320906035,0.0004486550403529593,0.11044689911481037,0.003824526026371163,0.11894016659601393,-4.624544846668983e-06,0.9553181871263368,-0.0031031623077876734,0.524306423341945,-0.00021921693388916684,0.19301721052012466,0.7261373653065556,1.0,1.0,1.0,0.12164168594887587,1.0,0.48508282570148337,1.0,1.0,1.0,1.0,1.0,1.0,1.0,0.0006636284710089074,0.0003143231243954247
764,0.0025897672093592988,0.4879461642379882,0.00031914610336016496,0.004339219261870589,-0.0017407512214567317,0.7792343938074042,0.000356889465345109,0.05427901449905686,0.006446034340002609,0.07761751394614563,8.435679239476629e-05,0.4017686575853754,-0.0038375767812909994,0.37307502673402126,-6.670559969609123e-05,0.5903837840227752,0.005800688528321286,0.5157768397703253,-0.00047617998455481595,0.13073703586414429,-0.0018513051159891468,0.4925385792410719,5.2472581532197466e-05,0.5441305834259559,-0.00740685598174253,0.1992690340984612,-0.0002699794128386602,0.10156980531420591,1.0,0.06074906966618824,1.0,0.7056271884877392,0.9314101673537476,1.0,1.0,1.0,1.0,1.0,1.0,1.0,1.0,1.0,0.0016939963327167007,0.0004665176168859169
765,-0.004022373779198407,0.20588599789821704,0.00032091669149459637,0.0006267116188924998,-0.011069670904707675,0.0806123147220571,0.0004211892732876527,0.027404673106231223,-0.0006014461082669043,0.8559060918555943,9.842838130486535e-05,0.3380842954819243,0.003798367189350245,0.5113126385694986,-0.0003945227820465553,0.024540123719915374,0.023069342557250475,0.008974226188099075,-0.0003519238051861105,0.19517856151484037,-0.005849775991283751,0.07624221363905899,0.00010347960059051316,0.2278147824009079,-0.005324441129051996,0.21986780913436965,-0.00019756741405662604,0.1488103598162179,1.0,0.008773962664494997,0.7624221363905899,0.30145140416854344,1.0,1.0,1.0,0.2944814846389845,0.11666494044528797,1.0,0.7624221363905899,1.0,1.0,1.0,0.0003914003487852774,-0.0002313375099885008
766,0.005474170964378563,0.09158665610971269,-3.969751055655043e-05,0.698333619046678,6.178286126252371e-05,0.9908923162565786,-2.4194764631012677e-05,0.8944728778101647,0.0009117944122137305,0.7853004264332802,0.0001981341439953926,0.13427306001721384,0.0011294765117387633,0.8070403733033835,-0.00014630411421533043,0.26126494395374733,-0.0078393984355347,0.3722242535292748,0.00012046530988238071,0.6695509771971025,0.002965495751001537,0.17144665012528104,-5.046495707168351e-05,0.5755677880461765,-0.002703322570037662,0.6278279479334319,-5.793800190654425e-05,0.8264516302860375,1.0,1.0,1.0,1.0,1.0,1.0,1.0,1.0,1.0,1.0,1.0,1.0,1.0,1.0,0.0011653610458571889,-0.0020857091092458613
767,-0.0002659320744744563,0.9392828404878646,0.00013084622017184582,0.2810570594066072,-0.01359477268099596,0.018473708329217912,0.0003468418232275734,0.0640406964536783,0.004252031100313332,0.25980660328414806,6.374882566864146e-05,0.6369206270741877,0.002221331536153157,0.691805385329539,-0.00012523169876065674,0.380548747192072,0.0007406271832300285,0.9426351861771424,0.00023421914269668073,0.411964967666424,-0.0034988251588400267,0.23253697033640208,0.00011942544866535459,0.16462284145318085,0.010145539155408511,0.0400542356144764,-0.0007698497654363326,3.6354719122501666e-07,1.0,1.0,0.24015820827983286,0.7044476609904613,1.0,1.0,1.0,1.0,1.0,1.0,1.0,1.0,0.4806508273737168,5.089660677150233e-06,-0.000282351518243033,0.0009021094977766874
768,0.00420161073437502,0.32475464392325515,5.779130160283177e-05,0.657538368510305,0.0006214280360528356,0.8946997615204267,2.5927258791408568e-05,0.8281518370337498,0.005803387829316634,0.05623370914781148,0.000186438177872573,0.0532127360733959,0.007177978014238785,0.04273989836256838,-0.0005007738600742942,0.0006899076460199332,-0.022474225462225265,0.01829605595088426,0.0005837792102396828,0.04782837094024499,0.00013622277732521144,0.9538369716180461,5.988016417242695e-05,0.50565884660333,0.004533597583217211,0.4185842506435222,-0.00041304229976636887,0.02653302300773875,1.0,1.0,1.0,1.0,0.47891462466056306,0.47891462466056306,0.4701388819882522,0.009658707044279066,0.23784872736149537,0.4782837094024499,1.0,1.0,1.0,0.318396276092865,0.0005830818852469115,-0.00043471121249195806
769,0.0036337509735604725,0.33988607405756865,0.00010361620599922518,0.3608593471559698,-0.003974641550329874,0.4575164611063113,0.0004303375655465324,0.011238912511526129,0.0026758393681508346,0.42876987229647345,2.8320546589113092e-05,0.7542496833228648,-0.0033312940739168143,0.3685091122746055,-0.00025235843755034925,0.03486327173747357,0.007770931325284185,0.38826336297299846,0.00013197641315590197,0.6821064874871337,0.0002594696701141841,0.9053748942024346,-0.00011972707872141563,0.08086147684566405,-0.007034054763288814,0.24553320208311546,-0.000322165208384199,0.05629671260452293,1.0,1.0,1.0,0.1573447751613658,1.0,1.0,1.0,0.4532225325871564,1.0,1.0,1.0,0.8894762453023046,1.0,0.6755605512542752,-1.498677177308684e-05,0.0006179040916135151
770,-0.00437937894615799,0.21359362075860133,8.113941061538608e-05,0.41274810626865654,-0.007377894795182031,0.11368691557413858,2.9744979457940157e-05,0.8650785706392068,0.011555904012010699,3.7595566095579445e-08,-0.00018585725866269062,0.012374012800735114,0.003992893641864119,0.44457036219755475,-0.00031572331568680375,0.01844031888906671,0.011910166276396227,0.1427308713660805,0.0003347991483407409,0.29179112477794134,-0.005293364031480594,0.043637122502660136,0.00019232822060877083,0.05490172890803052,-0.010408326191267948,0.06881957530612527,-0.0001364311928412192,0.44103586868797895,1.0,1.0,0.9094953245931087,1.0,5.263379253381122e-07,0.16086216640955647,1.0,0.22128382666880053,0.9991160995625635,1.0,0.48000834752926147,0.5490172890803052,0.6193761777551274,1.0,0.0020859770362974634,0.0006151213827571972
771,0.007646066422722344,0.030043127026391284,1.56839634489954e-05,0.8763364276633945,0.0019099586559392099,0.6542278196355945,-4.643876845806346e-05,0.7864621598134337,0.0038433137106582103,0.3266266239223147,0.00014599180217510845,0.2829627545480903,0.004548404666873387,0.31341182290017133,-4.021085725244859e-05,0.7719846804236177,-0.0050461034585507075,0.47360522821564244,0.00032752945871944455,0.10123102171424976,-0.0045313341158121955,0.0029410074064276643,0.00011817505910142079,0.01417465400908686,-0.008370306809213976,0.17926508633621852,-0.0005207306241831183,0.04946091383423163,0.3605175243166954,1.0,1.0,1.0,1.0,1.0,1.0,1.0,1.0,1.0,0.0411741036899873,0.18427050211812918,1.0,0.5440700521765479,0.0017207768524626866,0.0007499262461590769
772,0.0015690001712881693,0.6850561060902518,-7.706912360757928e-05,0.5344810385871677,-0.010214269775381727,0.06513488510521248,0.00030177743158354097,0.04223035887184463,0.0011142048005566981,0.689419211688087,0.00016061622097053195,0.07871479863500745,0.012048010302327487,0.02524542560392472,-0.0003200568373162552,0.08642055224949881,0.009713484261215316,0.3295737640387074,-0.00014013547413165792,0.6619387966499446,-0.004036018837362561,0.0679741840561346,0.00016719716005868362,0.02239754908169239,-0.010194411288754599,0.06882097491458572,-9.232941938088953e-05,0.6402660743035323,1.0,1.0,0.7164837361573373,0.5067643064621355,1.0,0.7164837361573373,0.3281905328510214,0.7164837361573373,1.0,1.0,0.7164837361573373,0.3135656871436935,0.7164837361573373,1.0,0.001041311425104457,-2.2031437457172594e-05
773,-0.003947937205969986,0.3465716965879222,0.0004126061912313765,0.004566106147477577,-0.00677522180113579,0.2511450234082755,0.0003138628731101699,0.06463918590010517,0.009685052015606526,0.05614248714528134,-9.507974764536355e-06,0.9571185588646738,-0.00200949736269723,0.7085711328307481,-0.00036995844664580886,0.05134204440540116,0.008038044799800631,0.4053708290970891,-7.098942296681727e-05,0.8280494958523522,-0.0038705666016629137,0.16676158900646287,0.00021600290813397538,0.013838381180441051,-0.0011198731398120618,0.8135819912355416,-0.0004920161199024035,0.0030968209989639586,1.0,0.05935937991720851,1.0,0.5817526731009466,0.5647624884594128,1.0,1.0,0.5647624884594128,1.0,1.0,1.0,0.16606057416529263,1.0,0.043355493985495416,0.001411629155640497,-0.0005377608218298979
774,-0.004695434529357362,0.2559634441870856,0.0003050208034634938,0.0227358723733188,-0.001659301907042106,0.7703960253340832,0.00020422921433374278,0.25735999455319736,0.006864269701796455,0.08025097114236213,0.0001330052858942171,0.36422008740406475,-0.007599145253480425,0.19718380866425944,5.9462089841182434e-05,0.671834772758112,0.004342862222828932,0.729808223298213,-0.00038215116055187605,0.39014467821300214,0.0004231319236527671,0.9101316894050585,-1.2703303817710648e-05,0.9129500183039643,0.002323617124216836,0.7475708658007965,-0.0003068629306990742,0.13600995377423794,1.0,0.3183022132264632,1.0,1.0,1.0,1.0,1.0,1.0,1.0,1.0,1.0,1.0,1.0,1.0,0.0032429580608684923,0.00028836951815680616
775,-0.00020791344361140767,0.962127235182102,7.694765778905588e-05,0.5797163554056391,0.000897755593362587,0.8001234139021256,-8.64161172324244e-05,0.5662467815271385,0.008951674758940553,0.007974537404678734,-0.00011984760305878866,0.252393393658931,-0.003196135136197726,0.4891382874354018,2.4810085993952927e-05,0.8829267009744743,-0.006538078829487997,0.47267725311072095,0.00016736895087526358,0.5316540485315194,-0.00053111230557694,0.8142231807143568,0.000119690286838096,0.21554776137830411,0.0006238096347232456,0.8999742697546759,-0.0001825532430445893,0.21489077894332465,1.0,1.0,1.0,1.0,0.11164352366550227,1.0,1.0,1.0,1.0,1.0,1.0,1.0,1.0,1.0,0.0005721664090169902,-0.00025041070002798096
776,0.00039517917860447773,0.9097897693829317,8.544370317039554e-05,0.402009467102346,-0.006227354365566299,0.1417147414694481,5.800899901308602e-05,0.7337965360231882,0.008680212176860625,0.0033538337698625774,-0.0001153662519905049,0.1378037714164074,0.0008868349038440594,0.8546353239422754,-0.0002044366978713707,0.18662639443848428,-0.006625601424621981,0.5687177976972804,0.00041523198035566775,0.1671102644235022,-0.0006951267383843578,0.8207185587530247,8.91273722239704e-05,0.47613241516737526,0.0035858578278109483,0.530791071934805,-0.0003280091567998057,0.10938050543040516,1.0,1.0,1.0,1.0,0.046953672778076085,1.0,1.0,1.0,1.0,1.0,1.0,1.0,1.0,1.0,0.00026801685197544635,-0.0004426156035049978
777,-0.005728416065553228,0.13161823683807777,0.000562440349783455,1.5020299738442953e-06,-0.013051989657862749,0.019807936747165623,0.000366382703216331,0.10050514955801271,0.005691711121265821,0.022171696134410425,0.0001458283774755724,0.09999689272358048,-0.000230509515410065,0.976144203006032,-0.0002767351087368639,0.2744345488201527,0.012401792595624725,0.25938589827052483,-0.0004655949718005769,0.19412408626021604,-0.004140860036596059,0.11310603730233564,0.00029698557929572195,0.00025484493606257516,0.005058272983784327,0.4082628651741653,-0.0006293069842584611,0.0028931835368634982,0.8999720345122243,2.1028419633820133e-05,0.21788730421882185,0.8999720345122243,0.22171696134410424,0.8999720345122243,1.0,1.0,1.0,0.9706204313010802,0.8999720345122243,0.0033129841688134772,1.0,0.03471820244236198,0.000631688884239603,-0.00032661373601021194
778,-0.001954009079629745,0.5814960673527232,0.00016219132847938958,0.2821466095832955,-0.0056413461067859536,0.26387569050152293,0.0003139705657303928,0.18858367516132157,0.0018506941765490884,0.4759799842580611,5.110198932488128e-05,0.5955438617043167,0.0003279918017846561,0.9562472478952347,-0.0004919721776629651,0.002954001059881809,0.015363619160850883,0.1558168065085775,-0.00017158556285386915,0.6936325659791358,-0.0031568934544577345,0.16349759079311843,0.00012180463465554836,0.16149346508040507,-0.006790056705977879,0.34294212133239765,1.4489293674860309e-05,0.9543172795402731,1.0,1.0,1.0,1.0,1.0,1.0,1.0,0.04135601483834533,1.0,1.0,1.0,1.0,1.0,1.0,-0.00023756295524025286,0.0008063310904887468
779,0.004939068526840294,0.13614270917870128,1.7869070886202837e-05,0.8997401465487724,0.0093684979857478,0.1308628004947308,8.883682518794766e-05,0.694417219456731,0.008379936295738426,0.017422139918735643,0.0002017682929571086,0.08488410814400152,-0.005385146864808645,0.33954394034470503,-0.0002965736288461549,0.07579501466291408,-0.01271597734627389,0.12756961081418897,0.00017661052589471138,0.5838691514090584,0.0003790517402817802,0.8325877223038867,3.683224715788256e-05,0.6463279290860129,-0.0049654305649835945,0.37545348154249736,-0.0002253433007772471,0.1828094461686498,1.0,1.0,1.0,1.0,0.243909958862299,1.0,1.0,0.985335190617883,1.0,1.0,1.0,1.0,1.0,1.0,0.0009789470526469363,0.0010824245435183258
780,0.004200228348513437,0.20754702473839393,0.0001991535940252685,0.042438756383248885,-0.003081118441746071,0.5685339958375326,0.00010614609807691272,0.6031225346073832,0.004863167758307827,0.06150919587353804,0.00031206654191622083,0.004815228287233665,0.0009874226365864118,0.7937787708915456,-0.00043850144518204145,0.00012627725231609737,-0.0061638384562823145,0.5199332144102958,0.0002771875942139999,0.3592979350472243,-0.002109724404881491,0.4175146514486192,0.00020631768129469405,0.0408373273389301,0.0013038645062401566,0.8229206086617774,-0.0006623700901899302,0.0031004754795625833,1.0,0.4492106007282311,1.0,1.0,0.5535827628618424,0.05778273944680398,1.0,0.0017678815324253631,1.0,1.0,1.0,0.4492106007282311,1.0,0.040306181234313586,-0.00022563766107053744,0.001389116537689144
781,0.0015121002870622734,0.6097299028533111,0.00022418627587734885,0.0365925942665085,-0.01035991672067485,0.009963485929048601,0.00042682274416142436,0.014400995688208492,0.0067197511979901325,0.037027663724625674,0.00011937709624570125,0.3297814509810041,0.00020253598371049097,0.9714162912286451,-0.00023457962842073253,0.2219017985981948,0.0046680351433653145,0.5230350277268017,-0.0002876557286091173,0.2822288793717542,-0.003980522729550061,0.036097084385384864,-2.8143930735046113e-06,0.9685879368709698,0.001238016843255432,0.7855129294116281,-0.0002453363661397895,0.08231398850508745,1.0,0.4331650126246184,0.13948880300668043,0.1872129439467104,0.4331650126246184,1.0,1.0,1.0,1.0,1.0,0.4331650126246184,1.0,1.0,0.740825896545787,0.0007095269143045857,-0.0009894918954519067
782,-0.004379538907136676,0.38144382282955,0.0001878243367756874,0.14274505113459246,-0.021242859937958398,0.0003500516721034112,0.0003818864595442993,0.022618002156342132,0.0038973410433985906,0.2153263991467017,0.0001627446663733817,0.13167490136438717,0.004572874811719691,0.36435879018652184,-0.00017151849784566317,0.19240142553376527,0.02312974607431478,0.04405145117157565,-0.0006920663138112939,0.020281807718677006,-0.0014799923142131623,0.5839379359955941,0.00013877348495731434,0.1408436055465539,-0.00449757097403749,0.4242198953599181,-7.64411022749645e-06,0.9672061275804635,1.0,1.0,0.004900723409447757,0.2714160258761056,1.0,1.0,1.0,1.0,0.4845659628873321,0.26366350034280106,1.0,1.0,1.0,1.0,0.0004227939468252975,-0.0013504735706176543
783,0.004897760577249457,0.11313674572548721,9.023763716335482e-05,0.38262561747385915,0.0004812547487651133,0.9149269091100084,-0.00020201623500558366,0.19333101477731418,0.006410051424185079,0.05271831689248106,-5.498780699880621e-05,0.5627353231138023,-0.0007305227862024441,0.8441735075393545,-3.325967306850904e-05,0.8104945677697961,-0.007740181893815632,0.36554619347720163,0.00046504939297329457,0.11391873846263238,-0.0010805205125258121,0.7012570831496554,6.83204548306235e-05,0.3232999540839273,-0.0022378437026566948,0.641401696502944,-0.0003333437251702615,0.0821570847709325,1.0,1.0,1.0,1.0,0.7380564364947348,1.0,1.0,1.0,1.0,1.0,1.0,1.0,1.0,1.0,0.0010075046583765226,0.0012160127885578811
784,0.0035845962029399645,0.38370886238628277,-0.00012541767377967678,0.28380316080376167,0.0013262547385750434,0.8407679064549908,-8.464333772945287e-05,0.6626214138831439,0.012099293729591353,0.004353419230857575,-3.666516476238151e-05,0.7768625336859067,-0.008324174477451225,0.1333177230286435,7.733060724341875e-05,0.6385206663247723,-0.003968419592063908,0.681068386993399,-3.431686945991323e-05,0.9126116662064092,-0.00017803439942720633,0.9579428227860483,0.00029778863217396823,0.004684614301015878,-0.004539515467609928,0.40773529759345317,-9.407624416027259e-05,0.6456864750575835,1.0,1.0,1.0,1.0,0.060947869232006055,1.0,1.0,1.0,1.0,1.0,1.0,0.060947869232006055,1.0,1.0,0.0028539518375434543,0.0007701503188640284
785,-0.0001379774745006454,0.9736064235675095,-1.9574741290541974e-05,0.914609430358959,-0.005297539940352627,0.3852799512807331,0.00027206451011403963,0.2329525591378263,0.006051700170474072,0.023195771399699673,3.839229116347644e-05,0.7250011687983413,0.0005971418037322328,0.9342474530551276,-5.470125359976458e-05,0.7806564106684273,0.00943153598107574,0.40202341517572104,-0.00019701553206711092,0.6048947224235081,-0.0016638909367412877,0.5982278289108216,0.0002005513509559847,0.1373971210536229,-0.00898097010965871,0.04630423590509009,-0.00023971656541413387,0.19299215191974795,1.0,1.0,1.0,1.0,0.32474079959579544,1.0,1.0,1.0,1.0,1.0,1.0,1.0,0.6019550667661712,1.0,0.0015872198397385072,0.0004806111648272362
786,-0.002644788353359271,0.4582333121919938,0.00024006658058578834,0.024816049475216657,-0.0014980660633844318,0.7824744391182825,3.807707308333686e-05,0.8165564387661537,0.007334974812343105,0.08816450942723686,0.0001085416262267169,0.45854784967679874,-0.0009335832685829351,0.8568657821831517,-0.00012171484961199394,0.3506805275253244,-2.161855474086468e-05,0.9981787565310337,-0.000526003309827331,0.1042024254132046,-0.002855767156141178,0.18582374070309626,0.00023926526095614995,0.0002437354103576145,0.0006188496821933565,0.9432091083678367,2.1767573324668245e-05,0.9398371388039873,1.0,0.32260864317781657,1.0,1.0,1.0,1.0,1.0,1.0,1.0,1.0,1.0,0.003412295745006603,1.0,1.0,0.0016394179534534002,0.00043044209615979894
787,0.008760075632314512,0.08326800564584642,4.512313378563143e-05,0.7709373786467468,5.8509235072170434e-05,0.9931153816859374,0.0001411607306740241,0.42914308866032813,0.007073750093065955,0.034412176855525486,0.00014448679119129752,0.22607461193412604,0.002332899227639065,0.6349928353339109,-0.00010935048830960127,0.5071793724471099,-0.004853296427604389,0.6646778334679798,-0.00036558150197864086,0.25351954146608613,-0.004065287149536464,0.13669329583586418,0.00029842737772817755,0.0009010140075268888,-0.009306652508919114,0.09381969975758853,-0.00015426595517491545,0.41133000779961626,0.9992160677501571,1.0,1.0,1.0,0.44735829912183134,1.0,1.0,1.0,1.0,1.0,1.0,0.012614196105376443,1.0,1.0,0.0013979967256577742,0.0004569017059413303
788,0.004262927335409498,0.32441787503845154,0.0002981253380131656,0.030246719146282085,2.6751069496665016e-05,0.9956383603330382,0.0002948311159222388,0.044772429284729215,0.006743983685949589,0.025161106952593628,0.00013136693930725844,0.13946908830975474,-0.008642866637493106,0.007756286729278563,-0.0002504981699112408,0.007679728584838586,0.0190973728389484,0.05492167166674034,-0.0005936661527922914,0.02843658605123555,-0.006615089736073814,0.001338433110515839,0.00019695211403577997,0.0016158060341093462,-0.014873078196378299,0.007380123251837727,-7.711118911049266e-05,0.6701143687413853,0.9732536251153546,0.2274926884098844,1.0,0.2686345757083753,0.22644996257334266,0.557876353239019,0.08856147902205272,0.08856147902205272,0.27460835833370173,0.2274926884098844,0.018738063547221746,0.021005478443421502,0.08856147902205272,1.0,-9.078475083289704e-05,-0.0008247166820658017
789,0.004468255894543297,0.13666247473392304,6.473767331777519e-05,0.5055725177341623,0.003997243805253181,0.3652134278999859,-0.0001259023094880415,0.4425600769833614,0.008176757133166922,0.0011233085995308743,-1.3158231661332063e-05,0.8698919173977695,-0.005884815144970151,0.12227316371767613,-3.038916895481945e-05,0.7787149323135589,-0.005876610511105811,0.489274772022789,0.000607171377490758,0.06952069255228806,0.0031815062408442475,0.20135407875588462,-3.588951587322597e-05,0.6417416955750432,-0.008062338690635034,0.06413862742760056,-0.00046656981966771886,0.0008497730213836377,1.0,1.0,1.0,1.0,0.014603011793901366,1.0,1.0,1.0,1.0,0.7696635291312066,1.0,1.0,0.7696635291312066,0.011896822299370927,7.583585612009488e-05,0.00045313589754059015
790,0.0014863291843313317,0.7113227095754933,0.0001772418507423014,0.07044134926920276,-0.008196572054609306,0.045276015499640235,0.0003626830691345808,0.0021927208596284526,0.011684296270659781,5.2157981137719465e-05,-2.5348230180663557e-05,0.8303673405632601,-0.002384727839201765,0.6562935460066706,-4.7070016152498537e-05,0.7652295428100003,0.007396671665969161,0.4340017633017216,-0.0005798997661132721,0.03223361546429837,-0.0037889005369754177,0.08625328572731396,8.702922877139724e-05,0.28894340596599377,-0.006197097150158362,0.2946005849436172,2.5363844393680266e-05,0.890494467811016,1.0,0.7044134926920276,0.4980361704960426,0.028505371175169884,0.0007302117359280725,1.0,1.0,1.0,1.0,0.38680338557158045,0.7762795715458256,1.0,1.0,1.0,0.0002845262912171215,0.001265711609519903
791,0.009169793712661373,0.0017604325904972398,9.506350295895487e-06,0.9421430158394161,-0.0033736841521062474,0.4409646187878491,0.00016668120759943166,0.4145637601283142,0.0015896797435667842,0.6644215433628909,6.832301200342121e-05,0.5920074970445606,0.0038011539553245207,0.4088539716660431,-0.0002311825849509505,0.15596591211564895,-0.00031332847422294106,0.9701581428945443,0.00020143702347166174,0.6106287741431833,-0.003448773510872354,0.09703963255125932,4.6160910954350884e-05,0.5246133913297931,-0.0074248431581120855,0.17470551656000566,-0.00026092589567440613,0.08397012899206265,0.024646056266961355,1.0,1.0,1.0,1.0,1.0,1.0,1.0,1.0,1.0,1.0,1.0,1.0,1.0,0.0011366459937533927,0.00020755161871939076
792,0.005495141397726458,0.08986283192918436,-1.8608841610990845e-06,0.9824671110970505,-0.0030140034628779004,0.5190730614154759,0.00011676924667348491,0.4518859384807439,0.006539426126607336,0.026541472794474302,6.610591768910548e-05,0.382891586493168,0.0011684135283955375,0.7679255669281922,1.4000785812731144e-05,0.9205253086395522,-0.00892131699808821,0.292967943640285,8.207386234695605e-05,0.747470005795078,-0.0031625586528877627,0.247275044831743,0.00011950609631385957,0.1666072332896753,0.0018948997735590192,0.7640170660496501,-0.00039659498682199343,0.04865616065135326,1.0,1.0,1.0,1.0,0.37158061912264023,1.0,1.0,1.0,1.0,1.0,1.0,1.0,1.0,0.6325300884675924,0.0012494475646656785,-0.00021389039336869572
793,0.000891909056085956,0.8080124795515513,0.0001163665965529084,0.24511615174238133,0.0024522628308615802,0.7013605226198847,8.449880346008877e-05,0.7243908315271521,0.009297710274201586,0.0004943232439219951,0.00013243411298720893,0.1954775687085969,0.003363929460609347,0.5543566512526068,-0.00043264142482119726,0.00037968141776553125,-0.0036858200361586497,0.6677320864334705,-0.0002847675617253736,0.33645357027264944,-0.0031290289364252883,0.14230760290764485,0.00020973886998314838,0.00040031386759138904,-0.00919096356318803,0.028191117089274385,0.00017437063872850433,0.18891218174932112,1.0,1.0,1.0,1.0,0.005931878927063941,1.0,1.0,0.005315539848717438,1.0,1.0,1.0,0.005315539848717438,0.3101022879820182,1.0,0.0013423837468714594,0.00036825599657970326
794,-0.000648985943216149,0.8868483204781014,0.00011386696026247168,0.48121872327206094,-0.004283735372362199,0.5572770380575149,-1.6024212215987128e-05,0.9418821694125377,0.008683996422991126,0.013286757224151732,-7.717938824789676e-05,0.48086710832906854,0.0030082362128596852,0.5123262948404008,-8.742657925745286e-06,0.950376983037945,-0.003951368127202753,0.6924612467875499,-0.00010089839299014884,0.8233959970405049,0.0007461819565878727,0.8124809457579645,0.00014980145876385207,0.05494297813667297,-0.003554327652000533,0.5548698520787725,-6.082368364703265e-05,0.7669053661115747,1.0,1.0,1.0,1.0,0.18601460113812424,1.0,1.0,1.0,1.0,1.0,1.0,0.7142587157767486,1.0,1.0,0.0012741342453139088,-0.0007368243913597725
795,-0.0003428467007716024,0.9478091743702602,0.00011923464336076381,0.40511189047505747,-0.012271478015666306,0.028728304730694713,0.0004117384315569303,0.010394982133708125,0.006564160689015731,0.10759612614378074,-1.0482993676902721e-05,0.9349284980198568,0.004397098986423347,0.1826845157095427,-0.00026810685131533365,0.026062659585193822,0.0009007655869944873,0.899026693526995,-0.0001657627786388129,0.4402618283803378,-0.0014927194132945468,0.5488267379285927,0.0001569094997837683,0.03594610002533713,0.002245017202701898,0.7934920625773875,-0.00024352996860389442,0.303483770820412,1.0,1.0,0.34473965676833657,0.14552974987191375,1.0,1.0,1.0,0.3388145746075197,1.0,1.0,1.0,0.3954071002787084,1.0,1.0,0.001175770079973259,-0.0009491753915709931
796,0.006433237820724888,0.0944654219962791,4.727694311192152e-05,0.7018711215116729,0.002496404019880233,0.723747984518087,0.00015647262711857685,0.46177758645222045,0.008134138147060346,0.03922046565055822,-5.0363404570223106e-05,0.6914015205951389,-0.00550904119488685,0.3579226290609868,-0.00017744050293967302,0.3386418318782545,-0.007010408090402078,0.4989071245753731,0.00025767394797483197,0.508227698160276,0.004494441008330835,0.18491543120899834,-0.00014339019483808397,0.24639713734474344,-0.009038773675761698,0.11267039592878968,-9.022935290280182e-05,0.514927111448261,1.0,1.0,1.0,1.0,0.5490865191078151,1.0,1.0,1.0,1.0,1.0,1.0,1.0,1.0,1.0,0.0008133454436718458,9.933073064366159e-05
797,0.0024194429703424686,0.5913259843831239,0.00018263678154184322,0.15680658836524686,-0.008705431494394027,0.20106136745958592,0.0004969320274376848,0.009159488473256977,0.01290047119180925,2.2788770307777047e-05,7.463303032844494e-06,0.9459396128136079,-0.00445163734092129,0.3488418675270494,-0.00013089438271039254,0.4776043159743082,0.00022939436719218002,0.982654296547059,9.99723385243282e-05,0.7837587610330715,0.001503946805622795,0.5342922531548193,-8.762761938571534e-06,0.9137730753587878,-0.0038961851228181,0.5827550565735353,-0.0006473473172789056,0.006688851087240097,1.0,1.0,1.0,0.10991386167908374,0.00031904278430887865,1.0,1.0,1.0,1.0,1.0,1.0,1.0,1.0,0.08695506413412127,0.0021550319484246318,0.0003409549837475643
798,0.00544904476570132,0.09738848417998608,-0.00011405957859963252,0.2942757868661767,0.0015508019094858812,0.8094318515813818,-0.0003115105965299425,0.08425608109094058,0.0053737240423273385,0.10835907734665183,-1.8529963920411004e-05,0.8628776243636936,-0.0066132683728998085,0.11257174203310301,0.0002339058610758179,0.08676346206136396,-0.004227556029003366,0.6841643785371475,0.0003586115785364656,0.22774470717544393,0.0031148734216637592,0.13018237139113065,1.536536564296924e-05,0.837641000552996,-0.004647619972750937,0.3559988832264548,-0.0001637826377584675,0.20291877898993094,1.0,1.0,1.0,1.0,1.0,1.0,1.0,1.0,1.0,1.0,1.0,1.0,1.0,1.0,0.0007121678473518789,0.00039492910507332523
799,-0.0004187288945219502,0.9134471341560286,0.000234737436642077,0.051261947375382984,-0.0049567318020429536,0.3519558781815816,0.0005144448614647515,0.0030885048727529174,0.004273412790347184,0.06224676419357614,3.895629495172199e-05,0.6090594646290145,-0.0013653713332596824,0.8028339330933075,6.800343663728603e-05,0.6484499679214513,0.010663436074617881,0.31394424355985473,-0.0008996049495407569,0.003661295993871854,-0.006032412927034556,0.07286233770116327,0.0002690575399634383,0.025132171863222027,-0.0021636050833965478,0.6966353375861527,-0.00022559456114788133,0.2496220743845915,1.0,0.5638814211292128,1.0,0.043239068218540844,0.6224676419357613,1.0,1.0,1.0,1.0,0.0475968479203341,0.6557610393104694,0.3015860623586643,1.0,1.0,0.0006666273123859239,0.00015533728042798015
800,-0.0050356530830028634,0.149572966810302,0.0003089965561243393,0.0071949508868737,-0.012013010266281855,0.05901266422051586,0.0001573980727748591,0.45036297657250046,0.0076472565950085275,0.040908643425269176,4.9907290043349115e-05,0.6632964558580009,0.004208164867215795,0.45808069456757594,-0.0003249072338816859,0.11737122609016128,0.007402398443722919,0.32220599335538036,0.0001856950598130628,0.577674043109381,-0.0008128843744012137,0.7290643817414092,4.138165935149636e-05,0.4942835664729768,-0.0013962725143530227,0.8015396887391433,-0.00041847138802321134,0.036829736908412986,1.0,0.1007293124162318,0.6491393064256745,1.0,0.4909037211032301,1.0,1.0,1.0,1.0,1.0,1.0,1.0,1.0,0.4787865798093688,0.0001290592216651311,-0.0005822303143224761
801,0.0024305961120536655,0.5444698323727917,-4.1941479824411876e-05,0.7927464549143246,-0.006046787520314396,0.2786141810905184,0.00023676136313296816,0.28846809092614145,0.004437291143721262,0.24942522628049424,0.00021664630933560897,0.05993330838788777,-0.005420602435173529,0.36708198543105974,-4.8712853371923314e-05,0.7897138354102572,0.00878728972593792,0.5577432639736388,-0.0003664003737597568,0.5169899909498024,0.00038306122648221696,0.9022423783107694,-1.4143685868797973e-05,0.8869758999716622,-0.004570847320174241,0.3185781468022135,1.7790741234562926e-05,0.9152321135425658,1.0,1.0,1.0,1.0,1.0,0.8390663174304287,1.0,1.0,1.0,1.0,1.0,1.0,1.0,1.0,0.0003099336490273815,0.0013330990392380793
802,0.010702959574265572,0.002670476242376915,-0.00011855756056884576,0.4094151817536973,0.006247790739378469,0.15069769722539691,-0.00014655920015887715,0.3777687943415132,0.008038607053139664,0.0019463820253854311,6.802040160031134e-05,0.49123621233958226,-0.010803034907323369,0.02779138240127444,-2.9293401245905448e-05,0.8426284901194816,-0.005848195616445297,0.41466789528499637,0.00016266521895881634,0.5064651839040792,-0.002395499775806655,0.31553442098660234,0.00011191209733891474,0.14847944830105125,-0.00594262760171027,0.33191322806096757,-4.818748041027718e-05,0.813791737850306,0.0347161911508999,1.0,1.0,1.0,0.027249348355396035,1.0,0.3334965888152933,1.0,1.0,1.0,1.0,1.0,1.0,1.0,0.0009993587588223117,7.991072508936768e-05
803,0.0014456347695338385,0.7520742218396654,0.00017225677812851458,0.20259274782983794,-0.005076530281754696,0.36106283809277007,0.00020452372092786568,0.22888757222327782,0.005007889388092789,0.09783936639000629,6.391710892826156e-05,0.5715247898688345,-0.00642176234220138,0.1818947535112666,0.00013244346281360528,0.3759582506608693,0.008200090463503581,0.5059782866144207,-0.00039496070949410336,0.2889424753309032,-2.7180624090426413e-05,0.9910628659599491,0.00019372832802998615,0.006980551877293424,-0.0031281425638990225,0.5559446241169004,-0.00037190858658020027,0.0464650186980548,1.0,1.0,1.0,1.0,1.0,1.0,1.0,1.0,1.0,1.0,1.0,0.09772772628210794,1.0,0.6040452430747124,0.0011266595311134851,0.000698028269774484
804,0.002864830421263028,0.28687743560852685,0.00010571074688984682,0.2934150963285185,-0.0060337031829144575,0.36579982385250165,0.00018238699391758909,0.40909890464578547,0.003699944281814716,0.15465105184469907,5.193215208110113e-05,0.5298495648784134,-0.0011467761649811327,0.7948353873087781,-1.7039115472743164e-05,0.9033629956694422,-0.004329872500396025,0.7286951964772459,-0.0002651672787991191,0.522004729963459,-7.869281709971139e-05,0.9771053163994456,0.00019696369569079285,0.017490018660772384,0.005024267843371869,0.44321302468664725,-0.000254787154100079,0.28364505308882826,1.0,1.0,1.0,1.0,1.0,1.0,1.0,1.0,1.0,1.0,1.0,0.2448602612508134,1.0,1.0,0.001203382403915933,0.0002517487360551213
805,-0.004776549903649686,0.3686606078377861,0.00019310529997726794,0.2547737765599297,-0.01179108725079958,0.05381280158062024,0.0002867482532050265,0.16169969641951631,0.002098341223915781,0.4702265897576504,0.0002166068276918111,0.03616626573553253,0.008694173860206385,0.07516186760968975,-0.00030815116984789703,0.03840333526805425,0.001542546206986181,0.8940079097369229,-0.0001363467125770348,0.7514541468049943,-0.0005595364908085258,0.8235034287328418,4.525232651035619e-05,0.5630948513400069,0.004792113496402951,0.3912746815833048,-0.0002972148481311665,0.09123003673462494,1.0,1.0,0.6457536189674429,1.0,1.0,0.5063277202974554,0.8267805437065873,0.5063277202974554,1.0,1.0,1.0,1.0,1.0,0.9123003673462494,-7.671549352053696e-05,0.0001630610396954018
806,-0.00594483598778312,0.24010377039645825,0.0003353961102512661,0.05114725620785614,-0.010311612692836484,0.1253917147859141,0.0003821319542109824,0.061378039329633836,0.005934752677049111,0.05299050457053543,-2.8256073200562963e-05,0.7515698589403909,0.0007502785638097505,0.8950213574427363,-9.803853945151926e-05,0.5711385708064001,0.019065872248240936,0.0429100060794213,-0.0004446491364505863,0.11972637563191268,-0.002897769876363424,0.2945800569611421,0.0002010647870960282,0.010887366492031715,-0.006596686143661096,0.2555049808127714,-0.00034764908467308355,0.060744539666702145,1.0,0.6137670744942736,0.9578110050553015,0.6137670744942736,0.6137670744942736,1.0,1.0,1.0,0.5578300790324769,0.9578110050553015,1.0,0.152423130888444,1.0,0.6137670744942736,0.0012148998058035868,1.2262471757253786e-05
807,0.0007783501892165432,0.8398219649313233,0.00025098570260138653,0.05450629309762772,-0.0004723238692893036,0.9285496821662724,6.529968311192838e-05,0.7081284079305583,0.00883377542498309,0.006562579010004825,7.493415567962454e-05,0.5278394396016932,0.0017473170105251465,0.6961279227098907,-9.170720879644835e-05,0.6096764865177302,-0.0025565243471710043,0.7913716143858666,-0.00010375266170458394,0.7569213396724297,-7.518411381806451e-05,0.9719063930509382,0.00010771403604848593,0.09844317172346495,-0.008255411567523617,0.19916715074071578,-0.00030347371726128635,0.12416705013314026,1.0,0.7085818102691603,1.0,1.0,0.09187610614006755,1.0,1.0,1.0,1.0,1.0,1.0,1.0,1.0,1.0,0.0017413770462340883,-0.0004969492146073959
808,0.0013516215941248614,0.692931700133388,0.000183814780929219,0.038842620184160195,-0.009106064583794031,0.13378577933843014,0.000210021026166854,0.230282751624163,0.008351438418862236,0.004620574666277154,2.729772228050095e-05,0.8341104564429758,-0.010572561799919085,0.05644583552353076,-0.00017663104826901057,0.31716472581486366,0.010986496509055468,0.11639108913421853,-0.00030132819420392834,0.1618056107425222,-0.002424436663178434,0.22001151002835662,0.00011904413066467269,0.08710688769311166,0.0014135043342656528,0.8297962148657814,-6.221840255048804e-05,0.8071181614839988,1.0,0.5049540623940826,1.0,1.0,0.06468804532788015,1.0,0.6773500262823691,1.0,1.0,1.0,1.0,0.9581757646242283,1.0,1.0,0.0012959534043279683,-0.00022900642397547012
809,0.0005400424939596649,0.8775723851712867,0.0003258829097413593,0.020712136424239823,-0.003356052482228461,0.5971456919593481,0.000245349324695742,0.1957555145072477,-0.000700035860750909,0.7808771661307139,0.00013487905912142856,0.08923358004445756,0.0037140420860681156,0.5210601053713952,-0.0001656464020051923,0.3560954728801322,0.007987031416525247,0.36387690161200636,-0.0005386087406633647,0.03495460677970008,-0.003599621667961064,0.08741739917119443,0.00026276808998050105,0.0027355467483170357,-0.004585405582063882,0.26539346330492586,-0.00026462418737594433,0.08170662090519956,1.0,0.2692577735151177,1.0,1.0,1.0,0.8987728299571952,1.0,1.0,1.0,0.419455281356401,0.8987728299571952,0.0382976544764385,1.0,0.8987728299571952,0.00036033740379922026,-0.0006690384217482553
810,0.002520795650189669,0.6565469189739748,-3.253580579566371e-05,0.8562353307764671,-0.007344886118017171,0.15487628147340457,8.839088981756631e-05,0.647734070881596,0.004488836142425065,0.09691916453590256,8.945004386473652e-05,0.3328677145960611,0.0032717560240820556,0.5360964685152471,-0.00015534156032393574,0.3433753746569532,0.0037813859792972717,0.7097866472834149,-0.00014236268409137997,0.6503425501044842,-0.0025548733820149336,0.34474034523333097,0.0002085489454233397,0.012674741732292981,-0.004163013149838632,0.47834745993760697,-5.614987548947479e-05,0.7838635583980226,1.0,1.0,1.0,1.0,1.0,1.0,1.0,1.0,1.0,1.0,1.0,0.17744638425210174,1.0,1.0,0.0016872539740292699,-0.00041766915615383294
811,-0.005140388490013257,0.1986581398463847,0.00016396518953748756,0.19930319029658572,-0.009410726453649309,0.07708311651735368,0.000363663340194682,0.012878496566656997,0.0031095311573803284,0.24828295524355093,0.00013062221579565012,0.17878000831715035,-0.004437056416453902,0.39543818835299105,-0.00022936927140137145,0.11342895040551405,0.00859229296835487,0.3644124401647484,-0.0002670261673401258,0.3287205403084337,-0.0011586520200791996,0.7169195164945483,0.0001502861035644419,0.18274269243575714,0.008444997742600801,0.11403484526520333,-0.0003121413299227516,0.0519736716055634,1.0,1.0,0.9249973982082442,0.18029895193319795,1.0,1.0,1.0,1.0,1.0,1.0,1.0,1.0,1.0,0.6756577308723242,0.0005561348448994345,-0.0010231110663124843
812,-0.002007330550255836,0.6530998677356175,0.0002391106860213953,0.16570847744438966,-0.009166662793507674,0.06294718780620283,0.0006230878412816844,0.0033833445648947407,0.0030058308070573026,0.4104818661808489,0.00017895424756695814,0.16781042327431472,-0.006692905396736851,0.2589120181940847,-0.00024123086243574645,0.2610146860783856,0.020215510070610964,0.11570277284021657,-0.0002316179450103143,0.5809197252274944,-0.00221432947740431,0.25043633270657706,8.393827508971061e-05,0.11378348341089603,-0.0031401124234956466,0.5738729417507409,-0.0006522422400047119,1.0684650706943652e-05,1.0,1.0,0.7553662536744339,0.04398347934363163,1.0,1.0,1.0,1.0,1.0,1.0,1.0,1.0,1.0,0.0001495851098972111,0.000493779319098008,-0.0009294161509393993
813,0.006771969072117626,0.05939609980830998,0.00010183876480234335,0.3759129941403906,0.0025026286892678782,0.6444669979561813,0.0004168725291335618,0.004437797216751083,0.0026750013047818705,0.22117762921951722,0.00014776104550083162,0.025910098452308326,-0.014582700246577297,0.00022604936138103944,-4.001193892605314e-05,0.7878744768468703,0.011323991635438097,0.2104134098768643,-0.00068492092656924,0.052933129338487574,-0.0034160583548216114,0.21636829537445101,0.00020628691200338503,0.015305153826671828,-0.005274831613978466,0.22116976357876106,-0.00014782635878714972,0.3106603603943713,0.5345648982747898,1.0,1.0,0.057691363817764074,1.0,0.28501108297539157,0.003164691059334552,1.0,1.0,0.5293312933848757,1.0,0.18366184592006193,1.0,1.0,-3.613798536373528e-05,-0.000522113345609961
814,0.0022396879727486253,0.4649442463887846,0.00010513934504963377,0.3901153152575805,-0.00813400015774974,0.06678207293765534,0.00029595293791683013,0.040623492396533546,0.012063239100133847,0.002056531072758975,0.00019177587674188527,0.1557938770801157,-0.00779761301968631,0.04307469923402442,0.00026540306959099865,0.023286571870812997,0.006178220600439763,0.5246127465080157,-0.00051330580839418,0.10862969504090197,0.0002462209948112285,0.8964861874848086,1.1803574963721875e-05,0.8923875016670202,-0.0047957540995384376,0.21884213304875222,-0.00035676901808522814,0.013662702460979705,1.0,1.0,0.6010386564388981,0.446858416361869,0.02879143501862565,1.0,0.446858416361869,0.27943886244975596,1.0,0.8690375603272158,1.0,1.0,1.0,0.17761513199273615,0.0018102817748191571,0.0005474630119999101
815,0.007490706921385052,0.1707994843625581,-4.547923543937539e-05,0.7789827970887399,0.0035176158579362238,0.4805936760221803,1.5079420590709913e-05,0.9344869924002916,0.008467420207860997,0.0023365143840156704,3.688006384647506e-05,0.6621112918200411,-0.0020392937287104997,0.6913981130396424,-0.00024272153362915605,0.250055816519859,-0.009765424751546013,0.353848047808375,0.00020009642538435025,0.5920368776853454,-0.0017875062618881185,0.48505712027789893,2.5894432624486182e-05,0.6887856281618816,-0.005883518086549111,0.44597160845724704,1.0250482810164517e-05,0.9662695264190982,1.0,1.0,1.0,1.0,0.032711201376219384,1.0,1.0,1.0,1.0,1.0,1.0,1.0,1.0,1.0,0.001745644618994907,0.0027752196007037847
816,0.003864953475949237,0.3909109331296159,0.00019577604535483704,0.09587496377846468,0.003679191816617816,0.3583094658611399,0.00026101690901902486,0.043895937936664825,0.0063951043094703655,0.05367144773048186,0.0001405753005017935,0.21663759919857073,-0.013977377914409986,0.0006355804724130822,0.00010974315118361441,0.43429781950594004,-0.001504467148241262,0.8512793313564231,-0.00018569529101517416,0.5733452143476949,-0.0014170920816578352,0.5626005339960272,0.00014401481290396081,0.04399029068111229,0.0029596878407734343,0.5517318251179826,-0.0006654309121018967,0.00028353498654451237,1.0,0.8628746740061821,1.0,0.5267512552399779,0.5367144773048186,1.0,0.00826254614137007,1.0,1.0,1.0,1.0,0.5267512552399779,1.0,0.003969489811623173,0.0018497865603901596,6.918036552845467e-05
817,0.0019608554125592776,0.7011495970186618,-5.103271455569702e-05,0.7350482586908692,-0.0041340326996754185,0.49445323640656935,-5.464122089306907e-05,0.7884619754527483,0.009306648661092888,0.007484111390142296,2.349858064982058e-05,0.8548920224316618,-0.005986586011793195,0.18142262455901592,4.915874461514247e-05,0.7543342767169479,0.006046934340874516,0.4453383656000274,0.00035101720294204394,0.11308758600541798,-0.006081354631039047,0.019011772641049304,4.068647920912553e-05,0.6609610509387724,-0.0011124647174307603,0.8639219840874338,-0.00035868707736450435,0.1138716980303426,1.0,1.0,1.0,1.0,0.10477755946199215,1.0,1.0,1.0,1.0,1.0,0.24715304433364094,1.0,1.0,1.0,0.000721335739848812,0.0011018800080962617
818,0.0027555282488109594,0.5391039085483402,-2.8497188165649845e-05,0.8549936466269771,0.002719534007850756,0.5695543156470954,-0.0002207302719118709,0.06972606310977984,0.01144526779768916,0.002319437573971223,-3.523288062111875e-05,0.7694691595265982,0.006406822362496326,0.0787862153844868,-0.00020265543127612532,0.09670895019511176,-0.014838185478423969,0.1351113618286881,0.0007598718823717529,0.012758272256086936,-0.0015387687754377791,0.6692566843808069,1.1024156483461456e-05,0.9239234415450435,-0.006950198323515812,0.08744814648021622,-0.0002837802637366265,0.02706613224707344,1.0,1.0,1.0,0.7669866942075783,0.032472126035597126,1.0,0.787862153844868,0.787862153844868,0.9457795328008167,0.16585753932913017,1.0,1.0,0.787862153844868,0.3247935869648813,0.0015992057606898367,0.000128519845297597
819,-0.004955141320788013,0.21103546285942665,0.0003088020090486565,0.005890990726663131,-0.01442630899498252,0.02773181266785049,0.0004097342130344831,0.05391434648517639,0.004668326022326294,0.24845513379863737,2.5229363809987712e-05,0.8713275399525136,0.01158800557702243,0.005926116841738068,-0.00032553534123492926,0.002884947485701097,0.026338482709037818,0.031053402635107783,-0.0006879705343480982,0.09241044916653575,-0.008214272783730232,0.0012698567175932385,0.0002394928870061109,0.012565819968613742,-0.014999091342234695,0.004915204092647391,3.024745013402885e-05,0.8109904175110807,0.8441418514377066,0.06480089799329444,0.22185450134280393,0.3234860789110583,0.8441418514377066,1.0,0.06480089799329444,0.037504317314114265,0.22185450134280393,0.46205224583267873,0.01777799404630534,0.11309237971752367,0.05898244911176869,1.0,-0.0016382840832797792,-0.0012570409882939012
820,0.010773784322750743,0.020700939177933492,-0.000195513001394728,0.1597549702600699,0.007493621640716475,0.1621020119973836,7.763958616038625e-05,0.6430225018470552,0.013431858940076756,3.130607497403184e-07,-0.00012251562610817728,0.1199430031741725,-0.009686200334563806,0.1757594827547806,8.097131533256077e-05,0.7448155511952763,-0.026970060288742635,0.005801807127636819,0.0004092987303710572,0.1639417504499041,0.004855591570233526,0.044662840610032305,-6.445883300228259e-05,0.44210873520058847,0.00010140325795464823,0.9842306104650154,-0.00018542215939004706,0.28491929045369724,0.24841127013520192,1.0,1.0,1.0,4.382850496364457e-06,1.0,1.0,1.0,0.07542349265927864,1.0,0.49129124671035534,1.0,1.0,1.0,0.0010526046859749,0.0014933879785855508
821,0.0008302250974863753,0.8747378523479141,0.00018361089777131582,0.20100969424706738,-0.004268237443148922,0.4719223233562835,-5.564866230619302e-05,0.7708844206275595,0.0036376419582377683,0.15096540441351286,-6.494774035132988e-05,0.4828407819419921,0.004375204055002312,0.26323812131114854,-0.00042428728415796194,0.0015348508482123059,0.0035934931486139507,0.7069451337028159,0.0002849948798764723,0.3476894944267277,-0.006272660670637956,0.014209549831770796,0.00017705568269886894,0.01806848669101498,-0.0018956683110101895,0.663479918693749,-0.00010077770715243619,0.46683006404931526,1.0,1.0,1.0,1.0,1.0,1.0,1.0,0.02148791187497228,1.0,1.0,0.18472414781302035,0.21682184029217977,1.0,1.0,0.0001869603066948205,-0.0004234072969132517
822,0.007774430087709423,0.018774950545898925,-8.80374289868389e-05,0.43091032303362364,0.0024847197529427657,0.6867370514740991,0.00013559431372783758,0.4176437551115657,0.007984748303005475,0.04123329887522493,0.00010159238337383006,0.45312635067846563,0.0005796007225534242,0.8946822368074818,-8.977446682638671e-05,0.47650544227593616,-0.015391352569966687,0.04966730166324493,-0.00010130485320260128,0.7462639291376045,-0.0030184014586811673,0.19473083439903272,0.00022460856785727187,0.002562297666045364,-0.0004137458684625347,0.9230759481344033,-0.0001826784987530815,0.32538820035226157,0.24407435709668604,1.0,1.0,1.0,0.4947995865026992,1.0,1.0,1.0,0.5463403182956942,1.0,1.0,0.0358721673246351,1.0,1.0,0.0005162082163046817,0.00019609093551988218
823,0.004437012227086704,0.24301942967897394,0.00014012279016332692,0.1039866463438627,-0.005389342262097086,0.4372846122404236,0.00015387406028928062,0.4431559739057963,0.001502647057609667,0.5831690594711644,0.0003606255935108907,2.1059558224459966e-05,0.0007982529347725176,0.8724482687088329,-0.00017533798154595882,0.31453254004325115,0.00854356610764451,0.3692152250446785,-0.0004942882139266002,0.12881755845095472,-0.004098244611903648,0.08967510639253275,0.0001445962807149282,0.2702320620201445,-0.00579389310804851,0.17926623082381743,-0.00012959246239005023,0.2528302083970023,1.0,1.0,1.0,1.0,1.0,0.00029483381514243954,1.0,1.0,1.0,1.0,1.0,1.0,1.0,1.0,-0.00010898682021706079,-0.0008713000887999693
824,-0.0012052667723789763,0.737765337529934,0.0003314708463398411,0.00920062477688876,-0.005310888775958008,0.3042155473182776,0.00040750373640666105,0.032668871618742254,0.009543825726142737,0.00043662399852455766,0.00014180025590715168,0.09968754302843746,-0.00066546928100183,0.9029115795694123,-0.00015802164258879288,0.3634802674003943,0.014506875458995466,0.19209246364201904,-0.0008438852937595354,0.009960052243035483,-0.0032643865592482378,0.2506415777112059,0.00019734595174638394,0.06830673874223889,-0.013604690023418112,0.016061124348069382,-7.621384246022323e-05,0.6299887891519382,1.0,0.11960812209955388,1.0,0.32668871618742257,0.006112735979343807,0.7975003442274997,1.0,1.0,1.0,0.11960812209955388,1.0,0.61476064868015,0.1766723678287632,1.0,0.000868355157394991,-0.0007706510634856857
825,0.0068535727594943655,0.02595784398962439,-5.2163967479965684e-05,0.6286143180266879,0.006118543667953053,0.32415049310024235,-0.00020233689367297436,0.26367206599846993,0.005829344836557924,0.055690898428655496,-0.000114284882269301,0.21868054596093434,-0.002760973969870574,0.610812982479962,-6.636110113607419e-05,0.6855806339720145,-0.00827644088199423,0.46562892896736363,0.0005090349579345546,0.11312633389607682,-0.002110681395664839,0.4019707108644104,0.0001424097943587845,0.06281232212297838,-0.005653366036778363,0.19758275522686108,-0.0002162978677375438,0.16064720312463188,0.36340981585474147,1.0,1.0,1.0,0.7239816795725215,1.0,1.0,1.0,1.0,1.0,1.0,0.7537478654757406,1.0,1.0,-0.00018999814371621534,0.00022966383637049566
826,0.003906578530603038,0.33068470729225374,-0.00012366948352003653,0.3161493040443004,-0.0032198795395121317,0.4997523500255405,-6.852729003177785e-05,0.7048078890384505,0.005990385590319925,0.06934644623529705,-6.4926328616678185e-06,0.9378659448349024,-0.00622139402019921,0.1619032371840866,-9.13908483291324e-05,0.6216730281511172,0.004574913158485734,0.708779325687048,0.00047323318785712405,0.14158230810459702,-0.0009357536078477963,0.6578348243395088,0.00018231626330209702,0.01732759574569298,-0.004094848935679404,0.4439775365118789,-0.0003654691563120187,0.04684857072799739,1.0,1.0,1.0,1.0,0.8321573548235646,1.0,1.0,1.0,1.0,1.0,1.0,0.24258634043970173,1.0,0.6090314194639661,0.0010334020806866398,0.0007880006584792926
827,-7.444596344916939e-05,0.9829474700216689,6.012235185158246e-05,0.5758615137467906,-0.013560188290923326,0.011383105383212248,0.00044147391163786243,0.006930454509186708,0.006211630440267693,0.1851362303528834,-4.021799465112992e-05,0.777738250554895,-0.00010391981137381215,0.9791346929691825,-5.683850995121437e-06,0.9747432786094596,0.01158397865048823,0.27071700019160916,-0.0005834910807793923,0.13412325448192147,-0.0008416425007316975,0.7428518273345733,0.00019017407993255261,0.016376500193542986,-0.0032154131772381815,0.5457960740130143,-6.237739236491262e-05,0.6831442132050463,1.0,1.0,0.14798036998175923,0.09702636312861392,1.0,1.0,1.0,1.0,1.0,1.0,1.0,0.19651800232251582,1.0,1.0,0.0003033487139056297,-0.0007703000746365368
828,0.0030097230427286255,0.56116710206911,-1.840143901894493e-05,0.8905478620483344,0.0013279654347786755,0.7858635981966622,-9.068739374928846e-05,0.556162388712347,0.0075721793501117175,0.027677260497242222,9.623087529913775e-05,0.38155617592268154,-0.006638340416799711,0.1962336390009829,-5.44873227530729e-05,0.7063170906275037,0.00607261802278892,0.5250478421962452,-0.00020448581198309057,0.5085794543819238,-0.0025762081827129103,0.1743403421339127,0.00017811733025288774,0.0031535201494749567,-0.008767937729652802,0.09624590167750526,9.371379727939217e-05,0.5754878521958543,1.0,1.0,1.0,1.0,0.35980438646414886,1.0,1.0,1.0,1.0,1.0,1.0,0.04414928209264939,1.0,1.0,0.0005059112753048226,0.0010454620374232917
829,0.0017771049583998496,0.594097000380574,0.00015417489350962952,0.1737200971522933,-0.009339131336191058,0.16814784429546792,0.00031748197614439686,0.1397077038311889,0.003424429051486674,0.4331508275509418,0.00018249949169810907,0.19004573367118793,-0.0033524903121483775,0.4613115194166991,7.444252098674547e-05,0.6092494794390115,0.005864627572163897,0.6221215167723235,-0.00045398248813709435,0.2962691744549276,-0.002471278107492628,0.3960268911665993,0.00031102760198210567,0.00031286723398217666,0.004096738551638512,0.4067719894313391,-0.0005856439500932759,0.0026002648380280763,1.0,1.0,1.0,1.0,1.0,1.0,1.0,1.0,1.0,1.0,1.0,0.004380141275750473,1.0,0.033803442894364995,3.693488266112618e-05,-0.000640682084651705
830,0.0002523985394082532,0.9248537886298619,-4.2727715654159647e-07,0.9971941702667786,-0.009294119901375315,0.009503348904819998,3.646549189228859e-05,0.7619501032893875,0.0065367402781884385,0.024427238177346256,-6.65595963318952e-05,0.5188525603994165,-0.00425576497090643,0.39543099276630955,9.874424781018153e-05,0.5428201395739707,0.008394352408118727,0.4399734301442524,0.0001977582920559109,0.579785078355805,0.0030682429282311713,0.2219118767684518,4.129046512528903e-05,0.5675924164312809,-0.004701849128851821,0.47960106298887506,-0.0003072716944562144,0.1427334695903639,1.0,1.0,0.13304688466748,1.0,0.31755409630550135,1.0,1.0,1.0,1.0,1.0,1.0,1.0,1.0,1.0,9.61520479021057e-06,-0.00021527915811592343
831,-0.0009525678436643393,0.7457430920908266,-6.756704821889422e-05,0.42850639227155896,-0.0018571549826352034,0.750623492287309,0.00012322563550229957,0.4577045776814568,0.005743938582105119,0.06415569662897738,0.0001879417512258649,0.07695901166209647,-0.0017719927898128952,0.6599722794169324,-8.242716345035267e-05,0.4861433338709813,-0.007313910147386427,0.29445830310598053,4.619708088615996e-05,0.8355675078877359,0.0019066909894344946,0.2802959117980619,-4.636002418286071e-06,0.9453355776198418,0.004244994324050319,0.4716293141249409,-0.00020273426142357456,0.2067989942953773,1.0,1.0,1.0,1.0,0.8981797528056834,1.0,1.0,1.0,1.0,1.0,1.0,1.0,1.0,1.0,-0.00032788448197479197,0.0002342126760641799
832,0.005939398997089436,0.08811144422540682,-0.00010477473053338984,0.24941723636814606,0.005166101126388887,0.3330155628723688,-0.0002660471392018109,0.13309119544518108,0.006419389478740335,0.029911297110855776,6.028539004150356e-05,0.5205070810212693,-0.009562841889592484,0.07644168281561388,0.00015336538919780027,0.2924637128730785,-0.013243789420585853,0.18394109677042791,4.433805630369187e-05,0.8808316597029648,0.002263905239025742,0.3430747197052034,0.00016496940129513666,0.11884757910022868,0.0030178371090240136,0.6748479343642521,-5.213638034611576e-05,0.8235899377943185,1.0,1.0,1.0,1.0,0.41875815955198087,1.0,0.9937418766029804,1.0,1.0,1.0,1.0,1.0,1.0,1.0,0.0025531045155135503,-0.00025304524159954156
833,0.0021563420965629936,0.5897683342149515,-0.00010633435770842751,0.5335956279817073,-0.012830302011931033,0.05019374915577141,8.670167589423845e-05,0.736901754175188,0.002705045570379764,0.36042274627565074,0.00024228370239800435,0.03154060276243197,0.000976041293383908,0.8361616105600962,-0.0001624077956841866,0.30017323985470246,0.005242813951921067,0.6018111921899474,0.00012707319358924905,0.7243224076568975,0.002293481577612618,0.40522096753864056,0.00012778967095090232,0.20917939850505596,-0.0005434228259746928,0.9373513860899281,-0.0003151060863295995,0.2843637606907855,1.0,1.0,0.6525187390250283,1.0,1.0,0.4415684386740476,1.0,1.0,1.0,1.0,1.0,1.0,1.0,1.0,-0.0009017967502758704,-0.00018193228983166154
834,0.003836966231247895,0.2688404811252708,0.00014943122089457284,0.16453787477229576,-0.0023888092213286186,0.6615798128148249,0.0004514408666558878,0.010831573489962875,0.0050649914629942476,0.17516049544446466,7.25075510179881e-05,0.5685103287801911,-0.0006640270146368775,0.8788944350056548,-0.00010470410807095117,0.41500983197298225,0.0011392782491484574,0.8919497184621704,-0.0006000511801378942,0.021959938774699136,-0.0001446966516479533,0.9348537978379307,0.00011148948497002366,0.037533899074190864,-0.006843704286118674,0.16010146631086752,-8.011376822959807e-05,0.5913138645845005,1.0,1.0,1.0,0.15164202885948025,1.0,1.0,1.0,1.0,1.0,0.2854792040710888,1.0,0.4504067888902904,1.0,1.0,0.0005508198100914041,-1.131167356210697e-05
835,-0.002086614758993324,0.6568924705007171,-4.110501720261543e-05,0.7858074364076454,-0.010210830797274674,0.017875383054431482,0.00012457653772150458,0.4035501216232401,0.0037286017653885457,0.15476583048276724,0.00012050533453584586,0.22956091203055307,0.001548092413187256,0.7935548379443331,-0.00014381112507892992,0.4568846405453483,0.008533194838778803,0.3737511935701765,8.086969548984429e-05,0.7582194820228748,0.002539068143634344,0.3317071772216502,0.00016276204509005864,0.040421891240801935,-0.004051511588085984,0.3880889231355682,-0.00030379746328535064,0.07560822337956827,1.0,1.0,0.25025536276204075,1.0,1.0,1.0,1.0,1.0,1.0,1.0,1.0,0.5254845861304251,1.0,0.9072986805548192,-0.0011926492597552519,0.0007767007762922491
836,0.002002772758167533,0.6418446457787348,0.00023044216095795904,0.09112645239524834,-0.003685638395608094,0.5366556600464663,0.00019379022349000588,0.2772863635214412,0.0075299401907641525,0.04783582784987303,0.00012478818825225038,0.30359699247241434,0.004246434767137645,0.20828167261118513,-0.00022723192026543774,0.035264897191732036,0.002041389185490191,0.8789630708828743,-0.0003024454836239505,0.47639735811821293,0.00125828184709346,0.6746411596525401,0.00011149889672293788,0.37279781777911725,-0.013393180142432334,0.0072922136513856855,-0.0001308419965452034,0.415888907279262,1.0,1.0,1.0,1.0,0.5740299341984764,1.0,1.0,0.4584436634925165,1.0,1.0,1.0,1.0,0.1020909911193996,1.0,0.001507612000391171,0.0001206535623398002
837,0.003918470989910161,0.2824717248857955,0.00010116848327564192,0.4960031484219657,0.0019082259946619983,0.739295779943277,0.00010406792739523742,0.5689387203698025,0.00900186559478077,0.0011320307069517738,-4.3448602440631806e-05,0.5828307942191018,-0.00851981627261637,0.2097849643812314,-6.734528757275155e-05,0.6418102348891431,0.0012228485670961497,0.8974033835586396,6.15884106699983e-05,0.8324520853537354,-0.0013321046397856632,0.45021731971986556,0.00020720949720729723,0.008160477767359299,-0.006199490034742572,0.16632255725312695,-0.00036324045153960505,0.0051611129092716335,1.0,1.0,1.0,1.0,0.015848429897324833,1.0,1.0,1.0,1.0,1.0,1.0,0.09792573320831158,1.0,0.06709446782053123,0.0015943365860044264,7.27612047307679e-05
838,-0.0006683026142135632,0.8650294709167559,0.0001636866206766415,0.1343295169843502,-0.007463915627960752,0.2278186454620209,0.0003896794822337619,0.026977139858371975,0.003964784459926705,0.09821880537243434,0.00013838409147789044,0.013749592830431426,0.0032982376015238627,0.4330040710985733,-0.00037371426412986314,0.0001927572538690883,-0.004190966486210316,0.7298748157116589,-0.00011968166554449498,0.7013848120959021,0.0013273691075846022,0.4328374378586489,5.318910574950734e-05,0.3971472014659265,0.003732795179527719,0.254694869033538,-0.0002515433821870293,0.015504693612053939,1.0,1.0,1.0,0.2967485384420917,0.9821880537243434,0.17874470679560855,1.0,0.002698601554167236,1.0,1.0,1.0,1.0,1.0,0.18605632334464728,0.0006714891179352228,0.0008139179909472882
839,0.00831605158659908,0.06962385480839792,-8.505929072347772e-05,0.5999723547443753,0.0019413766302401089,0.6247305254756981,-0.0003000640724591733,0.019889537818405238,0.009353942564272067,0.0066529556817564815,-0.00010751798585899169,0.29952898952166296,-0.012861284725767296,0.002717545846005827,0.00021259825486513015,0.21112319435382354,-0.004859248131208433,0.5413009074258253,0.0004948037184641417,0.03533212800509523,-0.0018701814961162193,0.6046633002739585,0.00013273361374490305,0.23858402477769458,-2.0655473352631917e-05,0.996846856960256,-0.0003474942148937005,0.02114747428769145,0.6266146932755813,1.0,1.0,0.23867445382086286,0.08648842386283426,1.0,0.03804564184408158,1.0,1.0,0.35332128005095226,1.0,1.0,1.0,0.23867445382086286,0.0007357296793520788,0.0007948168197498582
840,0.006875911985436556,0.1883386818203714,0.00010548824519974877,0.5586737489745606,-0.0020271180718953175,0.7678840973472045,0.0003016072348975594,0.1761224193377392,0.006519101864600985,0.1010792659955673,0.00013931296888241052,0.23371114987877895,-0.0042324351383305455,0.2878757041964666,-0.00038812946241889844,0.01435731589141913,0.0006213928812138616,0.9390446885748821,0.00012294752322618082,0.682968369759857,-0.0005602420255838023,0.8343437618893592,0.0001518725183830458,0.15411306159035298,-0.007196611395649083,0.36125212543471297,-0.00043309899012562676,0.12485392202110024,1.0,1.0,1.0,1.0,1.0,1.0,1.0,0.20100242247986783,1.0,1.0,1.0,1.0,1.0,1.0,0.001985682345297174,0.0003816124331418615
841,0.005411987405372271,0.13951481727321138,0.00013517812871055113,0.2420579959647381,-0.0071562904273572234,0.22567064849966134,0.00029672323100185457,0.11819982313016,0.0033790236064916556,0.25068250296164196,0.00023214441632357294,0.05868228213409994,-0.010820852927285855,0.010197770481673989,4.129149428507004e-05,0.7691905411085608,0.015422966411557515,0.12333978030289024,-0.00039803420100441403,0.3822909465762613,-0.004386253359939274,0.17102292296118726,0.00020245100423093882,0.03829222476738418,-0.0018505800546284184,0.8207757061353353,-0.0005097541049872575,0.06307286919514161,1.0,1.0,1.0,1.0,1.0,0.7041873856091994,0.14276878674343585,1.0,1.0,1.0,1.0,0.4977989219759943,1.0,0.7041873856091994,0.00036317754963519853,-0.00042916448847487275
842,0.00038027341296434364,0.9127410237927461,0.00030517276671826774,0.013509975129823213,0.0076594766728204046,0.24078432740268008,-9.109770872870624e-05,0.5961154226119912,0.011806786232628229,0.0012457091935527433,-3.4734829426834245e-05,0.7160171695344018,-0.00763521306930456,0.1598144729121983,-8.935714996096797e-05,0.6238266894897342,-0.003829531990019414,0.7010164606158223,-3.086202252508968e-05,0.9188070920938082,0.0013167794685633892,0.6068549173584518,-7.032502687044622e-05,0.3725138964736998,-0.009698568694966265,0.009348197739907135,1.1203976228208104e-05,0.9307226995381623,1.0,0.16211970155787855,1.0,1.0,0.017439928709738407,1.0,1.0,1.0,1.0,1.0,1.0,1.0,0.12152657061879275,1.0,0.001581386632402529,0.000903981262474076
843,-0.0010632713602079613,0.768305906221796,0.00037915064131205703,0.0007508544374141514,0.0022740454153974436,0.602966312137707,0.00037087023549201064,0.018714416423626073,0.006847552249003218,0.04875241986029352,0.0001201112224087151,0.28548113781230233,-0.0049442599308135255,0.2896633269943232,-0.00028271767417465375,0.02951057116632111,0.006730345722338481,0.4469345639757992,-0.0001243302700076146,0.6354445982004409,0.0008081952407682216,0.7890268049591044,3.795332618508085e-05,0.7111949173053644,-0.010652607271003213,0.00415228440395867,-0.0005010374520264922,7.19651245729334e-05,1.0,0.009761107686383969,1.0,0.2058585806598868,0.4387717787426417,1.0,1.0,0.2951057116632111,1.0,1.0,1.0,1.0,0.04982741284750404,0.0010075117440210676,0.0015151381107479376,-0.0008281216208181111
844,0.006939503524017708,0.051695457653680214,-3.513256366198706e-05,0.7898757388131612,0.000721552488874971,0.8929413450514281,0.00024066872730557463,0.13581338648446373,0.0052882342827040825,0.1671393706380062,6.4872266752806e-05,0.5929046293264253,0.0013953555395554158,0.8026414427072104,-0.00029355641242560993,0.05834541625422633,-0.009662161333665676,0.23539589071376776,9.151619689025812e-05,0.740051306995023,-0.0029861286594398194,0.2599594679402203,-4.542788915464077e-05,0.7160410061700656,-0.0016963555175471782,0.7574235480506079,-2.2940357534833663e-05,0.8995439969859287,0.723736407151523,1.0,1.0,1.0,1.0,1.0,1.0,0.7584904113049423,1.0,1.0,1.0,1.0,1.0,1.0,0.0023538455411953874,0.0009310117798007305
845,0.0019344250418110737,0.6305885987299891,0.0002609189071895353,0.03688810512077028,-0.004699867212682282,0.29024173906477946,0.0004322832774861236,0.002588020487642357,0.0037584307061891953,0.24023963921584635,2.4837317099120605e-05,0.7728287693322833,0.0021944823413423842,0.6971269732289245,-0.00013776787386723875,0.480521542520561,0.0002440906730234637,0.9777802292806489,-0.0005230408087513714,0.08691162608654707,-0.0018733421023400501,0.38641114020830203,0.00014283029011352897,0.09677180996745037,-0.0015582184236713537,0.8019817058619314,-0.00020006119242248706,0.41740271531651507,1.0,0.4795453665700136,1.0,0.036232286826993,1.0,1.0,1.0,1.0,1.0,1.0,1.0,1.0,1.0,1.0,0.0011090009822309474,0.0006194321702188969
846,-0.0017967613295838008,0.5347685084356286,0.00015223032613538622,0.1549843182729426,-0.011754387178999537,0.006414100172116382,0.00012927397556103824,0.34392998324308044,0.005588681557419025,0.024053879715150734,0.00010414057495327798,0.33187360864530446,0.005296706883996427,0.2739257270790548,-0.0004697034777739485,1.4152558005975744e-05,0.004432415314674752,0.6573704711179551,4.47133308378003e-05,0.910750370095912,-0.002179135629177232,0.30044663138827554,0.00016250368198195763,0.040588085549568845,0.00041248056309190335,0.9552648478121741,-0.00012315845055883105,0.6793593857885944,1.0,1.0,0.08338330223751296,1.0,0.2886465565818088,1.0,1.0,0.0001981358120836604,1.0,1.0,1.0,0.4464689410452573,1.0,1.0,0.0011173868577234534,-0.0006067522621009362
847,0.0017639057744649655,0.6459873678529366,0.00027795270141411894,0.04098997686559505,-0.00855548043558053,0.08279689335339926,0.00013609875779431484,0.5103182580017644,0.009436166714199085,0.0027639920584715365,-5.559939422037708e-05,0.7076030494498557,-0.0069081898090663256,0.13322433033282025,-5.1254200780433784e-05,0.7240306565233738,0.011291437604128454,0.15491635374729815,-0.0003654381970037446,0.27011211967407267,-0.0006759112216631316,0.7675298504025474,0.00014705347218251324,0.038625284015460386,-0.006351928541107719,0.2967308841746248,-8.881312418225315e-05,0.6246444971347818,1.0,0.502128692200985,0.9107658268873919,1.0,0.03869588881860151,1.0,1.0,1.0,1.0,1.0,1.0,0.502128692200985,1.0,1.0,0.002359888213701694,0.0003260442232693024
848,0.008406905061152927,0.05161479139879365,0.00015980227199906418,0.3447458352698848,-0.0005369146582836261,0.9182512003434895,0.00038243869290232967,0.07655998640089798,0.008555935190511635,0.012533878499404875,9.940918179355728e-05,0.3305227625575603,-0.00023868865055195758,0.957717085241304,2.455765474774283e-05,0.8501652603281588,-0.002396665438480289,0.811569997127142,-0.0006005149021286066,0.04391953457084419,-0.005903513730557558,0.027974970903935973,0.0002915090924849101,0.0002872928565353067,-0.007887057464474627,0.06103733312922268,-0.0003572019952997086,0.03270444605097648,0.46453312258914287,1.0,1.0,0.5359199048062858,0.16294042049226337,1.0,1.0,1.0,1.0,0.4391953457084419,0.3356996508472317,0.004022099991494293,0.48829866503378144,0.35974890656074127,0.001070134832733359,-6.96474949886402e-05
849,0.007122859471644764,0.08105192348198582,0.00010879970607865286,0.45454573120301245,0.0009478463434611264,0.8614852505733341,-6.0757859738599936e-06,0.9768983572578315,0.010149261138301594,0.001131098456320369,0.00011915159650825,0.21633622884540182,-0.004801322135427792,0.2578383201344209,4.736030324554703e-06,0.9757574357004295,0.0016668802817409703,0.8314391396338509,-0.0002973429264204474,0.2668909826934802,-0.003981234977803561,0.13234288077192904,0.00018436472527909455,0.027827506153186847,-0.011104289334956064,0.07530571566488437,-0.00011363335874437687,0.5482428420115011,0.9036685879786124,1.0,1.0,1.0,0.015835378388485165,1.0,1.0,1.0,1.0,1.0,1.0,0.361757579991429,0.9036685879786124,1.0,0.0009623466987523075,0.0011389493478493988
850,0.0022531382681035637,0.4800568359549249,0.00016888112387605675,0.053803003345039194,-0.0015496168345627223,0.7635305254184312,0.0001254902791907804,0.46333698506583976,0.009579539825255376,0.00028625509834462,-8.141948199705014e-05,0.4162997420949174,7.841578624762071e-05,0.9879601764007617,-0.00014989473881648008,0.4141737552059238,-0.007408436246405448,0.49704438817944807,9.646059018991291e-05,0.7640163535634936,0.0008245565623445424,0.7631264890658005,0.00012246019475438806,0.16877441516943315,-0.003777597336073418,0.48036785661612214,-0.0002819779885230958,0.02779770542235504,1.0,0.6456360401404704,1.0,1.0,0.0040075713768246805,1.0,1.0,1.0,1.0,1.0,1.0,1.0,1.0,0.3613701704906155,0.0005881388378374087,0.000748612557869121
851,0.008839124536622906,0.06428572527357,2.7317940266152373e-05,0.8652426249930434,-0.0009868649646387233,0.8779669602373699,0.00040641609627788073,0.05657108755548307,0.010556995905018135,0.0004126233406353402,-0.00012542706037087868,0.09225130058897667,-0.0024859830384890624,0.5546705992289118,-0.0003376447292419513,0.011337881277937042,-0.000936367704615651,0.920026932574156,0.0001887282294517056,0.49398292348266215,-0.0008945959062772084,0.7559874689880046,0.0001241598065158642,0.17610757656327314,-0.014092309082974467,0.02675264947463804,-0.0002835502600407413,0.22958597320819973,0.6428572527357,1.0,1.0,0.6222819631103138,0.005776726768894762,0.83026170530079,1.0,0.14739245661318157,1.0,1.0,1.0,1.0,0.3210317936956565,1.0,0.0022635124382970745,0.0011767949914952265
852,0.0016492147211190902,0.6988353111451097,0.00025978222687168313,0.040122287814910715,-0.006709081393848611,0.10617231303987036,0.00029957739956038714,0.019433043890687122,0.0026504374163999287,0.41184919938931386,0.00013226190697159359,0.11388374733947385,-7.066280919060368e-05,0.9861534228736616,-0.00018510395847419118,0.11235838422184617,0.003099432776122795,0.7078950738639778,-0.0005426562996375118,0.07288346393290017,0.0009725162969845886,0.7160981642687917,0.0002259530280611002,0.020766246735781313,-0.0015918571934989522,0.7467506457358932,-0.00018981432459206341,0.3643022213126621,1.0,0.4814674537789286,1.0,0.2720626144696197,1.0,1.0,1.0,1.0,1.0,0.8017181032619018,1.0,0.2720626144696197,1.0,1.0,-0.0007042399424619637,-0.00046650596835214297
853,-0.002417503905661406,0.5246083653987649,0.00041738729961312247,0.009720530386747769,-0.018290208272717805,1.530809746041749e-05,0.0004980664943030706,0.022041991997200135,0.0031415313606393217,0.288530288092132,0.00017809292114029688,0.030693015440293916,0.008591151035786667,0.037228458266095305,-0.00021257462420825164,0.2019996087425302,0.01295804613461585,0.12039526562652082,-0.0006207574367541733,0.043443138432342994,-0.0009215165489442117,0.7518406110485368,9.503116296386225e-05,0.2677585929380464,-0.0030614995180787506,0.5292242493669796,-0.0003552458353499305,0.024387697487138926,1.0,0.126366895027721,0.00021431336444584486,0.2645039039664016,1.0,0.30693015440293914,0.33505612439485777,1.0,0.8427668593856458,0.34754510745874395,1.0,1.0,1.0,0.2682646723585282,-0.0007448964861878931,-0.0004919908598927399
854,0.0023299566609336617,0.47592621405160485,0.00022264723614227628,0.048705961521145084,0.0084537671866027,0.10146264114055792,-0.0001645335581914631,0.2877509085829766,0.006169746158522488,0.08225510602855535,3.5827216337047907e-05,0.7251528609956344,0.003829475007937591,0.40421297846143467,-0.00017700521126346892,0.1845907060888684,-0.019962506550131702,0.044190966492962565,0.00017032618110101425,0.5968580272336292,-0.0022915121498828534,0.38242917078097916,2.8798056529112576e-05,0.7852774470041335,0.0014710744260625537,0.8602192501286556,-0.00011605984083287236,0.6694341809727632,1.0,0.6331774997748861,1.0,1.0,0.9870612723426642,1.0,1.0,1.0,0.6186735309014759,1.0,1.0,1.0,1.0,1.0,0.001763624493313575,-0.0001225057669339495
855,-0.002653726994013683,0.40242885862691125,0.0002903943093935355,0.0011677375018985408,-0.01374006949563659,0.008421955372919215,0.00043921989753888796,0.006856426112675302,0.007291617658822601,0.040021548899781115,-2.0001878373194042e-05,0.8757392580301298,0.005646645552489998,0.14471815506088018,-0.000388897235552143,0.00035671136482367204,-0.005451793999461417,0.4293981820132655,0.0003544209839789329,0.039707306586158425,0.0029821161194906343,0.3426840040510081,-0.00011181511090544712,0.34419241989228677,0.005925213117988018,0.334200475990971,-0.0005633210328356759,0.002647370998575793,1.0,0.01518058752468103,0.08421955372919215,0.07542068723942832,0.3573657592754258,1.0,1.0,0.004993959107531408,1.0,0.3573657592754258,1.0,1.0,1.0,0.031768451982909514,0.0013262769035254367,-0.000714143655692447
856,-0.0037726660182028685,0.21722640916741676,0.00013945688342243247,0.17561125262104993,-0.008263439299005653,0.06896155747231322,4.1233333951950294e-06,0.9813477434879315,0.001355309521052469,0.7844413059450027,2.2152438912225372e-05,0.9001237450637797,0.0018786485330866945,0.7175042330720525,5.512175999003059e-05,0.7891520680144919,0.02246368675668468,0.003819004734335027,-0.0004873864282532751,0.08617158178510763,-0.004395117967346652,0.16356574421426717,0.0002126840992976258,0.046999379325096645,-0.009266423239098064,0.026194233729230472,5.3847949812222127e-05,0.7230408350205066,1.0,1.0,0.7585771321954454,1.0,1.0,1.0,1.0,1.0,0.05346606628069037,0.8617158178510763,1.0,0.5639925519011597,0.34052503847999616,1.0,-0.00020281868868210758,-0.0003686142431007462
857,0.0033312454180475406,0.3579927780172124,-4.1312645921426744e-05,0.7052607293537616,-0.003804662643485293,0.4540528015268005,-1.6454927896964616e-05,0.9221534371891723,0.002707117901999192,0.4524564258046798,-2.2107691270890617e-05,0.8237238869190042,0.002459466759094191,0.5491166041667812,-0.00022337514934015577,0.023049028262907306,0.006661076888631011,0.48470642279932274,4.5510733794010706e-05,0.8702406633264614,-0.004119916058780642,0.26151678849396087,0.0002442874313403541,0.04068566936158165,-0.0072343292638636855,0.15517674633399997,1.3452265934460602e-05,0.9205983974324479,1.0,1.0,1.0,1.0,1.0,1.0,1.0,0.3226863956807023,1.0,1.0,1.0,0.5289137017005614,1.0,1.0,0.0008950467400564661,0.0007484782960411829
858,-0.0047266061209590505,0.16927471006716321,0.0002037722277946333,0.06578232141404443,-0.008951557093078233,0.14437201659804047,6.121009476555942e-05,0.7377071351148263,0.006931232748034826,0.03276575641625567,-1.9316195146393683e-05,0.8613554165311701,0.007043469289610461,0.14268532411980409,-0.0001893278111304502,0.2435567647696485,0.006935295479054121,0.3756782364348954,0.0005146354593509914,0.028005257246960798,-0.0015453874220422517,0.517855291687702,6.230669752855939e-05,0.48683918423072625,-0.0056864492767338595,0.25164053770540074,-0.0006332803876474346,0.0008080630459939934,1.0,0.7236055355544887,1.0,1.0,0.393189076995068,1.0,1.0,1.0,1.0,0.3640683442104904,1.0,1.0,1.0,0.011312882643915907,0.0004570390283578201,-0.0013265389987211738
859,0.002128762636874852,0.5284115741526274,6.310325168093328e-05,0.5959437654743989,0.00033473567769716153,0.9338632260645733,7.7939817745767e-05,0.5455430049249073,-0.0007762198015919167,0.7648034570227908,0.00010621221667384131,0.1767248844746271,-0.005398040443964582,0.09448944545379577,-3.753592899120826e-05,0.6951096249308247,0.003634634250188081,0.7189652188599007,0.000286322876299329,0.31679784209889283,0.0011312648676759874,0.6073495777876226,7.025959964298562e-05,0.2676621938503144,-0.0010551363108186075,0.8646418037467685,-0.0005663017912254112,0.006936522015280437,1.0,1.0,1.0,1.0,1.0,1.0,1.0,1.0,1.0,1.0,1.0,1.0,1.0,0.09711130821392612,0.0005897097711474133,0.0007837576304039533
860,0.005873138453930432,0.23892490209068173,-3.8326833629056707e-05,0.80925522156893,-0.005428372067917778,0.30823438886520815,0.00021603893452833156,0.2506546739838059,0.006254895543747246,0.09746620602113322,8.931067821191596e-05,0.5444366789733384,0.0005832321218593548,0.9255032623807371,-0.00017104405650100922,0.4002447950618534,-0.0029156723868727598,0.7064991999713038,9.604211895509823e-05,0.7015290522351268,0.004889165394635986,0.050737352500144633,0.00014722820571775032,0.06921073539060255,-0.0092563849394297,0.28176489897239987,-0.0003392490357239406,0.17359696648448886,1.0,1.0,1.0,1.0,1.0,1.0,1.0,1.0,1.0,1.0,0.7103229350020248,0.8997395600778331,1.0,1.0,0.0004261795754151731,-9.516704924800917e-06
861,-0.004750281312095529,0.24890778789835044,0.0001367049545870857,0.18980149849673822,-0.008900700896987778,0.20616806344214056,0.0002843057670227504,0.16731467005302603,0.006200066052152944,0.013956210717205155,-0.00013485945525358836,0.03149740828461887,0.00225431692335238,0.5953288902222414,-0.0001503911565003049,0.29797693995764196,0.010028913494802113,0.23772189748374506,-0.00017661706516887163,0.4684146201703575,-0.0056298864200096405,0.030338450814547713,0.000286733464805906,0.0006534786914090444,0.0007975719697265935,0.8845122595717209,-0.000245876491941378,0.1670080219605543,1.0,1.0,1.0,1.0,0.18143073932366702,0.3640614097745726,1.0,1.0,1.0,1.0,0.3640614097745726,0.009148701679726621,1.0,1.0,-0.0002714434559933238,-0.0010361389843231339
862,-0.0028406477584405486,0.5495582379709351,4.564846896920629e-05,0.7396518279622916,0.0035838686727135446,0.5324319242129364,-0.00017046332177327668,0.2774054239751831,0.005567896230929443,0.04200523867270875,3.2759238795719834e-05,0.7332914038582548,-0.00911078700156424,0.005753772276605082,0.0002480265006814187,0.019250562801887496,-0.00022433475914971878,0.9781850475315753,-6.201776979817842e-05,0.8312201591823039,0.006635121378089478,0.012236513781176786,-6.0749737295258345e-05,0.4887704143187557,-0.0036111178236388148,0.524854208193273,-3.320330826487783e-05,0.852237068395812,1.0,1.0,1.0,1.0,0.4620576253997962,1.0,0.08055281187247114,0.23100675362264994,1.0,1.0,0.15907467915529822,1.0,1.0,1.0,0.0011082448271295777,-0.00022761934467950684
863,-0.0028770193362436317,0.4878744898946856,0.00033847109738066025,0.0033575840486713424,-0.0034956727267530445,0.5259722878667186,0.0003358601964880385,0.05239426963266374,0.005682602707074707,0.03802193709695399,0.00018036132925890538,0.03198748284576253,-0.006300151654751205,0.20047204251101713,-0.00012801582774041043,0.5274216017966278,0.01662303444184442,0.06935698768142137,-0.0006868230739398764,0.034430489805289295,0.0001926696537126534,0.9545757065486817,6.480488559689586e-05,0.49876856600287955,-0.009825462531192576,0.04734279756136916,-0.0001046586131014976,0.5625242064080083,1.0,0.047006176681398795,1.0,0.4734279756136916,0.4182413080664939,0.41583727699491285,1.0,1.0,0.554855901451371,0.41583727699491285,1.0,1.0,0.4734279756136916,1.0,0.0001811876480637537,-8.573327903447645e-05
864,0.0001993982118781325,0.9679464861581544,1.2309555567828438e-05,0.9467038229365036,0.0013754430426599208,0.7668577283672032,-0.00021486578992112939,0.17093676251375733,0.011725995587640965,0.0027015372527571316,-0.00011454906639706262,0.3490024779998374,0.00026880002990587116,0.960812858356309,-4.511556226836377e-05,0.8078930073473547,-0.0036293156689829083,0.7023300969210333,0.0003279431538911758,0.16514260760170552,-0.0004106484644782114,0.8839301974439063,5.943364404810777e-05,0.47708277833183466,-0.009529672774818488,0.09053605763391813,-2.5155880829703733e-05,0.913745615415323,1.0,1.0,1.0,1.0,0.03782152153859984,1.0,1.0,1.0,1.0,1.0,1.0,1.0,1.0,1.0,0.002045744744859894,0.001281335829641672
865,-0.0017352239439378195,0.5898126754510458,0.0002668747043274862,0.008066707069949816,-0.0064446893491640995,0.09239219129865173,0.0003278909428078195,0.005562467776665776,0.0023558111982631257,0.49273944691051297,0.00023734921674628176,0.06881233388966869,0.0018759775408657838,0.6289274582003691,-0.00035792115061547233,0.0329318636023951,0.010753857589267756,0.26062153881232897,-0.00030151501808880983,0.43097677744072205,-0.003157663471450867,0.25163699701200004,0.00021862907833707738,0.01333135425833707,-0.003648069769955462,0.4717858651620138,-0.000391307711597607,0.00708157643445083,1.0,0.0968004848393978,0.7391375303892138,0.07787454887332086,1.0,0.6193110050070182,1.0,0.32931863602395095,1.0,1.0,1.0,0.14664489684170778,1.0,0.0920604936478608,0.001965906631778633,-0.0012436990122314097
866,-0.0013514717962023295,0.6686640511287584,0.0003733060134502897,0.005038693983086285,0.0006481722635487217,0.9197387989033883,0.00026434833163826256,0.2099080877456404,0.012277184581147328,0.033078439012458744,-3.3527145957408695e-05,0.8582086588433433,-0.0042692231800940915,0.6075366048925851,-9.919541533466243e-05,0.7009543684324375,-0.003009994454426461,0.6981414310285995,-0.00012246483608271288,0.7259804870544422,-0.0005828120641078262,0.8006817625049217,-2.814017018895763e-05,0.6576767006099307,-0.003711857354529755,0.3995057037756402,-0.00035432668826370967,0.015536889803902016,1.0,0.07054171576320799,1.0,1.0,0.3969412681495049,1.0,1.0,1.0,1.0,1.0,1.0,1.0,1.0,0.2019795674507262,0.0019886200332177085,0.0007593805393000655
867,0.0005236081199555538,0.8947708594169785,0.0003972927474528345,0.004927560670953547,-0.0068758166404331396,0.45555576375644957,0.00028525334508221363,0.3101963127568991,0.003283443502209893,0.1727354843497103,8.029698347487393e-05,0.2680042706103982,0.00041427335455680183,0.9466484151604699,-0.000310985311096747,0.05955744054367442,0.012717963597161994,0.22381534222555843,-0.00047012247822892457,0.2815968112581563,-0.0016965074294586246,0.31938864170901793,0.0001197115700007434,0.09927383250888343,-0.008366966181703416,0.08983972043899077,-0.00010144677643618358,0.651067406445712,1.0,0.06898584939334966,1.0,1.0,1.0,1.0,1.0,0.7742467270677674,1.0,1.0,1.0,1.0,1.0,1.0,8.453594516629613e-05,0.0003557746325776884
868,0.0023816699765139403,0.5410739656789383,0.0001030413970813316,0.3988982572515306,0.0002746153940948943,0.9693708051115755,2.884562851952096e-05,0.8910266494850383,0.0018821974817675884,0.5845105206546284,8.262843150408276e-05,0.4258471767275188,0.0022643529365770957,0.7518956776001026,-0.0004185086873413202,0.1301207301100713,-0.00358704759326702,0.7213440420302082,0.0005086353505239997,0.15636715619416366,-0.002697320083899497,0.1528878908404276,6.221468472810048e-05,0.42980898494571973,-0.0005184669681388602,0.9197831342477781,-0.0003668567926801372,0.08509278010494807,1.0,1.0,1.0,1.0,1.0,1.0,1.0,1.0,1.0,1.0,1.0,1.0,1.0,1.0,0.0012772945802333143,0.00015247742287103475
869,0.00738483071615607,0.06275614795603408,-0.00017664504874211485,0.26920016873620756,0.007840378116753258,0.2126426123971349,-0.00021818104583118045,0.44825699839494604,0.005840276578105692,0.09676068831002703,5.7959954144440756e-05,0.6399129333041516,-0.0010840828191714556,0.8416328212903316,5.69980230216323e-05,0.7794666622014952,-0.02416908495884382,0.014145039624784814,0.0005363616903822587,0.12963156763613085,0.0026123510540543775,0.3716359986456438,6.525248008629802e-05,0.4892169568310679,0.0015753311513185685,0.7768211477684908,-0.000321746082385211,0.054367867576366156,0.7530737754724091,1.0,1.0,1.0,1.0,1.0,1.0,1.0,0.1980305547469874,1.0,1.0,1.0,1.0,0.70678227849276,0.0009446560395284298,0.0010836236946504202
870,0.005588074900319677,0.1725103694866693,7.172542324454795e-06,0.9654007844564003,-0.004190903848444424,0.5119972209584446,0.0002196523530923761,0.29497390505421917,0.009496511038861094,0.000383451431423729,-2.2464014264111472e-05,0.8015922004107084,-0.0013877559937181647,0.7840685024708653,-3.6071659937405654e-05,0.7679017516576477,0.001779614011405255,0.8704132344792443,3.7993608398877834e-05,0.9214303749282844,-0.004346544214073582,0.101497637780076,0.00019508884474822612,0.007564374713417895,-0.006938997563644178,0.07892513535778548,-0.0004013716447091402,0.005926196818698414,1.0,1.0,1.0,1.0,0.005368320039932205,1.0,1.0,1.0,1.0,1.0,1.0,0.09077249656101474,0.8681764889356403,0.07704055864307938,-0.0004945268816212012,-0.00025224103747965154
871,0.004539285787313072,0.4511643637074704,-5.014046909844734e-05,0.8001371334395476,0.007664275891838914,0.11707766148657071,-0.00026418738633898515,0.07258072475609273,0.00622796460655074,0.052026806449873855,-1.6040108129560033e-05,0.8725863143603166,-0.005438889869449982,0.24859831756696238,4.5529829535945744e-05,0.7264995747075045,-0.00564426469807449,0.5810920244704997,0.00013871239443252758,0.6658303600779292,-0.0020755324044425425,0.3703363957501117,0.00021296454206759982,0.08856599490584652,-0.005272836789855464,0.3313920445286712,-6.68388956103843e-05,0.6923870321068563,1.0,1.0,1.0,0.9435494218292055,0.728375290298234,1.0,1.0,1.0,1.0,1.0,1.0,1.0,1.0,1.0,0.00039093924794553176,0.0007946756437290896
872,0.004549563532107463,0.2683170771869514,0.00025654841120728995,0.09645368232259915,-0.005659415723769254,0.31434942882605776,0.000459213812161156,0.024935704915424625,0.009712813536851526,0.0017064497262331186,3.4111495113284e-05,0.7468770281123126,-0.003887560070187084,0.35673880396058344,-0.00013250309222074055,0.21582993630819336,0.0029694906084169704,0.7370306400522073,-0.00070211085415203,0.06855815735568856,-0.0026655601060227426,0.23509934937237753,0.00019353716957890417,0.08378452917790687,-0.005019331996294571,0.29106535766456676,-0.00010879689044837155,0.5018448163325877,1.0,0.9645368232259915,1.0,0.3241641639005201,0.02389029616726366,1.0,1.0,1.0,1.0,0.8226978882682627,1.0,0.9216298209569755,1.0,1.0,0.0005499224318766684,-0.0009762487501759402
873,0.005619355306036607,0.1703304060963774,9.01204301553377e-06,0.9424388342727325,0.01158320655233707,0.023461288340105045,-0.00013513510141658142,0.5339854874437244,0.002865359359797322,0.3214982718772649,-7.48695987622079e-05,0.36590809432306803,-0.002092609311559243,0.6012736853897471,-2.409690176217364e-05,0.833394249623687,-0.006720557291341939,0.4704434190293877,4.279436899630802e-05,0.8524672070851413,-0.0014488318520153403,0.6043071547120236,7.76383048125641e-06,0.9400055476763138,-0.009805923395787505,0.1138265896183264,0.00017453139811191115,0.3389081342093341,1.0,1.0,0.3284580367614706,1.0,1.0,1.0,1.0,1.0,1.0,1.0,1.0,1.0,1.0,1.0,0.0014926069391176034,0.0006575902376460017
874,0.004391092156914714,0.19396373956764779,0.00022018986181539558,0.008099225520825997,-0.0032458150167278483,0.6206367370678266,0.0003192126708013009,0.0802631852853456,0.006807735783842897,0.06385596234205687,-6.858064627166188e-05,0.5041986548910811,-0.011072101925104003,0.012977476186264872,-0.00013413571741458335,0.30886926443018925,0.016345865549348484,0.04514978205347885,2.509258549603132e-05,0.9217943164817685,-0.0028995482239015814,0.30692152835774744,9.872114819912858e-05,0.24166188970392632,-0.010327227367071647,0.027889213709247986,-0.0004604999248838134,0.004562438913533996,1.0,0.10528993177073796,1.0,0.6421054822827648,0.5747036610785119,1.0,0.15572971423517845,1.0,0.45149782053478854,1.0,1.0,1.0,0.30678135080172786,0.06387414478947595,0.0011656448434662519,0.00012188975419290469
875,-0.0024446325386527448,0.5025619969608368,0.00017678045137894003,0.20657961747694076,-0.0035116994975145335,0.4408575829588226,-0.00017612431897524208,0.1580400835460275,0.010953045023962348,0.0001681799113061418,7.829640931438658e-05,0.405754031851571,-0.002200506721547805,0.6587647504679688,-3.646859396289741e-05,0.791152507169031,0.007596667752707113,0.31085469904663765,3.396035355074594e-05,0.869973997898354,-0.0006378250898346551,0.7917285675271286,0.00016689861173685005,0.02474392124596835,-0.00975504999816226,0.030331628261790956,-0.0002433429592568632,0.1195628724199151,1.0,1.0,1.0,1.0,0.0023545187582859855,1.0,1.0,1.0,1.0,1.0,1.0,0.32167097619758855,0.3639795391414915,1.0,0.0014099800760607353,0.00022066566160349138
876,-0.0047672389433372235,0.31177191436075047,0.00040638012145281804,0.005438904690765478,-0.013224751541997315,0.003497089296722238,0.0004265015573742714,0.0023829409098749983,0.013670612522534112,4.417370994117664e-05,-1.6543600607760365e-05,0.8944256449306336,0.004092820849392779,0.3834308682902179,-0.0003784757358890788,0.012251749069917044,0.010277173612655253,0.3564276160654548,1.974927007627435e-07,0.9995589088761889,-0.00038291058058167326,0.8816759356320705,-6.936639032413463e-05,0.4868786977260886,-0.009665705205151528,0.039504114407880445,-0.0003686934534700686,0.03511410179385064,1.0,0.05982795159842026,0.04196507156066685,0.030978231828374978,0.0006184319391764729,1.0,1.0,0.12251749069917044,1.0,1.0,1.0,1.0,0.31603291526304356,0.3160269161446558,0.0011898622749577088,0.00016080748117571308
877,0.005031093586424059,0.20877030948168784,8.876713906221878e-06,0.9543378134146403,0.003426794841946208,0.5810152129481416,-4.0345982449464705e-05,0.8422359218501057,0.01183965179897869,2.0202355491448785e-06,6.621028980683846e-05,0.4247450669317201,-0.008160705908470038,0.21776076442572223,-1.2338507065499682e-05,0.951790119998171,-0.015420947363157404,0.09781504489578473,0.0005648442210661699,0.07083399995951632,0.004439529820220993,0.11129675539587414,-4.2478262931294544e-05,0.7440109235405017,-0.0011554147589337305,0.8110778811681708,-0.0005447685392237654,9.048685261350204e-05,1.0,1.0,1.0,1.0,2.8283297688028298e-05,1.0,1.0,1.0,1.0,0.8500079995141958,1.0,1.0,1.0,0.0011763290839755267,0.002272026804721996,0.0008214999149199893
878,0.0022085980949712483,0.6862958727748819,-4.6069597971839364e-06,0.980343847840332,0.0020371949804161575,0.7670620769408887,-0.00024163574210158542,0.27520209408585583,0.001692933516459105,0.5090832084371336,0.00018576382212034798,0.0633986457287792,-0.0020488939917453573,0.6986264803534868,-8.478739554459161e-05,0.6335758540707888,-0.0008732122828957377,0.9294959539079504,0.00039952232839647557,0.17716908799125564,0.0012100941473140306,0.6522028319796261,9.933571947501312e-05,0.32232200916886455,-0.004226714148462807,0.42630402073299023,-0.00035359174542440644,0.04446511247597466,1.0,1.0,1.0,1.0,1.0,0.8241823944741296,1.0,1.0,1.0,1.0,1.0,1.0,1.0,0.6225115746636452,-0.00043273697728455366,4.0246673991056305e-05
879,-0.0005282423519634591,0.8976238303693541,0.00019106775461929482,0.1911804830798166,-0.0120029532176371,0.009746105957790121,0.00021922548826128479,0.0658799973091738,0.001998490259896325,0.48356379920398385,-4.8976396977914706e-05,0.6575216061207476,0.000956201028952641,0.8139421532372553,-0.00018047481935362352,0.16265297537542356,0.008539240744439153,0.28216392165141835,-0.00018710868763958187,0.4733709016151668,-0.0018358855817617434,0.4106726135980683,7.456745767237768e-05,0.29051186700672305,0.0028731471006876895,0.6330941306584332,-6.830073413711404e-05,0.7888177460219716,1.0,1.0,0.1364454834090617,0.8564399650192593,1.0,1.0,1.0,1.0,1.0,1.0,1.0,1.0,1.0,1.0,0.0005200384534385166,0.0003052456558836561
880,0.009771299555763951,0.007095275573831284,-0.00019047969047196597,0.11877143503689105,0.003849705560583424,0.4161212625425149,-2.9349768917625856e-05,0.8410390426325637,0.007683215306752628,0.025972185181052706,-0.00014685572759303762,0.1665485596031867,-0.0005698027055429708,0.9074170023550235,-9.307659897674589e-05,0.5067632585473478,-0.01664619390971471,0.06282067537636239,0.0005411899963453099,0.04846862605451445,-0.00044169751312673203,0.8786255101248812,0.00013955480261779114,0.20991331085537757,-0.003646525733306571,0.5656631933496046,-0.00022098295814492301,0.2659963453042202,0.09933385803363798,1.0,1.0,1.0,0.33763840735368517,1.0,1.0,1.0,0.6910274291399863,0.5816235126541733,1.0,1.0,1.0,1.0,0.0021361588890815575,0.000630897453551588
881,0.00491428123542142,0.1048313134192331,9.315028948470783e-05,0.34847972690869233,-0.0076287264322805635,0.10169890022798993,0.00036728679566894423,0.03903612453708465,0.005206021712479103,0.1862104879822778,-1.7691494444883742e-05,0.891661782988322,-0.014286612201342835,8.172045793511528e-05,0.00016381603746194864,0.23183436863350448,0.014518904026412685,0.03290852556373743,-0.0001749694922590201,0.4515775343312426,-0.007008620811531625,0.03849933951803809,9.524784754193308e-05,0.3348138100665158,0.004284756437431332,0.3723096798969149,-0.0005268399900752272,0.0006549264543675214,0.9152901020519093,1.0,0.9152901020519093,0.423492734698419,1.0,1.0,0.001144086411091614,1.0,0.39490230676484916,1.0,0.423492734698419,1.0,1.0,0.008514043906777779,0.0012879911074526297,0.0004290168954686887
882,0.005818132441679576,0.08668401311069558,0.0002928346908429027,0.0058957681830493,0.0013308892382542146,0.7933244618782905,0.0003978542963573686,0.0073975974520850436,0.008423848357493465,0.010140424264768121,7.399060140668738e-05,0.5233262600366463,0.004496586116818321,0.4891057757728692,-0.00018897091076590833,0.2830482499000595,-0.01211955241027338,0.2210592513632169,-0.0008421811325367934,0.0017279367745952944,-0.00010888006651476286,0.9616971246548008,8.785911435896884e-05,0.3135369710662904,-0.007841023989320055,0.13198776705926119,0.0001786133765588351,0.21850642415792254,0.8668401311069558,0.0766449863796409,1.0,0.08877116942502053,0.11154466691244933,1.0,1.0,1.0,1.0,0.024191114844334123,1.0,1.0,1.0,1.0,0.002017709541166695,0.0004926030958078046
883,0.0011615850930863521,0.7717321407735167,0.00013054687255271847,0.3469202160542345,-0.002758534892315931,0.6051027718520414,8.647994332596465e-05,0.6115438995015685,0.006064335613060085,0.009721186465632437,2.7769448768768726e-05,0.7241529606568511,0.0003169317011391069,0.9336396783928883,-0.00018309343352332895,0.08005394426681892,0.009189779019857305,0.364976252738231,-0.00019132928620336592,0.5929656480537635,-0.003699311396795529,0.16268675538652277,0.00014082673464739864,0.29110514135662946,-0.010274784766525148,0.11979519992450956,-1.1200282284303001e-05,0.9628314099183597,1.0,1.0,1.0,1.0,0.1360966105188541,1.0,1.0,1.0,1.0,1.0,1.0,1.0,1.0,1.0,0.0008688745170854735,0.0006572718862763203
884,0.00502015231395816,0.20354632704003084,-0.00012798929322465545,0.3446946858022323,0.004115601515342904,0.4177678130668542,-0.0002402314280111601,0.13455521120984498,0.005423723855403558,0.2154498151887867,-3.523130071522361e-05,0.777985094180559,-0.007916650356811418,0.21651356076278272,0.00015857759575234513,0.3787937798891363,0.013405242782974723,0.11538167503645642,-0.0004463724741095384,0.16363238617833475,0.004248305214752221,0.06715772075696508,5.845516399874304e-05,0.40200937570926665,-0.024296375445962692,2.546568937629532e-06,0.0006327916887980232,4.441738265242625e-05,1.0,1.0,1.0,1.0,1.0,1.0,1.0,1.0,1.0,1.0,0.8058926490835809,1.0,3.565196512681345e-05,0.0005774259744815413,0.0018532821440133895,-0.00029777523109419826
885,-8.719577636447876e-05,0.9867854279723081,8.931448334715878e-05,0.6097363970149844,-0.0038475562210611527,0.5292238032457599,-1.3525793729124529e-05,0.9346394922795194,0.0038890110696150294,0.16198206253137404,0.00011776241998297489,0.1814406976750238,-0.0010327353274794365,0.8760234905612967,-0.00013447687820181977,0.4605600961798749,0.011032667262743911,0.1700657161417568,0.00013569164393010687,0.5142851974933057,0.004214584426630019,0.10664752319570532,-3.6030048571212115e-05,0.7348811718635171,-0.014168774584443692,0.016472215570939155,-0.00015873582792380999,0.38971290074564824,1.0,1.0,1.0,1.0,1.0,1.0,1.0,1.0,1.0,1.0,1.0,1.0,0.23061101799314818,1.0,-0.000619587596420215,8.242016473824311e-05
886,0.0019359742604171549,0.6123562262621514,-3.5484618060117504e-05,0.7661565818358858,-0.0025650260670170726,0.6482782563443827,-0.00012072823003294137,0.4879610538155945,0.006698948600898517,0.19947240908853758,-0.00015737209478419262,0.3276862363817028,-0.002306504594883083,0.6487357006279668,4.442761200315455e-05,0.7830224109862847,-0.0021836823028768336,0.8219367592885627,0.0004471092606307458,0.1090854774119181,-0.0021592480635563454,0.3228844544004865,0.0001051683305065067,0.26625211775043456,0.000579537970186981,0.9188441008121959,-0.0002831202944771156,0.10242213574202243,1.0,1.0,1.0,1.0,1.0,1.0,1.0,1.0,1.0,1.0,1.0,1.0,1.0,1.0,0.0005139928684021077,-0.00015616764898180343
887,5.469825001422787e-05,0.9866944700515141,0.0001215715868561484,0.37800355662387697,-0.009348704219447349,0.027928633784179722,0.00041263835270921557,0.003094465623343231,0.0028464248742119066,0.33593331130935256,-3.0236065760767433e-05,0.7924408149775641,0.003383714755727175,0.6004942928372048,-3.532373355900965e-05,0.8820718186965845,0.013140312236677923,0.1545410617476599,-0.0005269063210339025,0.16610421862334246,-0.0037640301974083694,0.1406945907806465,0.00023844582593910972,0.0012221559581104774,-0.006312415652023969,0.1302405600820049,-0.00018018959607390885,0.18939196024703686,1.0,1.0,0.33514360541015664,0.040228053103462,1.0,1.0,1.0,1.0,1.0,1.0,1.0,0.017110183413546684,1.0,1.0,-0.0004560186518556582,0.0003968375878808982
888,0.0032693731755098184,0.36862615775999497,0.00047690299062219037,2.965563573164147e-07,0.0018363403513136194,0.6979350710231995,0.00022951265325948692,0.19412276196702105,0.008013472093855112,0.016545149727395823,6.917862087626017e-05,0.510949425379574,0.0037866716341809553,0.40072666439822624,-0.00042139355973396734,0.00740050553083406,-0.008158767015390452,0.38074558544040316,3.0314313316428955e-05,0.9146676779364225,-0.0037011028195336353,0.1908803706530211,0.00016752076234703012,0.02700857471270256,-0.00504598745398385,0.42876296679233405,-0.0005520357576221109,0.004411215387085553,1.0,4.151789002429805e-06,1.0,1.0,0.18199664700135404,1.0,1.0,0.08880606637000872,1.0,1.0,1.0,0.2700857471270256,1.0,0.05734580003211219,0.0005244682528863938,-0.0009097796283794913
889,-0.0031480639151188717,0.3103497405244029,0.0002792216975601843,0.010159087271000964,-0.007707365869531993,0.16923213973441764,0.0003183967559989675,0.09557772850611373,0.003855437223705757,0.1574973519763827,6.169018960724283e-05,0.4349080834625699,0.003856290632391836,0.4369663461887443,-0.0002098576482276031,0.20088053617344748,0.007901833984437627,0.26828564963998747,5.113866939009409e-05,0.8668098696637392,0.00021198844476680694,0.9468269899510415,-1.3012499619070974e-05,0.8904402627931313,-0.004970120618084136,0.301036731501091,-0.00048757717283729715,0.00038980970046855373,1.0,0.13206813452301253,1.0,1.0,1.0,1.0,1.0,1.0,1.0,1.0,1.0,1.0,1.0,0.005457335806559752,-0.0005236098491918894,0.0004169936786410762
890,-0.0010422790443525125,0.7756134719403881,0.00018412337851320254,0.05883249650350694,-0.004094478600722555,0.5292340190307954,0.0002689991207119934,0.1795897335304225,0.002030441534756956,0.6403174791841503,0.00030128723950727807,0.01401000032725686,-0.007382871502138703,0.17688653307183233,-0.00017976476966859655,0.32387906184524007,0.022143264244739096,0.016582533639997555,-0.00024959292659443766,0.35896401338196904,-0.0071222018025733766,0.009585291495871163,0.00015288995104296066,0.07113140664055734,-0.004531874813909569,0.3938625946496318,-0.00047794198028379935,0.0014543810241978824,1.0,0.5883249650350695,1.0,1.0,1.0,0.16812000392708232,1.0,1.0,0.1824078700399731,1.0,0.12460878944632511,0.640182659765016,1.0,0.020361334338770354,-0.0005125829353424444,0.0005592059772259292
891,0.004976012926716815,0.16334367317913168,0.0002602714777720238,0.03911672027034218,0.0002775966253743276,0.9511363600326737,0.00013609417012004852,0.25619913553303086,0.008480692201874964,0.01260698259678352,0.0002348965359369029,0.01949537525769507,-0.005311689493433193,0.2758005400769121,-0.00016261991111296228,0.37242820580844915,-0.005314105076749533,0.6217192726953724,-0.0004986955921981823,0.16775153881158122,0.0021838920267804934,0.46081565241904465,7.175593161369775e-05,0.41883310277076946,-0.00529239667829109,0.43081709679576496,-4.1702694089915244e-05,0.8440521468832797,1.0,0.46940064324410613,1.0,1.0,0.17649775635496928,0.2534398783500359,1.0,1.0,1.0,1.0,1.0,1.0,1.0,1.0,0.0031428931788860977,0.0009463816233303144
892,0.003791404015851353,0.42075021658734924,4.487456633095337e-05,0.74224695521353,-0.001722575576219284,0.6840412216721916,0.00046205256327739626,0.0010051996445458054,0.004134223441166478,0.2597005526420604,-0.00010019570333784112,0.2991657136146001,0.009913367628358663,0.03244938466105532,-0.00040507337773138083,0.01875799586063398,-0.009633699918066192,0.3142284454564127,0.00017846650049313254,0.5200901436376534,-0.002098592321784001,0.4120639355899619,7.680629993471954e-05,0.28971460046325603,-0.004384128536194586,0.5993903670577114,-0.0002569308412904612,0.3703976412633063,1.0,1.0,1.0,0.014072795023641275,1.0,1.0,0.38939261593266383,0.24385394618824174,1.0,1.0,1.0,1.0,1.0,1.0,-0.00044706375203671137,0.0006286747966038352
893,-0.004803289688972744,0.16441953957238276,-5.6418639217002566e-05,0.5330425952285327,-0.006754872650117246,0.156017167124195,0.00010414347019872854,0.4541635909701528,0.0028773320175869985,0.3627061319769369,-7.978591817153693e-06,0.9394479258320391,-0.004843247118402763,0.3150007834425955,-0.0002197153836056734,0.09596929192623097,0.015313982496842229,0.07987521695695773,0.00046823122366461704,0.06362468364672341,-0.001527224706912973,0.40828210546408494,0.00013277569666073294,0.07213858118828878,-0.00026268139386809847,0.9703413121381923,-0.00042103772128037486,0.036940957434895325,1.0,1.0,1.0,1.0,1.0,1.0,1.0,0.9596929192623096,0.878627386526535,0.8271208874074043,1.0,0.8656629742594654,1.0,0.5171734040885345,0.0025969449079022724,-0.0008928316634742952
894,0.002344563667779804,0.4739706242007846,0.00017239209524814411,0.1397408708846998,-0.0021770198153431308,0.6903202473773158,0.0003952025187309318,0.0029113648688400334,0.008631646313437807,0.001641867264485197,0.00011608699542144048,0.14707015858195907,0.0002133771124830914,0.9673091799365624,-7.169678139407987e-05,0.6258380143360254,-0.00043439363225571066,0.9648703419626613,-0.0007601133700744653,0.006618050753582663,-0.007260736078413171,0.03495325094191888,0.0004893214866775592,6.691700812370261e-05,-0.0013174384625471195,0.8681754712053581,-0.00034119293158678453,0.2949438193508733,1.0,1.0,1.0,0.0349363784260804,0.02134427443830756,1.0,1.0,1.0,1.0,0.07279855828940929,0.3495325094191888,0.0009368381137318365,1.0,1.0,0.0015236063738866018,0.00011919665751592643
895,-2.0464859979737537e-05,0.9954076236993867,0.00011208065172905986,0.29321238071519984,-0.004006563313857257,0.4361196691225675,0.00011008067183348704,0.48819366216751814,0.005864417533238006,0.11761572130542267,4.259395992989174e-05,0.7045333638830414,0.0049305781850148295,0.4837111523898122,-0.00026407824749975106,0.10391137600524931,-0.0010364265115470647,0.905596066695795,0.00031054971399960426,0.2511247597043117,-0.00022512046305051228,0.9129216741134959,5.4859628187174084e-05,0.4366506133924509,-0.005506421449810965,0.38442624589067875,-0.00036608636257670315,0.05199622534459371,1.0,1.0,1.0,1.0,1.0,1.0,1.0,1.0,1.0,1.0,1.0,1.0,1.0,0.7279471548243119,0.0006747704022800079,-0.0006940710313872504
896,0.002834496466630889,0.4635698536551418,0.00015655437471140534,0.34243702371375306,-0.0019236888585625119,0.696612553254481,0.00029700169711464663,0.09971815440963264,0.007100063026091682,0.011000476270234883,2.1482659067776955e-05,0.7969560427302035,-0.005508459616076444,0.20196580685478338,-2.6664598381213632e-05,0.8715176231321852,-0.004688987572540564,0.689992843760256,-6.834809665074877e-06,0.9872059451869807,0.004152330301736625,0.12504765779785992,6.85320730953684e-05,0.39470890631094235,-0.0019657536718971926,0.7439384225106025,-0.0005100713673471399,0.009552538494878957,1.0,1.0,1.0,1.0,0.1430061915130535,1.0,1.0,1.0,1.0,1.0,1.0,1.0,1.0,0.1337355389283054,0.0004558659523666804,0.00019742925852383154
897,0.003991617355646084,0.25976568743220674,1.729069392437932e-05,0.863565781170217,-0.001464981879419851,0.7254940827780618,-3.920098215072326e-05,0.7558022503925257,0.003977631980361937,0.2207356058662201,8.550376807915317e-05,0.36830761916115295,0.010861226494790847,0.01265077556778122,-0.0005272405796738164,0.00040231924727228435,-0.012381756726595592,0.10930323933781506,0.0005988821643225194,0.004661276949247624,-0.002903497601610638,0.26424734282464013,0.00021882600303490767,0.002179037849435516,-0.002080240264016685,0.7387411653493121,-0.0003540610666139551,0.09701049851422694,1.0,1.0,1.0,1.0,1.0,1.0,0.13915853124559344,0.005632469461811981,0.9837291540403356,0.055935323390971486,1.0,0.028327492042661707,1.0,0.9701049851422694,0.0005334823448947703,-0.00032703471905937343
898,-0.0014349256170552956,0.6896874172706438,0.00025555105754611226,0.011887114802973914,-0.0046681878097739275,0.36064544691185463,0.0001173863428463381,0.5389113580541963,0.00466791989241599,0.03462993849892126,0.0002662289174147347,2.8161322496461492e-05,-0.005906465753217686,0.20267083529579444,-9.899343351576919e-05,0.5223210134963101,0.012959636109407308,0.07357182204229494,-0.00037465014740203424,0.16056907253403618,-0.000604161192456694,0.7992867787386129,0.000126810638054976,0.22050334135221494,-0.005013816073781418,0.3212849801182234,-0.00029233334799952273,0.08426345428889127,1.0,0.15453249243866088,1.0,1.0,0.41555926198705506,0.0003942585149504609,1.0,1.0,0.8092900424652444,1.0,1.0,1.0,1.0,0.8426345428889127,0.00023154644993973774,-2.5303080686128255e-05
899,-0.00035797278256503433,0.9155825044571567,0.0001180024807870339,0.1858831065795522,-0.006552611926257656,0.23475648593581033,0.0002565395426742184,0.28661337129373277,0.004886290581817987,0.17379415846779733,0.00012576703974742903,0.28064499698205936,0.007462310995719638,0.06423001948353448,-0.00026086522891274704,0.09548527710055041,0.00027022024838323124,0.9764798020140163,-0.0002224549533166248,0.40459138087255164,-4.7550360350518146e-05,0.9866414645750712,0.0001480159619768684,0.09847663649459183,-0.005660686587240011,0.3276515727494055,-0.0001650048233604154,0.41444716828990724,1.0,1.0,1.0,1.0,1.0,1.0,0.8992202727694827,1.0,1.0,1.0,1.0,1.0,1.0,1.0,-0.0004409321194994404,-0.0007702165697672654
900,0.001833948694718916,0.5668893921316234,0.00013814164262289301,0.17490419501470866,-0.005671589369965026,0.33190310934249767,0.00028007026517093365,0.12688468794224578,0.009233945616378223,0.003084438147210905,-5.982300535677677e-05,0.6167697671252195,0.0002385929576540587,0.9524121312493239,-0.00030535737484531616,0.017051788666882655,-0.01187672687764686,0.23132630127625864,0.00022097648216274547,0.6060174280894068,0.002207976771652907,0.41572780834987455,8.479191075881168e-05,0.3049771772509652,0.004033855088531869,0.3840218710517368,-0.00035879989923159254,0.02189629212865236,1.0,1.0,1.0,1.0,0.04318213406095267,1.0,1.0,0.22167325266947452,1.0,1.0,1.0,1.0,1.0,0.2627555055438283,0.0013651520141217486,0.0007101964816958627
901,-1.2778014879282999e-05,0.9970771543620827,0.00032372458298232285,0.007078382204100959,-0.016713303129994087,0.00019624880036502338,0.0007246030876132504,5.043940497240358e-07,0.002605916831570625,0.31951498945992385,0.00017049574830076816,0.06192875145950798,-0.004820702537893953,0.3484766843775807,-0.00012283604293510437,0.5176005730618713,0.03200357762454521,7.057581535670272e-05,-0.0010990050847221283,1.304331421755281e-05,-0.0073267293340824585,0.007146039310321515,0.00025193845827005276,0.0010322956151551542,-0.005735981361413584,0.28902164712490497,-0.0002489207000044853,0.11182879424557908,1.0,0.06370543983690863,0.0021587368040152572,7.0615166961365015e-06,1.0,0.43350126021655583,1.0,1.0,0.0008469097842804327,0.00016956308482818654,0.06370543983690863,0.010322956151551542,1.0,0.6709727654734745,9.983953841639253e-05,-0.0007318821328084088
902,-0.0028571460877070574,0.40013142445953087,0.00016477654617478923,0.12714295158278047,-0.010151583243126379,0.03857631737266267,0.00023060761398156215,0.0900605086715047,0.00928235213138101,0.007267941694821567,2.0848275161762073e-05,0.8232135773387269,0.00785891368814465,0.09048712619116722,-0.0002612369669993043,0.024023677642120732,0.0034451067283287197,0.6426781901038381,0.00023730893187044925,0.29432003306676824,-0.0005199769596718949,0.8565761302517476,6.674172674991805e-05,0.485840111996926,-0.007057664180235503,0.0991182057984305,-0.00045904617295972625,0.001086878461738044,1.0,0.900605086715047,0.42433949109928937,0.900605086715047,0.09448324203268037,1.0,0.900605086715047,0.28828413170544875,1.0,1.0,1.0,1.0,0.900605086715047,0.015216298464332615,0.002550255439647122,0.0003318544567941867
903,0.004707013527551492,0.16749883844956703,0.00032420758420477784,0.00439087734030344,-0.0029181508097502083,0.6037599024974032,0.0005166641298063828,0.00043457491788851646,0.009745744437770043,0.014186799639003803,1.7650766590871587e-05,0.8832195246686677,-0.00618465778892566,0.2585080068352159,-0.0003480840913344274,0.004033371655502828,-0.004707394945660485,0.5517124383757908,-0.0003496997941507317,0.11593255289338256,0.00041917192380870713,0.914728699742996,0.0002784372029682304,0.01546144597860171,-0.0010617263546986039,0.8927147815068132,-0.0004391757097128299,0.04901065741161061,1.0,0.052690528083641275,1.0,0.00608404885043923,0.15605479602904182,1.0,1.0,0.052433831521536765,1.0,0.9274604231470605,1.0,0.15605479602904182,1.0,0.4410959167044955,0.00254898076102465,-0.00044494827573912627
904,0.00035136100164961454,0.9118116475590431,0.0001242332170148402,0.24843543426347303,-0.013301153693239157,0.005647741002726869,0.0004002894211504399,0.011351632098625304,-4.1734503009589565e-05,0.9904229516648199,9.679288566869233e-05,0.3058119688274359,0.005547708199056745,0.2791259308726961,-8.540999184364512e-05,0.5359102350071705,0.005685854923743398,0.4696463584862397,-0.00018203432070686102,0.4566325225239978,-0.0007225238051162356,0.771703981410499,6.096379754470958e-05,0.4831826998030285,0.0024804886121094273,0.6422349236511067,-0.00041483500660496886,0.015410586248407757,1.0,1.0,0.07906837403817615,0.14757121728212896,1.0,1.0,1.0,1.0,1.0,1.0,1.0,1.0,1.0,0.18492703498089308,-0.0022524588345730003,-0.0015325114934797905
905,0.0014208262408969875,0.663405672194419,0.00010509835543883798,0.30262894972188936,0.0005373317365095177,0.9353494191707078,-8.665318046636451e-05,0.6540626248693316,0.0048192884932438795,0.1679412324635463,0.0001441790516947995,0.17900385359409887,-0.0035071076093840495,0.2745565557776266,0.00021182574981706628,0.02354403443078872,-0.010299862083492359,0.21127642142757186,3.3323552914999524e-05,0.8769800899613369,-0.0006019932479711939,0.7793564155335376,-3.139341580877629e-05,0.7571892286721937,0.0076315149671357715,0.23887696540927184,-0.0003763801379649124,0.06098301825426775,1.0,1.0,1.0,1.0,1.0,1.0,1.0,0.32961648203104205,1.0,1.0,1.0,1.0,1.0,0.7927792373054808,0.0007000670116028522,7.813209681340667e-05
906,0.0013029357968173747,0.7453682772828949,0.0001613439116617618,0.23068648949728254,-0.001714916888537206,0.7636360949883878,0.00017465052728874795,0.4356314470161712,0.008285218292288786,0.019341301738799953,0.00014729290672943246,0.22981849960923562,-0.008103139632637662,0.06221980341617055,0.00019314972650825115,0.09839171525642386,0.00789395339807748,0.41072536105423596,-0.0005823746017684782,0.1078307631592471,-0.0031764990507722277,0.19111386941020192,0.00014747701343387922,0.00811422824414275,-0.004487553183385621,0.39844946620740973,-0.00024153955021624505,0.1611008329588438,1.0,1.0,1.0,1.0,0.25143692260439937,1.0,0.7466376409940465,1.0,1.0,1.0,1.0,0.11359919541799851,1.0,1.0,0.00114964153793397,3.4562599520694135e-05
907,-0.0022633540858159403,0.5205660676026889,4.790018976574515e-05,0.7182640124840831,-0.012333954234874786,0.023214933091702146,0.00039127150516639163,0.010918827967828323,0.0012598625836620645,0.7125355695622808,0.00017405962120797176,0.07867468798299308,0.015253175783053918,0.009165418922020534,-0.0006496189238914283,0.00019731228355267269,-0.005781397728228594,0.4715614881471515,0.00031547079113244866,0.19938665682849366,-0.0003733555288707605,0.8706889536742675,3.897301919503413e-05,0.526331840780514,0.004239024297602493,0.4655888045831009,-0.00031805622675151437,0.12375835455662414,1.0,1.0,0.2553642640087236,0.13102593561393988,1.0,0.7867468798299309,0.11915044598626695,0.0027623719697374175,1.0,1.0,1.0,1.0,1.0,1.0,0.0007809982450341439,-0.001154253630015355
908,0.0006043222568192823,0.8685755589330779,-0.00010257746845459187,0.31810743646922734,-0.008848886994431048,0.02785799432657151,0.00011899442890909981,0.3946915926192128,0.005222450255130692,0.10223699065556903,0.00012332515159752536,0.1716910409144632,0.005044092894283548,0.38344677848080544,-6.414099831615823e-05,0.713290469003299,-0.011842601465914322,0.22152345590353484,0.0002663226127032243,0.3776885239829597,-0.0016109922848352204,0.5747824983853174,0.00014582614807995248,0.1010088067446849,0.011431615922734964,0.04624566464015588,-0.00048774988118533,0.02479299723144084,1.0,1.0,0.36215392624542964,1.0,1.0,1.0,1.0,1.0,1.0,1.0,1.0,1.0,0.5549479756818705,0.34710196124017173,0.0005225495775098296,-0.0006544905785370914
909,0.0007840977089646206,0.8229561411116271,4.545470418737738e-05,0.7272465246514408,-0.004593990612951386,0.5133879652032269,0.0001620046198779272,0.4806127568836388,0.009401622893139481,0.0006712322490378648,7.203872410296763e-05,0.3931481160506377,-0.0046346490601613345,0.32825338834523277,0.00012105693261427708,0.439175402016874,0.006463948656017113,0.48824970504565346,-0.00029719026977909237,0.32016466597287185,-0.0012275380897994574,0.6283588494432413,0.00014467781132957417,0.05587463496688777,-0.006193489853885944,0.21467046508212062,-0.00024804244012522714,0.19883439951378168,1.0,1.0,1.0,1.0,0.009397251486530107,1.0,1.0,1.0,1.0,1.0,1.0,0.726370254569541,1.0,1.0,0.0022222165709364643,0.0010738011164217057
910,0.009106040087158873,0.04627341239311122,-7.984042745012656e-05,0.5756774464764904,0.012356626992535964,0.008022815071421774,-0.000356386742146496,0.021219379534158925,0.008100892764870114,0.029626046280746866,0.00010580378544536033,0.3138730330577221,-0.005438470264014103,0.323333326829785,-0.00019080200087246235,0.27843243576199606,-0.002626992984853152,0.7269716877416867,0.0002530418241971273,0.3114943458731595,-0.0012753945634944698,0.6090979674213182,4.6461763392272764e-05,0.5048969033201507,-0.020222701680536512,0.00012025693827916864,0.00022172176762947078,0.2928876925647287,0.4627341239311122,1.0,0.10429659592848306,0.2546325544099071,0.32588650908821554,1.0,1.0,1.0,1.0,1.0,1.0,1.0,0.001683597135908361,1.0,8.074261055437936e-05,2.400693959944863e-05
911,-0.004396132619338795,0.1926656969159135,0.0001454251668836685,0.24094805183868662,-0.010164672617628304,0.05103758913079345,0.00013603486752711573,0.44444891072455484,0.013601959011484295,0.0005799028203055929,-0.00018348648237714857,0.22319758072512608,0.007763853821309491,0.06437548361941166,-0.0003590085064478247,0.007025383375079299,-0.005348907015625036,0.6012798190160938,0.0006518374321964343,0.058632369714839684,-0.0049072882778947585,0.058309011533242146,2.0367031104989373e-05,0.8120256925874292,0.0034511878627685563,0.379127563002721,-0.0004111694859009767,0.004654420265645571,1.0,1.0,0.561413480438728,1.0,0.0081186394842783,1.0,0.5830901153324215,0.0843046005009516,1.0,0.5830901153324215,0.5830901153324215,1.0,1.0,0.06050746345339242,0.0006265184917951489,-0.000179108089380898
912,0.004344961267762454,0.1327523821687107,0.0002520308344637665,0.011305539011196446,-0.0008030416264747103,0.8715093378000498,0.00021271015535792123,0.13845648866209437,0.0003137289134864405,0.9140673653127576,0.0004245707348455503,1.6393985300287842e-07,-0.002849716500268209,0.6524693281764479,-0.00019211654279313722,0.3256568705038091,0.007398781393888809,0.39033954670124327,-0.000638003601453806,0.010394957378970716,-0.0027222880748816953,0.23201460927618722,0.00022420209122023496,0.01575985649685099,-0.005682425755738532,0.34999031482317633,-0.00028339366922905266,0.15295896277743581,1.0,0.13566646813435734,1.0,1.0,1.0,2.2951579420402978e-06,1.0,1.0,1.0,0.1351344459266193,1.0,0.1733584214653609,1.0,1.0,-0.00036842834401859976,0.001612448065756471
913,0.003527441332763643,0.35328895520031145,4.913255021822503e-06,0.963775269012197,-0.00300497233923804,0.5365269264511512,8.875149100909217e-05,0.49548515203901555,0.002369137662617168,0.3861198917515415,0.00014668990671934214,0.11630405414763587,-0.009071948034635088,0.14609255550468075,-6.791633211672862e-06,0.9730046667078168,0.015382063700212386,0.09955950367997286,-0.0002545701600309098,0.3865195828739355,-0.001698427174864929,0.5293909839113424,0.00014300853128779116,0.11439023893016188,-0.007503295183294984,0.08358454819241977,-0.00012200136324830669,0.4378231310862505,1.0,1.0,1.0,1.0,1.0,1.0,1.0,1.0,1.0,1.0,1.0,1.0,1.0,1.0,0.0008017721695099033,-0.0005934765943616477
914,-0.0037614015850273657,0.2628164822908109,0.0002581441043738912,0.015228883542446219,0.0021583959502560093,0.6773743822575313,0.0003015149843735679,0.04699636614081349,0.007166192930326087,0.006563681896000937,0.000184994874460802,0.04644433637002961,-0.002350789825767444,0.6411652592492836,-0.0003653612873775736,0.00852853428816922,-0.00597921502062648,0.5158910976529012,0.00041943157454767956,0.12201502653708217,0.0010787234692401242,0.6165271341058729,-8.542843959475324e-05,0.26066272686534897,0.0016880961037600832,0.799301897537856,-0.0007132958341310283,0.0003343759698070655,1.0,0.1675177189669084,1.0,0.46444336370029604,0.08532786464801217,0.46444336370029604,1.0,0.10234241145803064,1.0,0.9761202122966574,1.0,1.0,1.0,0.004681263577298917,0.0012008127783278586,-0.0007701946673700548
915,-0.0010816533106981993,0.7440903064140972,0.00018666945065413246,0.08309539203565172,0.00046542002327238085,0.9405207849262105,-3.6220480189437634e-06,0.982834819278366,0.001938917992438042,0.5826287835916857,4.966528410859238e-06,0.9705679603854996,0.007092527669746036,0.40687833346556646,-0.00028727053605247385,0.25042608146136425,-0.005173538947169365,0.47949818520949916,0.0002448447447789014,0.32423732987198184,-0.0026082407966583586,0.40981274846544746,0.00012704678352627282,0.10777868702782338,-0.000633435307373314,0.8978126776026069,-0.00027263485150714697,0.06857982705400803,1.0,1.0,1.0,1.0,1.0,1.0,1.0,1.0,1.0,1.0,1.0,1.0,1.0,0.9601175787561125,0.0011934412853644484,-0.0006661669718446396
916,0.0006140597236361103,0.8375156587890284,0.00032503871960932963,0.001682155373918724,-0.010531846859150198,0.11039780656047225,0.00031557468613209244,0.12332262203695697,0.005738846637822352,0.05216434029877328,0.00011464510426120726,0.19663662188178277,-0.0015270845878992583,0.7326039140678481,-0.000359759667313237,0.02462982080382308,0.015103406005044263,0.195562582299324,-0.000199245016790103,0.5733886768403972,-0.004194449717976251,0.05941947233832892,0.00013966443661318778,0.052058371443556156,-0.005202931071962648,0.4191589708819413,-0.00033591826543474227,0.11434025442375072,1.0,0.023550175234862136,0.9935802590442503,0.9935802590442503,0.6247004573226739,1.0,1.0,0.32018767044970003,1.0,1.0,0.6247004573226739,0.6247004573226739,1.0,0.9935802590442503,-0.0001645218956766548,-0.00047280111411121653
917,0.00013764919113796068,0.9734378605437046,0.00016631376229704826,0.31747576610301,0.0033328144830696584,0.484767732414251,-0.00012769612399367116,0.36395308835625795,0.009416094899105042,0.007075713040481116,4.1450299378206305e-05,0.759971212259462,0.003597200732062641,0.45237221320127374,-0.0001354376761326886,0.4038623448529549,-0.002609476930878311,0.7834685786061211,-6.909979973797167e-05,0.7779081591156782,5.3898731987183084e-05,0.9827679108412726,-5.3360275207727705e-05,0.4961283858790507,-0.013928181425549078,0.015335867230764175,0.0001778298461989143,0.3796034113092872,1.0,1.0,1.0,1.0,0.09905998256673562,1.0,1.0,1.0,1.0,1.0,1.0,1.0,0.19936627399993428,1.0,0.0010619397244131443,6.339924658325869e-06
918,0.0015238903180666934,0.7103097613801437,0.00032665218558454895,0.09953200479823444,-0.009370881056328955,0.09353534554919929,0.00028619979393298105,0.17329771415986417,0.006329086674594964,0.0715995827094511,6.508947987386284e-05,0.5564054631291528,-0.003550216972483031,0.4541327127722,-5.1663715555354196e-05,0.7886047662090185,0.00957943290867061,0.4027607924554035,-0.000317768702462712,0.39462123005794825,-0.0023763754437389406,0.39166679346309163,-4.210013045182167e-06,0.9629159972345428,-0.0021349345373400824,0.7446691118716933,-0.00030429906464237496,0.19290972894280145,1.0,1.0,1.0,1.0,1.0,1.0,1.0,1.0,1.0,1.0,1.0,1.0,1.0,1.0,0.0008509083076216601,-0.0002417792961478714
919,-0.0037678076238430664,0.22404158735013135,0.00022110459299318322,0.12904172910257844,-0.004843081621121018,0.2937569662010734,-0.00010874782104577013,0.5248928428364583,0.006320160609121654,0.05504278645938366,5.500703943424667e-05,0.5293044198623277,0.001272703671705604,0.6991846282710567,-8.429914202474486e-05,0.47289908285271587,-0.001827406364790482,0.8120179030337161,2.8494943128019355e-05,0.9055039061733408,-0.0009807547127047398,0.680459232942557,0.00021990825044074783,0.02040125871086973,0.003826185902484831,0.42354821363567063,-0.00033146787782911745,0.11492230980044821,1.0,1.0,1.0,1.0,0.7155562239719876,1.0,1.0,1.0,1.0,1.0,1.0,0.2856176219521762,1.0,1.0,0.0019752751232683763,0.0003385854845868354
920,0.0030867087832639707,0.3901447848941415,0.00015359253256784183,0.199685547035639,-0.0011536313535643085,0.7957700821404383,0.00012943524550147417,0.3870187956965191,0.0038847811234330714,0.27281162659144986,2.5528187118623436e-05,0.8033670406496882,-0.001321040515326944,0.7762100271781645,-0.00010950422699246459,0.3760377428824322,-0.0014213261429888823,0.8329701250306888,-6.788112338572999e-05,0.79914088631032,-0.0029702929132237234,0.13743637009822995,5.836128260207294e-05,0.35133360252895374,-0.00010519897082595799,0.9847325668527226,-0.00018953186598499145,0.30364071086625777,1.0,1.0,1.0,1.0,1.0,1.0,1.0,1.0,1.0,1.0,1.0,1.0,1.0,1.0,0.0005057606143988042,-2.258330661966995e-05
921,0.004458257665365105,0.23592607248997566,6.329002659470571e-05,0.5882644723052295,-0.006301979009268609,0.09769133744098545,0.00018476245644623402,0.10475960293961842,0.013127468150254566,4.141648280028494e-08,8.927886968144187e-05,0.3850795831950973,-0.005864089618756922,0.2495155410535953,-8.467355174354e-05,0.5575083983867053,0.006917005014282451,0.3713023904074082,-1.9865937276960072e-05,0.9177146004558421,0.0016560488135948757,0.5285722751535471,9.51432189701591e-05,0.24109813455857976,-0.013992712288070593,0.009030950044243013,-0.00032793502828105074,0.0724376990535652,1.0,1.0,1.0,1.0,5.798307592039892e-07,1.0,1.0,1.0,1.0,1.0,1.0,1.0,0.11740235057515917,0.8692523886427824,0.002186156900390492,0.0005855595151077318
922,0.008697045983866458,0.01310467222170894,-6.469707216282214e-05,0.5312764054823647,0.001713925378676769,0.7524713451020908,0.0002786191481551131,0.04106161718913758,0.005623172538057694,0.058573920037760935,3.5604458268270316e-05,0.6622565421843412,-1.6850237348359655e-05,0.9970613937882054,-4.083744228028955e-05,0.7975427105246252,-0.009374038115250683,0.3145483269152185,0.0001791480159934283,0.5432040027064107,0.0008730961659851102,0.6430202427608922,-1.739921221470152e-05,0.8044055049107641,-0.007516351820435005,0.08049225197249231,-0.0003704378775543287,0.0018833451758274672,0.17036073888221623,1.0,1.0,0.49273940626965096,0.6443131204153703,1.0,1.0,1.0,1.0,1.0,1.0,1.0,0.8049225197249231,0.02636683246158454,0.001184854718647383,0.0012450911725484285
923,0.0034222306031402366,0.31537304468447414,-2.129563801207997e-05,0.861637617725741,0.005574003094639153,0.23934178935150208,-3.795641600115953e-05,0.7564457085630578,0.012750960977967385,0.0010655927079912795,-4.48430348497986e-06,0.9753976033500886,-0.006287921407828867,0.30396953361114243,-1.9989136921603816e-06,0.9913522777829605,-0.008273608135266088,0.31369904882567845,0.00018591732334411455,0.4847159583923448,-0.0026625207350047253,0.33108382495225397,0.00015963907144532906,0.08993178051289412,-0.0045231440886115085,0.32959665008015304,-0.00027982109166200007,0.1134279204171928,1.0,1.0,1.0,1.0,0.014918297911877914,1.0,1.0,1.0,1.0,1.0,1.0,1.0,1.0,1.0,0.0011797120794063856,7.531172914499412e-05
924,-0.004540987828533542,0.3108686789054922,0.0002131392610501843,0.20477162365737323,-0.009886927519935076,0.03568927598919696,0.000284075723560136,0.00876258921387617,-0.001832787942344007,0.6488301972121201,0.0002466183009321783,0.018994279852955407,-0.011554118297785671,0.003128535723897846,-0.00013320360674507826,0.22722703562509627,0.032013333159397195,0.002069675741845458,-0.00015494318357782324,0.6505993870603125,-0.0004240859169502335,0.8017334436592934,0.00018611642305738126,0.0059957256118042535,-0.00377442711043776,0.5360843716114937,-0.0006418029437020388,0.015767784482688004,1.0,1.0,0.2855142079135757,0.09638848135263786,1.0,0.17094851867659866,0.040670964410672,1.0,0.02897546038583641,1.0,1.0,0.07194870734165104,1.0,0.15767784482688005,-0.0004927736004390152,-0.001023573600702243
925,-0.0022490486669507885,0.6644511099287238,0.000224577013853488,0.16369303139780167,-0.007836856152027177,0.21896978831882086,6.266430275227679e-05,0.7297559731929941,-0.0005696302450529665,0.8853069652066624,3.286650975462776e-05,0.8305567018236744,-0.0036883309496909674,0.5958556121998811,-0.000336206756888995,0.08684343501712857,0.012001111815400471,0.26830820463757077,0.00021069815867005522,0.5628041631862669,-0.004309294397366198,0.11101747209643811,0.0001609602140410122,0.10556981641418611,0.0066520502036671,0.29025685563316583,-0.0003555594705377019,0.0986581111765178,1.0,1.0,1.0,1.0,1.0,1.0,1.0,1.0,1.0,1.0,1.0,1.0,1.0,1.0,-0.0002499676349963234,0.0001458149752335925
926,0.0025069209073262117,0.46583837152047536,6.31427194992948e-05,0.6185200952726246,0.0015932919576326992,0.7431534097036937,9.288023272271763e-05,0.513695456667845,0.0030158207993145614,0.4355046694631003,3.90340466545213e-05,0.7329272343827635,-0.005304907571170811,0.3772814272817687,-0.0002788625386362311,0.050568292011948214,-0.00039377539000812065,0.9686031723892232,0.0004748372524284657,0.15969965153114474,0.0011533995710263055,0.691793533518831,1.0252241146356757e-05,0.9016657161608872,-0.002570750630309989,0.6200620463428739,-0.00040128398375029786,0.008670645752665851,1.0,1.0,1.0,1.0,1.0,1.0,1.0,0.6573877961553268,1.0,1.0,1.0,1.0,1.0,0.12138904053732191,0.0008525077166858381,0.0017270562640145067
927,0.00067368584647291,0.8682006561572859,0.00013348464518499203,0.2217784133663796,-0.010636917053761831,0.11997898599720892,0.00038605222582982143,0.06443672407277896,0.006226262889575757,0.050467004576826444,7.240566235783405e-05,0.3644938986624865,-0.003646170751173472,0.5326174143662704,-7.131931092748715e-05,0.7182209454190563,0.017561494389651027,0.03668241521648859,-0.00018564187410309254,0.402613508972786,-0.006153281092388446,0.01786279388734185,3.9181499672651274e-05,0.5965297737310902,-0.004025072779735303,0.5320174717199031,-0.0003741629156590774,0.06808788803552811,1.0,1.0,1.0,0.7088039648005686,0.6056040549219173,1.0,1.0,1.0,0.4768713978143516,1.0,0.2500791144227859,1.0,1.0,0.7088039648005686,0.002173230670224464,-0.0009171544374176212
928,0.006639257946059041,0.07590445729359939,-3.8305312744102575e-07,0.9978964189488087,-0.005506799420026496,0.35327729808407704,7.530099410968953e-05,0.6636027119009685,0.006602478731295967,0.02280046212099787,-4.414752240667712e-05,0.6536997589368168,-0.003190099879549335,0.5511437796986137,-6.638127860989096e-05,0.7132291843377327,0.0058583979521233285,0.41746221658212057,-9.997391847323365e-05,0.6698149592832003,-0.004883225235874753,0.04507128274752992,0.00011783665114161844,0.13642280442089097,-0.005520009333307835,0.14678991533859892,1.7748142770391904e-05,0.9037935835950073,0.9108534875231926,1.0,1.0,1.0,0.31920646969397015,1.0,1.0,1.0,1.0,1.0,0.5859266757178889,1.0,1.0,1.0,0.0010470334734757577,6.700789337520361e-05
929,0.004623472514474792,0.40703404276624877,-1.1982852599309282e-05,0.9425530525474135,-0.0019822181507966833,0.7154615563771698,0.00016633721960827445,0.40628046178278465,0.0038155666521521164,0.19596381834287135,0.000167117377799476,0.08718591968064882,0.004151643310677789,0.30218963176129665,-4.1023602047076164e-05,0.6999172757840169,-0.006420529620956133,0.604790872384358,-0.00017563969599322275,0.6476037476543037,5.4517789226810925e-05,0.9846312874774472,0.0001304190234102443,0.09726170561449597,-0.004242453119979045,0.39409049588414047,-0.00023522742466597574,0.11788372769391597,1.0,1.0,1.0,1.0,1.0,1.0,1.0,1.0,1.0,1.0,1.0,1.0,1.0,1.0,0.0010087566206412216,0.0006904391803272948
930,0.004186815627969403,0.13711964138211033,0.00011574194026956455,0.3014382563297784,-0.004195808731670973,0.3146403547788309,0.0003102960412786212,0.013896185292540083,0.00787046203335718,0.00441891066237251,8.784493914209007e-05,0.3845418787631414,-0.001702097889683554,0.7296166044571998,-0.0004454714984898596,0.004317877039162624,-1.4883406027564851e-05,0.9985886898027669,0.00011678890950654424,0.7121486221899695,-0.001340251695153697,0.5936837744958987,4.212476181583555e-05,0.6174591243988904,-0.0048042357600165736,0.34727901328049726,-0.0002273250173895033,0.2082908225120531,1.0,1.0,1.0,0.166754223510481,0.06045027854827674,1.0,1.0,0.06045027854827674,1.0,1.0,1.0,1.0,1.0,1.0,0.0019083955895765783,-6.334852766229342e-05
931,0.008369594832620742,0.005078504561459563,-0.00011138138380656083,0.34313138329437254,0.003992265102853346,0.4800319290242574,-2.560709488590352e-05,0.8800300550610307,0.004679944886120964,0.169473682293807,1.1631926538634406e-05,0.9425511687290619,-0.0013047141098456454,0.6731082054749025,-0.0002151927675549769,0.08254445713929884,-0.01698529035716171,0.02430052820552128,0.000319505522735383,0.1884685533201823,-0.0002929404434329272,0.8722742295528889,0.0001743840414692469,0.00627582612358377,0.0015411412857393812,0.8028638348990407,-0.0001533402801644967,0.44796630681154137,0.07109906386043388,1.0,1.0,1.0,1.0,1.0,1.0,0.9079890285322872,0.29160633846625533,1.0,1.0,0.081585739606589,1.0,1.0,-5.243707801803517e-05,0.00027967431702266126
932,0.0008112280032757209,0.7683982622168403,-1.7014992198349828e-05,0.8357853135632415,-0.010589299279452017,0.09651779964518037,8.710961447654706e-05,0.6263157901111462,0.0010017351139748423,0.7361364612500572,2.335272643902947e-06,0.9833739588539838,0.0029528286579813966,0.4990432456093491,7.398607239809469e-05,0.7139341061195104,-0.005423024926784705,0.5813299848334041,0.00018645964400984484,0.556598551269301,-0.0001149714238226203,0.9544624558450138,7.187077616086715e-05,0.3175435471832667,0.011361503703680453,0.039627804262884744,-0.00040474636131710665,0.0710641286043057,1.0,1.0,1.0,1.0,1.0,1.0,1.0,1.0,1.0,1.0,1.0,1.0,0.5547892596803864,0.9238336718559742,0.0004746541490457373,0.0009679757845375408
933,0.008659450731846555,0.01469485740430165,-2.613342708138303e-05,0.8267692903190637,-0.0030102764620714775,0.5824924458292124,8.396495657584025e-05,0.5974193003686725,0.004656993097581981,0.09367533149180167,1.9909433841957143e-05,0.8415668069976222,0.0010306144069675378,0.7883932662403056,-0.00019019764686007722,0.06696200831326811,-0.008469293394397354,0.20068540987620787,0.000521477549084408,0.007755870454981434,-0.004250742089948491,0.1818431003148835,0.0001049287123510198,0.3354242360936669,0.0013832527836770987,0.7837027073707391,-0.0005139494842993561,0.005065993908314935,0.17633828885161978,1.0,1.0,1.0,0.9367533149180167,1.0,1.0,0.7365820914459492,1.0,0.10082631591475864,1.0,1.0,1.0,0.07092391471640909,0.0002520149538795185,-0.00034287284955290825
934,0.0006557145263033599,0.8171167312292836,5.545848558543929e-05,0.5380660493021308,-0.005534008157752138,0.25628284654026534,0.00018710483144265347,0.23601889099915752,0.0073807559464147444,0.0019052500599626427,-7.958538170059437e-05,0.4194263027748092,-0.007543217412895996,0.06841617042073743,-0.00021871560211548437,0.11252155988984536,0.01755438443697267,0.01113763673976051,-0.00023592848069743655,0.3759326677942556,-0.0025456358790325174,0.2527427133515081,0.0001409616823324038,0.019735658575427337,-0.009967993544432152,0.07207836341024287,0.0001507044860180932,0.3911510461836687,1.0,1.0,1.0,1.0,0.026673500839476998,1.0,0.7525778746281118,1.0,0.14478927761688662,1.0,1.0,0.23682790290512806,0.7525778746281118,1.0,0.0005879994214876526,7.90700243695136e-05
935,-0.0027611509825272175,0.4929167532804086,-9.792975761106255e-06,0.9219103167319977,-0.004302438312673735,0.5185168287445966,-7.039308450347049e-06,0.9750367183242911,0.0008945715297460857,0.7209817962764653,0.00010788678781278828,0.1789248778149981,-0.002931170564572499,0.4421683554742132,-5.821310994390024e-05,0.6783831695660051,0.009502947896216729,0.3081566349827288,0.00023974545357550203,0.41874689749902627,-4.544465106535617e-05,0.9867125896791414,7.101783575706334e-05,0.37040487197637517,-0.00035731560087543294,0.9478590697068159,-0.00034360458941861094,0.026322518603686625,1.0,1.0,1.0,1.0,1.0,1.0,1.0,1.0,1.0,1.0,1.0,1.0,1.0,0.36851526045161276,0.00042723878552377816,-0.00029931543921388274
936,0.002160345940426218,0.47981548433354015,1.975937033208171e-05,0.8551017161404459,-0.003641420120604057,0.5486159571902612,-4.0689969648282e-05,0.8315170852970428,0.00784585500557024,0.033466964630352626,1.6168005310293145e-07,0.9989465410050808,0.006961925653161595,0.08814613604795375,-0.00023326602599565337,0.06936034747257493,-0.0034400014077294264,0.6483071833273454,0.00031491863115662205,0.16827357577765345,-0.0043344347716059205,0.18655434810036287,0.0001016186858015712,0.3393734964834576,-0.005552270137764258,0.33033072415070996,-0.00016250236409833205,0.35802114674427465,1.0,1.0,1.0,1.0,0.4685375048249368,1.0,1.0,0.9016845171434741,1.0,1.0,1.0,1.0,1.0,1.0,0.0016060028040344636,-0.0007022570698550658
937,0.005306164377347719,0.08280507399825021,0.00012334269557356627,0.16184282398232408,-0.0011109173405719592,0.8711247010718312,5.496244696174745e-05,0.8139122729310893,0.01019675929795601,0.0035025482915148243,1.091310503546718e-05,0.9309599028473027,0.0021167086607858498,0.6505608937042759,-0.00035167304090139294,0.0314248927839938,-0.007300482124334129,0.4287771426270839,0.0004574555767379533,0.2870368183074107,-0.0025041997236833493,0.44690553254425147,9.150720510335286e-05,0.3697605605654055,-0.006704034722955054,0.1536379913671673,-0.000386507908548783,0.004935274610535891,0.9108558139807523,1.0,1.0,1.0,0.04903567608120754,1.0,1.0,0.37709871340792567,1.0,1.0,1.0,1.0,1.0,0.06415856993696659,0.0015743874583944804,0.0004081027946524102
938,0.0032626126742562396,0.4087482690386083,4.596526166929157e-05,0.7349888879308304,-0.004215308127213823,0.4722979840635174,6.998999309829716e-05,0.7132438439073872,0.006690473223996158,0.12374547335952209,7.76345875623739e-05,0.5066865700255914,-0.00430034111733042,0.46533322926553067,0.00018407591895374306,0.27253918483871387,0.006898225000710578,0.48229402693523593,-0.00040433967401546815,0.2218159137506821,0.0017150324308128058,0.4613300529110195,0.00016414806122074917,0.006215098430849705,-0.010050694011814586,0.18082746810532446,-0.00013747415452536392,0.4839875466066601,1.0,1.0,1.0,1.0,1.0,1.0,1.0,1.0,1.0,1.0,1.0,0.08701137803189588,1.0,1.0,0.001027229070501655,-0.0003127240014677602
939,-0.0027349970979533354,0.6146345348381679,0.0002456979431955792,0.20075232694375567,-0.011228604305900109,0.011634246788184904,0.00038438670197383243,0.013172233436629587,0.006275121984192643,0.03317141772102233,6.919565253791146e-05,0.5369085257064102,0.0014055315162752103,0.7586376853580428,-0.00017040202943162638,0.26464937793900545,0.005765003457982052,0.4666911110739157,-0.00035729370709445917,0.0983163916283721,-0.002254920281907214,0.29820649224715934,2.6927806423304942e-05,0.7456719506048133,0.002772864158944106,0.6841066687854223,-0.0001985123446280899,0.4103121895541003,1.0,1.0,0.16287945503458864,0.17123903467618462,0.3980570126522679,1.0,1.0,1.0,1.0,1.0,1.0,1.0,1.0,1.0,0.0013450878019198055,-0.0003045501388368888
940,-0.004178672762336169,0.2984445756701013,0.00021425399976121348,0.04508841268978268,6.374993200038369e-05,0.9904607628855657,0.00014674781158985193,0.32685559561476885,0.0030676689636450778,0.28923797181123356,0.00021299231548626684,0.009067069848621429,0.005858441358587438,0.09119676842097212,-0.0003455293489994917,0.006610426621892722,-0.0031359785852349167,0.6814169367255116,9.752253694189578e-05,0.6482294984909711,0.0017151205282274493,0.3986976216617357,0.00016809522307303316,0.011797462471084963,-0.0033903296664118104,0.5111267498968614,-0.0004940825289593443,0.0014608759217117928,1.0,0.45088412689782675,1.0,1.0,1.0,0.10880483818345715,0.8207709157887491,0.0859355460846054,1.0,1.0,1.0,0.1297720871819346,1.0,0.0204522629039651,-0.0010744133014322645,-0.0012140272319619786
941,-0.0015418113612366445,0.6994964783633029,8.785164450691824e-05,0.4696113245348268,-0.002969731806333705,0.5160843847754912,-5.8695807028413565e-05,0.6383728722838857,0.0005611991261897481,0.8975165100077616,0.00011715467053179625,0.48005145412413097,0.002478415412779999,0.5695311151613713,-0.000540438202872171,4.7515989816846374e-05,0.01149041942008908,0.13792446602025502,0.000359181294761833,0.16434465635603934,-0.0034817979910826856,0.04451146514942185,0.00014135843929986966,0.028179747712652286,-0.006536692946751084,0.2700170781690102,-0.00010641207511435977,0.5986771744009989,1.0,1.0,1.0,1.0,1.0,1.0,1.0,0.0006652238574358493,1.0,1.0,0.5341375817930623,0.3663367202644797,1.0,1.0,-0.0009186822524000803,-0.0019390801946366752
942,0.007165330596586544,0.016269519298470668,5.371863562669307e-07,0.9954374556423757,0.0008292210177140243,0.8631528741859369,-9.552204407711632e-05,0.523652470625505,0.0060717311337018295,0.09166301407400057,-0.00011744329944671839,0.22174080624320025,-0.0016216930841046586,0.8089777308385712,7.571196395987895e-05,0.676779215586363,-0.012144082871157464,0.36029393637020146,1.7568060518799307e-05,0.9604116497697929,-0.0015171087240181747,0.4364095448136778,8.264118689815578e-05,0.19949758754504854,0.0012166030762357147,0.8421833204038884,3.65069572514257e-05,0.8322112985314521,0.22777327017858934,1.0,1.0,1.0,1.0,1.0,1.0,1.0,1.0,1.0,1.0,1.0,1.0,1.0,0.0001374271910329178,-3.1124156528423356e-05
943,0.008232565520698674,0.042135911024353566,2.6454169620547718e-05,0.8728337492334615,0.006571496555171714,0.13836160330134553,4.0315349336513e-05,0.7916870365883313,0.009631541917545642,0.014064085275292241,6.404873618092081e-05,0.6282634283326961,-0.01035972276021275,0.0029413938576528607,0.00015048206584676675,0.2861261052273495,-0.00023411711642207797,0.9736119187759941,-0.00042298989043070603,0.09599605340287776,-0.003112634406721611,0.09184303347253048,-1.4518308245381038e-05,0.8323626857525841,-0.01072912806413293,0.010658647521833684,0.00015620790280075506,0.25293908279371924,0.4634950212678892,1.0,1.0,1.0,0.1687690233035069,1.0,0.04117951400714005,1.0,1.0,0.9184303347253048,0.9184303347253048,1.0,0.1385624177838379,1.0,0.0029813073222372016,0.0009418087720809086
944,0.0035438153004865706,0.40092099986529917,-9.092902524495261e-05,0.47505859492447855,0.0013416716543658749,0.7819269030825555,-0.00013295434041896506,0.4319720907377891,0.0065244699705331475,0.031753557180134034,5.922552786431626e-05,0.42150967399727435,0.002205010451108903,0.48307984244873303,-8.133443593851734e-05,0.49044968367809305,-0.013320693829107104,0.15489202174245298,0.0004713467416263829,0.1597905579929807,-0.0011661931089128074,0.6035585269321132,0.00013028585753397656,0.08701814207344916,0.0008719188921550568,0.8540005974681021,-0.00035564026129093296,0.02289772640970303,1.0,1.0,1.0,1.0,0.4127962433417425,1.0,1.0,1.0,1.0,1.0,1.0,1.0,1.0,0.3205681697358424,0.0004619064552452294,0.0008534048004033906
945,-0.000863224229387607,0.8539579511242539,8.723634940659761e-05,0.45964838049944456,-0.012994399223994339,0.011129496660658147,0.00014984013538374825,0.3164620377600097,-0.0014032763603011968,0.6411746523428447,-2.0537585281243785e-05,0.8358633808591756,0.0029614232653339405,0.5024078998025819,-2.0207783441604662e-05,0.8959275208688574,0.01761903060927637,0.07950634719955176,-0.00022961762215491195,0.48117478059911,-0.004066725727763358,0.04767608644553187,0.00014190445089939672,0.08911323547652379,-0.0012528267781845427,0.7692764979373247,-0.00010861791737797775,0.5060640527898124,1.0,1.0,0.15581295324921407,1.0,1.0,1.0,1.0,1.0,0.9540761663946211,1.0,0.6197891237919143,0.9802455902417617,1.0,1.0,0.0001432691112630172,-0.001307506510192028
946,0.005027110713903344,0.07240691849108423,-8.317419817036597e-05,0.3924660739544402,-0.004984490054063288,0.29375540919863996,0.0002522187474967438,0.15207967211258216,0.007264109222947459,0.047340550929010315,-8.424668091324405e-05,0.3713459233303811,0.0014181537064325376,0.6992432155789725,7.910183380772165e-05,0.6070287782782383,0.01237322694115345,0.2255635630680054,6.91456195553282e-05,0.8442477788907169,-0.006041521900924525,0.030675851193883413,0.00018215553358163206,0.034795505945541406,-0.015056588258515082,0.1008790387298738,-0.0004152009164414502,0.12241420057006121,0.7964761034019265,1.0,1.0,1.0,0.5680866111481238,1.0,1.0,1.0,1.0,1.0,0.4294619167143678,0.4523415772920383,1.0,1.0,0.00115642193017043,-0.00027741002615657616
947,-0.0034511560959632408,0.3057556786349549,0.000313075809654012,0.0006562749243417156,-0.00828672243089391,0.22685925146319574,0.00024536476528544773,0.2508896635695984,0.006560365629644661,0.045610043518091864,0.00016097514645860145,0.23845044901100998,0.002681069968502953,0.5118766789716069,-4.053531264087077e-05,0.7297590548750703,0.01778996171940192,0.15083998874553647,-0.0005893706011879884,0.16337776741465537,-0.005634206692442672,0.007838726243113105,0.00017555534634507814,0.042747905021359306,-0.009659310673143481,0.05687843064633138,-0.00026506516949746184,0.061616250220298006,1.0,0.009187848940784019,1.0,1.0,0.5129748602563117,1.0,1.0,1.0,1.0,1.0,0.10190344116047037,0.5129748602563117,0.5687843064633138,0.5687843064633138,0.0007491228405805978,-0.0006246936285610096
948,0.009781214809521427,0.015200394298108409,-0.0001400856263687262,0.21149503911712253,0.008064135382825707,0.12733423975001926,-0.0002250292296991919,0.24949859935750474,0.005714569594389442,0.025536534711984766,0.0001042762781638538,0.33143884447357685,-0.0070430553387924545,0.3106715201216145,0.00020750961243001036,0.28861609467755023,-0.0004344662663883604,0.9543655823370512,-0.000101834951403844,0.6545249540327408,-0.006238851658561403,0.010633414230781154,0.00033303845569999165,0.0008374966421978427,-0.009843545911931834,0.03490754205143926,-0.00017787453199142561,0.19865900975585626,0.18240473157730092,1.0,1.0,1.0,0.2809018818318324,1.0,1.0,1.0,1.0,1.0,0.138234385000155,0.011724952990769798,0.3490754205143926,1.0,0.00041708713398659614,-0.00011492707506211141
949,0.009772704489771248,0.00422477326248831,0.00012927843423620768,0.1506112964397659,0.008614918656946746,0.15447838352804452,-3.8577255033093e-05,0.7288317768656152,0.009637902823410888,0.005649577792874525,-1.2362788185043485e-05,0.9164857178408997,-0.01404015095638653,0.0036796619316708514,7.907722522595125e-05,0.5180134567453252,-0.005601636848299175,0.5644326252362137,-7.723116809078866e-05,0.800134770364718,0.0012119543829341765,0.5857494395756966,0.0001539134420606221,0.06549340568637214,-0.00959569090658594,0.12273519628245254,-0.00023409788488472399,0.1770416276290505,0.05492205241234803,1.0,1.0,1.0,0.0677949335144943,1.0,0.05151526704339192,1.0,1.0,1.0,1.0,0.7204274625500936,1.0,1.0,0.0014332573404879935,0.001466411037154941
950,0.0016711800619206632,0.7048672688089062,0.00019245770257652405,0.2974468257447469,-0.0025748174545309815,0.6706031311148145,0.0001864757677464073,0.34744378566879297,0.007256459892173839,0.00948652938355175,3.6981319598929877e-06,0.9698835097367421,-0.006182946288429745,0.14874232991805156,-0.00031428020697450677,0.004225596390674741,0.001655545877415768,0.8828198135877217,0.00019794480345081025,0.612332082334903,-0.0009004189598509914,0.6309724012357087,0.00017454597714707218,0.020081920914701727,-0.0009250045636451143,0.8791683302199929,-0.00044084215102966966,0.03249632668337866,1.0,1.0,1.0,1.0,0.12332488198617275,1.0,1.0,0.05915834946944637,1.0,1.0,1.0,0.24098305097642073,1.0,0.3574595935171652,0.0024554724377641507,0.00011980360755087816
951,0.0015558643796982673,0.6433306174481621,0.00015952607623738972,0.2110108737826376,-0.002338064618601934,0.695368502358662,0.00021109972580158528,0.32585308681850667,0.01048578932125195,4.59540687055585e-05,-4.897477962059176e-05,0.5165711886114583,0.0032993576614679574,0.612383582765258,-0.000401657558297977,0.02080314306045926,-0.009487134967024842,0.2967600550415799,0.00011558332003486754,0.6549048584967104,-0.0022342367334153217,0.4248959308847948,0.0001870006754251557,0.04494732012042484,-0.001281575829852805,0.8640183335864166,-0.00022257746972404832,0.3694725328225007,1.0,1.0,1.0,1.0,0.000643356961877819,1.0,1.0,0.2704408597859704,1.0,1.0,1.0,0.5393678414450981,1.0,1.0,0.0018126257945034706,0.0003195231572568924
952,0.0041561370647681395,0.5346961150762197,-7.768113803381748e-05,0.729812790002065,0.004204540138463571,0.574103623045833,-0.0001751096253362497,0.4852517029856439,0.007189175278103736,0.013243189599157991,0.00010289349437998337,0.14075683720551463,-0.0008270779295092356,0.8411127110156325,-0.0003106571522546697,0.030492627705569684,-0.024538430542436485,0.03243530607928115,0.000873912621514394,0.01540030756914694,0.0008913374029887804,0.7367392659173684,9.158330363427667e-06,0.912302802140297,0.008924318479723983,0.12400132019086656,-0.0004225165382129423,0.016599460925714408,1.0,1.0,1.0,1.0,0.18540465438821188,1.0,1.0,0.3354189047612665,0.3354189047612665,0.20020399839891023,1.0,1.0,1.0,0.20020399839891023,0.0006932094125415909,-0.00024476044573964946
953,0.004775092161315644,0.1717147615002449,0.00010782769858524226,0.433350130586885,-0.003966558854968107,0.46532836420690304,0.0002475810102927611,0.13682674066471398,0.008053874080705452,0.05224732448379468,8.089545536725695e-05,0.5458302937964017,-0.004883000407019625,0.21301164316682686,-0.00014113819050155243,0.19462237016140993,-0.0034173236035378394,0.728437451446617,6.382524407182125e-05,0.8622497519571553,0.0039852487876345195,0.025828554821874083,-5.5992090322496385e-05,0.4216506120000372,-0.004547332019703718,0.32972394452109366,-0.00030299918624053155,0.04749815680568524,1.0,1.0,1.0,1.0,0.6269678938055362,1.0,1.0,1.0,1.0,1.0,0.3615997675062372,1.0,1.0,0.6174760384739081,6.689301977188954e-06,-0.00010570767248403293
954,0.0025578091202614187,0.4435070837400763,8.991629868138491e-05,0.46183041375599687,-0.002890839729309911,0.47525919565543306,6.385992477845141e-05,0.5238349157964761,0.009675101559000272,0.005926869501538304,-4.566603913418616e-06,0.9663434724665484,-0.002624279263971087,0.6472586549590802,0.00015777117984936987,0.20142200211184091,6.912839211123104e-05,0.9926637047315893,-0.00023510932470676378,0.2742859234831426,-0.000822220157491328,0.7472418233482219,4.5645362519291354e-05,0.6692098672103572,-0.005964698644735709,0.19335137887008869,-0.00011751687807384109,0.5082286672606604,1.0,1.0,1.0,1.0,0.08297617302153626,1.0,1.0,1.0,1.0,1.0,1.0,1.0,1.0,1.0,0.0015013000827052568,0.001115056280826271
955,0.007800618857732003,0.03171308828155791,6.31885988898631e-05,0.6408647289444717,0.0011172947633020297,0.8448008273763024,8.136006276201535e-05,0.6546206788695317,0.004071457017943063,0.2189745492671804,-2.8757323685388926e-05,0.8390528204563027,-0.0037602322057503344,0.5469151143682374,-0.00017817695620838653,0.30092948804596087,0.0008936121969016747,0.9187018147079571,-1.4425222311653364e-05,0.9589948986547129,-0.001083441370626201,0.7550678569045896,0.00020814710628443148,0.04994133513622838,-0.009039310898573617,0.08656623206020346,-0.00013133621522453046,0.46483809252375996,0.4439832359418107,1.0,1.0,1.0,1.0,1.0,1.0,1.0,1.0,1.0,1.0,0.6492373567709689,1.0,1.0,-0.00017440748222685546,-0.00028454754021266384
956,0.007654932452471375,0.03364890246793565,-3.437534519318118e-05,0.7403320987364972,0.004736085980673729,0.4671267348022522,0.00018430511097688592,0.33826615158503204,0.0036426859931701938,0.18873775273064286,0.00010162661704318217,0.24815300736933488,-0.004949294698229069,0.30929270009079535,0.00012680469877917453,0.42770952935405904,-0.006824656659865108,0.4401249147415871,-0.00021295549230171493,0.5172181259264707,0.001292076250008546,0.5478011149979249,0.00014115007697338886,0.048107182525480255,-0.0055518317869948,0.21548361434655472,-0.00030655559904320325,0.04445870505959444,0.4710846345510991,1.0,1.0,1.0,1.0,1.0,1.0,1.0,1.0,1.0,1.0,0.5779631657747277,1.0,0.5779631657747277,0.0003844231181192918,-0.0003105585198148927
957,0.005777954279869035,0.2556777781499505,0.00014186021815479666,0.33804672392482493,-0.0020733455859710437,0.6704310448578261,0.0003927720278669964,0.009595839527708738,0.0011444027864094977,0.8060344445972604,0.0001911007572925621,0.16422040918413305,-0.006127359560638498,0.14438347966513934,-0.00015240846539167288,0.23545709583982466,0.0016058622307020647,0.8505462152197524,-0.0005043171765454617,0.0587244412995,-0.0009607623529250084,0.7177724149191069,0.0002935661264246159,0.0005414968708598562,0.0006332468066323402,0.9006310331818399,-0.00036257345846400497,0.052053742229978675,1.0,1.0,1.0,0.1247459138602136,1.0,1.0,1.0,1.0,1.0,0.6459688542945,1.0,0.007580956192037986,1.0,0.6246449067597442,-0.00016355198012691735,-0.00013683017494776879
958,0.005765283495125686,0.21804183607794247,4.797765681995933e-05,0.7072402518368105,-3.627614974080934e-05,0.9941870058536302,0.00010700639928193398,0.49314443614851067,0.008313737592683012,0.0506443953063224,2.7929047007313704e-05,0.8219090121731141,0.0006035031363402108,0.9069035476006083,-0.00018364125407384574,0.25827575282064774,-0.009234783052478617,0.39991982577114216,-0.0001397912796210999,0.7072863027858306,-0.001196319417611897,0.492499576820567,0.00010024271082132528,0.17528899211396476,-0.004215147057506772,0.3719255803543009,4.0276720257530964e-05,0.8020575184452389,1.0,1.0,1.0,1.0,0.7090215342885136,1.0,1.0,1.0,1.0,1.0,1.0,1.0,1.0,1.0,0.001918975974030379,0.00020586387466963767
959,0.003379294041357599,0.3320147699227869,3.4024983073610626e-05,0.7876622393894679,-0.0017086998048948534,0.7321624020187938,0.00036272502028782426,0.011992967846095538,0.004284859996022379,0.30911412586448295,5.808877819965241e-05,0.6814545347943487,-0.005539434777565996,0.23713220056627593,-1.3650997548785666e-05,0.9115684605988766,0.0014275064569469395,0.8828591101664646,-0.00036902566754949977,0.2003638273580135,0.00475161768436739,0.03948120916188567,-2.870981631232799e-05,0.6318494060072242,-0.0065951426793279255,0.11978978938871444,-4.345234730917327e-05,0.7500646805808986,1.0,1.0,1.0,0.16790154984533753,1.0,1.0,1.0,1.0,1.0,1.0,0.5132557191045137,1.0,1.0,1.0,0.0006597810568437607,0.0005347821210784497
960,0.008051464911959776,0.05856881956510908,7.556212435375114e-05,0.5901180353797192,0.0010542189015082025,0.8658824950371238,0.000316022813656392,0.07205012980594591,0.0036977407239899064,0.24487295103351447,9.309793234565175e-07,0.9915904584870994,-0.0018426350822330433,0.7213224743729494,-0.00020313262564970212,0.1945275094539104,-0.012159497023496304,0.37769243223764914,0.0003574156083013455,0.2747079336568674,-0.0008025234664346926,0.7830350450914962,5.143072147044766e-05,0.5345204783500895,0.002001231505422881,0.7690439528870066,-0.0005982296323620155,0.00761361474932534,0.7613946543464181,1.0,1.0,0.8646015576713509,1.0,1.0,1.0,1.0,1.0,1.0,1.0,1.0,1.0,0.10659060649055475,0.0006530503016071744,-0.0013424775888238056
961,0.005182317337683566,0.23667648947250464,8.950736555908407e-05,0.5650193106124162,-0.0017662804936773603,0.6888422493527047,0.00016210173342417908,0.32221080622377996,0.006725125391665177,0.04946973481446111,7.485607640093372e-05,0.4463835564087787,0.0035857095099695066,0.32869471910045023,-0.0004871189442036881,5.796927770368565e-05,-0.00895152149037581,0.29862613846043895,0.00042192115696321506,0.08552882261581271,-0.004279035439396716,0.12015138446083937,9.67882204168685e-06,0.9003946126536702,-0.0004963152277035335,0.9280010974258344,-0.0002709461538595307,0.13559969703422545,1.0,1.0,1.0,1.0,0.6431065525879944,1.0,1.0,0.0008115698878515991,1.0,1.0,1.0,1.0,1.0,1.0,0.0012192845405225843,-0.00036675208948193594
962,-0.006507372659247143,0.10382523675114612,0.0001936102527684655,0.09950181375105727,-0.008449144881806746,0.04713289761430523,0.00037701613984632304,0.0012227383024420646,0.007570812446720288,0.05373674905680293,8.05045798384879e-05,0.538698711168091,-0.00017518229975769666,0.973077043076091,-0.00015241390148759023,0.29013809777920363,0.008130277463976342,0.3694151050000173,4.9898014423911605e-05,0.818741288177385,-0.001409819400337849,0.5509922932514173,8.281714546229099e-05,0.20943453400161072,0.0008404291547664727,0.8313166315202674,-0.0006314322068862348,6.841900416608327e-08,0.9950181375105727,0.9950181375105727,0.5655947713716628,0.01589559793174684,0.5911042396248323,1.0,1.0,1.0,1.0,1.0,1.0,1.0,1.0,9.578660583251659e-07,0.0016030599814498118,-0.000865098968044232
963,1.7158764233830933e-05,0.9965246281908594,0.00011824378077790935,0.44349205637385725,-0.0021746052846626216,0.6154188476102633,0.0001122343025728295,0.41133249128663174,0.005727730493047308,0.03817610316011211,-1.3269616306768092e-05,0.8999461207251622,-0.002893356019465678,0.6831361652163488,-5.537809549385087e-05,0.7992459670605155,-0.006121827431982529,0.4416964194722174,0.00017772283426972088,0.4486346176727596,-0.0018342739252992313,0.6085729056424345,0.00016404315254858198,0.1397524374121964,0.0072791733936048795,0.25776938359366863,-0.0005035963477853626,0.07671612950599895,1.0,1.0,1.0,1.0,0.5344654442415695,1.0,1.0,1.0,1.0,1.0,1.0,1.0,1.0,0.9973096835779863,0.002530183710834103,0.00027048783991658884
964,0.00937460909591516,0.026831561025664044,4.818660270054089e-05,0.7391820043363422,0.0001951495456885781,0.9773392440904928,0.00018624931085509542,0.325247935443882,0.01210791334283723,0.0003000970963833305,-0.00019363470888912983,0.08708942218469312,2.9980896639731515e-05,0.9952063995850412,-0.0002489958118355632,0.22490034746736876,-0.016262624914318517,0.1543775621731354,0.0002895903159242671,0.448094151126183,0.0008690849740350632,0.7483995622009592,-5.181949076477016e-05,0.5602319602205321,-0.006314113838617608,0.14351363358689503,-2.9576239843908192e-05,0.8541407954156841,0.34881029333363256,1.0,1.0,1.0,0.004201359349366627,1.0,1.0,1.0,1.0,1.0,1.0,1.0,1.0,1.0,0.0015688618779806825,0.0010405317726514256
965,0.00265013200152986,0.4291748894403111,0.00014566219622996556,0.17754470438960068,-0.008392125778480067,0.09358664527494322,0.00041500128972768837,0.027019132936757125,0.003254647205400168,0.14279538257473567,0.00012687997202871096,0.08451910920552332,-0.0013736294232467973,0.8137959281641571,-0.0004366890256013027,0.0024169568812055513,0.01005017890702403,0.2351466069427789,-0.0001430089980943999,0.6429604002757933,-0.006740120184599887,0.007256899502812978,0.00026457220846465485,9.899491251770266e-05,0.0005509165797745552,0.9393698020100525,-0.0003724176560368971,0.19815265366802082,1.0,1.0,0.8451910920552331,0.29721046230432835,1.0,0.8451910920552331,1.0,0.03142043945567217,1.0,1.0,0.08708279403375574,0.001385928775247837,1.0,1.0,0.000790875111506565,-0.00011982644078015558
966,-0.001753073667897827,0.6044070940251419,0.000248633505808964,0.013710217236999719,-0.0034109538955232016,0.6871713262829446,0.0002734665755051344,0.25472146444473065,0.010471530588763782,0.003592764536584,-5.26442188383514e-05,0.6508105765651697,-0.001037782461823827,0.7723775137540773,-0.00017851564783403614,0.1197734358249677,0.002940740769812761,0.6763884793557813,-0.00014333432161290632,0.6051112164497247,-0.0026128416592678593,0.4030342565291757,8.069347862518832e-05,0.5161295671440975,-0.004597618116775602,0.4070822571956144,-0.00022829941865455108,0.19959927741643002,1.0,0.17823282408099633,1.0,1.0,0.050298703512175996,1.0,1.0,1.0,1.0,1.0,1.0,1.0,1.0,1.0,0.002371770409208961,0.000882960998004349
967,1.4402275734352931e-05,0.9965945368809063,0.00019753483310404256,0.05039314426255353,0.0040813378437038654,0.5422958885182094,0.00018102051088139104,0.4017374503571909,0.008374610979410448,0.005839747103667718,-3.125964721888686e-05,0.772480053457407,-0.005613098522961691,0.24396334377698836,-7.199004266220262e-05,0.6652647823060672,0.01088785633329811,0.35297142238272194,-6.554143988465964e-05,0.8858006890139731,-0.0071962595196005796,0.07501824120576361,0.00023307370585507595,0.0964981724544547,-0.010548849877801567,0.04412258802470242,-0.0004428379055953958,0.04077736266692643,1.0,0.5543245868880888,1.0,1.0,0.08175645945134805,1.0,1.0,1.0,1.0,1.0,0.7501824120576361,0.8684835520900923,0.5301057146700435,0.5301057146700435,0.002071952107314403,0.00013288157475167958
968,-0.00313341133446659,0.34968062534914657,0.00032499035949059895,0.000632503660767238,-0.006615455763425326,0.27151351640637567,0.00038685639450123955,0.018624364301950025,0.005368385098009953,0.12092184602848674,3.0987890784805266e-05,0.7552894095535945,0.014713621434246966,0.00727605822317751,-0.0003591417776778678,0.028126060789099936,-0.0069270239541280015,0.512146324882967,-0.0003082033557097958,0.4195720906063455,-0.004010379065900425,0.12395726089803716,0.00019390326023581585,0.04197082508056425,0.000604263478084448,0.9146505557434473,-0.000269392749253674,0.21760357978827338,1.0,0.008855051250741331,1.0,0.2234923716234003,1.0,1.0,0.09458875690130762,0.3093866686800993,1.0,1.0,1.0,0.41970825080564256,1.0,1.0,0.0003203732115074187,-0.0003845788329560678
969,-0.0017429467643767693,0.6539162685339512,0.0003571508250560228,0.03645970557685704,-0.009603744179381158,0.07950489571513877,0.0005536204846687557,0.0008656664970306723,0.008476010266862186,0.023944786170733916,-7.004146861682345e-05,0.5448527184450246,0.006690239619544446,0.14132797050989526,-0.00040114576275034357,0.02056371133263398,-0.0014616780191892029,0.8852627727329627,-0.00022689413663447148,0.4739413101199582,0.003439751155557463,0.08548149653396715,0.0002104251000767901,0.0014114963838770594,-0.005797631417807006,0.32370052575579733,-0.0004231150325469593,0.023481252152660618,1.0,0.3281373501917134,0.6360391657211102,0.012119330958429413,0.2582937736792668,1.0,0.8479678230593716,0.24676453599160778,1.0,1.0,0.6360391657211102,0.018349452990401773,1.0,0.2582937736792668,0.0013824801242053914,-0.00012962892400980737
970,0.0012854094877115848,0.7538123724303061,0.0004132620141495719,0.002598688233732281,-0.007106616785367668,0.12065923079098033,0.0004232905182919567,0.0005984155240200779,0.0056838827012780134,0.05469446930680175,8.470259412475954e-05,0.18729939663335238,-0.0003832987075217389,0.9490801497440008,-0.0002230371890694675,0.20216168730187656,0.014767804451867237,0.144734985192207,-0.0006339429570122577,0.005613984511021758,-0.009977841164001416,1.2565462529751702e-06,0.0002976704829631682,2.854290333847036e-06,-0.004269338485846524,0.45625985785272316,-0.00036194553571222574,0.06143430829799087,1.0,0.02858557057105509,0.8446146155368623,0.007180986288240935,0.4922502237612158,0.9364969831667619,1.0,0.9364969831667619,0.8684099111532421,0.05613984511021758,1.7591647541652384e-05,3.710577434001147e-05,1.0,0.4922502237612158,0.0013661610398329864,-0.0007999377568397102
971,0.005941212343499055,0.17472603697515265,-0.00017188728091318233,0.11134565598934078,-0.00237469439145356,0.6561187565241637,6.996822285117724e-05,0.6764002941678069,0.008258132390530162,0.011194099470402228,-3.112493748898245e-05,0.7699274975161813,-0.0049141102300374224,0.23636999144920912,-0.00013140293549443772,0.22994186111671688,-0.002420591475216858,0.8062816361204619,0.0003707223041697176,0.2138787647227235,-0.0011968547972264212,0.6865698074623751,0.00010798644531448462,0.23783911887117826,-0.003293093453163038,0.5305471666801191,-0.00021426183172858728,0.1373206145252892,1.0,1.0,1.0,1.0,0.1567173925856312,1.0,1.0,1.0,1.0,1.0,1.0,1.0,1.0,1.0,0.00295691100474967,0.00018228683056954728
972,0.0005517386308865055,0.9040336803822857,7.89719028242842e-05,0.5433437095982059,-0.0032532941415452056,0.519777149387108,5.056546980782396e-05,0.8185600035753529,0.004469918060980468,0.11450390576488989,0.0001933283862136392,0.09533201843922394,0.00010547805019190752,0.977546204530822,6.973340108965493e-05,0.5803913871570023,-0.0010967821625716963,0.9075788344770933,-0.00025573098745743366,0.45278662454754015,0.005185501814002534,0.08209429286614102,1.215600750860824e-05,0.8878499120678565,-0.0059625583756405766,0.30627839419463565,-0.00014902428432489578,0.49159143756245527,1.0,1.0,1.0,1.0,1.0,1.0,1.0,1.0,1.0,1.0,1.0,1.0,1.0,1.0,0.0015541403559834897,-0.0007135025533595696
973,-0.0017639137241514864,0.765783075618784,0.0001244579947290479,0.5196460506835234,-0.0008149918079221759,0.9097567170145894,-5.309946592085802e-05,0.8367337486249087,0.007465732153001446,0.009837617742758986,-2.2378667851033595e-05,0.8096599941385525,-0.001306177425412824,0.7696788659270403,-0.0002755257303494257,0.03142261149472742,0.003942518703227299,0.683477845899531,5.433770779115509e-06,0.9874197384854242,-0.0013617139000466612,0.6641660682022492,6.9276235551377e-05,0.6057349227655454,-0.006161454637130212,0.2883881493039271,0.000151835953419571,0.4088903109686898,1.0,1.0,1.0,1.0,0.1377266483986258,1.0,1.0,0.4084939494314565,1.0,1.0,1.0,1.0,1.0,1.0,0.002217634056488518,-0.0007978621799260269
974,0.0038224444755941347,0.1651726102720602,0.00017312434014835583,0.1943197933323565,-0.004901791561161923,0.3015197596208953,0.0006457946586713312,4.3508459757995346e-07,0.010787517912055913,1.5282717344879878e-06,-0.00013208746836555345,0.0331332647132945,-0.007010153107907617,0.1863871938327658,-0.00014330994212092952,0.4242465417576733,0.0041406742542276385,0.5564584618698458,-0.0001230721076377568,0.5691320521337859,-0.003418944279043727,0.11233540317275116,0.00022832194987731404,0.006265616422750721,-0.003419747949901854,0.5117543941346727,-0.0006487714069648365,2.2280858555033095e-06,1.0,1.0,1.0,6.091184366119348e-06,1.986753254834384e-05,0.331332647132945,1.0,1.0,1.0,1.0,1.0,0.06892178065025793,1.0,2.6737030266039713e-05,0.0010913742142000713,0.0011135849384471559
975,0.0001827923647865903,0.9573382308706344,7.033748496356648e-05,0.5616606906858728,-0.0010188426594733395,0.9062419160310047,3.469217576715571e-05,0.8968518283473281,0.00621331462168315,0.06863623601852825,-0.00010275616459063771,0.3525955249303412,0.002447420072199133,0.6181628787829336,-0.00013785537043846898,0.3094784909969166,-0.011529389117581862,0.2864778611987131,0.0005355518059445315,0.12087540656163216,-0.0016700650456810992,0.4591187871403466,0.0001721850883292842,0.008399001637973403,0.0053747706584142,0.32418759921205786,-0.0005721550645144437,0.0006238469351309418,1.0,1.0,1.0,1.0,0.823634832222339,1.0,1.0,1.0,1.0,1.0,1.0,0.10918702129365424,1.0,0.008733857091833185,0.0024822923533055637,-0.0004141948915381529
976,0.0020236025521130608,0.5905450409771111,-3.195546470593389e-05,0.7328687338578391,-0.0038440774185229823,0.4289452062427631,-0.00015177401740119515,0.27979704711158115,0.0038549768981328064,0.17582772763778465,0.00016984573902327648,0.06516782995416558,-0.009204889502666711,0.03723771416645275,9.252814702541576e-05,0.4333217194007414,0.021701745366060305,0.0021603081715408624,-0.00044515562608035686,0.13929239826687184,-0.007917083567901372,2.772846704938019e-05,0.00021873577964506654,0.0023234947240429616,-0.00661427366414039,0.11249696704849153,0.00014777541850661866,0.30997223881020386,1.0,1.0,1.0,1.0,1.0,0.6516782995416558,0.4096148558309803,1.0,0.02808400623003121,1.0,0.0003881985386913227,0.02808400623003121,1.0,1.0,-0.0005392470175829145,-0.000885965151800443
977,0.006101554345703578,0.06647779521527268,8.350282467909006e-05,0.4305562230226394,-0.0036184835179078534,0.5383371742326777,0.0002820678790053475,0.06987453163318563,0.0031200927697189597,0.36343279577748666,0.0002571486029247697,0.040207771183604114,-0.003523957334075033,0.4165053663124013,-0.0003899306543320795,0.004020414330936317,-0.004096234600749389,0.6529898743643499,-8.655899274732451e-05,0.7652548040051198,0.0004232970123823675,0.8556186385304335,5.767775373310011e-05,0.599285863746597,0.001593729910765584,0.7526730138746609,-0.0002039073438477177,0.21713267277622117,0.7977335425832721,1.0,1.0,0.7977335425832721,1.0,0.5227010253868535,1.0,0.056285800633108445,1.0,1.0,1.0,1.0,1.0,1.0,-0.00035963292856768973,-0.0002681230673952197
978,0.0005508691307622678,0.8705080552806974,0.0002987550624176363,0.0048559727636286526,-0.005269258175546836,0.3116431719535341,-3.09585284157201e-05,0.8728806494133071,0.0012768948517834177,0.7124787855247858,0.00023761190204351504,0.06505151449311508,0.0009341460113927788,0.8486947488084102,-0.00022578313088261553,0.18667554286142596,0.006046152457075123,0.6070237056980119,0.00015715416586258087,0.6964029931940703,-0.0008521717112757305,0.7872907650791804,-2.966828777961545e-05,0.7594819144813985,-0.002686632089610745,0.6356428512622155,-0.00040711118700983577,0.04429978296543111,1.0,0.06798361869080113,1.0,1.0,1.0,0.780618173917381,1.0,1.0,1.0,1.0,1.0,1.0,1.0,0.5758971785506045,-0.001278469271381185,-0.0007044162492003819
979,-0.003549435293891642,0.3599774324030741,0.00036291403315383063,0.001110146503831565,-0.010762537489312322,0.030596222667065087,0.0003714708657742439,0.01872925998860741,0.011218665050839759,0.009733408360358308,2.122983688440007e-05,0.8790624640226439,0.0025525071348390625,0.5612809478205034,-0.00032756966034798305,0.013149941717513288,0.01505206446819175,0.15998684945800967,-0.0004936386347288482,0.12291645128851857,-0.005364754892739641,0.10418919663824966,0.00025795531740944674,0.02117025966008123,-0.009146508356930498,0.08975647834885372,-0.0001923617631780354,0.19722436228882356,1.0,0.01554205105364191,0.2753660040035858,0.2060218598746815,0.126534308684658,1.0,1.0,0.15779930061015945,0.7999342472900484,0.7374987077311114,0.7293243764677476,0.2117025966008123,0.7180518267908298,0.7999342472900484,0.0020402017295188197,-0.0006923749186239261
980,0.004552291904907927,0.21243115041784466,0.00015139838717566944,0.2520816308805284,0.0003559825603073931,0.9430298170609526,0.00014639820013481926,0.4543375217518839,0.0013881269828454103,0.6288903922093406,0.0001605374462238752,0.1262949306473161,0.0012691557904395032,0.7732393816968219,-0.00017942240613283335,0.3271467387105471,-0.01104895138939701,0.21063436666126267,-4.3537159386796886e-05,0.8579836014511285,0.0009596532527054701,0.506905327917418,5.776494605871704e-05,0.2747558651341311,0.0025237407732490095,0.671757948485925,-0.0002931394276449772,0.1353804496442662,1.0,1.0,1.0,1.0,1.0,1.0,1.0,1.0,1.0,1.0,1.0,1.0,1.0,1.0,0.0001447798350319324,0.00029865602395402155
981,-0.0009089882511588356,0.8296960161796416,0.0001371716116750945,0.43412366813368697,-0.0019059289938732657,0.7204361660365541,0.00012721667129807242,0.3286075920580168,0.006168620446536665,0.052861745389364265,2.160919594765025e-05,0.8380843629186593,0.0012958768732364062,0.7887084063028371,-0.0002436859617227782,0.07051425392340253,-0.0025914915396983056,0.7599964673990975,0.00032087717512526613,0.33722235400611866,-0.00017036302176350247,0.9518423787865095,1.2567193290607695e-05,0.9126295632878014,-0.0018877246299530443,0.7124689084453515,-0.000375755931536712,0.016311363351054896,1.0,1.0,1.0,1.0,0.6872026900617354,1.0,1.0,0.8461710470808304,1.0,1.0,1.0,1.0,1.0,0.22835908691476853,0.0005179270900381987,0.0013124544793933028
982,-0.001851976866974567,0.5526235931477648,0.0002187282107654961,0.030972516539707978,-0.014612725875475125,0.007220983060777035,0.000570552127604072,0.0021331121196807032,-0.0003501571696708878,0.9213826530743962,0.00024952835964742604,0.050755201817606156,0.0029470052117802105,0.5987977742051611,-0.00021438801974817953,0.20863078463730622,0.004778429246545704,0.5684042191326215,-0.0005274528127476424,0.07935739919891682,0.000985711934240077,0.7381810743779236,0.0001228150949304474,0.17909275689473492,0.0081037148866022,0.15195661533659394,-0.0004197829821004737,0.009164894572336144,1.0,0.34069768193678773,0.09387277979010145,0.029863569675529847,1.0,0.5075520181760615,1.0,1.0,1.0,0.7142165927902514,1.0,1.0,1.0,0.10997873486803372,-0.0006015051365110232,-0.0014293967272866269
983,0.003978033320713849,0.15330400944982556,-0.00018481360774673006,0.07942644623880843,-0.0009073448459824973,0.862325040162004,-0.00029318206940856983,0.10602830711079633,0.00666861431768198,0.04156401748130029,-7.578844119578729e-05,0.5637801772339652,0.005476057410858822,0.22501524049334298,-0.00018232971480481786,0.25402417069926975,-0.012653111873103487,0.16472313531524319,0.0009508674204142742,0.011580634119614954,0.0008660619438534691,0.6382122219926596,1.2040090553211839e-05,0.8840866839017705,-0.0034283114688660747,0.439038417192245,-0.00022679367467429748,0.07854017740710605,1.0,0.9424821288852725,1.0,1.0,0.5403322272569038,1.0,1.0,1.0,1.0,0.16212887767460937,1.0,1.0,1.0,0.9424821288852725,0.0018019496752027647,-0.0005737356766711584
984,0.005681835234642507,0.02665962980946014,-7.30367124004442e-05,0.4113812446740621,0.0038667215002704818,0.452930224498192,5.287557916647886e-06,0.9735978319722514,0.005311991131139161,0.17894695538701122,-7.843610885930783e-05,0.5160437127954541,-0.0006749750262621386,0.8968266305853658,-0.00011948667566268631,0.5032641098564907,-0.0013364868081989102,0.8822953174480139,0.00028108253944314455,0.32985877559018273,-0.0026130192868201144,0.3356313258830361,0.00020169462771613616,0.044561141009693515,-0.01023606978292005,0.07426032502460002,-0.0002171051166400386,0.28431781098243836,0.37323481733244196,1.0,1.0,1.0,1.0,1.0,1.0,1.0,1.0,1.0,1.0,0.5792948331260157,0.8911239002952003,1.0,0.0006484012924903015,-5.375635276753755e-06
985,0.00219730115824203,0.5477413259665569,0.00017450916750591226,0.15186702002056557,-0.003107075138587091,0.6160941423255276,0.0001785598873377386,0.4328330379692382,0.005160505011470825,0.11662248975089753,0.00013331047693512308,0.20760677458006127,-0.0029793974209331004,0.4886890887953762,-5.049847496915165e-05,0.7211292893584047,0.007570937881513873,0.3829027459020301,-0.00048713212255107555,0.1387486236182735,-0.002573548735016168,0.4595454729955285,0.00011704099597288457,0.2388141525080857,-0.006268720762234635,0.18406540367618907,-6.578995716109666e-05,0.7034376800149191,1.0,1.0,1.0,1.0,1.0,1.0,1.0,1.0,1.0,1.0,1.0,1.0,1.0,1.0,-0.0005951215156526436,-0.0006322464405338575
986,0.001958505244252367,0.6479737815872517,-0.00016782540353559556,0.1962677093382149,0.004951134339193437,0.4761995305838487,-0.0001045465286654133,0.6190638470644918,0.0023965335852711143,0.5028591170367839,5.245484605250875e-05,0.6663777337167094,0.003366744688088463,0.5821104597268943,3.323020988665814e-05,0.8823168972521102,-0.0059771805942668895,0.5860230314032095,0.00029581120781772184,0.23244899496178129,0.0005445885114804298,0.8450507411858887,2.736947683737074e-05,0.7081579941846753,-0.007240326141275931,0.2467846632210443,-0.0001364937591455089,0.5142026074161121,1.0,1.0,1.0,1.0,1.0,1.0,1.0,1.0,1.0,1.0,1.0,1.0,1.0,1.0,0.0004363828444255235,-0.0007568217848333635
987,0.005537780054886533,0.21005614987078314,0.00034429237165713617,0.007032499963566947,-0.0020088134297294876,0.6918914626726477,0.00022109429139630316,0.18945200507956395,0.0028043033657950823,0.4617648614753511,7.551199673503865e-05,0.4840505939646871,-0.0038756745491526066,0.3582468998484649,-0.0002698135089944913,0.08303226047233407,0.006540195606798495,0.5198614808349077,-0.00034987553795236704,0.2759150108122016,0.0011902904071078402,0.6539538269087192,0.00013783038065369864,0.07548520974291795,-0.01018808363756562,0.15596955747888788,-0.00015903987558857645,0.47415513272556264,1.0,0.09845499948993726,1.0,1.0,1.0,1.0,1.0,0.9963871256680088,1.0,1.0,1.0,0.9813077266579333,1.0,1.0,-0.0010346710169670233,-0.00012995143221253616
988,-0.003162875364180594,0.35508192852462317,0.0002207208321919195,0.026939364243602673,-0.008635231736543288,0.06613968698577427,0.00042562580484022165,0.004015959207206071,0.009338730837687001,0.004712191536906612,-0.00010484887269731243,0.36013970260430006,-0.007614689357541573,0.03403958793940418,-0.00011446769481045812,0.40523089110481336,0.0061436219285931695,0.45591272154118223,-2.22686256755165e-05,0.9379553196888417,0.0005776818302459987,0.7782504455125535,0.00010544058248187753,0.09570233275156016,0.0033527652605195427,0.5158224647949097,-0.0005102021136127521,0.00014781000575292533,1.0,0.2963330066796294,0.5952571828719684,0.052207469693678926,0.056546298442879346,1.0,0.3403958793940418,1.0,1.0,1.0,1.0,0.7656186620124813,1.0,0.0020693400805409544,0.0010272668628308426,-0.0005119258980999894
989,0.0017257758128924649,0.5491737152438971,-1.9870719142681048e-05,0.8370815480676749,-0.006252777009937655,0.23776748509675993,-9.923402103684707e-05,0.56658182159443,-0.0018330649084289858,0.628818970409745,0.00030439577869091655,0.0038242344724211917,-0.00281138940141012,0.5888541786805696,7.418173425485853e-06,0.962182556138247,0.009501156895300407,0.3372815458049204,-4.714293645969567e-05,0.8757576805901175,-0.0046370008812522375,0.11502385555163257,0.00020257383177188306,0.053560874606743296,0.004307300667002916,0.4649662383643334,-0.0003481400917249247,0.03246361431109232,1.0,1.0,1.0,1.0,1.0,0.053539282613896684,1.0,1.0,1.0,1.0,1.0,0.6427304952809195,1.0,0.4220269860442002,-0.0005124226620730333,-0.0016861550857889794
990,-0.0017711987011549105,0.7174708159144673,0.00014938324286112084,0.370773778708112,0.0028839532568027157,0.5828483831449027,-8.10256463246986e-05,0.705674808473441,0.0050149936335437476,0.14406667052231034,6.868009726041015e-05,0.5308550921501842,-0.0004790136291808484,0.9133200937387966,0.00010150751030512002,0.49448552592888995,-0.003948072012437955,0.6681162607349695,2.8840554931512504e-05,0.9399693497431374,-0.002928683410575071,0.26856019007765797,0.0001552309584526152,0.024614375781996812,0.001228022012948503,0.809625382872751,-0.0004226167739428162,0.017394608964824858,1.0,1.0,1.0,1.0,1.0,1.0,1.0,1.0,1.0,1.0,1.0,0.3199868851659586,1.0,0.243524525507548,-1.845778856620117e-05,-0.0007311270379523392
991,-0.004769236074890138,0.17506708369751167,0.0002603341001265419,0.017878386096223307,-0.008140255235173118,0.14150907581968955,0.00034791136253651856,0.041293974658170224,0.006211862716325414,0.033978420326592956,2.396330815734822e-05,0.7353887296940638,-0.0009519064232590632,0.8507242675844459,-0.0003621518126145909,0.008149475496913097,0.006387407047072655,0.41481926854000606,0.000340979576049969,0.14621470772526757,-0.000728791540378279,0.6915246036243476,0.00011092682210672042,0.20160607244693451,0.001990922014823759,0.7067775758928179,-0.0007219633682790722,0.0001144402188606625,1.0,0.2145406331546797,1.0,0.41293974658170224,0.37376262359252255,1.0,1.0,0.10594318145987026,1.0,1.0,1.0,1.0,1.0,0.001602163064049275,0.0016046697450624076,0.0001491427276430821
992,-0.003532335854294894,0.37385749548895186,0.0002469029966781168,0.06796551032476982,-0.00852275820707555,0.171977727398528,1.4808476529916341e-05,0.9409300084764852,0.008715568748897545,0.019943831493368442,-4.6563894881322284e-05,0.6480916764409623,0.0016667616646635426,0.6901049722790367,-0.0002478809973301418,0.08940492468081124,-0.0018990797649962334,0.8129732677658593,0.0003745175020753621,0.15739546771915214,0.004688830287877746,0.03849007793235367,-3.1863782518357495e-05,0.6220668993146066,-0.0011169898414913565,0.8558132573914689,-0.0003099202881767699,0.11675466417006654,1.0,0.8155861238972377,1.0,1.0,0.27921364090715817,1.0,1.0,0.9834541714889236,1.0,1.0,0.5003710131205977,1.0,1.0,1.0,0.0025476396168582875,-0.0006240663187479532
993,-0.0029172561300387246,0.46079047592942657,0.00025364364219708296,0.017979327412259605,-0.013853869926734362,0.0192335241005582,0.00029172114470751696,0.04917266387806336,0.004786364190070884,0.11387256604067073,5.643279633822154e-05,0.5198085341819003,-0.00028358954660736625,0.9416751013578495,1.3719084824146286e-05,0.9223508071302543,0.00964455042313348,0.36389386317525774,-0.00013969590278206312,0.6728770959162707,0.0024537528038162584,0.16801216734779933,7.615356624564987e-07,0.9869439263177416,0.00017004958653676284,0.9778379042813949,-0.0004765822469656734,0.019615598788176775,1.0,0.25171058377163447,0.25171058377163447,0.5408993026586969,1.0,1.0,1.0,1.0,1.0,1.0,1.0,1.0,1.0,0.25171058377163447,0.0016461135910103906,-0.0007534298099631263
994,0.0009635109670758549,0.841619988394798,0.00018608652699143535,0.20046874810389514,-0.008653406479964838,0.2288221613103909,4.77801166515495e-05,0.8210612257491892,0.002507909187529925,0.5274383797051707,-4.07922535644479e-05,0.7189442428232893,0.0031721903590077073,0.5570651598014256,-0.0001580705951747669,0.28907907076113426,-0.004934069555590315,0.5816293850590939,0.00021636550479980728,0.43494124236181675,-1.814086203096769e-06,0.999587370818569,6.897489810901692e-05,0.5854632974596741,0.006945678721324812,0.26287355257597766,-0.00032034419410161187,0.08245949686632652,1.0,1.0,1.0,1.0,1.0,1.0,1.0,1.0,1.0,1.0,1.0,1.0,1.0,1.0,-0.0007086803218830115,-0.00044569980416290703
995,0.0059203836198115185,0.08672734631711461,-0.00013186291633739838,0.3241616347096453,-0.0063258242951448555,0.29588193937258866,0.00014077438015710036,0.4599735346685341,0.004220754504987383,0.07535234168397133,4.431971202600464e-05,0.6448267358569408,-0.0030611631469947605,0.5209253124907072,-2.5311095920267906e-05,0.8876558569511748,0.01855640905829951,0.03663093893995298,-0.00031190708415817207,0.2258993132883209,-0.003392329772239204,0.27759088930960363,0.0001347530621899983,0.15489042953123125,-0.015918229894318306,0.0007305694897421321,0.00014923399039194253,0.25079451549348364,0.9540008094882607,1.0,1.0,1.0,0.904228100207656,1.0,1.0,1.0,0.4762022062193887,1.0,1.0,1.0,0.01022797285638985,1.0,0.0008315904293013616,0.0006784851952736267
996,0.0017193031924765696,0.6824648765322479,0.0002469391434656962,0.08004688835025614,-0.004506341457259131,0.4070612003898084,0.000488798480923278,0.0012313430315814369,0.007919870981166357,0.015702674033391366,-8.891536634239809e-05,0.43077642854692544,-0.0013564646932991507,0.7078981176783193,-5.7617404098401775e-05,0.6177193007921504,0.0026018043770691937,0.7342574675576409,-0.0003234717273451931,0.14800466250733582,-0.0008472855929742415,0.7252044212312916,0.00016886214027705246,0.0074683686991252,-0.005530888192335319,0.23982778428040386,-0.00043459526135584123,0.004963834487926511,1.0,0.8004688835025614,1.0,0.017238802442140117,0.17272941436730502,1.0,1.0,1.0,1.0,1.0,1.0,0.0896204243895024,1.0,0.06452984834304465,0.0019181300466623262,-0.000489444544515818
997,-0.0015596445261514458,0.6213783685250578,8.801160559122084e-05,0.3659301586092313,-0.001709596878645658,0.7436554887384774,2.168606250904263e-05,0.8834335286631302,0.006184335789245448,0.05433704675580667,-0.0001127517856321736,0.2730121110931296,-0.006490846902446594,0.37514786746969153,-0.0001820700209006916,0.42498628682788964,0.0012288474094383594,0.8910471699162033,0.00018149193898794874,0.562083065714374,-0.0009422293813974947,0.7343931355155281,7.158511057250646e-05,0.5185694984695425,0.0032891337533040963,0.5627212086270978,-6.795289387860628e-05,0.7374576308987202,1.0,1.0,1.0,1.0,0.7607186545812934,1.0,1.0,1.0,1.0,1.0,1.0,1.0,1.0,1.0,0.0008476393114707178,-0.0013971690139637147
998,0.0025208139424969366,0.6374734546835849,0.00025996874714931417,0.1155755825626333,-0.005573308312463187,0.2898353902441554,0.00022412029926917025,0.0979024466905353,0.0005304368094662188,0.8668077841726523,0.00020034728158081037,0.04745118597001521,0.0018405477020015395,0.7066406658155703,-0.0003584383008434726,0.0024378923477554803,-0.003593625418709292,0.7384510952284757,-0.0002723196490108401,0.33444025772542163,-0.0005413013232492629,0.8421008529465123,4.9914921659965426e-05,0.6231390208622899,0.004816434496027353,0.42996726398463014,-0.00010359327712202694,0.5787852711771849,1.0,1.0,1.0,1.0,1.0,0.6168654176101976,1.0,0.03413049286857672,1.0,1.0,1.0,1.0,1.0,1.0,-0.0011639925072403244,-0.0008687207198524983
999,-0.0025985582842962705,0.48635526443390265,0.0001212566498214405,0.172701010654841,-0.011945408151973728,0.007927029534395294,0.00035124120662290956,0.0029839978629823912,0.006794408533002011,0.04774806721407534,6.078505106924206e-05,0.5880008404568041,0.003005826949345011,0.48793652296699075,-0.00029522321672114136,0.02322756418573753,0.016208240914966827,0.12564554658609406,-0.00013235836682982946,0.5924007901403449,-0.004562939589230594,0.14420111393600218,0.00018435982538276307,0.05417769194459786,-0.00690157238642902,0.16905772621036663,-0.0002900610416620293,0.027115608689589052,1.0,1.0,0.10305138394713882,0.041775970081753475,0.4774806721407534,1.0,1.0,0.27873077022885034,1.0,1.0,1.0,0.48759922750138074,1.0,0.29827169558547956,0.0004817443434332635,0.00035018201575475036
