ai_story,matched_story,month,similarity,relaxed
8830829,8857885,2015-01,0.38119274377822876,False
8835085,8825096,2015-01,0.49567100405693054,False
8838358,8972732,2015-01,0.4346456229686737,False
8836522,8910118,2015-01,0.5073760151863098,False
8843916,8936750,2015-01,0.3977130651473999,False
8854608,8946506,2015-01,0.3999791145324707,False
8863279,8952436,2015-01,0.5031039714813232,False
8871524,8930678,2015-01,0.34706416726112366,False
8870456,8945701,2015-01,0.34159427881240845,False
8879182,8943297,2015-01,0.33618712425231934,False
8888485,8966785,2015-01,0.32973712682724,False
8888152,8848222,2015-01,0.3443031907081604,False
8886897,8874801,2015-01,0.42411547899246216,False
8884694,8864297,2015-01,0.42661339044570923,False
8892839,8858338,2015-01,0.4267079830169678,False
8899656,8837204,2015-01,0.41384029388427734,False
8899407,8854572,2015-01,0.32663583755493164,False
8905590,8966895,2015-01,0.3680065870285034,False
8904909,8838253,2015-01,0.35696059465408325,False
8906505,8910048,2015-01,0.43046408891677856,False
8918745,8863044,2015-01,0.3112136125564575,False
8924023,8897367,2015-01,0.35704973340034485,False
8929935,8916379,2015-01,0.3202058672904968,False
8935053,8947427,2015-01,0.4357597827911377,False
8946799,8923212,2015-01,0.38782209157943726,False
8961278,8934938,2015-01,0.36346435546875,False
8960445,8931560,2015-01,0.3947935104370117,False
8967300,8917146,2015-01,0.31054574251174927,False
8964466,8834328,2015-01,0.2831628620624542,False
8969778,8970434,2015-01,0.4141418933868408,False
8987602,9053694,2015-02,0.40397214889526367,False
8984797,9047786,2015-02,0.4314892292022705,False
9013264,9021909,2015-02,0.3590582013130188,False
9019645,9040266,2015-02,0.2993928790092468,False
9025709,9054335,2015-02,0.42607581615448,False
9069404,8992129,2015-02,0.33461618423461914,False
9085078,9092506,2015-02,0.355011522769928,False
9097501,9100228,2015-02,0.3575069308280945,False
9094071,9038170,2015-02,0.2938554584980011,False
9102533,9003819,2015-02,0.37678417563438416,False
9105818,9035523,2015-02,0.4098917841911316,False
9114053,9119024,2015-02,0.41779643297195435,False
9124176,8991622,2015-02,0.5361194610595703,False
9124125,9063093,2015-02,0.3800371289253235,False
9133290,9211084,2015-03,0.4124104976654053,False
9131991,9207594,2015-03,0.4333460330963135,False
9144862,9134734,2015-03,0.4393356442451477,False
9161761,9297770,2015-03,0.4718708395957947,False
9172048,9203763,2015-03,0.3903789520263672,False
9168089,9250891,2015-03,0.5555903911590576,False
9211832,9266184,2015-03,0.341626912355423,False
9210274,9276655,2015-03,0.4420574903488159,False
9236798,9189177,2015-03,0.4114103615283966,False
9247851,9274952,2015-03,0.2929324507713318,False
9249924,9205435,2015-03,0.4139675498008728,False
9271710,9274046,2015-03,0.43198728561401367,False
9306832,9338480,2015-04,0.35845279693603516,False
9315158,9363496,2015-04,0.5480120778083801,False
9350917,9380010,2015-04,0.33943942189216614,False
9349612,9454829,2015-04,0.5129639506340027,False
9358256,9402640,2015-04,0.32764965295791626,False
9386004,9427856,2015-04,0.3849460482597351,False
9395639,9394571,2015-04,0.37476563453674316,False
9403850,9324880,2015-04,0.39330828189849854,False
9401697,9370438,2015-04,0.36171430349349976,False
9409744,9333860,2015-04,0.36493903398513794,False
9420837,9408319,2015-04,0.3726446330547333,False
9432952,9340390,2015-04,0.42372453212738037,False
9437807,9396861,2015-04,0.4632444381713867,False
9469789,9523158,2015-05,0.31144627928733826,False
9493413,9612963,2015-05,0.33064061403274536,False
9501119,9513850,2015-05,0.3491738736629486,False
9504773,9478652,2015-05,0.45663022994995117,False
9504061,9484224,2015-05,0.36612579226493835,False
9510843,9600063,2015-05,0.5347378253936768,False
9517474,9487872,2015-05,0.3649837374687195,False
9532467,9515993,2015-05,0.3993270993232727,False
9529292,9558969,2015-05,0.5181208252906799,False
9563501,9562379,2015-05,0.3971230983734131,False
9562618,9634610,2015-05,0.3910631537437439,False
9584325,9486391,2015-05,0.3065226972103119,False
9586582,9592928,2015-05,0.3825361430644989,False
9613810,9625622,2015-05,0.3143194317817688,False
9630463,9473413,2015-05,0.2896689772605896,False
9652913,9751035,2015-06,0.4105522036552429,False
9657817,9637685,2015-06,0.38980549573898315,False
9692987,9796708,2015-06,0.404133677482605,False
9698657,9760864,2015-06,0.3949580192565918,False
9710214,9688258,2015-06,0.37998706102371216,False
9715292,9717786,2015-06,0.27155229449272156,False
9714199,9723899,2015-06,0.3121594786643982,False
9713802,9799901,2015-06,0.4743573069572449,False
9736598,9688383,2015-06,0.2746504247188568,False
9762056,9733883,2015-06,0.36861199140548706,False
9769680,9640218,2015-06,0.35663801431655884,False
9786880,9784839,2015-06,0.3547952473163605,False
9807326,9781725,2015-06,0.43467986583709717,False
9814091,9861208,2015-07,0.39673542976379395,False
9833584,9866726,2015-07,0.3835495710372925,False
9854698,9897513,2015-07,0.39150264859199524,False
9849381,9939934,2015-07,0.43747806549072266,False
9869140,9967253,2015-07,0.41636401414871216,False
9878047,9917363,2015-07,0.37641507387161255,False
9886555,9981282,2015-07,0.26193487644195557,False
9895834,9868935,2015-07,0.3179261386394501,False
9902524,9893401,2015-07,0.566909670829773,False
9921180,9971888,2015-07,0.45474177598953247,False
9920529,9844889,2015-07,0.33149048686027527,False
9931041,9833581,2015-07,0.2937384247779846,False
9949503,9844219,2015-07,0.2503015697002411,False
9951352,9872982,2015-07,0.2622148394584656,False
9956843,9889039,2015-07,0.2724631130695343,False
9955553,9948209,2015-07,0.6321261525154114,False
9955435,9835655,2015-07,0.34932875633239746,False
9960283,9860459,2015-07,0.39375439286231995,False
9959484,9952256,2015-07,0.490110844373703,False
9969000,9959400,2015-07,0.29696226119995117,False
9976440,9889588,2015-07,0.40400364995002747,False
10006293,10012328,2015-08,0.2964467406272888,False
10012625,10130341,2015-08,0.3271893262863159,False
10008881,10123041,2015-08,0.3974159061908722,False
10018730,10118507,2015-08,0.34221357107162476,False
10015779,10071046,2015-08,0.3417104184627533,False
10028878,10134352,2015-08,0.21428722143173218,False
10048487,10021669,2015-08,0.3319927155971527,False
10047037,10080864,2015-08,0.31407344341278076,False
10060168,10061172,2015-08,0.23528443276882172,False
10060074,10133832,2015-08,0.4034593105316162,False
10059249,10067110,2015-08,0.3937719762325287,False
10068976,10060536,2015-08,0.44172969460487366,False
10074948,10074725,2015-08,0.40417051315307617,False
10094333,10118413,2015-08,0.330748587846756,False
10090477,10143712,2015-08,0.318681001663208,False
10095364,10100932,2015-08,0.4249122738838196,False
10102703,10086269,2015-08,0.4654296040534973,False
10113413,9998227,2015-08,0.4460829794406891,False
10119535,10089772,2015-08,0.4765082597732544,False
10115234,10048017,2015-08,0.3728504478931427,False
10162121,10280003,2015-09,0.4415309727191925,False
10160753,10283063,2015-09,0.27141743898391724,False
10160344,10295087,2015-09,0.41894668340682983,False
10168101,10289515,2015-09,0.45716357231140137,False
10165716,10304671,2015-09,0.39475977420806885,False
10165586,10287270,2015-09,0.3544897437095642,False
10189259,10176595,2015-09,0.5886489748954773,False
10208356,10196053,2015-09,0.3463761806488037,False
10232595,10227201,2015-09,0.36210381984710693,False
10238387,10195091,2015-09,0.34474050998687744,False
10244398,10245156,2015-09,0.3453749716281891,False
10247299,10243420,2015-09,0.37774205207824707,False
10246484,10301147,2015-09,0.42554110288619995,False
10263977,10219705,2015-09,0.42523178458213806,False
10304109,10245490,2015-09,0.40378543734550476,False
10320696,10404452,2015-10,0.46516335010528564,False
10330067,10388799,2015-10,0.32728344202041626,False
10338575,10431617,2015-10,0.28806227445602417,False
10356416,10395046,2015-10,0.3037694990634918,False
10363737,10378023,2015-10,0.4661630094051361,False
10360918,10329877,2015-10,0.3312469720840454,False
10358684,10313915,2015-10,0.4392119348049164,False
10358072,10320404,2015-10,0.2586042284965515,False
10364589,10324648,2015-10,0.48209038376808167,False
10373180,10414496,2015-10,0.3501002788543701,False
10380661,10349810,2015-10,0.29968035221099854,False
10389289,10361371,2015-10,0.35931485891342163,False
10388795,10346985,2015-10,0.38472771644592285,False
10407944,10323612,2015-10,0.23389388620853424,False
10418977,10337154,2015-10,0.49150341749191284,False
10418233,10365339,2015-10,0.29918330907821655,False
10435074,10458248,2015-10,0.35886889696121216,False
10444957,10338137,2015-10,0.45841798186302185,False
10448099,10407244,2015-10,0.2701490521430969,False
10454261,10310816,2015-10,0.4254377484321594,False
10450928,10421036,2015-10,0.42730945348739624,False
10456773,10483857,2015-10,0.44130563735961914,False
10476081,10315482,2015-10,0.5115368366241455,False
10483846,10444771,2015-10,0.41090142726898193,False
10486114,10581137,2015-11,0.3741471469402313,False
10499288,10590902,2015-11,0.45336446166038513,False
10507329,10622123,2015-11,0.403239369392395,False
10506264,10539195,2015-11,0.39862164855003357,False
10517892,10637591,2015-11,0.388944149017334,False
10528468,10510172,2015-11,0.41424113512039185,False
10532042,10558938,2015-11,0.3243119418621063,False
10542004,10541307,2015-11,0.4141605496406555,False
10537697,10598195,2015-11,0.4265466034412384,False
10559357,10557159,2015-11,0.4134021997451782,False
10558831,10634918,2015-11,0.5759164094924927,False
10568245,10537941,2015-11,0.37625643610954285,False
10574555,10545752,2015-11,0.4175516366958618,False
10589398,10566451,2015-11,0.35387280583381653,False
10603298,10489059,2015-11,0.5274173021316528,False
10638184,10544060,2015-11,0.38870522379875183,False
10636196,10584888,2015-11,0.39202144742012024,False
10646131,10645770,2015-11,0.36770913004875183,False
10643959,10562793,2015-11,0.41526126861572266,False
10655288,10802926,2015-12,0.36972710490226746,False
10663208,10807308,2015-12,0.45663684606552124,False
10672276,10777638,2015-12,0.4373196065425873,False
10687556,10707538,2015-12,0.36374837160110474,False
10706203,10729068,2015-12,0.3852468430995941,False
10712038,10738554,2015-12,0.5174914002418518,False
10720176,10669891,2015-12,0.4718230068683624,False
10717413,10744279,2015-12,0.34886908531188965,False
10715680,10782762,2015-12,0.39213258028030396,False
10723734,10788768,2015-12,0.3198294937610626,False
10721462,10717110,2015-12,0.4848213791847229,False
10730020,10789498,2015-12,0.4350377321243286,False
10740748,10816112,2015-12,0.5026533603668213,False
10754487,10795296,2015-12,0.30452385544776917,False
10753861,10785725,2015-12,0.4054078459739685,False
10749765,10812445,2015-12,0.31316444277763367,False
10758298,10810224,2015-12,0.39324915409088135,False
10757336,10686581,2015-12,0.40463948249816895,False
10756617,10724041,2015-12,0.46746718883514404,False
10768440,10812055,2015-12,0.30273574590682983,False
10765654,10795379,2015-12,0.3580569922924042,False
10782909,10736999,2015-12,0.32208511233329773,False
10782289,10684463,2015-12,0.4583415389060974,False
10786481,10819355,2015-12,0.2853047251701355,False
10791712,10717434,2015-12,0.5181829929351807,False
10808621,10808699,2015-12,0.29668128490448,False
10806934,10792750,2015-12,0.34741663932800293,False
10821865,11002731,2016-01,0.46978330612182617,False
10821448,10943334,2016-01,0.36148521304130554,False
10826191,10915318,2016-01,0.3835558295249939,False
10844127,10885515,2016-01,0.30433666706085205,False
10849458,10892293,2016-01,0.40940776467323303,False
10866444,10879529,2016-01,0.3758513331413269,False
10864801,10872143,2016-01,0.4684712886810303,False
10871771,10850384,2016-01,0.3516407907009125,False
10874453,10830618,2016-01,0.4279510974884033,False
10881683,10877411,2016-01,0.4058525264263153,False
10893947,10852076,2016-01,0.49175867438316345,False
10891958,10919934,2016-01,0.41734832525253296,False
10901980,10926038,2016-01,0.3280012607574463,False
10910887,10923677,2016-01,0.24830082058906555,False
10920429,10960310,2016-01,0.3122794032096863,False
10920290,10840247,2016-01,0.38264191150665283,False
10925826,10834685,2016-01,0.3552742898464203,False
10930950,11002423,2016-01,0.3123076260089874,False
10930559,10957765,2016-01,0.39751988649368286,False
10929985,10833278,2016-01,0.4089900851249695,False
10928020,10951951,2016-01,0.3502032160758972,False
10955014,11001815,2016-01,0.30447375774383545,False
10951457,10875880,2016-01,0.34958505630493164,False
10951276,11002165,2016-01,0.242177814245224,False
10967196,10882766,2016-01,0.40421897172927856,False
10971132,10873607,2016-01,0.2784731686115265,False
10981047,10919331,2016-01,0.37019771337509155,False
10986002,10903160,2016-01,0.42899832129478455,False
11008685,10979418,2016-01,0.3780789375305176,False
11006067,10871742,2016-01,0.5800159573554993,False
11023720,11174076,2016-02,0.38669171929359436,False
11020652,11053415,2016-02,0.3691785931587219,False
11038028,11175244,2016-02,0.5586517453193665,False
11032989,11093594,2016-02,0.3819270730018616,False
11044680,11049535,2016-02,0.5360660552978516,False
11043960,11154447,2016-02,0.3528851866722107,False
11075829,11105303,2016-02,0.3295707404613495,False
11085794,11098653,2016-02,0.3556002974510193,False
11108738,11138235,2016-02,0.37467092275619507,False
11146712,11130688,2016-02,0.26521119475364685,False
11144307,11108286,2016-02,0.3912370800971985,False
11151388,11077030,2016-02,0.48622822761535645,False
11147966,11114955,2016-02,0.4637429118156433,False
11158019,11102391,2016-02,0.31703370809555054,False
11178055,11183230,2016-02,0.3868842124938965,False
11173889,11078717,2016-02,0.45686405897140503,False
11187545,11082359,2016-02,0.2633765935897827,False
11189773,11177690,2016-02,0.3821645975112915,False
11189628,11029879,2016-02,0.41860800981521606,False
11193516,11011280,2016-02,0.5241535305976868,False
11193432,11034007,2016-02,0.4256174862384796,False
11204959,11282797,2016-03,0.42180919647216797,False
11213342,11245749,2016-03,0.3058229684829712,False
11209680,11388336,2016-03,0.5438298583030701,False
11224896,11341706,2016-03,0.37453916668891907,False
11234793,11264005,2016-03,0.4562074542045593,False
11244959,11239199,2016-03,0.38105037808418274,False
11244880,11247391,2016-03,0.46859419345855713,False
11273388,11201211,2016-03,0.47501805424690247,False
11273188,11352042,2016-03,0.4897727072238922,False
11283601,11395656,2016-03,0.32055312395095825,False
11282423,11327669,2016-03,0.3334024250507355,False
11282069,11290112,2016-03,0.42462223768234253,False
11281664,11352546,2016-03,0.40501153469085693,False
11280744,11258168,2016-03,0.5407112240791321,False
11293740,11382954,2016-03,0.6535940170288086,False
11298308,11391043,2016-03,0.35787373781204224,False
11303489,11265783,2016-03,0.3848426938056946,False
11320896,11253019,2016-03,0.3599700927734375,False
11319233,11300892,2016-03,0.5234726071357727,False
11318008,11395120,2016-03,0.3887937068939209,False
11322584,11232996,2016-03,0.4553906321525574,False
11322256,11313648,2016-03,0.32904428243637085,False
11325557,11322591,2016-03,0.41657885909080505,False
11336762,11369777,2016-03,0.5066162943840027,False
11346238,11289346,2016-03,0.43373072147369385,False
11359978,11269439,2016-03,0.330841600894928,False
11366545,11307809,2016-03,0.37310123443603516,False
11369885,11337539,2016-03,0.38687968254089355,False
11378022,11328111,2016-03,0.4387526512145996,False
11388698,11280325,2016-03,0.39470624923706055,False
11406215,11528773,2016-04,0.3756362795829773,False
11402039,11490097,2016-04,0.581200122833252,False
11433554,11565036,2016-04,0.3234274983406067,False
11433241,11436695,2016-04,0.31564903259277344,False
11442038,11596640,2016-04,0.40782010555267334,False
11446164,11478368,2016-04,0.3377391993999481,False
11473890,11541014,2016-04,0.42317017912864685,False
11479181,11537762,2016-04,0.4576052725315094,False
11487896,11595370,2016-04,0.34952312707901,False
11500335,11583469,2016-04,0.5554599761962891,False
11497111,11498000,2016-04,0.20506557822227478,False
11510199,11490012,2016-04,0.7498983144760132,False
11509921,11465897,2016-04,0.45127058029174805,False
11514940,11478301,2016-04,0.5702210068702698,False
11521211,11590090,2016-04,0.582994818687439,False
11520736,11496228,2016-04,0.4286195635795593,False
11520681,11472612,2016-04,0.49841687083244324,False
11530304,11465978,2016-04,0.24601566791534424,False
11534417,11466809,2016-04,0.4543929100036621,False
11545351,11562691,2016-04,0.43358054757118225,False
11547816,11555310,2016-04,0.5111894607543945,False
11565363,11413424,2016-04,0.43167591094970703,False
11563475,11403653,2016-04,0.4564591646194458,False
11562805,11468407,2016-04,0.5277169942855835,False
11582345,11416662,2016-04,0.24654105305671692,False
11579506,11424213,2016-04,0.4662218391895294,False
11591156,11559840,2016-04,0.2877923846244812,False
11586614,11451855,2016-04,0.4322264492511749,False
11596574,11410811,2016-04,0.2390141636133194,False
11601763,11583898,2016-04,0.3016553521156311,False
11610875,11705677,2016-05,0.40739306807518005,False
11624142,11663605,2016-05,0.4438434839248657,False
11621116,11647062,2016-05,0.4043976068496704,False
11646822,11696329,2016-05,0.3402714133262634,False
11650369,11737017,2016-05,0.5581233501434326,False
11662582,11719624,2016-05,0.22012974321842194,False
11661860,11677491,2016-05,0.445695161819458,False
11658567,11707120,2016-05,0.4335341453552246,False
11669274,11733187,2016-05,0.5530670881271362,False
11690859,11793897,2016-05,0.2694495618343353,False
11697571,11800162,2016-05,0.38452932238578796,False
11695221,11692360,2016-05,0.36142364144325256,False
11715285,11745264,2016-05,0.3948226869106293,False
11714895,11666041,2016-05,0.4279038906097412,False
11713234,11617971,2016-05,0.3954140543937683,False
11712580,11798342,2016-05,0.5264102220535278,False
11724956,11785917,2016-05,0.48983973264694214,False
11724763,11662536,2016-05,0.32339179515838623,False
11722353,11797718,2016-05,0.30609506368637085,False
11720149,11616758,2016-05,0.4339560270309448,False
11737640,11811118,2016-05,0.36601540446281433,False
11747951,11717587,2016-05,0.5979406833648682,False
11757761,11668069,2016-05,0.5059293508529663,False
11766063,11655359,2016-05,0.34006184339523315,False
11765111,11671787,2016-05,0.4373020827770233,False
11773568,11642926,2016-05,0.3524886965751648,False
11781295,11725048,2016-05,0.5081862807273865,False
11789403,11759189,2016-05,0.39967218041419983,False
11784481,11753805,2016-05,0.36065739393234253,False
11803730,11752790,2016-05,0.32206058502197266,False
11819525,11951444,2016-06,0.3540295958518982,False
11828248,11916812,2016-06,0.30811402201652527,False
11827781,11827808,2016-06,0.6304851770401001,False
11837475,11913933,2016-06,0.31585901975631714,False
11840175,11817863,2016-06,0.2306259572505951,False
11855774,11931785,2016-06,0.48502781987190247,False
11861512,11905266,2016-06,0.3789781928062439,False
11859165,11895384,2016-06,0.45900803804397583,False
11870283,11926396,2016-06,0.31746721267700195,False
11884739,11956137,2016-06,0.5025794506072998,False
11883490,11917685,2016-06,0.33836597204208374,False
11890000,12002677,2016-06,0.3867605924606323,False
11887147,11875220,2016-06,0.406751811504364,False
11897766,11937926,2016-06,0.3703010082244873,False
11894094,11836728,2016-06,0.37093859910964966,False
11893868,11896598,2016-06,0.36221128702163696,False
11902716,11981353,2016-06,0.38582703471183777,False
11909352,11929626,2016-06,0.40758055448532104,False
11906844,11820512,2016-06,0.3674877882003784,False
11934455,11948017,2016-06,0.4268273413181305,False
11937214,11943095,2016-06,0.3892427384853363,False
11954988,11915048,2016-06,0.5235676765441895,False
11950687,11975695,2016-06,0.5628046989440918,False
11964658,11915149,2016-06,0.45565733313560486,False
11982212,11954497,2016-06,0.3228432238101959,False
11985709,11999892,2016-06,0.3387947380542755,False
11993366,11945354,2016-06,0.2806468904018402,False
12003281,11943685,2016-06,0.3264159560203552,False
12009909,11954780,2016-06,0.42703890800476074,False
12007765,11998581,2016-06,0.5800002813339233,False
12039000,12198556,2016-07,0.38582029938697815,False
12037474,12102636,2016-07,0.3141162395477295,False
12045709,12062702,2016-07,0.44176289439201355,False
12048890,12171843,2016-07,0.3915565013885498,False
12062294,12085044,2016-07,0.4132290482521057,False
12080269,12142360,2016-07,0.3131047487258911,False
12078980,12044928,2016-07,0.44784480333328247,False
12085591,12165866,2016-07,0.33932870626449585,False
12084404,12120695,2016-07,0.40199118852615356,False
12083124,12035514,2016-07,0.3970823884010315,False
12095000,12150629,2016-07,0.36150550842285156,False
12093111,12134194,2016-07,0.5224673748016357,False
12102493,12054784,2016-07,0.3960842788219452,False
12115130,12066041,2016-07,0.4959118068218231,False
12122312,12016234,2016-07,0.39110010862350464,False
12126298,12150812,2016-07,0.3576366603374481,False
12136840,12062049,2016-07,0.3470439910888672,False
12135399,12185586,2016-07,0.3691543638706207,False
12134191,12130380,2016-07,0.36298948526382446,False
12146841,12182499,2016-07,0.44958627223968506,False
12146479,12021476,2016-07,0.28760138154029846,False
12141334,12120167,2016-07,0.32842573523521423,False
12150494,12126973,2016-07,0.32483959197998047,False
12155242,12171283,2016-07,0.4912652373313904,False
12160940,12067851,2016-07,0.3331001400947571,False
12160127,12144325,2016-07,0.2983422875404358,False
12185277,12120160,2016-07,0.41610187292099,False
12193964,12170006,2016-07,0.3482293486595154,False
12196948,12075744,2016-07,0.4665420949459076,False
12196388,12016155,2016-07,0.32970306277275085,False
12200196,12217111,2016-08,0.4000958204269409,False
12210212,12244475,2016-08,0.44974851608276367,False
12208509,12286260,2016-08,0.48375850915908813,False
12224196,12265581,2016-08,0.480082243680954,False
12236394,12238411,2016-08,0.414129376411438,False
12235532,12221332,2016-08,0.42702364921569824,False
12239096,12337466,2016-08,0.3847093880176544,False
12237998,12254098,2016-08,0.4352298378944397,False
12260853,12280182,2016-08,0.26118922233581543,False
12269568,12284445,2016-08,0.35829538106918335,False
12269295,12239667,2016-08,0.49319976568222046,False
12266623,12257376,2016-08,0.46345484256744385,False
12279494,12353955,2016-08,0.3320399820804596,False
12279415,12335614,2016-08,0.3060000538825989,False
12300868,12373222,2016-08,0.36138033866882324,False
12298951,12373251,2016-08,0.3946229815483093,False
12309777,12350890,2016-08,0.32462960481643677,False
12321853,12231057,2016-08,0.41073209047317505,False
12317497,12331743,2016-08,0.33488011360168457,False
12326407,12199857,2016-08,0.42967915534973145,False
12340348,12358366,2016-08,0.2795557975769043,False
12352587,12212136,2016-08,0.3546302020549774,False
12351523,12345806,2016-08,0.3206568956375122,False
12351119,12263980,2016-08,0.30444031953811646,False
12371508,12260146,2016-08,0.2899138927459717,False
12370268,12216024,2016-08,0.2588898539543152,False
12374774,12397570,2016-08,0.3934500515460968,False
12391505,12398362,2016-08,0.2813299596309662,False
12387167,12356111,2016-08,0.3210862874984741,False
12400192,12323187,2016-08,0.3337114155292511,False
12408624,12492566,2016-09,0.3894144296646118,False
12414764,12502000,2016-09,0.31489402055740356,False
12413512,12528206,2016-09,0.39491167664527893,False
12426064,12492001,2016-09,0.40214231610298157,False
12455680,12605216,2016-09,0.36036786437034607,False
12449297,12476597,2016-09,0.34188610315322876,False
12462484,12607218,2016-09,0.34020310640335083,False
12467968,12451152,2016-09,0.3307253122329712,False
12467865,12469680,2016-09,0.4530997574329376,False
12472945,12524970,2016-09,0.3077853322029114,False
12481047,12528544,2016-09,0.29894447326660156,False
12491935,12434388,2016-09,0.3703151345252991,False
12486857,12558291,2016-09,0.34315812587738037,False
12486736,12613908,2016-09,0.37362754344940186,False
12486446,12426509,2016-09,0.3247438669204712,False
12499358,12504675,2016-09,0.6882752180099487,False
12495080,12588623,2016-09,0.2504217326641083,False
12528248,12454901,2016-09,0.4804830551147461,False
12559753,12553417,2016-09,0.3210899233818054,False
12557782,12414278,2016-09,0.3033074140548706,False
12556848,12534638,2016-09,0.362015962600708,False
12571727,12476583,2016-09,0.41130828857421875,False
12577629,12440883,2016-09,0.35265952348709106,False
12586894,12468009,2016-09,0.36303019523620605,False
12601510,12593989,2016-09,0.40178918838500977,False
12601471,12504694,2016-09,0.3378402292728424,False
12601200,12501695,2016-09,0.33265137672424316,False
12612398,12441746,2016-09,0.34253227710723877,False
12610386,12531111,2016-09,0.30418047308921814,False
12610338,12540915,2016-09,0.296694815158844,False
12619694,12838152,2016-10,0.39302319288253784,False
12619413,12698872,2016-10,0.40825074911117554,False
12638082,12652691,2016-10,0.6029086112976074,False
12648740,12619078,2016-10,0.38539421558380127,False
12654173,12618504,2016-10,0.34897714853286743,False
12663401,12782881,2016-10,0.36888402700424194,False
12660056,12670310,2016-10,0.4473974108695984,False
12669632,12639320,2016-10,0.29354676604270935,False
12683902,12667012,2016-10,0.39868566393852234,False
12697324,12621622,2016-10,0.4739737808704376,False
12694779,12723517,2016-10,0.3567368984222412,False
12690276,12632493,2016-10,0.4072309136390686,False
12711322,12659897,2016-10,0.3510302007198334,False
12714802,12819640,2016-10,0.4414732754230499,False
12713518,12713436,2016-10,0.3215285837650299,False
12720908,12745578,2016-10,0.3931080400943756,False
12728937,12693007,2016-10,0.5515447854995728,False
12727423,12826521,2016-10,0.42014774680137634,False
12737906,12831075,2016-10,0.399310439825058,False
12748400,12704889,2016-10,0.41771626472473145,False
12750314,12746876,2016-10,0.4429241418838501,False
12765022,12674572,2016-10,0.3698602020740509,False
12775867,12666397,2016-10,0.3752991855144501,False
12790398,12629775,2016-10,0.3317509889602661,False
12788683,12722179,2016-10,0.26279038190841675,False
12796577,12714406,2016-10,0.31700706481933594,False
12806824,12834402,2016-10,0.4378758668899536,False
12817426,12669054,2016-10,0.651624321937561,False
12815231,12722590,2016-10,0.365353524684906,False
12822148,12667611,2016-10,0.34639227390289307,False
12868741,12949510,2016-11,0.38789042830467224,False
12867123,13019108,2016-11,0.3264222741127014,False
12863779,12911985,2016-11,0.289888858795166,False
12874798,13072432,2016-11,0.3518579602241516,False
12882837,13064522,2016-11,0.42443302273750305,False
12891582,13045556,2016-11,0.42873358726501465,False
12898718,13056007,2016-11,0.4212672710418701,False
12897859,13051611,2016-11,0.3819369673728943,False
12910158,12945516,2016-11,0.2776484489440918,False
12905398,12850919,2016-11,0.30070483684539795,False
12923677,13001068,2016-11,0.4673529863357544,False
12929741,13069027,2016-11,0.3291335701942444,False
12952715,12850101,2016-11,0.3671274483203888,False
12950353,13013517,2016-11,0.36174413561820984,False
12984454,13056011,2016-11,0.31966477632522583,False
12991431,13058974,2016-11,0.40828514099121094,False
13001714,12912611,2016-11,0.4011019170284271,False
13004790,12992521,2016-11,0.4320032596588135,False
13002527,12983827,2016-11,0.703661322593689,False
13002483,12995181,2016-11,0.37036335468292236,False
13015777,12932931,2016-11,0.4046412706375122,False
13033318,13056961,2016-11,0.4108434319496155,False
13030423,12857140,2016-11,0.401324987411499,False
13034116,12942997,2016-11,0.4257645606994629,False
13066646,13008423,2016-11,0.23086126148700714,False
13065015,12939232,2016-11,0.3094973564147949,False
13062995,12954547,2016-11,0.32260674238204956,False
13072956,12921389,2016-11,0.27938324213027954,False
13069181,12947596,2016-11,0.3780825734138489,False
13067801,12947830,2016-11,0.40681660175323486,False
13078165,13189310,2016-12,0.41300275921821594,False
13096222,13136060,2016-12,0.24969618022441864,False
13094764,13150173,2016-12,0.5815987586975098,False
13100570,13277852,2016-12,0.39624840021133423,False
13104277,13116426,2016-12,0.3622743487358093,False
13117762,13266506,2016-12,0.369495689868927,False
13141158,13111516,2016-12,0.3397882282733917,False
13145742,13134183,2016-12,0.40222084522247314,False
13151795,13228022,2016-12,0.4182990789413452,False
13150800,13205039,2016-12,0.3998042345046997,False
13159908,13238568,2016-12,0.39053434133529663,False
13175192,13221718,2016-12,0.3632981777191162,False
13173998,13126711,2016-12,0.49856874346733093,False
13191015,13224096,2016-12,0.33741357922554016,False
13224588,13213594,2016-12,0.43946224451065063,False
13240495,13264464,2016-12,0.48253506422042847,False
13239530,13149635,2016-12,0.3376619815826416,False
13246594,13142890,2016-12,0.3224564790725708,False
13258056,13120794,2016-12,0.3778872489929199,False
13257252,13148319,2016-12,0.3863385319709778,False
13256709,13102897,2016-12,0.3210434913635254,False
13264102,13211132,2016-12,0.3343353867530823,False
13274545,13095921,2016-12,0.465922474861145,False
13274192,13242338,2016-12,0.36238735914230347,False
13273658,13163134,2016-12,0.35451069474220276,False
13271844,13248862,2016-12,0.3852720558643341,False
13270979,13231808,2016-12,0.396666944026947,False
13279971,13122419,2016-12,0.36105167865753174,False
13278211,13101855,2016-12,0.27408742904663086,False
13283167,13082951,2016-12,0.34363502264022827,False
13299311,13451161,2017-01,0.46412038803100586,False
13312219,13385168,2017-01,0.5399746298789978,False
13309116,13505285,2017-01,0.3319045305252075,False
13320013,13409381,2017-01,0.3609795868396759,False
13314591,13342422,2017-01,0.4673289954662323,False
13324655,13468298,2017-01,0.591323971748352,False
13356083,13309690,2017-01,0.49592483043670654,False
13354644,13418968,2017-01,0.4620538055896759,False
13353941,13350972,2017-01,0.36914631724357605,False
13367879,13517597,2017-01,0.3478934168815613,False
13392564,13382250,2017-01,0.31374138593673706,False
13391759,13404811,2017-01,0.31548571586608887,False
13398364,13477316,2017-01,0.4627266526222229,False
13405229,13354316,2017-01,0.4711344242095947,False
13401762,13399710,2017-01,0.3818623423576355,False
13412050,13512514,2017-01,0.4969594180583954,False
13414720,13381124,2017-01,0.36352550983428955,False
13425819,13297192,2017-01,0.4069201946258545,False
13425381,13305143,2017-01,0.3748800456523895,False
13434275,13421703,2017-01,0.31714513897895813,False
13446478,13378341,2017-01,0.30855780839920044,False
13457463,13412260,2017-01,0.366550087928772,False
13456779,13425624,2017-01,0.2576669752597809,False
13464496,13317902,2017-01,0.39859360456466675,False
13474943,13355878,2017-01,0.4762890934944153,False
13474229,13375369,2017-01,0.39263564348220825,False
13472331,13531096,2017-01,0.4062587022781372,False
13484372,13481218,2017-01,0.1816902458667755,False
13483865,13468508,2017-01,0.38156330585479736,False
13534778,13494234,2017-01,0.3209840655326843,False
13542294,13684429,2017-02,0.36526429653167725,False
13540214,13750621,2017-02,0.36149027943611145,False
13555286,13720580,2017-02,0.35399559140205383,False
13562387,13623846,2017-02,0.3926769495010376,False
13558125,13600704,2017-02,0.3851814866065979,False
13592262,13682050,2017-02,0.45560914278030396,False
13591578,13603225,2017-02,0.4187893867492676,False
13591182,13613911,2017-02,0.415338933467865,False
13605222,13559615,2017-02,0.34932467341423035,False
13618050,13704985,2017-02,0.3532097637653351,False
13635430,13696161,2017-02,0.45675918459892273,False
13633666,13673039,2017-02,0.4766094386577606,False
13648165,13678413,2017-02,0.4203342795372009,False
13640143,13714159,2017-02,0.4472336769104004,False
13655437,13713372,2017-02,0.4298914670944214,False
13655334,13584379,2017-02,0.3018190562725067,False
13650593,13610593,2017-02,0.5583958029747009,False
13659914,13628530,2017-02,0.43804386258125305,False
13670257,13541573,2017-02,0.2618759870529175,False
13669725,13721759,2017-02,0.4948307275772095,False
13669168,13744349,2017-02,0.38881129026412964,False
13668489,13692166,2017-02,0.40347355604171753,False
13697666,13724759,2017-02,0.5679394602775574,False
13694031,13661218,2017-02,0.49120306968688965,False
13715027,13562681,2017-02,0.4797367751598358,False
13732288,13653819,2017-02,0.29004260897636414,False
13737426,13697580,2017-02,0.4318932592868805,False
13736763,13600527,2017-02,0.5115755796432495,False
13759472,13710253,2017-02,0.49555864930152893,False
13751841,13625379,2017-02,0.30094295740127563,False
13773127,14004329,2017-03,0.36977922916412354,False
13770328,13902049,2017-03,0.5094796419143677,False
13782391,13838646,2017-03,0.384609580039978,False
13781067,13825225,2017-03,0.31266820430755615,False
13822289,13902938,2017-03,0.3237157464027405,False
13817017,13940613,2017-03,0.4963645339012146,False
13836167,13846163,2017-03,0.4557075798511505,False
13852315,13764412,2017-03,0.4392635226249695,False
13859041,13817560,2017-03,0.5168129205703735,False
13870147,13953980,2017-03,0.34889233112335205,False
13900153,13867016,2017-03,0.3903197646141052,False
13909921,14002020,2017-03,0.3293473720550537,False
13909656,13999378,2017-03,0.26871049404144287,False
13909135,13929633,2017-03,0.3031976521015167,False
13913313,13994034,2017-03,0.39068400859832764,False
13913084,13985149,2017-03,0.2874603271484375,False
13925448,13818384,2017-03,0.32954326272010803,False
13928523,13977694,2017-03,0.31316009163856506,False
13928365,13928666,2017-03,0.306221604347229,False
13944905,13939003,2017-03,0.3727664351463318,False
13950423,13939534,2017-03,0.31534790992736816,False
13971728,13980114,2017-03,0.3142830729484558,False
13964685,13845845,2017-03,0.3990192413330078,False
13976357,13795141,2017-03,0.2923799157142639,False
13991255,14009282,2017-03,0.4620912969112396,False
13988301,13828847,2017-03,0.42470404505729675,False
13987471,13987417,2017-03,0.3999907374382019,False
13983016,13939004,2017-03,0.4352908134460449,False
14008569,13953462,2017-03,0.4979887902736664,False
14001907,13963973,2017-03,0.570344865322113,False
14017851,14093860,2017-04,0.21195921301841736,False
14028842,14193503,2017-04,0.29945534467697144,False
14043295,14078487,2017-04,0.42827093601226807,False
14051529,14179538,2017-04,0.7087030410766602,False
14049318,14103833,2017-04,0.2805609107017517,False
14059299,14147795,2017-04,0.5419966578483582,False
14057953,14172378,2017-04,0.45789003372192383,False
14068723,14187026,2017-04,0.21617218852043152,False
14065457,14075638,2017-04,0.26248154044151306,False
14070674,14090772,2017-04,0.4485519528388977,False
14089726,14051106,2017-04,0.43144142627716064,False
14110807,14065456,2017-04,0.43336403369903564,False
14121133,14121606,2017-04,0.48386669158935547,False
14119848,14231625,2017-04,0.40212780237197876,False
14133657,14133944,2017-04,0.5374488234519958,False
14141556,14067527,2017-04,0.3958415687084198,False
14138274,14177826,2017-04,0.32349151372909546,False
14152774,14144044,2017-04,0.34172123670578003,False
14159466,14190380,2017-04,0.3974332809448242,False
14168027,14073664,2017-04,0.5297335982322693,False
14180524,14218756,2017-04,0.5144397020339966,False
14178160,14202557,2017-04,0.5118325352668762,False
14178084,14172278,2017-04,0.4360095262527466,False
14205042,14057423,2017-04,0.30524516105651855,False
14200446,14132757,2017-04,0.3691977560520172,False
14211048,14126203,2017-04,0.4552931487560272,False
14218574,14125090,2017-04,0.34133586287498474,False
14217864,14121789,2017-04,0.38934072852134705,False
14228128,14182892,2017-04,0.3726048767566681,False
14233095,14160558,2017-04,0.3272608518600464,False
14255956,14339959,2017-05,0.4965168535709381,False
14269924,14250660,2017-05,0.5191220045089722,False
14288303,14263966,2017-05,0.42016348242759705,False
14284299,14425457,2017-05,0.2869712710380554,False
14290480,14416420,2017-05,0.5114168524742126,False
14317265,14251268,2017-05,0.4608045816421509,False
14316917,14350705,2017-05,0.38709038496017456,False
14316489,14450158,2017-05,0.40631091594696045,False
14323349,14408728,2017-05,0.3475634455680847,False
14335398,14307750,2017-05,0.34836408495903015,False
14335286,14411658,2017-05,0.45997339487075806,False
14334746,14419910,2017-05,0.3773649334907532,False
14334710,14423062,2017-05,0.36894622445106506,False
14347106,14240652,2017-05,0.4858783483505249,False
14358120,14271819,2017-05,0.4442773759365082,False
14356377,14360549,2017-05,0.4603795111179352,False
14372267,14376636,2017-05,0.34356197714805603,False
14385691,14378295,2017-05,0.6356828808784485,False
14385341,14309209,2017-05,0.31523314118385315,False
14394871,14265717,2017-05,0.3615434765815735,False
14411150,14323340,2017-05,0.3405444025993347,False
14411067,14432912,2017-05,0.6046129465103149,False
14409255,14444030,2017-05,0.35133734345436096,False
14426766,14237346,2017-05,0.42372605204582214,False
14424507,14415501,2017-05,0.42797398567199707,False
14436550,14322377,2017-05,0.38553184270858765,False
14434053,14455611,2017-05,0.3063153922557831,False
14439178,14437754,2017-05,0.3312060832977295,False
14437059,14410489,2017-05,0.43876856565475464,False
14443589,14280713,2017-05,0.3744772672653198,False
14477898,14514500,2017-06,0.322937548160553,False
14474426,14625361,2017-06,0.4163914918899536,False
14487259,14458233,2017-06,0.47389763593673706,False
14485015,14526305,2017-06,0.3981364965438843,False
14496051,14490276,2017-06,0.33279943466186523,False
14494935,14470496,2017-06,0.37661996483802795,False
14494337,14619888,2017-06,0.4408873915672302,False
14504306,14468212,2017-06,0.3471209406852722,False
14515953,14544012,2017-06,0.5602513551712036,False
14527686,14624511,2017-06,0.33538228273391724,False
14526807,14499170,2017-06,0.3828722834587097,False
14526142,14458971,2017-06,0.37705397605895996,False
14538086,14576912,2017-06,0.3975144028663635,False
14546019,14642057,2017-06,0.24608908593654633,False
14554158,14481355,2017-06,0.3553221821784973,False
14554101,14574831,2017-06,0.2906745970249176,False
14570044,14485804,2017-06,0.4126390218734741,False
14567807,14571701,2017-06,0.44857293367385864,False
14577014,14555989,2017-06,0.397255539894104,False
14593496,14489791,2017-06,0.3140196204185486,False
14621806,14627243,2017-06,0.36874592304229736,False
14618511,14485389,2017-06,0.378323495388031,False
14624090,14657895,2017-06,0.4121094048023224,False
14639295,14563939,2017-06,0.40189945697784424,False
14634092,14580163,2017-06,0.28751054406166077,False
14643334,14506563,2017-06,0.3702625036239624,False
14663467,14583476,2017-06,0.3912999629974365,False
14661904,14580482,2017-06,0.3802209198474884,False
14672628,14536158,2017-06,0.38268327713012695,False
14672029,14489062,2017-06,0.34273409843444824,False
14709639,14815728,2017-07,0.4267064034938812,False
14708327,14743092,2017-07,0.3437267541885376,False
14717738,14785099,2017-07,0.373661071062088,False
14727673,14773964,2017-07,0.41929948329925537,False
14744331,14778263,2017-07,0.4635523855686188,False
14763802,14749527,2017-07,0.25878047943115234,False
14762084,14866780,2017-07,0.4696621298789978,False
14774167,14783279,2017-07,0.22433796525001526,False
14769525,14833999,2017-07,0.48922646045684814,False
14769248,14745981,2017-07,0.2874736189842224,False
14784627,14752126,2017-07,0.30822908878326416,False
14783025,14741136,2017-07,0.4150186777114868,False
14786863,14794654,2017-07,0.3192704916000366,False
14807818,14680506,2017-07,0.29373183846473694,False
14810963,14793415,2017-07,0.41950955986976624,False
14823888,14703543,2017-07,0.42500555515289307,False
14821521,14773689,2017-07,0.385068416595459,False
14821385,14676977,2017-07,0.3719702661037445,False
14819115,14890362,2017-07,0.4444253444671631,False
14852704,14883694,2017-07,0.3691229522228241,False
14852587,14709173,2017-07,0.502037763595581,False
14851806,14784833,2017-07,0.44116920232772827,False
14851333,14795673,2017-07,0.4274914264678955,False
14847788,14848579,2017-07,0.4430422782897949,False
14857620,14841242,2017-07,0.33605295419692993,False
14855295,14705888,2017-07,0.5042665004730225,False
14877920,14883699,2017-07,0.39921489357948303,False
14881818,14848590,2017-07,0.5097465515136719,False
14880435,14732652,2017-07,0.30103328824043274,False
14887414,14716852,2017-07,0.398834228515625,False
14909262,15031828,2017-08,0.3311847448348999,False
14928159,14949322,2017-08,0.4764799475669861,False
14935120,15045399,2017-08,0.31579872965812683,False
14943605,15085522,2017-08,0.29929497838020325,False
14950322,14920934,2017-08,0.3401711583137512,False
14950122,15036591,2017-08,0.39002639055252075,False
14971326,15024261,2017-08,0.35442054271698,False
14982899,15003796,2017-08,0.38120314478874207,False
14982359,14939748,2017-08,0.49871760606765747,False
14981053,14920856,2017-08,0.3228479027748108,False
14995165,14974383,2017-08,0.19064262509346008,False
14987548,15097999,2017-08,0.5298210978507996,False
14998352,14929223,2017-08,0.39692622423171997,False
14996630,15002578,2017-08,0.3490082621574402,False
15002208,14900284,2017-08,0.4017500877380371,False
15006552,14995333,2017-08,0.331211656332016,False
15026777,15117168,2017-08,0.40015560388565063,False
15035753,14993827,2017-08,0.328586608171463,False
15043106,14952269,2017-08,0.3485584855079651,False
15054115,15031110,2017-08,0.342602014541626,False
15059755,14962922,2017-08,0.6051048040390015,False
15059747,15067849,2017-08,0.39783400297164917,False
15070372,14970171,2017-08,0.45159417390823364,False
15088989,15004207,2017-08,0.3270558714866638,False
15088580,15031708,2017-08,0.3234836161136627,False
15118410,15131454,2017-08,0.3603529930114746,False
15116379,15018002,2017-08,0.3272570073604584,False
15122764,15034089,2017-08,0.4577099680900574,False
15144588,15025975,2017-08,0.30592894554138184,False
15144573,15118710,2017-08,0.25810131430625916,False
15147065,15330966,2017-09,0.2877897620201111,False
15146746,15233823,2017-09,0.5106157064437866,False
15154120,15302535,2017-09,0.3891507387161255,False
15160460,15208553,2017-09,0.40316319465637207,False
15159046,15327165,2017-09,0.2922665774822235,False
15170911,15236043,2017-09,0.6041707992553711,False
15174263,15311742,2017-09,0.4578271508216858,False
15172408,15241557,2017-09,0.3579845428466797,False
15182793,15366438,2017-09,0.4657129943370819,False
15180608,15199517,2017-09,0.39181628823280334,False
15193054,15287376,2017-09,0.4851583242416382,False
15219906,15322620,2017-09,0.4709044396877289,False
15218821,15194405,2017-09,0.416172057390213,False
15223938,15249825,2017-09,0.5513754487037659,False
15242934,15314486,2017-09,0.4645234942436218,False
15242262,15167892,2017-09,0.36404743790626526,False
15256476,15155609,2017-09,0.5531691908836365,False
15262326,15183071,2017-09,0.38922449946403503,False
15262218,15209900,2017-09,0.3631080389022827,False
15271316,15281499,2017-09,0.5593189001083374,False
15285514,15164466,2017-09,0.49900102615356445,False
15282469,15253884,2017-09,0.3095673620700836,False
15297770,15260932,2017-09,0.3877391219139099,False
15302495,15299822,2017-09,0.29550448060035706,False
15311773,15262829,2017-09,0.3512972891330719,False
15326845,15238395,2017-09,0.39953386783599854,False
15335039,15350393,2017-09,0.39571359753608704,False
15328516,15180518,2017-09,0.346773624420166,False
15337908,15182350,2017-09,0.3459286689758301,False
15350779,15154665,2017-09,0.4082825779914856,False
15378121,15441185,2017-10,0.4167351722717285,False
15376645,15526929,2017-10,0.42687535285949707,False
15406263,15415992,2017-10,0.5491909980773926,False
15418109,15407098,2017-10,0.5289251804351807,False
15428558,15400285,2017-10,0.42181313037872314,False
15435371,15501248,2017-10,0.4591512978076935,False
15433004,15580619,2017-10,0.506122350692749,False
15451601,15525072,2017-10,0.5282155871391296,False
15447706,15500836,2017-10,0.33224743604660034,False
15467042,15514805,2017-10,0.4018314778804779,False
15467033,15592681,2017-10,0.41189560294151306,False
15465166,15484228,2017-10,0.44998717308044434,False
15485538,15533024,2017-10,0.39757776260375977,False
15489176,15412570,2017-10,0.37589091062545776,False
15488202,15507141,2017-10,0.43233656883239746,False
15502859,15550783,2017-10,0.36477530002593994,False
15500237,15427933,2017-10,0.39983487129211426,False
15499960,15508746,2017-10,0.43870723247528076,False
15514784,15568198,2017-10,0.3805696666240692,False
15522804,15575437,2017-10,0.39882779121398926,False
15534765,15520789,2017-10,0.4657873213291168,False
15568213,15523954,2017-10,0.5419330596923828,False
15582181,15403112,2017-10,0.48890987038612366,False
15588711,15470920,2017-10,0.3406447470188141,False
15586323,15469660,2017-10,0.4052280783653259,False
15584086,15386981,2017-10,0.3372787833213806,False
15582714,15570312,2017-10,0.4440569281578064,False
15582509,15376764,2017-10,0.39587071537971497,False
15582297,15416819,2017-10,0.3442856967449188,False
15597068,15389732,2017-10,0.34423455595970154,False
15605065,15704876,2017-11,0.38717836141586304,False
15601479,15797045,2017-11,0.3018816113471985,False
15600275,15788807,2017-11,0.47750574350357056,False
15612391,15777162,2017-11,0.35463714599609375,False
15609402,15612634,2017-11,0.36747366189956665,False
15629272,15666964,2017-11,0.5798818469047546,False
15634136,15653595,2017-11,0.45713940262794495,False
15633528,15778530,2017-11,0.3040805160999298,False
15648746,15712377,2017-11,0.3068409860134125,False
15646037,15625330,2017-11,0.37608781456947327,False
15645082,15795136,2017-11,0.40393659472465515,False
15664071,15784537,2017-11,0.40787625312805176,False
15662400,15702749,2017-11,0.3645628094673157,False
15672474,15621483,2017-11,0.4838847517967224,False
15672058,15676515,2017-11,0.6079939603805542,False
15669439,15813317,2017-11,0.413451224565506,False
15667286,15815299,2017-11,0.3999858796596527,False
15678788,15780571,2017-11,0.44412481784820557,False
15680623,15755985,2017-11,0.35733431577682495,False
15689399,15695326,2017-11,0.3910306692123413,False
15717824,15621072,2017-11,0.3364216685295105,False
15713185,15606439,2017-11,0.4145495593547821,False
15719327,15782156,2017-11,0.3984260559082031,False
15768521,15723661,2017-11,0.3490036725997925,False
15790481,15780590,2017-11,0.4657711386680603,False
15787153,15736090,2017-11,0.33775773644447327,False
15784130,15761599,2017-11,0.3346480131149292,False
15802092,15797323,2017-11,0.39219915866851807,False
15808968,15631413,2017-11,0.46091699600219727,False
15816198,15637329,2017-11,0.4000999927520752,False
15835264,15862327,2017-12,0.5000203847885132,False
15855399,15906671,2017-12,0.4619138836860657,False
15852472,16012831,2017-12,0.4800737798213959,False
15850254,16002787,2017-12,0.33159884810447693,False
15873659,15953269,2017-12,0.6084619760513306,False
15869967,15949400,2017-12,0.5068485736846924,False
15882683,15828959,2017-12,0.36712998151779175,False
15882509,15915168,2017-12,0.3700407147407532,False
15885563,15941728,2017-12,0.33792048692703247,False
15899643,15866618,2017-12,0.6642035841941833,False
15899569,15930657,2017-12,0.37130725383758545,False
15916692,15836866,2017-12,0.45086705684661865,False
15915427,16026943,2017-12,0.333635538816452,False
15914069,15962543,2017-12,0.27826473116874695,False
15912965,15851238,2017-12,0.4417785108089447,False
15919115,15941428,2017-12,0.014723195694386959,False
15941545,15891538,2017-12,0.610248327255249,False
15940724,15837365,2017-12,0.4184183180332184,False
15956426,16018297,2017-12,0.42207637429237366,False
15971635,15913597,2017-12,0.44217491149902344,False
15966221,16021876,2017-12,0.3576783239841461,False
15982815,15881553,2017-12,0.35042208433151245,False
15979516,16013319,2017-12,0.24806976318359375,False
15996673,15986720,2017-12,0.3494446277618408,False
16002498,15942715,2017-12,0.4016536772251129,False
16009261,16040213,2017-12,0.3704470992088318,False
16009233,16007694,2017-12,0.25348854064941406,False
16023961,16027265,2017-12,0.252813458442688,False
16030136,15856307,2017-12,0.28573179244995117,False
16040463,16009342,2017-12,0.3452431857585907,False
16078106,16241524,2018-01,0.38446885347366333,False
16085147,16180397,2018-01,0.3550645709037781,False
16082860,16230944,2018-01,0.3734450042247772,False
16115353,16113133,2018-01,0.406105101108551,False
16128295,16269883,2018-01,0.4016185998916626,False
16124864,16199835,2018-01,0.20987246930599213,False
16136948,16091308,2018-01,0.4054073095321655,False
16140235,16267363,2018-01,0.2818771004676819,False
16154249,16207538,2018-01,0.37784406542778015,False
16151862,16262231,2018-01,0.2859572470188141,False
16157843,16140054,2018-01,0.3652036786079407,False
16167620,16196703,2018-01,0.38638097047805786,False
16180878,16224059,2018-01,0.24375224113464355,False
16209259,16090761,2018-01,0.40631937980651855,False
16203924,16220376,2018-01,0.41377973556518555,False
16211095,16135144,2018-01,0.3875327706336975,False
16226495,16237509,2018-01,0.3358454704284668,False
16232627,16094088,2018-01,0.4041815996170044,False
16228788,16117128,2018-01,0.7186191082000732,False
16240984,16246003,2018-01,0.4109063148498535,False
16240234,16261606,2018-01,0.4296601116657257,False
16237609,16204742,2018-01,0.45385628938674927,False
16247109,16125980,2018-01,0.4138535261154175,False
16245736,16122945,2018-01,0.3335922658443451,False
16257893,16233644,2018-01,0.3728100657463074,False
16255612,16130999,2018-01,0.3593795895576477,False
16267178,16091646,2018-01,0.2869851887226105,False
16266573,16242593,2018-01,0.317465603351593,False
16276798,16126940,2018-01,0.3098469376564026,False
16271612,16223278,2018-01,0.3676685690879822,False
16286676,16280003,2018-02,0.43638062477111816,False
16293646,16402336,2018-02,0.4226204752922058,False
16290406,16344217,2018-02,0.43330228328704834,False
16304669,16343429,2018-02,0.361032634973526,False
16308550,16467387,2018-02,0.4267466962337494,False
16319475,16482441,2018-02,0.3199802041053772,False
16327489,16327116,2018-02,0.7331016063690186,False
16325945,16320097,2018-02,0.36752551794052124,False
16333001,16338503,2018-02,0.3956783413887024,False
16343888,16417389,2018-02,0.34479016065597534,False
16348686,16414239,2018-02,0.4581373333930969,False
16347905,16410873,2018-02,0.474090039730072,False
16353829,16347309,2018-02,0.3406011462211609,False
16357155,16339322,2018-02,0.2903655171394348,False
16366815,16296309,2018-02,0.40067076683044434,False
16364826,16368653,2018-02,0.1875866949558258,False
16373204,16297262,2018-02,0.3982456922531128,False
16386036,16458757,2018-02,0.3815005421638489,False
16422464,16392877,2018-02,0.4312732219696045,False
16419658,16371211,2018-02,0.2654428482055664,False
16417893,16363479,2018-02,0.3530539572238922,False
16433885,16334028,2018-02,0.3047873377799988,False
16432388,16416881,2018-02,0.31745025515556335,False
16426393,16302881,2018-02,0.29785752296447754,False
16441881,16383264,2018-02,0.36434268951416016,False
16434634,16352770,2018-02,0.45282459259033203,False
16449044,16459805,2018-02,0.359396755695343,False
16469167,16451072,2018-02,0.5043767690658569,False
16465105,16443860,2018-02,0.49951881170272827,False
16464814,16444278,2018-02,0.4110228717327118,False
16493489,16659180,2018-03,0.1457940638065338,False
16500565,16615251,2018-03,0.3706197738647461,False
16510778,16534480,2018-03,0.3752429187297821,False
16515904,16704275,2018-03,0.5070597529411316,False
16528512,16604251,2018-03,0.4118835926055908,False
16528009,16562644,2018-03,0.3991451859474182,False
16569735,16659057,2018-03,0.38128095865249634,False
16569209,16610389,2018-03,0.2972666621208191,False
16578472,16505914,2018-03,0.37893912196159363,False
16576587,16518596,2018-03,0.4964899718761444,False
16582230,16508803,2018-03,0.3136841654777527,False
16596733,16689296,2018-03,0.4726956784725189,False
16594770,16721634,2018-03,0.41597020626068115,False
16591990,16534258,2018-03,0.486150860786438,False
16590397,16506887,2018-03,0.3137516975402832,False
16600148,16689805,2018-03,0.32704228162765503,False
16613168,16661323,2018-03,0.501463770866394,False
16611931,16636958,2018-03,0.4448419213294983,False
16630828,16713964,2018-03,0.3241274356842041,False
16630506,16609360,2018-03,0.4239003658294678,False
16649663,16619505,2018-03,0.32761693000793457,False
16663689,16582266,2018-03,0.4166754484176636,False
16655074,16508139,2018-03,0.3848204016685486,False
16681611,16634866,2018-03,0.34392228722572327,False
16691203,16600926,2018-03,0.3381050229072571,False
16699559,16645562,2018-03,0.3735359311103821,False
16710973,16608420,2018-03,0.38833093643188477,False
16720233,16615372,2018-03,0.3661338686943054,False
16718285,16719615,2018-03,0.5044912695884705,False
16722992,16704583,2018-03,0.4796109199523926,False
16727284,16787925,2018-04,0.47473904490470886,False
16744353,16896885,2018-04,0.422651469707489,False
16744342,16949460,2018-04,0.38115203380584717,False
16750789,16883860,2018-04,0.48107102513313293,False
16768102,16867696,2018-04,0.382835328578949,False
16764749,16868006,2018-04,0.43363696336746216,False
16760736,16958797,2018-04,0.47047165036201477,False
16794194,16819873,2018-04,0.28749391436576843,False
16790605,16726747,2018-04,0.41596806049346924,False
16810862,16785675,2018-04,0.29349592328071594,False
16810311,16822465,2018-04,0.3581484258174896,False
16809863,16780382,2018-04,0.5531312227249146,False
16822376,16905664,2018-04,0.4528157711029053,False
16827388,16840438,2018-04,0.44125106930732727,False
16860247,16792479,2018-04,0.5116939544677734,False
16870337,16905121,2018-04,0.36246782541275024,False
16880276,16853159,2018-04,0.4203011393547058,False
16877457,16852410,2018-04,0.46166056394577026,False
16873778,16829121,2018-04,0.35051459074020386,False
16891607,16873663,2018-04,0.4602243900299072,False
16898827,16959188,2018-04,0.2878239154815674,False
16895559,16842442,2018-04,0.3760298788547516,False
16894731,16950823,2018-04,0.3771357536315918,False
16905873,16781259,2018-04,0.6126608848571777,False
16903821,16800085,2018-04,0.3262272775173187,False
16918549,16758657,2018-04,0.4435412585735321,False
16932022,16735238,2018-04,0.26042354106903076,False
16940064,16945227,2018-04,0.3890005350112915,False
16952352,16794421,2018-04,0.414193332195282,False
16957664,16820795,2018-04,0.34856534004211426,False
16979136,17120887,2018-05,0.411811888217926,False
16976697,17050436,2018-05,0.5219125747680664,False
16996671,17128055,2018-05,0.38543179631233215,False
17015572,16986100,2018-05,0.3030853867530823,False
17023305,17121145,2018-05,0.34370702505111694,False
17023168,17079306,2018-05,0.4880415201187134,False
17022963,17081684,2018-05,0.3287120759487152,False
17040368,17092485,2018-05,0.3237780034542084,False
17039139,17023805,2018-05,0.37697750329971313,False
17047285,16967664,2018-05,0.5359398126602173,False
17073518,17054702,2018-05,0.5181906223297119,False
17072985,17121020,2018-05,0.4622401297092438,False
17072733,17057453,2018-05,0.41159528493881226,False
17072732,17133181,2018-05,0.38980942964553833,False
17097009,17142492,2018-05,0.5735089778900146,False
17100811,17189673,2018-05,0.2749238610267639,False
17108376,17142769,2018-05,0.31640926003456116,False
17108179,17160518,2018-05,0.24965828657150269,False
17118648,17145738,2018-05,0.46584728360176086,False
17139224,17111140,2018-05,0.44133657217025757,False
17138593,17112545,2018-05,0.325891375541687,False
17138354,17157869,2018-05,0.6257726550102234,False
17134864,17112298,2018-05,0.33563554286956787,False
17181269,17128162,2018-05,0.3519763946533203,False
17192230,16981069,2018-05,0.2768501043319702,False
17187306,17131941,2018-05,0.4207301437854767,False
17196997,17092321,2018-05,0.30171218514442444,False
17196704,17107818,2018-05,0.44388148188591003,False
17194351,17004164,2018-05,0.36720067262649536,False
17194342,17073199,2018-05,0.28274744749069214,False
17208892,17238911,2018-06,0.33651840686798096,False
17214588,17232200,2018-06,0.4297267198562622,False
17213703,17209691,2018-06,0.5706589221954346,False
17230120,17216452,2018-06,0.39609163999557495,False
17239727,17332496,2018-06,0.4377793073654175,False
17238089,17271286,2018-06,0.40392693877220154,False
17259082,17280558,2018-06,0.3828456401824951,False
17252909,17429057,2018-06,0.41411083936691284,False
17279702,17426390,2018-06,0.324432909488678,False
17289232,17266968,2018-06,0.44508975744247437,False
17281935,17275387,2018-06,0.36724990606307983,False
17290805,17286810,2018-06,0.3814425468444824,False
17302917,17324102,2018-06,0.30210286378860474,False
17312244,17271803,2018-06,0.36214911937713623,False
17309327,17257143,2018-06,0.3366270065307617,False
17326561,17303712,2018-06,0.34665605425834656,False
17341128,17221379,2018-06,0.32211029529571533,False
17338008,17301224,2018-06,0.3574123680591583,False
17364352,17399020,2018-06,0.5565804243087769,False
17362723,17312072,2018-06,0.40898704528808594,False
17362095,17278735,2018-06,0.3433794379234314,False
17377088,17242528,2018-06,0.4050294756889343,False
17370202,17376772,2018-06,0.3688915967941284,False
17392458,17330410,2018-06,0.29212045669555664,False
17392455,17214320,2018-06,0.3890705108642578,False
17404582,17333075,2018-06,0.4104836583137512,False
17411808,17256923,2018-06,0.31807366013526917,False
17408738,17332797,2018-06,0.4774180054664612,False
17413168,17365472,2018-06,0.301279217004776,False
17422770,17391607,2018-06,0.3432561457157135,False
17433752,17435071,2018-07,0.2840256094932556,False
17440734,17487254,2018-07,0.39319759607315063,False
17466969,17606951,2018-07,0.5277178287506104,False
17463275,17512574,2018-07,0.39907538890838623,False
17471190,17513747,2018-07,0.3270007371902466,False
17468532,17585462,2018-07,0.43779122829437256,False
17479386,17559528,2018-07,0.3979151248931885,False
17477768,17569756,2018-07,0.3828999996185303,False
17476096,17521826,2018-07,0.4074150025844574,False
17486040,17453554,2018-07,0.5678280591964722,False
17491900,17555695,2018-07,0.4134368896484375,False
17491604,17508151,2018-07,0.3913446068763733,False
17497273,17622045,2018-07,0.41299742460250854,False
17497235,17642564,2018-07,0.43486979603767395,False
17495503,17591361,2018-07,0.4836476445198059,False
17519591,17497699,2018-07,0.28980690240859985,False
17516709,17532003,2018-07,0.4229434132575989,False
17535218,17474949,2018-07,0.4627183675765991,False
17538093,17620887,2018-07,0.39105522632598877,False
17537907,17573153,2018-07,0.3375096619129181,False
17551370,17491285,2018-07,0.3997723162174225,False
17559750,17463898,2018-07,0.5007228851318359,False
17556945,17635624,2018-07,0.3495640158653259,False
17575015,17574922,2018-07,0.45758336782455444,False
17583882,17509407,2018-07,0.33998414874076843,False
17581536,17569069,2018-07,0.3986756503582001,False
17611103,17457195,2018-07,0.33910071849823,False
17607970,17454772,2018-07,0.3864764869213104,False
17627695,17574707,2018-07,0.3065723180770874,False
17644554,17517285,2018-07,0.35759487748146057,False
17667705,17808349,2018-08,0.3783782720565796,False
17664883,17856110,2018-08,0.33926793932914734,False
17664084,17706776,2018-08,0.38378265500068665,False
17673999,17752680,2018-08,0.45024824142456055,False
17671449,17799619,2018-08,0.5396384000778198,False
17693169,17799346,2018-08,0.3282717764377594,False
17698932,17851964,2018-08,0.44970542192459106,False
17698135,17758011,2018-08,0.29825150966644287,False
17709344,17743913,2018-08,0.3144780695438385,False
17707292,17716542,2018-08,0.2635185420513153,False
17733622,17695042,2018-08,0.3667319416999817,False
17730775,17834580,2018-08,0.3201083540916443,False
17751095,17842327,2018-08,0.3316878080368042,False
17748749,17669377,2018-08,0.4106794595718384,False
17772211,17844329,2018-08,0.41491901874542236,False
17784325,17764706,2018-08,0.5318697094917297,False
17784052,17755183,2018-08,0.3005506098270416,False
17782632,17747719,2018-08,0.29122504591941833,False
17793419,17743923,2018-08,0.4191772937774658,False
17802080,17718088,2018-08,0.38485532999038696,False
17811472,17851025,2018-08,0.28377068042755127,False
17823286,17796103,2018-08,0.39839881658554077,False
17816752,17746790,2018-08,0.3803724944591522,False
17826037,17842045,2018-08,0.5293174386024475,False
17850494,17842372,2018-08,0.378490686416626,False
17848882,17666133,2018-08,0.3458130955696106,False
17861974,17759985,2018-08,0.2970131039619446,False
17858246,17692447,2018-08,0.39483118057250977,False
17881286,17854781,2018-08,0.4075031876564026,False
17882696,17756219,2018-08,0.35697588324546814,False
17897793,17950497,2018-09,0.37782490253448486,False
17895422,17961002,2018-09,0.46952399611473083,False
17894664,18045322,2018-09,0.3024386167526245,False
17900750,17984759,2018-09,0.31605038046836853,False
17916817,18000410,2018-09,0.43693456053733826,False
17927048,18057022,2018-09,0.33842557668685913,False
17951224,17970080,2018-09,0.4233178496360779,False
17958544,18097105,2018-09,0.3353019952774048,False
17967351,17961736,2018-09,0.30435508489608765,False
17967186,17996417,2018-09,0.342007040977478,False
17977345,18028734,2018-09,0.36770808696746826,False
18012237,17995058,2018-09,0.3647764325141907,False
18028162,18040508,2018-09,0.35164690017700195,False
18021331,18051785,2018-09,0.301791787147522,False
18036255,17961820,2018-09,0.4850081205368042,False
18033746,18049323,2018-09,0.3236101269721985,False
18032503,17896890,2018-09,0.3723963499069214,False
18043288,18045259,2018-09,0.3386697769165039,False
18038747,17996960,2018-09,0.31716933846473694,False
18037672,17900613,2018-09,0.4470834732055664,False
18046244,18092594,2018-09,0.43661996722221375,False
18043969,17920475,2018-09,0.41401761770248413,False
18050585,17923870,2018-09,0.34388118982315063,False
18063893,17894657,2018-09,0.40751734375953674,False
18079863,17927200,2018-09,0.3254782557487488,False
18091736,18024341,2018-09,0.4318191409111023,False
18123587,18346198,2018-10,0.43538546562194824,False
18119607,18212682,2018-10,0.39966630935668945,False
18147710,18307423,2018-10,0.3780166506767273,False
18145622,18323236,2018-10,0.3758012056350708,False
18172105,18260709,2018-10,0.3345784544944763,False
18168829,18191084,2018-10,0.3875200152397156,False
18177266,18170681,2018-10,0.3301239311695099,False
18187278,18285890,2018-10,0.4087734818458557,False
18184697,18237358,2018-10,0.3967905640602112,False
18201007,18167046,2018-10,0.4105883836746216,False
18200823,18216892,2018-10,0.353720486164093,False
18223053,18256885,2018-10,0.4769849479198456,False
18219444,18336202,2018-10,0.2615025043487549,False
18231239,18203604,2018-10,0.43504709005355835,False
18251283,18202935,2018-10,0.5316552519798279,False
18265074,18219296,2018-10,0.3408992886543274,False
18262753,18150136,2018-10,0.3597602844238281,False
18276642,18120156,2018-10,0.44338154792785645,False
18284330,18217837,2018-10,0.4159781038761139,False
18293418,18300325,2018-10,0.3522249460220337,False
18302634,18324169,2018-10,0.3302772045135498,False
18299614,18307428,2018-10,0.6839900016784668,False
18308931,18162663,2018-10,0.25850993394851685,False
18308851,18336069,2018-10,0.4069893956184387,False
18308611,18281504,2018-10,0.5986446738243103,False
18317879,18327185,2018-10,0.40701407194137573,False
18321665,18240171,2018-10,0.4421567916870117,False
18328213,18346922,2018-10,0.2981862425804138,False
18336054,18270602,2018-10,0.3460885286331177,False
18335282,18239624,2018-10,0.3850036561489105,False
18351733,18401546,2018-11,0.366058886051178,False
18363870,18421755,2018-11,0.376642107963562,False
18361071,18476137,2018-11,0.3460347056388855,False
18369384,18468289,2018-11,0.44744357466697693,False
18374633,18362355,2018-11,0.41750338673591614,False
18395755,18499973,2018-11,0.3661483824253082,False
18418667,18554952,2018-11,0.4722439646720886,False
18413762,18407039,2018-11,0.35677123069763184,False
18433058,18369652,2018-11,0.379202276468277,False
18432125,18527104,2018-11,0.44732174277305603,False
18432079,18440091,2018-11,0.26975101232528687,False
18440082,18559825,2018-11,0.32489171624183655,False
18451317,18460726,2018-11,0.48660922050476074,False
18449294,18407562,2018-11,0.4250798225402832,False
18460087,18420478,2018-11,0.32630595564842224,False
18470422,18439802,2018-11,0.2543190121650696,False
18489581,18482389,2018-11,0.3659241199493408,False
18488042,18557260,2018-11,0.4193650186061859,False
18487489,18376652,2018-11,0.306342750787735,False
18492904,18570797,2018-11,0.430128812789917,False
18503327,18535544,2018-11,0.4367155432701111,False
18509212,18424428,2018-11,0.5599822402000427,False
18521108,18444073,2018-11,0.3552457094192505,False
18525119,18525494,2018-11,0.6166902184486389,False
18534791,18491763,2018-11,0.525291383266449,False
18534155,18475518,2018-11,0.3700903058052063,False
18542635,18544534,2018-11,0.7182235717773438,False
18554455,18495161,2018-11,0.31230711936950684,False
18550910,18400573,2018-11,0.3474618196487427,False
18548132,18431140,2018-11,0.31294646859169006,False
18577813,18790107,2018-12,0.3060063421726227,False
18581470,18783271,2018-12,0.2725725769996643,False
18591065,18762046,2018-12,0.38276582956314087,False
18589769,18692551,2018-12,0.28975003957748413,False
18588226,18638290,2018-12,0.469829261302948,False
18587612,18620978,2018-12,0.4167768955230713,False
18586775,18723165,2018-12,0.37812474370002747,False
18598196,18720835,2018-12,0.36495882272720337,False
18621166,18745449,2018-12,0.46219602227211,False
18650646,18629250,2018-12,0.563460648059845,False
18649568,18794545,2018-12,0.32324737310409546,False
18655038,18635078,2018-12,0.38426417112350464,False
18665812,18751469,2018-12,0.28183406591415405,False
18671403,18736698,2018-12,0.31402677297592163,False
18671390,18683088,2018-12,0.49803805351257324,False
18690973,18691896,2018-12,0.384288489818573,False
18692923,18624915,2018-12,0.4777994453907013,False
18702619,18676986,2018-12,0.8630377054214478,False
18707268,18643202,2018-12,0.43236640095710754,False
18729898,18600476,2018-12,0.3249889016151428,False
18735125,18703172,2018-12,0.49048909544944763,False
18734047,18743628,2018-12,0.3459690809249878,False
18746127,18761712,2018-12,0.4169025123119354,False
18745294,18664193,2018-12,0.40105512738227844,False
18759241,18767257,2018-12,0.32428157329559326,False
18761907,18688260,2018-12,0.2979872226715088,False
18760236,18793378,2018-12,0.3570496439933777,False
18782993,18776306,2018-12,0.39835384488105774,False
18797787,18653382,2018-12,0.35529786348342896,False
18793849,18765383,2018-12,0.3883844017982483,False
18802487,18979541,2019-01,0.3497586250305176,False
18802405,18865392,2019-01,0.38268154859542847,False
18811554,18967301,2019-01,0.23510625958442688,False
18824023,19031612,2019-01,0.6262916922569275,False
18833519,18914378,2019-01,0.34302815794944763,False
18830422,19015093,2019-01,0.37386462092399597,False
18840747,18936253,2019-01,0.49381211400032043,False
18838808,18911940,2019-01,0.3256780207157135,False
18858724,18950685,2019-01,0.2702452838420868,False
18872003,18841432,2019-01,0.3056328296661377,False
18870960,18865265,2019-01,0.24451763927936554,False
18897725,18933716,2019-01,0.4181484282016754,False
18925295,18811394,2019-01,0.42992985248565674,False
18933614,18947988,2019-01,0.5539859533309937,False
18936313,18908286,2019-01,0.47105902433395386,False
18946853,18940435,2019-01,0.41082751750946045,False
18960798,18829339,2019-01,0.3642019033432007,False
18971823,19025639,2019-01,0.36631834506988525,False
18978661,19025885,2019-01,0.3735397458076477,False
18991275,18863906,2019-01,0.4269130825996399,False
18987211,18822157,2019-01,0.457233726978302,False
19009124,18808561,2019-01,0.35512852668762207,False
19007117,18991688,2019-01,0.5229644775390625,False
19006661,18837733,2019-01,0.41654494404792786,False
19009824,19014736,2019-01,0.28409287333488464,False
19016991,18898502,2019-01,0.2670741677284241,False
19028483,19011890,2019-01,0.37914809584617615,False
19025709,18953040,2019-01,0.44197162985801697,False
19037608,19012443,2019-01,0.2995803952217102,False
19044282,18904507,2019-01,0.37366652488708496,False
19055994,19247515,2019-02,0.34005656838417053,False
19054501,19225268,2019-02,0.40965598821640015,False
19050681,19153520,2019-02,0.327028751373291,False
19050482,19253333,2019-02,0.3841678202152252,False
19072433,19065461,2019-02,0.33802345395088196,False
19070547,19180046,2019-02,0.41834235191345215,False
19069671,19072769,2019-02,0.4841071367263794,False
19079696,19129091,2019-02,0.3599204421043396,False
19087442,19274580,2019-02,0.3934954106807709,False
19086893,19222215,2019-02,0.3061838150024414,False
19109092,19195670,2019-02,0.4263880252838135,False
19118326,19183678,2019-02,0.30286094546318054,False
19125134,19088839,2019-02,0.44534820318222046,False
19129408,19250336,2019-02,0.39049750566482544,False
19132702,19268136,2019-02,0.40270310640335083,False
19145706,19197883,2019-02,0.36816099286079407,False
19140220,19238976,2019-02,0.25114017724990845,False
19163302,19104734,2019-02,0.3481389880180359,False
19161515,19246447,2019-02,0.4639483690261841,False
19168712,19068865,2019-02,0.3471764922142029,False
19180158,19133394,2019-02,0.5514040589332581,False
19183703,19178282,2019-02,0.3747037351131439,False
19195239,19241545,2019-02,0.42863669991493225,False
19201728,19163522,2019-02,0.485684335231781,False
19207523,19204866,2019-02,0.3324942886829376,False
19204762,19086148,2019-02,0.4427310824394226,False
19215724,19066366,2019-02,0.38617923855781555,False
19249703,19163724,2019-02,0.38012489676475525,False
19253787,19247633,2019-02,0.22203049063682556,False
19271164,19144913,2019-02,0.34869593381881714,False
19276977,19397572,2019-03,0.35386326909065247,False
19288241,19308185,2019-03,0.3708394765853882,False
19294358,19529374,2019-03,0.5058407187461853,False
19309764,19291259,2019-03,0.32939499616622925,False
19321637,19399044,2019-03,0.4615473747253418,False
19320217,19416678,2019-03,0.25467416644096375,False
19330632,19424813,2019-03,0.5588015913963318,False
19334245,19383241,2019-03,0.35790252685546875,False
19345860,19442593,2019-03,0.26041287183761597,False
19363720,19525778,2019-03,0.47369080781936646,False
19359928,19337689,2019-03,0.3887830376625061,False
19355691,19281222,2019-03,0.34566324949264526,False
19389912,19515513,2019-03,0.38017523288726807,False
19410183,19537873,2019-03,0.34030067920684814,False
19426062,19358062,2019-03,0.41284263134002686,False
19418770,19474742,2019-03,0.42556095123291016,False
19445093,19327183,2019-03,0.44706350564956665,False
19441448,19304326,2019-03,0.46598485112190247,False
19453745,19460248,2019-03,0.3387046456336975,False
19471903,19319284,2019-03,0.3787212371826172,False
19471239,19329208,2019-03,0.3738997280597687,False
19470044,19373549,2019-03,0.4342845678329468,False
19479409,19485558,2019-03,0.3852188289165497,False
19477845,19350747,2019-03,0.37560147047042847,False
19481732,19407359,2019-03,0.4233451187610626,False
19514336,19309927,2019-03,0.3823702037334442,False
19529269,19311090,2019-03,0.42875009775161743,False
19539255,19510074,2019-03,0.3314189016819,False
19534412,19428060,2019-03,0.280219167470932,False
19534345,19530384,2019-03,0.2850380539894104,False
19546698,19729284,2019-04,0.3660784363746643,False
19554425,19787645,2019-04,0.3690706491470337,False
19567290,19789381,2019-04,0.42068660259246826,False
19578043,19778708,2019-04,0.347758948802948,False
19570819,19755536,2019-04,0.40743595361709595,False
19569883,19688491,2019-04,0.4711429476737976,False
19589848,19782760,2019-04,0.3899521231651306,False
19606794,19561718,2019-04,0.3905715048313141,False
19616599,19767184,2019-04,0.36629030108451843,False
19626275,19784400,2019-04,0.5057981610298157,False
19620616,19728271,2019-04,0.36661410331726074,False
19644191,19640374,2019-04,0.47100207209587097,False
19655893,19688564,2019-04,0.41001802682876587,False
19655015,19744221,2019-04,0.46739843487739563,False
19658154,19694377,2019-04,0.33783024549484253,False
19669936,19550028,2019-04,0.32863807678222656,False
19664692,19701279,2019-04,0.3763542175292969,False
19673324,19793181,2019-04,0.36089396476745605,False
19672217,19746336,2019-04,0.39306744933128357,False
19698991,19708451,2019-04,0.40611255168914795,False
19698036,19595604,2019-04,0.4440207779407501,False
19713791,19567073,2019-04,0.4277176260948181,False
19740923,19789361,2019-04,0.41258037090301514,False
19734674,19663872,2019-04,0.4474360942840576,False
19750196,19558030,2019-04,0.3999217748641968,False
19747706,19600135,2019-04,0.4017648696899414,False
19744558,19689329,2019-04,0.28968530893325806,False
19755808,19595314,2019-04,0.3718244433403015,False
19771439,19632052,2019-04,0.504167914390564,False
19789556,19790017,2019-04,0.2348974049091339,False
19799816,20028625,2019-05,0.423562228679657,False
19813429,20039891,2019-05,0.4027307629585266,False
19821101,19835214,2019-05,0.37367668747901917,False
19818728,19817373,2019-05,0.3935104310512543,False
19816282,19817838,2019-05,0.4210250973701477,False
19830042,20019647,2019-05,0.29288390278816223,False
19840758,20006062,2019-05,0.3681829571723938,False
19846371,19944510,2019-05,0.3763274550437927,False
19862813,19931043,2019-05,0.3887372612953186,False
19861717,20008694,2019-05,0.2541407346725464,False
19872185,19920552,2019-05,0.491890013217926,False
19870146,19936909,2019-05,0.404305636882782,False
19886754,19887468,2019-05,0.30182695388793945,False
19892396,20054295,2019-05,0.3541857600212097,False
19892190,19886825,2019-05,0.34789788722991943,False
19933274,19939030,2019-05,0.33964818716049194,False
19932459,19946711,2019-05,0.3006310760974884,False
19928505,19920715,2019-05,0.6208305954933167,False
19928429,19923521,2019-05,0.3759255111217499,False
19965242,19896599,2019-05,0.3321828246116638,False
19964431,19797894,2019-05,0.41262221336364746,False
19970941,19910607,2019-05,0.3749387860298157,False
19981736,20005315,2019-05,0.39406818151474,False
19994640,20029247,2019-05,0.32924389839172363,False
20027838,19946730,2019-05,0.47302156686782837,False
20050786,19944523,2019-05,0.25807422399520874,False
20064900,19946419,2019-05,0.29175734519958496,False
20071551,20229145,2019-06,0.34929734468460083,False
20070522,20181219,2019-06,0.3009369969367981,False
20073705,20295754,2019-06,0.37369999289512634,False
20088639,20133151,2019-06,0.31821101903915405,False
20083780,20133844,2019-06,0.2620489299297333,False
20107360,20069301,2019-06,0.35787153244018555,False
20100492,20302158,2019-06,0.39853861927986145,False
20130134,20201074,2019-06,0.3795366585254669,False
20130102,20142828,2019-06,0.46797242760658264,False
20130057,20263089,2019-06,0.32351186871528625,False
20139757,20147764,2019-06,0.4085428714752197,False
20160693,20251308,2019-06,0.38182875514030457,False
20170966,20131964,2019-06,0.331173300743103,False
20190558,20142531,2019-06,0.2998577058315277,False
20194838,20069213,2019-06,0.5768611431121826,False
20201691,20067529,2019-06,0.4814492166042328,False
20227345,20292798,2019-06,0.31217068433761597,False
20230729,20107023,2019-06,0.5013500452041626,False
20253881,20085986,2019-06,0.32486796379089355,False
20268436,20197815,2019-06,0.36105096340179443,False
20275684,20147228,2019-06,0.35992977023124695,False
20270309,20092879,2019-06,0.27862298488616943,False
20302010,20109946,2019-06,0.3293163776397705,False
20301935,20220112,2019-06,0.36934447288513184,False
20301692,20195575,2019-06,0.43795228004455566,False
20301619,20147116,2019-06,0.3627125322818756,False
20312714,20249693,2019-06,0.3177478313446045,False
20351738,20540379,2019-07,0.42898499965667725,False
20374800,20534729,2019-07,0.48526063561439514,False
20384911,20453189,2019-07,0.34667566418647766,False
20383976,20524616,2019-07,0.3109484910964966,False
20381180,20439703,2019-07,0.2954905331134796,False
20392342,20494747,2019-07,0.41378021240234375,False
20390336,20324092,2019-07,0.30575835704803467,False
20389148,20507024,2019-07,0.5112991333007812,False
20404847,20430802,2019-07,0.32396864891052246,False
20414905,20359700,2019-07,0.33540308475494385,False
20410126,20440182,2019-07,0.384270578622818,False
20417303,20405832,2019-07,0.3955717384815216,False
20428343,20499397,2019-07,0.34242284297943115,False
20426684,20420320,2019-07,0.6154590249061584,False
20442606,20495047,2019-07,0.3563111126422882,False
20475957,20513368,2019-07,0.5125563740730286,False
20493947,20388408,2019-07,0.4189830720424652,False
20497548,20439425,2019-07,0.25430527329444885,False
20497546,20325640,2019-07,0.4593375325202942,False
20505365,20574874,2019-07,0.3721981644630432,False
20514446,20546906,2019-07,0.47210854291915894,False
20524543,20514755,2019-07,0.29869192838668823,False
20521601,20579166,2019-07,0.46170029044151306,False
20532879,20411874,2019-07,0.4397793412208557,False
20531307,20433926,2019-07,0.36452630162239075,False
20548405,20557586,2019-07,0.3179905414581299,False
20546503,20566105,2019-07,0.3820667266845703,False
20570025,20433533,2019-07,0.5432881712913513,False
20565425,20543495,2019-07,0.4266064763069153,False
20561562,20460522,2019-07,0.36531752347946167,False
20588809,20685049,2019-08,0.44885286688804626,False
20592783,20693588,2019-08,0.43856358528137207,False
20591640,20789786,2019-08,0.49019595980644226,False
20626984,20839796,2019-08,0.30394238233566284,False
20624140,20790129,2019-08,0.5005847811698914,False
20644096,20643311,2019-08,0.4642952084541321,False
20650215,20670176,2019-08,0.33480536937713623,False
20666060,20766208,2019-08,0.291185200214386,False
20674745,20809666,2019-08,0.5322780013084412,False
20697449,20682603,2019-08,0.3444606065750122,False
20706174,20823542,2019-08,0.37004226446151733,False
20718982,20644393,2019-08,0.3293374180793762,False
20728288,20833639,2019-08,0.5908885598182678,False
20739408,20795054,2019-08,0.38558149337768555,False
20736697,20661193,2019-08,0.30342549085617065,False
20748634,20645243,2019-08,0.3365299701690674,False
20747526,20828281,2019-08,0.4457581043243408,False
20759409,20701115,2019-08,0.3852095901966095,False
20759275,20633035,2019-08,0.34345147013664246,False
20756717,20842108,2019-08,0.29350805282592773,False
20771604,20726631,2019-08,0.35724106431007385,False
20765553,20641893,2019-08,0.3899875283241272,False
20820846,20697972,2019-08,0.5145173668861389,False
20819672,20755923,2019-08,0.29499274492263794,False
20817083,20633780,2019-08,0.26942551136016846,False
20842340,20819478,2019-08,0.40605682134628296,False
20839068,20666165,2019-08,0.3347081243991852,False
20838259,20689124,2019-08,0.39487600326538086,False
20848153,20683212,2019-08,0.32616469264030457,False
20872585,21007326,2019-09,0.3493753969669342,False
20864659,21051174,2019-09,0.36724603176116943,False
20875409,21114213,2019-09,0.45928823947906494,False
20894382,21106909,2019-09,0.4760286808013916,False
20913779,20914509,2019-09,0.33804216980934143,False
20912556,21043859,2019-09,0.2564249336719513,False
20911727,20982179,2019-09,0.40864062309265137,False
20954147,21082757,2019-09,0.32549071311950684,False
20949974,21002073,2019-09,0.3636663556098938,False
20948760,21073415,2019-09,0.3717648386955261,False
20948480,21042390,2019-09,0.3252767324447632,False
20961673,21099734,2019-09,0.39649564027786255,False
20960486,20984689,2019-09,0.3338063359260559,False
20968088,21000230,2019-09,0.3780139684677124,False
20976950,20907876,2019-09,0.4377285838127136,False
20983239,21038566,2019-09,0.2639962136745453,False
20998543,20903273,2019-09,0.41578173637390137,False
21021188,21086031,2019-09,0.40864700078964233,False
21017413,21039474,2019-09,0.3119201362133026,False
21026197,20922855,2019-09,0.3395276665687561,False
21025097,20996283,2019-09,0.33737388253211975,False
21037308,20967329,2019-09,0.34443366527557373,False
21042468,21039955,2019-09,0.5114833116531372,False
21040737,21046371,2019-09,0.4520843029022217,False
21054306,21108527,2019-09,0.3694459795951843,False
21084748,20909404,2019-09,0.3515702784061432,False
21077275,21038827,2019-09,0.4088588356971741,False
21107628,21054773,2019-09,0.44740384817123413,False
21104037,20893737,2019-09,0.3277626931667328,False
21115863,21003731,2019-09,0.35203468799591064,False
21127528,21291282,2019-10,0.4703649878501892,False
21123142,21212573,2019-10,0.4864974021911621,False
21151032,21382470,2019-10,0.502187967300415,False
21159485,21365516,2019-10,0.3924175500869751,False
21156476,21178609,2019-10,0.37545788288116455,False
21166852,21141761,2019-10,0.4795587658882141,False
21195107,21241712,2019-10,0.42718595266342163,False
21193203,21131704,2019-10,0.34613192081451416,False
21202083,21242190,2019-10,0.27818000316619873,False
21200456,21190042,2019-10,0.3158608675003052,False
21216200,21299546,2019-10,0.2772420346736908,False
21212205,21173493,2019-10,0.37369585037231445,False
21242343,21347394,2019-10,0.38458508253097534,False
21240057,21309949,2019-10,0.2537743151187897,False
21278924,21211701,2019-10,0.3199024796485901,False
21293132,21162963,2019-10,0.4495975971221924,False
21287498,21282699,2019-10,0.37133073806762695,False
21299032,21305837,2019-10,0.3556390404701233,False
21306017,21259765,2019-10,0.5846745371818542,False
21315699,21386113,2019-10,0.37861984968185425,False
21329215,21370099,2019-10,0.3164246082305908,False
21359601,21239740,2019-10,0.427634596824646,False
21355631,21211650,2019-10,0.24649322032928467,False
21353123,21152978,2019-10,0.550801694393158,False
21363217,21298637,2019-10,0.4011443853378296,False
21377353,21179378,2019-10,0.42340296506881714,False
21383730,21398976,2019-10,0.4075010120868683,False
21400356,21407403,2019-10,0.2930264472961426,False
21394352,21205237,2019-10,0.370338499546051,False
21409066,21361988,2019-10,0.4415202736854553,False
21441273,21624742,2019-11,0.37709760665893555,False
21456403,21503005,2019-11,0.4897572994232178,False
21454273,21618774,2019-11,0.39279597997665405,False
21466567,21613098,2019-11,0.30705195665359497,False
21473893,21639476,2019-11,0.34892743825912476,False
21479432,21472216,2019-11,0.44015073776245117,False
21502509,21481147,2019-11,0.39133983850479126,False
21528246,21527188,2019-11,0.3906005620956421,False
21522830,21627714,2019-11,0.4435206353664398,False
21537314,21564636,2019-11,0.2958672046661377,False
21533958,21517868,2019-11,0.3267521262168884,False
21547312,21657725,2019-11,0.24179670214653015,False
21554401,21560042,2019-11,0.3792009949684143,False
21559787,21521243,2019-11,0.5283815264701843,False
21567592,21660423,2019-11,0.4703848361968994,False
21577156,21447215,2019-11,0.22484900057315826,False
21593446,21476864,2019-11,0.44670358300209045,False
21601932,21547958,2019-11,0.3718932271003723,False
21601774,21591206,2019-11,0.3871714174747467,False
21626025,21531781,2019-11,0.2868463695049286,False
21625901,21567841,2019-11,0.35431617498397827,False
21625861,21646422,2019-11,0.3464640974998474,False
21624984,21466488,2019-11,0.3708139657974243,False
21643337,21508546,2019-11,0.3750994801521301,False
21642255,21507383,2019-11,0.3584403395652771,False
21638639,21461957,2019-11,0.3024667799472809,False
21651113,21667353,2019-11,0.46301767230033875,False
21649495,21545425,2019-11,0.3594628572463989,False
21665672,21663398,2019-11,0.44301971793174744,False
21669679,21657681,2019-11,0.40536049008369446,False
21684922,21833718,2019-12,0.4242270588874817,False
21701058,21768966,2019-12,0.46785828471183777,False
21711808,21881979,2019-12,0.34111520648002625,False
21709906,21838655,2019-12,0.44127994775772095,False
21724027,21812679,2019-12,0.39357441663742065,False
21723740,21730020,2019-12,0.4438883662223816,False
21731181,21853044,2019-12,0.3816503882408142,False
21737427,21812277,2019-12,0.4003700017929077,False
21744738,21795079,2019-12,0.3112039864063263,False
21743950,21913580,2019-12,0.5187656283378601,False
21741834,21891182,2019-12,0.3523149788379669,False
21739918,21784264,2019-12,0.3200452923774719,False
21739879,21764734,2019-12,0.4386433959007263,False
21752230,21855564,2019-12,0.353304922580719,False
21770131,21757418,2019-12,0.40907901525497437,False
21784868,21804160,2019-12,0.43742865324020386,False
21790158,21760957,2019-12,0.2819364070892334,False
21815333,21743129,2019-12,0.3588390648365021,False
21814147,21871553,2019-12,0.2997673451900482,False
21809610,21725959,2019-12,0.41259169578552246,False
21847051,21847583,2019-12,0.5351591110229492,False
21843593,21855249,2019-12,0.4327126741409302,False
21853782,21790255,2019-12,0.303244411945343,False
21865813,21751732,2019-12,0.3219868540763855,False
21872293,21904620,2019-12,0.4260447025299072,False
21879374,21828903,2019-12,0.3643641471862793,False
21885800,21710863,2019-12,0.4117642343044281,False
21883615,21920205,2019-12,0.3393205404281616,False
21917747,21747175,2019-12,0.21439002454280853,False
21924298,21903007,2019-12,0.4236217439174652,False
21940274,22161830,2020-01,0.42312461137771606,False
21937429,21988096,2020-01,0.36819207668304443,False
21951467,22088175,2020-01,0.5002189874649048,False
21948698,22031644,2020-01,0.3356100916862488,False
21953293,22033827,2020-01,0.36246320605278015,False
21962326,22170206,2020-01,0.37352052330970764,False
21960177,22180600,2020-01,0.40618574619293213,False
21959874,22179383,2020-01,0.30612027645111084,False
21980924,22148293,2020-01,0.3184434771537781,False
21979391,22090358,2020-01,0.3615323305130005,False
21990346,22122005,2020-01,0.39990076422691345,False
21989206,21928319,2020-01,0.2944469153881073,False
22002818,22189178,2020-01,0.39717280864715576,False
22042029,22021530,2020-01,0.40056395530700684,False
22053105,21954704,2020-01,0.39425361156463623,False
22072538,22096571,2020-01,0.4019468426704407,False
22083775,22164314,2020-01,0.4284113049507141,False
22101066,22033129,2020-01,0.3859848976135254,False
22103432,22027093,2020-01,0.32011914253234863,False
22115280,22035961,2020-01,0.30537334084510803,False
22128652,22172563,2020-01,0.3551021218299866,False
22123945,21971223,2020-01,0.36858314275741577,False
22149107,22044262,2020-01,0.5551762580871582,False
22143538,22138849,2020-01,0.46622252464294434,False
22161693,22186672,2020-01,0.3978947103023529,False
22158247,22132762,2020-01,0.36051517724990845,False
22174412,22107144,2020-01,0.4089670181274414,False
22166830,21989063,2020-01,0.25423189997673035,False
22180832,21960211,2020-01,0.37820541858673096,False
22201366,21974962,2020-01,0.39326488971710205,False
22216472,22394652,2020-02,0.5146228075027466,False
22228639,22328109,2020-02,0.4033685624599457,False
22242478,22353596,2020-02,0.4070461094379425,False
22258803,22422838,2020-02,0.3261752426624298,False
22291417,22290227,2020-02,0.4790976643562317,False
22315668,22308771,2020-02,0.46688488125801086,False
22314222,22403626,2020-02,0.45886340737342834,False
22324023,22358338,2020-02,0.32991400361061096,False
22335339,22452961,2020-02,0.39435163140296936,False
22344254,22441289,2020-02,0.4329313635826111,False
22342993,22213007,2020-02,0.3124520778656006,False
22342601,22268436,2020-02,0.4326595067977905,False
22345255,22449562,2020-02,0.34025388956069946,False
22355343,22416677,2020-02,0.4125547409057617,False
22352750,22396814,2020-02,0.4564667046070099,False
22377934,22444240,2020-02,0.4333900809288025,False
22386417,22381074,2020-02,0.33062684535980225,False
22399357,22309061,2020-02,0.35648733377456665,False
22398872,22327467,2020-02,0.3253583312034607,False
22408107,22449314,2020-02,0.3498777747154236,False
22401444,22369920,2020-02,0.5571622848510742,False
22436003,22251797,2020-02,0.40605229139328003,False
22429124,22323090,2020-02,0.3280176520347595,False
22443061,22430206,2020-02,0.32711124420166016,False
22453402,22266966,2020-02,0.4395815134048462,False
22453211,22380943,2020-02,0.364737868309021,False
22451230,22275541,2020-02,0.49608540534973145,False
22459880,22721341,2020-03,0.4059220254421234,False
22455009,22518680,2020-03,0.42183634638786316,False
22502131,22461836,2020-03,0.315790057182312,False
22518263,22683745,2020-03,0.33004218339920044,False
22522889,22578855,2020-03,0.4112018346786499,False
22522391,22612591,2020-03,0.3321799635887146,False
22539117,22572862,2020-03,0.36228567361831665,False
22544563,22685053,2020-03,0.35097038745880127,False
22560075,22677965,2020-03,0.45366138219833374,False
22552790,22653439,2020-03,0.3545260429382324,False
22571729,22698472,2020-03,0.5282198190689087,False
22629959,22654135,2020-03,0.3425121307373047,False
22640407,22524176,2020-03,0.41088488698005676,False
22636934,22739683,2020-03,0.2955078184604645,False
22635028,22532395,2020-03,0.351630836725235,False
22681207,22668614,2020-03,0.20875054597854614,False
22705028,22515987,2020-03,0.3826279640197754,False
22712077,22529257,2020-03,0.4639405608177185,False
22717367,22686433,2020-03,0.3203102946281433,False
22747737,23005999,2020-04,0.3802846670150757,False
22783440,23010023,2020-04,0.36560600996017456,False
22803439,23016142,2020-04,0.5762633085250854,False
22823094,22861585,2020-04,0.49012064933776855,False
22849538,22826264,2020-04,0.2919457256793976,False
22848106,23022864,2020-04,0.2782157361507416,False
22859698,22890877,2020-04,0.4001455307006836,False
22876187,22999241,2020-04,0.4225480556488037,False
22875452,22748543,2020-04,0.33452939987182617,False
22892494,22784098,2020-04,0.338548481464386,False
22946824,22965187,2020-04,0.39658328890800476,False
22981634,22918112,2020-04,0.29494380950927734,False
22999132,22847429,2020-04,0.49546438455581665,False
23035120,22784153,2020-04,0.37888988852500916,False
23042676,23109402,2020-05,0.5741863250732422,False
23049773,23152092,2020-05,0.4849720597267151,False
23060656,23079145,2020-05,0.2743605077266693,False
23075893,23271872,2020-05,0.47925370931625366,False
23096249,23368246,2020-05,0.32773348689079285,False
23091932,23237819,2020-05,0.372539758682251,False
23104842,23193140,2020-05,0.27881908416748047,False
23122787,23360223,2020-05,0.37985149025917053,False
23129309,23069372,2020-05,0.39931222796440125,False
23143160,23078725,2020-05,0.4164349138736725,False
23141191,23359096,2020-05,0.37384432554244995,False
23157312,23215877,2020-05,0.536720871925354,False
23154712,23248256,2020-05,0.4779397249221802,False
23197452,23090150,2020-05,0.3519222140312195,False
23189512,23332813,2020-05,0.4062381386756897,False
23189024,23181898,2020-05,0.3041781485080719,False
23209792,23193959,2020-05,0.4311602711677551,False
23223358,23206440,2020-05,0.4042876362800598,False
23250379,23066971,2020-05,0.46813803911209106,False
23249628,23300195,2020-05,0.3324992060661316,False
23314993,23046420,2020-05,0.4395821988582611,False
23310412,23231361,2020-05,0.36621296405792236,False
23309091,23125198,2020-05,0.35789185762405396,False
23306480,23057197,2020-05,0.3969253599643707,False
23321426,23211184,2020-05,0.3662315607070923,False
23345379,23347357,2020-05,0.49693113565444946,False
23360237,23069099,2020-05,0.36775118112564087,False
23391908,23546206,2020-06,0.4547134041786194,False
23389137,23651848,2020-06,0.3366103768348694,False
23400042,23379709,2020-06,0.3250589668750763,False
23416322,23399746,2020-06,0.45797261595726013,False
23457839,23488713,2020-06,0.4230000376701355,False
23453308,23552180,2020-06,0.5765289068222046,False
23470162,23525199,2020-06,0.3970447778701782,False
23476859,23446399,2020-06,0.26546138525009155,False
23490215,23374823,2020-06,0.4416724741458893,False
23489653,23623716,2020-06,0.3920714557170868,False
23497756,23474846,2020-06,0.3722882866859436,False
23508548,23451649,2020-06,0.3862757682800293,False
23520632,23472752,2020-06,0.35736268758773804,False
23554944,23512897,2020-06,0.30943378806114197,False
23563987,23566810,2020-06,0.2796802222728729,False
23576857,23596370,2020-06,0.35739225149154663,False
23591325,23594462,2020-06,0.36198633909225464,False
23599278,23414872,2020-06,0.494265079498291,False
23597426,23487121,2020-06,0.4223380386829376,False
23620757,23578319,2020-06,0.3690979778766632,False
23618465,23417891,2020-06,0.4030807614326477,False
23623845,23581841,2020-06,0.33039435744285583,False
23656369,23498257,2020-06,0.3242523670196533,False
23662067,23492358,2020-06,0.35676708817481995,False
23671573,23537321,2020-06,0.35451996326446533,False
23665731,23401328,2020-06,0.31343144178390503,False
23678633,23508833,2020-06,0.4504467248916626,False
23687569,23392323,2020-06,0.4550919532775879,False
23687568,23416164,2020-06,0.3613767623901367,False
23696427,23851542,2020-07,0.2777249813079834,False
23710799,23955202,2020-07,0.388814240694046,False
23710210,23936249,2020-07,0.3819107115268707,False
23738156,23746534,2020-07,0.47501933574676514,False
23759332,23997444,2020-07,0.4378053545951843,False
23802012,23893366,2020-07,0.3106992244720459,False
23821411,23901834,2020-07,0.36319422721862793,False
23839212,23925783,2020-07,0.41807419061660767,False
23832478,23917139,2020-07,0.39418327808380127,False
23830474,23725829,2020-07,0.4601811170578003,False
23841011,23823963,2020-07,0.3269985318183899,False
23867892,23845575,2020-07,0.3761093020439148,False
23885684,23755693,2020-07,0.28737694025039673,False
23887637,23759673,2020-07,0.272611528635025,False
23895706,23736158,2020-07,0.5446459054946899,False
23895481,24013440,2020-07,0.2812376618385315,False
23914465,23904104,2020-07,0.4792329668998718,False
23925664,23986251,2020-07,0.3558758795261383,False
23923799,23762403,2020-07,0.285194456577301,False
23944506,23986925,2020-07,0.3392283320426941,False
23952084,23836876,2020-07,0.37918949127197266,False
23946851,23983749,2020-07,0.4291016161441803,False
23964964,23829887,2020-07,0.3216705620288849,False
23974864,23781552,2020-07,0.2593449056148529,False
23974842,23904642,2020-07,0.4175713062286377,False
23971986,23710635,2020-07,0.3402632176876068,False
23989215,23981447,2020-07,0.31512871384620667,False
24003384,23878728,2020-07,0.3334859013557434,False
23993251,23731814,2020-07,0.3309251666069031,False
24007929,23827647,2020-07,0.24823004007339478,False
24016246,24205363,2020-08,0.4004861116409302,False
24061653,24303332,2020-08,0.4083403944969177,False
24060737,24226740,2020-08,0.3617303967475891,False
24078369,24238096,2020-08,0.42627501487731934,False
24096154,24052330,2020-08,0.4284124970436096,False
24094526,24321938,2020-08,0.2606009840965271,False
24099151,24251122,2020-08,0.38117966055870056,False
24126754,24198114,2020-08,0.3660716414451599,False
24118466,24024239,2020-08,0.28992682695388794,False
24130849,24296968,2020-08,0.5948534607887268,False
24149020,24133146,2020-08,0.3202512264251709,False
24145815,24210592,2020-08,0.3601270318031311,False
24192117,24139943,2020-08,0.30618274211883545,False
24203727,24018131,2020-08,0.4447331428527832,False
24196650,24071787,2020-08,0.28983280062675476,False
24194747,24035163,2020-08,0.44082897901535034,False
24208726,24159963,2020-08,0.2693432867527008,False
24224720,24262090,2020-08,0.477135568857193,False
24237207,24167034,2020-08,0.4172544479370117,False
24232307,24055823,2020-08,0.31006768345832825,False
24245860,24098599,2020-08,0.5340772867202759,False
24244168,24173238,2020-08,0.3320249915122986,False
24276419,24021929,2020-08,0.49539199471473694,False
24269316,24326945,2020-08,0.4833611845970154,False
24281355,24176099,2020-08,0.43269082903862,False
24295466,24271314,2020-08,0.37335091829299927,False
24319675,24160391,2020-08,0.33681434392929077,False
24316654,24067162,2020-08,0.5079643726348877,False
24323778,24097348,2020-08,0.5046796798706055,False
24330326,24017555,2020-08,0.3860931992530823,False
24339697,24590359,2020-09,0.46333882212638855,False
24339002,24406829,2020-09,0.3910185694694519,False
24351320,24339501,2020-09,0.5248898267745972,False
24351173,24357320,2020-09,0.2731162905693054,False
24360749,24427930,2020-09,0.3744205832481384,False
24360232,24641063,2020-09,0.3690106272697449,False
24378304,24502221,2020-09,0.4505901336669922,False
24373459,24384026,2020-09,0.4016370475292206,False
24370792,24450392,2020-09,0.5486400127410889,False
24370510,24471525,2020-09,0.3600188195705414,False
24386584,24617571,2020-09,0.3145211338996887,False
24401565,24526676,2020-09,0.40426358580589294,False
24400603,24461844,2020-09,0.47467514872550964,False
24399057,24451428,2020-09,0.3638520836830139,False
24397183,24564684,2020-09,0.4694892168045044,False
24410596,24374738,2020-09,0.36403244733810425,False
24431381,24507905,2020-09,0.4665846824645996,False
24429625,24461604,2020-09,0.34490257501602173,False
24453294,24389058,2020-09,0.35693439841270447,False
24484545,24613866,2020-09,0.400961697101593,False
24503163,24513092,2020-09,0.4292762875556946,False
24525995,24442569,2020-09,0.3777930736541748,False
24533590,24628189,2020-09,0.5195411443710327,False
24541487,24394301,2020-09,0.40372705459594727,False
24561214,24481448,2020-09,0.4748297333717346,False
24558329,24579905,2020-09,0.3954281806945801,False
24556082,24365844,2020-09,0.3526099920272827,False
24565643,24589842,2020-09,0.4475942850112915,False
24600310,24577995,2020-09,0.4041074216365814,False
24625512,24411357,2020-09,0.6326135396957397,False
24649616,24805898,2020-10,0.5340160131454468,False
24673785,24719416,2020-10,0.4215000569820404,False
24691990,24671019,2020-10,0.4428849220275879,False
24701739,24892768,2020-10,0.41150808334350586,False
24695710,24679435,2020-10,0.4333854913711548,False
24694565,24762758,2020-10,0.3209895193576813,False
24712342,24795511,2020-10,0.30744653940200806,False
24707468,24848249,2020-10,0.35655462741851807,False
24704952,24848318,2020-10,0.2871643602848053,False
24720681,24825056,2020-10,0.419501930475235,False
24718301,24757333,2020-10,0.3300185203552246,False
24727302,24687572,2020-10,0.305513858795166,False
24740266,24872754,2020-10,0.4138208031654358,False
24753664,24672585,2020-10,0.3487563729286194,False
24781490,24756902,2020-10,0.47247838973999023,False
24776613,24916547,2020-10,0.3148493766784668,False
24803097,24675202,2020-10,0.3603806495666504,False
24798608,24827295,2020-10,0.31802618503570557,False
24797922,24750620,2020-10,0.3358837962150574,False
24809374,24692201,2020-10,0.37289851903915405,False
24822258,24820298,2020-10,0.28476306796073914,False
24836558,24789070,2020-10,0.3718492090702057,False
24835336,24866279,2020-10,0.26746153831481934,False
24852379,24649402,2020-10,0.37664443254470825,False
24864279,24675256,2020-10,0.3412396013736725,False
24884789,24892907,2020-10,0.3936043679714203,False
24931923,24670997,2020-10,0.3783288896083832,False
24944814,24700647,2020-10,0.3726295828819275,False
24941733,24668579,2020-10,0.3108001947402954,False
24955651,24742460,2020-10,0.2935934364795685,False
24971757,25247715,2020-11,0.24327468872070312,False
24968197,25125325,2020-11,0.23774173855781555,False
24966013,25060321,2020-11,0.3638983368873596,False
24989999,25015941,2020-11,0.4565249979496002,False
25010114,25035752,2020-11,0.3356436491012573,False
25035495,24991249,2020-11,0.4525212347507477,False
25031455,25122178,2020-11,0.4379040598869324,False
25045655,25090981,2020-11,0.2647743821144104,False
25058834,25024387,2020-11,0.2700321078300476,False
25058619,25095724,2020-11,0.3914768397808075,False
25068678,25196121,2020-11,0.35135918855667114,False
25116469,25220696,2020-11,0.3857329487800598,False
25121998,24995696,2020-11,0.30208659172058105,False
25142269,24988668,2020-11,0.534194827079773,False
25153879,24968805,2020-11,0.37429556250572205,False
25150638,25026023,2020-11,0.3647580146789551,False
25196574,24964800,2020-11,0.3569090962409973,False
25206801,24986396,2020-11,0.23297713696956635,False
25232995,25179248,2020-11,0.508821964263916,False
25245171,25225810,2020-11,0.4248192310333252,False
25258519,25048031,2020-11,0.3211013674736023,False
25250455,25222601,2020-11,0.292255163192749,False
25276287,25584775,2020-12,0.33417579531669617,False
25292386,25311402,2020-12,0.7221671342849731,False
25290112,25545153,2020-12,0.492726594209671,False
25285983,25270107,2020-12,0.4350646734237671,False
25306088,25261591,2020-12,0.5675334930419922,False
25304554,25420650,2020-12,0.35284262895584106,False
25300746,25340485,2020-12,0.6066620349884033,False
25314066,25323342,2020-12,0.30659055709838867,False
25323509,25320103,2020-12,0.34390944242477417,False
25335858,25389219,2020-12,0.31148460507392883,False
25363308,25296109,2020-12,0.31030184030532837,False
25369711,25466205,2020-12,0.5337923765182495,False
25383942,25331483,2020-12,0.4651085138320923,False
25395742,25316969,2020-12,0.38985347747802734,False
25419844,25541709,2020-12,0.3064154088497162,False
25418366,25558016,2020-12,0.40767812728881836,False
25431821,25287660,2020-12,0.32941558957099915,False
25425289,25507330,2020-12,0.3974537253379822,False
25454418,25424619,2020-12,0.5098125338554382,False
25452567,25318005,2020-12,0.3700750768184662,False
25498755,25487517,2020-12,0.3817541003227234,False
25505550,25574661,2020-12,0.42971235513687134,False
25516712,25397339,2020-12,0.4412241578102112,False
25530178,25277054,2020-12,0.44320911169052124,False
25526470,25442016,2020-12,0.38794630765914917,False
25544423,25557779,2020-12,0.4434337019920349,False
25542011,25288341,2020-12,0.3341051936149597,False
25554941,25414741,2020-12,0.6138968467712402,False
25593262,25592152,2020-12,0.5715837478637695,False
25591552,25539023,2020-12,0.36268365383148193,False
25614098,25875395,2021-01,0.45509567856788635,False
25621407,25629047,2021-01,0.5200701951980591,False
25632592,25612132,2021-01,0.40346959233283997,False
25649693,25957775,2021-01,0.30011582374572754,False
25655423,25874108,2021-01,0.4101896286010742,False
25673106,25759121,2021-01,0.40332165360450745,False
25703614,25707049,2021-01,0.4974326491355896,False
25749820,25818126,2021-01,0.31161049008369446,False
25759430,25730778,2021-01,0.5545132160186768,False
25804633,25979915,2021-01,0.3688993453979492,False
25810072,25904433,2021-01,0.3496548533439636,False
25810034,25892889,2021-01,0.37831979990005493,False
25819803,25620256,2021-01,0.3235466480255127,False
25842661,25748085,2021-01,0.43170666694641113,False
25860325,25747229,2021-01,0.43543991446495056,False
25859128,25641234,2021-01,0.2865254282951355,False
25886682,25832831,2021-01,0.44701552391052246,False
25885524,25927261,2021-01,0.26534751057624817,False
25883791,25856071,2021-01,0.2712799310684204,False
25881740,25601288,2021-01,0.33629339933395386,False
25894810,25883854,2021-01,0.36892420053482056,False
25905899,25842249,2021-01,0.404416024684906,False
25898628,25829757,2021-01,0.41180896759033203,False
25919006,25846305,2021-01,0.47870317101478577,False
25933723,25690500,2021-01,0.3253224194049835,False
25933262,25957844,2021-01,0.3159168064594269,False
25930190,25920517,2021-01,0.23272454738616943,False
25940832,25767296,2021-01,0.5017687082290649,False
25963556,25612429,2021-01,0.315604031085968,False
25967641,25705059,2021-01,0.39881157875061035,False
25992363,26161884,2021-02,0.3760322332382202,False
26028562,26143460,2021-02,0.44966059923171997,False
26024049,26047238,2021-02,0.47988319396972656,False
26044640,26240901,2021-02,0.40856868028640747,False
26054545,26288772,2021-02,0.4029906094074249,False
26110715,26221751,2021-02,0.32780736684799194,False
26127387,26069120,2021-02,0.33518239855766296,False
26133798,26048800,2021-02,0.38756120204925537,False
26148333,26223300,2021-02,0.4746655225753784,False
26143379,26087344,2021-02,0.3185722231864929,False
26172690,26212491,2021-02,0.37852364778518677,False
26163655,26029798,2021-02,0.43353763222694397,False
26183114,26289811,2021-02,0.3663601279258728,False
26195057,26160186,2021-02,0.4582871198654175,False
26206416,26164574,2021-02,0.46050697565078735,False
26203269,26208874,2021-02,0.41223400831222534,False
26216238,26051600,2021-02,0.318014532327652,False
26224784,26155327,2021-02,0.35853055119514465,False
26242264,26223114,2021-02,0.4078613221645355,False
26235754,25999799,2021-02,0.39647284150123596,False
26260235,26279362,2021-02,0.4641248285770416,False
26280727,26125842,2021-02,0.3109334707260132,False
26299408,26615637,2021-03,0.3679167926311493,False
26318362,26635335,2021-03,0.3675643801689148,False
26311616,26506772,2021-03,0.36744463443756104,False
26332157,26334894,2021-03,0.3416478633880615,False
26327815,26590862,2021-03,0.36145853996276855,False
26347613,26513518,2021-03,0.359462171792984,False
26346226,26431507,2021-03,0.43269598484039307,False
26392453,26521668,2021-03,0.36823976039886475,False
26484234,26526086,2021-03,0.4240614175796509,False
26495157,26332783,2021-03,0.3406444191932678,False
26485823,26629779,2021-03,0.31204459071159363,False
26500885,26645246,2021-03,0.46053093671798706,False
26523223,26381661,2021-03,0.472896546125412,False
26523055,26412724,2021-03,0.39681780338287354,False
26531458,26582114,2021-03,0.33098912239074707,False
26527657,26489494,2021-03,0.2971140444278717,False
26550054,26325090,2021-03,0.3339535593986511,False
26564782,26521763,2021-03,0.45531266927719116,False
26562845,26396671,2021-03,0.28160932660102844,False
26586922,26644350,2021-03,0.30146652460098267,False
26583338,26598959,2021-03,0.3462449312210083,False
26587563,26441860,2021-03,0.3405705690383911,False
26611136,26564336,2021-03,0.2718198299407959,False
26609029,26635652,2021-03,0.5321918725967407,False
26607590,26522211,2021-03,0.42834270000457764,False
26627556,26466474,2021-03,0.35432928800582886,False
26621351,26602033,2021-03,0.3102424442768097,False
26620186,26643681,2021-03,0.3733150362968445,False
26633980,26449890,2021-03,0.4006105661392212,False
26653807,26446157,2021-03,0.26048386096954346,False
26676729,26801418,2021-04,0.3585135340690613,False
26670312,26932750,2021-04,0.3362482786178589,False
26696557,26974932,2021-04,0.2836669385433197,False
26695976,26755293,2021-04,0.3422967195510864,False
26694307,26899860,2021-04,0.42141440510749817,False
26717795,26706281,2021-04,0.3690364360809326,False
26712865,26871286,2021-04,0.41403138637542725,False
26723582,26711308,2021-04,0.4106888175010681,False
26720178,26998018,2021-04,0.32823145389556885,False
26737956,26873119,2021-04,0.39959442615509033,False
26746216,26662739,2021-04,0.47835075855255127,False
26745326,26910982,2021-04,0.3135543465614319,False
26764766,26922244,2021-04,0.3713582754135132,False
26800740,26872281,2021-04,0.3020111918449402,False
26796447,26698087,2021-04,0.3649356961250305,False
26809535,26955674,2021-04,0.3742337226867676,False
26816274,26821767,2021-04,0.4123082756996155,False
26837458,26842900,2021-04,0.5367074012756348,False
26868051,26670420,2021-04,0.42803674936294556,False
26891227,26762772,2021-04,0.3643876612186432,False
26907176,26786264,2021-04,0.3532469868659973,False
26899109,26789090,2021-04,0.3501611053943634,False
26916274,26752087,2021-04,0.49001771211624146,False
26943990,26944209,2021-04,0.442757248878479,False
26941332,26759680,2021-04,0.3473679721355438,False
26974019,26900366,2021-04,0.3292968273162842,False
26967683,26672785,2021-04,0.3571202754974365,False
26964819,26974992,2021-04,0.30330491065979004,False
26976540,26866482,2021-04,0.45751073956489563,False
26992934,26835692,2021-04,0.39266279339790344,False
27008767,27325431,2021-05,0.47575128078460693,False
27032277,27139356,2021-05,0.5079122185707092,False
27032066,27048587,2021-05,0.3574977219104767,False
27031332,27326105,2021-05,0.3762265741825104,False
27023049,27058271,2021-05,0.33088332414627075,False
27038803,27154309,2021-05,0.3310695290565491,False
27048048,27274241,2021-05,0.4035552144050598,False
27048013,27127455,2021-05,0.29949021339416504,False
27094550,27163468,2021-05,0.4121703505516052,False
27124644,27268370,2021-05,0.2362820953130722,False
27135573,27192108,2021-05,0.48163050413131714,False
27145559,27002846,2021-05,0.5480154752731323,False
27144764,27085265,2021-05,0.33116841316223145,False
27149532,27344043,2021-05,0.37360841035842896,False
27168551,27185993,2021-05,0.365438848733902,False
27182523,27162844,2021-05,0.36177581548690796,False
27181081,27281043,2021-05,0.34913498163223267,False
27198357,27120354,2021-05,0.5029086470603943,False
27215653,27198087,2021-05,0.39873766899108887,False
27248747,27254204,2021-05,0.2862098515033722,False
27244004,27034627,2021-05,0.29973602294921875,False
27257658,27104376,2021-05,0.41755950450897217,False
27252990,27207404,2021-05,0.34078118205070496,False
27293676,27266485,2021-05,0.44554898142814636,False
27308916,27231485,2021-05,0.3877744674682617,False
27298343,27061704,2021-05,0.3773645758628845,False
27321780,27014027,2021-05,0.4496694803237915,False
27318153,27050928,2021-05,0.37002551555633545,False
27328205,27242392,2021-05,0.3429073691368103,False
27342509,27222457,2021-05,0.3872770369052887,False
27364777,27370646,2021-06,0.28714519739151,False
27387154,27396634,2021-06,0.3248212933540344,False
27413706,27634319,2021-06,0.39330464601516724,False
27422610,27493994,2021-06,0.3647361993789673,False
27431217,27411385,2021-06,0.3287847638130188,False
27443528,27656462,2021-06,0.26860499382019043,False
27459097,27525763,2021-06,0.26120513677597046,False
27456315,27484288,2021-06,0.320590615272522,False
27485574,27433999,2021-06,0.3771399259567261,False
27494288,27629089,2021-06,0.3732006251811981,False
27504190,27557856,2021-06,0.37516143918037415,False
27514638,27510919,2021-06,0.3970681130886078,False
27526737,27499365,2021-06,0.32046788930892944,False
27526332,27581257,2021-06,0.5500133037567139,False
27536974,27637779,2021-06,0.30852290987968445,False
27559017,27577467,2021-06,0.31915467977523804,False
27595879,27639810,2021-06,0.49366918206214905,False
27595309,27614912,2021-06,0.3721736967563629,False
27589582,27421531,2021-06,0.4319661855697632,False
27603212,27464445,2021-06,0.391742467880249,False
27621114,27419237,2021-06,0.4233594834804535,False
27664020,27560360,2021-06,0.4693601429462433,False
27660717,27372444,2021-06,0.3074829578399658,False
27676266,27424195,2021-06,0.24983325600624084,False
27676188,27489685,2021-06,0.4186443090438843,False
27687450,27525031,2021-06,0.39296936988830566,False
27697884,27724008,2021-07,0.2769334018230438,False
27695641,27735057,2021-07,0.4851498007774353,False
27710287,27875158,2021-07,0.18141388893127441,False
27709659,27792219,2021-07,0.4389745593070984,False
27731266,27880357,2021-07,0.29111599922180176,False
27727009,27973497,2021-07,0.3381841778755188,False
27739694,27738312,2021-07,0.38345885276794434,False
27734565,27736980,2021-07,0.3776497542858124,False
27760627,27730682,2021-07,0.43173858523368835,False
27784115,27743740,2021-07,0.5616047382354736,False
27783339,27956754,2021-07,0.4116435647010803,False
27792736,27890457,2021-07,0.41589319705963135,False
27797829,27859530,2021-07,0.38686031103134155,False
27809059,27729209,2021-07,0.43376389145851135,False
27846324,27963868,2021-07,0.4214176535606384,False
27861991,27799420,2021-07,0.45080679655075073,False
27859064,27824245,2021-07,0.39331763982772827,False
27858564,27819700,2021-07,0.44268372654914856,False
27872116,27981246,2021-07,0.3870696425437927,False
27893182,27906787,2021-07,0.4317414164543152,False
27892075,27995130,2021-07,0.3921755850315094,False
27890525,27891102,2021-07,0.42744651436805725,False
27906365,27909698,2021-07,0.391173779964447,False
27920215,27787376,2021-07,0.3600331246852875,False
27926844,27933989,2021-07,0.42578065395355225,False
27959755,27854850,2021-07,0.32446473836898804,False
27985594,27950641,2021-07,0.3870773911476135,False
27998109,27723333,2021-07,0.356423020362854,False
28008369,27943485,2021-07,0.32977768778800964,False
28007012,28007399,2021-07,0.4601844549179077,False
28035307,28084861,2021-08,0.2803375720977783,False
28048292,28367177,2021-08,0.4411494731903076,False
28046928,28258515,2021-08,0.49497950077056885,False
28059637,28108432,2021-08,0.3456847071647644,False
28076480,28200913,2021-08,0.4135146141052246,False
28085512,28305553,2021-08,0.36603695154190063,False
28101336,28197449,2021-08,0.39133572578430176,False
28101252,28039219,2021-08,0.5349081158638,False
28101135,28105111,2021-08,0.3242243528366089,False
28099548,28164172,2021-08,0.28171807527542114,False
28137212,28129919,2021-08,0.3753593862056732,False
28156380,28100346,2021-08,0.24938929080963135,False
28153655,28185847,2021-08,0.298556387424469,False
28179022,28047446,2021-08,0.32100579142570496,False
28191410,28370865,2021-08,0.2948102355003357,False
28191362,28074827,2021-08,0.4674186408519745,False
28221904,28329444,2021-08,0.435552716255188,False
28218354,28370457,2021-08,0.4924951195716858,False
28217026,28335315,2021-08,0.5221701264381409,False
28241826,28266173,2021-08,0.5359851717948914,False
28254120,28287588,2021-08,0.4543357491493225,False
28266980,28215676,2021-08,0.40434736013412476,False
28264686,28073920,2021-08,0.4059697687625885,False
28279365,28227487,2021-08,0.4957495629787445,False
28286199,28126840,2021-08,0.3699911832809448,False
28302995,28313090,2021-08,0.3014340102672577,False
28302211,28101085,2021-08,0.43946611881256104,False
28331610,28149997,2021-08,0.49383583664894104,False
28346826,28170609,2021-08,0.48308348655700684,False
28368483,28280117,2021-08,0.3233608901500702,False
28381245,28691259,2021-09,0.3874818682670593,False
28375989,28401256,2021-09,0.41715487837791443,False
28397132,28592101,2021-09,0.32795730233192444,False
28394834,28431716,2021-09,0.19984185695648193,False
28389833,28494793,2021-09,0.34267503023147583,False
28402544,28382496,2021-09,0.6096477508544922,False
28415582,28610428,2021-09,0.40989238023757935,False
28437797,28461704,2021-09,0.3114314377307892,False
28449779,28693731,2021-09,0.43925684690475464,False
28472330,28504437,2021-09,0.3369159698486328,False
28480810,28598528,2021-09,0.5500176548957825,False
28497256,28468394,2021-09,0.39160406589508057,False
28500577,28421209,2021-09,0.28636062145233154,False
28514159,28573193,2021-09,0.4399656057357788,False
28507449,28630924,2021-09,0.40225470066070557,False
28523878,28505515,2021-09,0.24458560347557068,False
28552034,28394068,2021-09,0.397196501493454,False
28580311,28522327,2021-09,0.33827903866767883,False
28578970,28605329,2021-09,0.6424721479415894,False
28585821,28500457,2021-09,0.48070794343948364,False
28619149,28430335,2021-09,0.4603540897369385,False
28613099,28699637,2021-09,0.2809452414512634,False
28631358,28438296,2021-09,0.3360133767127991,False
28643834,28614699,2021-09,0.4855961203575134,False
28640804,28639018,2021-09,0.3935864269733429,False
28640111,28447672,2021-09,0.5156142711639404,False
28685936,28583441,2021-09,0.46636924147605896,False
28677802,28463289,2021-09,0.3613843023777008,False
28696257,28605633,2021-09,0.2961481213569641,False
28704281,28575607,2021-09,0.45171624422073364,False
28739600,29001486,2021-10,0.47771793603897095,False
28738024,28847065,2021-10,0.3285985589027405,False
28746694,28737192,2021-10,0.43404752016067505,False
28745329,28732675,2021-10,0.28541144728660583,False
28745134,28745371,2021-10,0.49989718198776245,False
28744467,28754680,2021-10,0.37125876545906067,False
28786958,28757980,2021-10,0.4678041934967041,False
28806701,28922989,2021-10,0.43287795782089233,False
28822559,29034956,2021-10,0.3887980580329895,False
28838918,28981275,2021-10,0.3725345730781555,False
28837998,29037321,2021-10,0.2808513939380646,False
28850366,28934566,2021-10,0.39073842763900757,False
28864171,29039969,2021-10,0.331879198551178,False
28892530,29032176,2021-10,0.3936634659767151,False
28886698,29021732,2021-10,0.30044978857040405,False
28895993,28966024,2021-10,0.4454183876514435,False
28927794,28734820,2021-10,0.3919345736503601,False
28940823,28728105,2021-10,0.43184372782707214,False
28962582,28735425,2021-10,0.4980330467224121,False
28960925,29023529,2021-10,0.47401511669158936,False
28953937,28816092,2021-10,0.5130285024642944,False
29019006,28966491,2021-10,0.5712118744850159,False
29017339,28912032,2021-10,0.38147038221359253,False
29016506,28954058,2021-10,0.42531806230545044,False
29010663,28917855,2021-10,0.49679672718048096,False
29051612,28837496,2021-10,0.32456809282302856,False
29057121,28838445,2021-10,0.30704179406166077,False
29108183,29191162,2021-11,0.3885272741317749,False
29123691,29329808,2021-11,0.32691967487335205,False
29139884,29240829,2021-11,0.3016987442970276,False
29139654,29137200,2021-11,0.5886982679367065,False
29150011,29258879,2021-11,0.3342103958129883,False
29181025,29104516,2021-11,0.3775874376296997,False
29171319,29150047,2021-11,0.37598103284835815,False
29187820,29288352,2021-11,0.3425956964492798,False
29198819,29318163,2021-11,0.33639565110206604,False
29218520,29112482,2021-11,0.33883488178253174,False
29216291,29333249,2021-11,0.41429731249809265,False
29229072,29392354,2021-11,0.5512806177139282,False
29268780,29378522,2021-11,0.32166093587875366,False
29265640,29356496,2021-11,0.32870468497276306,False
29291047,29290424,2021-11,0.35835880041122437,False
29286548,29246182,2021-11,0.40595775842666626,False
29296465,29240108,2021-11,0.26830071210861206,False
29321153,29373127,2021-11,0.363593190908432,False
29328345,29180012,2021-11,0.3486853837966919,False
29342529,29262649,2021-11,0.2759793698787689,False
29339776,29223934,2021-11,0.3841184675693512,False
29368013,29304438,2021-11,0.36655038595199585,False
29364890,29293231,2021-11,0.3482823967933655,False
29382887,29292829,2021-11,0.3320944905281067,False
29405426,29698198,2021-12,0.37133723497390747,False
29424749,29402436,2021-12,0.36984580755233765,False
29411624,29670596,2021-12,0.601879358291626,False
29428910,29703564,2021-12,0.49035370349884033,False
29442582,29733577,2021-12,0.31502339243888855,False
29448710,29483347,2021-12,0.3874983787536621,False
29461437,29753080,2021-12,0.416046142578125,False
29458157,29538181,2021-12,0.3203905522823334,False
29482569,29443205,2021-12,0.39820176362991333,False
29495810,29485624,2021-12,0.3799745440483093,False
29514642,29682507,2021-12,0.3979828357696533,False
29525107,29601342,2021-12,0.4158385396003723,False
29521314,29577367,2021-12,0.43376457691192627,False
29544219,29566510,2021-12,0.41853010654449463,False
29539051,29509694,2021-12,0.4401782751083374,False
29554116,29686862,2021-12,0.3962237536907196,False
29568370,29472506,2021-12,0.3173103928565979,False
29580619,29712457,2021-12,0.4472386837005615,False
29578687,29535977,2021-12,0.40561211109161377,False
29574190,29564083,2021-12,0.41126468777656555,False
29588976,29600510,2021-12,0.5040520429611206,False
29617659,29531947,2021-12,0.3547273874282837,False
29617370,29659269,2021-12,0.2537648677825928,False
29641507,29716738,2021-12,0.3516402840614319,False
29645887,29552665,2021-12,0.3725714087486267,False
29661868,29640765,2021-12,0.32265526056289673,False
29671677,29611235,2021-12,0.5203753709793091,False
29736636,29541232,2021-12,0.3355855643749237,False
29750978,29498458,2021-12,0.3710407614707947,False
29775136,29821687,2022-01,0.3328801989555359,False
29781928,29812704,2022-01,0.55128014087677,False
29796789,29959700,2022-01,0.40410393476486206,False
29830914,30040715,2022-01,0.4301791787147522,False
29825612,30078971,2022-01,0.3588784635066986,False
29822849,29857712,2022-01,0.4931414723396301,False
29853802,29965282,2022-01,0.4445556402206421,False
29876742,29794372,2022-01,0.31042414903640747,False
29902846,29813194,2022-01,0.4438910484313965,False
29920035,30144108,2022-01,0.390736848115921,False
29934335,30078732,2022-01,0.4041239619255066,False
29930265,29766933,2022-01,0.5688909888267517,False
29942178,29837201,2022-01,0.31893402338027954,False
29983043,30040739,2022-01,0.3691961169242859,False
29979022,30125779,2022-01,0.30402201414108276,False
29976621,29948101,2022-01,0.3885856866836548,False
30001040,29933671,2022-01,0.29518377780914307,False
29992704,29948107,2022-01,0.1947629451751709,False
30020799,29875132,2022-01,0.3100923001766205,False
30051902,29996218,2022-01,0.480251282453537,False
30062019,29802359,2022-01,0.3423697054386139,False
30061856,30140270,2022-01,0.35950779914855957,False
30074400,30046446,2022-01,0.41291543841362,False
30074126,29854933,2022-01,0.347373902797699,False
30084169,29955306,2022-01,0.35274189710617065,False
30127289,30141171,2022-01,0.37820982933044434,False
30179674,30486161,2022-02,0.35481733083724976,False
30179398,30221187,2022-02,0.33838656544685364,False
30222243,30205775,2022-02,0.3145142197608948,False
30236123,30394136,2022-02,0.391219824552536,False
30249863,30418842,2022-02,0.3216003179550171,False
30257513,30299847,2022-02,0.4004743695259094,False
30288092,30378306,2022-02,0.37127959728240967,False
30299360,30190338,2022-02,0.45051783323287964,False
30315604,30412654,2022-02,0.3886808753013611,False
30312182,30313320,2022-02,0.3410893380641937,False
30337490,30270994,2022-02,0.32146400213241577,False
30329110,30467585,2022-02,0.5057207345962524,False
30343224,30482060,2022-02,0.3770817816257477,False
30379207,30394680,2022-02,0.34045547246932983,False
30384263,30389108,2022-02,0.3045424222946167,False
30384116,30489081,2022-02,0.3891727924346924,False
30401043,30425599,2022-02,0.39884477853775024,False
30399909,30278172,2022-02,0.33634114265441895,False
30394731,30263666,2022-02,0.3391900956630707,False
30408924,30190875,2022-02,0.3385195732116699,False
30432987,30238255,2022-02,0.3921230137348175,False
30443738,30464747,2022-02,0.39247170090675354,False
30458465,30317313,2022-02,0.3325900435447693,False
30455990,30421621,2022-02,0.536669909954071,False
30454639,30332141,2022-02,0.506318211555481,False
30473254,30434886,2022-02,0.47002387046813965,False
30469321,30187337,2022-02,0.38874754309654236,False
30475880,30299888,2022-02,0.449075311422348,False
30529262,30776808,2022-03,0.39132067561149597,False
30541267,30660000,2022-03,0.3585675060749054,False
30552869,30673364,2022-03,0.47004058957099915,False
30564662,30779163,2022-03,0.44463014602661133,False
30576943,30852818,2022-03,0.4156697392463684,False
30631991,30706193,2022-03,0.43875929713249207,False
30626924,30631907,2022-03,0.412269651889801,False
30624648,30643677,2022-03,0.3449912369251251,False
30622300,30697932,2022-03,0.34569603204727173,False
30689902,30666849,2022-03,0.31452101469039917,False
30702117,30788364,2022-03,0.3394169807434082,False
30695509,30662417,2022-03,0.420062392950058,False
30719826,30639181,2022-03,0.4054197072982788,False
30717773,30598849,2022-03,0.4112969636917114,False
30735800,30698097,2022-03,0.3334376811981201,False
30735233,30525214,2022-03,0.3759285509586334,False
30766043,30594513,2022-03,0.30619674921035767,False
30778028,30868738,2022-03,0.44633665680885315,False
30797381,30757206,2022-03,0.43265336751937866,False
30822328,30517299,2022-03,0.4507291913032532,False
30832465,30736459,2022-03,0.3834174871444702,False
30843922,30586638,2022-03,0.400227427482605,False
30866004,30738551,2022-03,0.26358866691589355,False
30877854,30881960,2022-04,0.39769813418388367,False
30911106,30915870,2022-04,0.39638686180114746,False
30939282,30976616,2022-04,0.5268903970718384,False
30962559,31073352,2022-04,0.23879599571228027,False
30958033,30947082,2022-04,0.3636435270309448,False
30969620,31132769,2022-04,0.4322250485420227,False
30973913,31121245,2022-04,0.46615779399871826,False
30993653,30980780,2022-04,0.4395112991333008,False
30987885,30908941,2022-04,0.44747787714004517,False
30984662,31190641,2022-04,0.4466400146484375,False
31006765,31168747,2022-04,0.4377063512802124,False
31015055,30955837,2022-04,0.32401102781295776,False
31012422,30876061,2022-04,0.30789369344711304,False
31027299,31004563,2022-04,0.3420928120613098,False
31046675,30923153,2022-04,0.38799765706062317,False
31045373,31142714,2022-04,0.4452264904975891,False
31051540,31120706,2022-04,0.3824874758720398,False
31064787,30877087,2022-04,0.3249519467353821,False
31099655,31160546,2022-04,0.2719915807247162,False
31091815,30937201,2022-04,0.3570965826511383,False
31105507,30903140,2022-04,0.33312761783599854,False
31123323,31086310,2022-04,0.47646209597587585,False
31121890,30896298,2022-04,0.419707715511322,False
31137324,31095046,2022-04,0.46784675121307373,False
31155782,31001537,2022-04,0.3954125642776489,False
31152452,30945199,2022-04,0.2657601535320282,False
31175291,31019778,2022-04,0.4472372531890869,False
31197170,31012025,2022-04,0.43122315406799316,False
31192812,31073266,2022-04,0.30258122086524963,False
31211280,31121676,2022-04,0.479931116104126,False
31223298,31543292,2022-05,0.30400219559669495,False
31236180,31529863,2022-05,0.41002559661865234,False
31235152,31538595,2022-05,0.40081387758255005,False
31252391,31485616,2022-05,0.4711818993091583,False
31263729,31369739,2022-05,0.3080892860889435,False
31298313,31494417,2022-05,0.3169518709182739,False
31293840,31374812,2022-05,0.4513855576515198,False
31317596,31513714,2022-05,0.3556939363479614,False
31314026,31292768,2022-05,0.4670419692993164,False
31343944,31381812,2022-05,0.4867311716079712,False
31342409,31368747,2022-05,0.4428485035896301,False
31355812,31536019,2022-05,0.4972464144229889,False
31355657,31223614,2022-05,0.4357526898384094,False
31365053,31549237,2022-05,0.3493756353855133,False
31390564,31335105,2022-05,0.4388238191604614,False
31390371,31311218,2022-05,0.3535274267196655,False
31412608,31481581,2022-05,0.506790816783905,False
31412110,31517505,2022-05,0.3654434084892273,False
31409566,31446568,2022-05,0.3289082646369934,False
31405976,31324408,2022-05,0.37270861864089966,False
31435801,31224545,2022-05,0.38574346899986267,False
31451114,31516764,2022-05,0.3747834265232086,False
31455919,31494328,2022-05,0.26473331451416016,False
31468284,31298899,2022-05,0.438127726316452,False
31486590,31339826,2022-05,0.2841264009475708,False
31513919,31424048,2022-05,0.4944770038127899,False
31533180,31447080,2022-05,0.503160297870636,False
31538224,31337126,2022-05,0.2672843635082245,False
31555920,31381734,2022-05,0.5147290825843811,False
31592769,31848594,2022-06,0.358803927898407,False
31611379,31639354,2022-06,0.35277602076530457,False
31662560,31836324,2022-06,0.43965786695480347,False
31683157,31850439,2022-06,0.5400811433792114,False
31678205,31579953,2022-06,0.4414884150028229,False
31699468,31730127,2022-06,0.34261927008628845,False
31695483,31879805,2022-06,0.3071989119052887,False
31693684,31584226,2022-06,0.37951040267944336,False
31719326,31807915,2022-06,0.3112277686595917,False
31718495,31681054,2022-06,0.3909831643104553,False
31718295,31751730,2022-06,0.2763322591781616,False
31716639,31627427,2022-06,0.3280409574508667,False
31715199,31916041,2022-06,0.3725096583366394,False
31713801,31719002,2022-06,0.4790220856666565,False
31724051,31745934,2022-06,0.3400540351867676,False
31765479,31581478,2022-06,0.27337518334388733,False
31788976,31874318,2022-06,0.35614103078842163,False
31825742,31932250,2022-06,0.6126996278762817,False
31819299,31654528,2022-06,0.3520154356956482,False
31830867,31775216,2022-06,0.34158384799957275,False
31851373,31834387,2022-06,0.3707404136657715,False
31847931,31792303,2022-06,0.35280752182006836,False
31846543,31677736,2022-06,0.2929094731807709,False
31870345,31897249,2022-06,0.5645289421081543,False
31868837,31779316,2022-06,0.384395569562912,False
31877672,31904524,2022-06,0.3607511520385742,False
31874166,31881973,2022-06,0.44172921776771545,False
31892421,31890063,2022-06,0.2915617525577545,False
31921196,31859262,2022-06,0.3716087341308594,False
31930789,31885419,2022-06,0.46806231141090393,False
31941781,32068173,2022-07,0.32437586784362793,False
31968456,32029901,2022-07,0.5436902046203613,False
31982414,32034919,2022-07,0.3348241448402405,False
31977569,31990217,2022-07,0.3988649845123291,False
31986503,31965812,2022-07,0.6902572512626648,False
32001751,32247399,2022-07,0.4742366671562195,False
32001080,32111697,2022-07,0.4538678824901581,False
32018938,31985485,2022-07,0.3657022714614868,False
32017113,32136045,2022-07,0.39261287450790405,False
32015246,32150387,2022-07,0.4992590844631195,False
32040165,31973171,2022-07,0.38462311029434204,False
32037363,32121125,2022-07,0.39482396841049194,False
32036224,31983460,2022-07,0.40000998973846436,False
32061187,32294403,2022-07,0.44589829444885254,False
32120495,31975914,2022-07,0.33429116010665894,False
32118922,32047747,2022-07,0.37265142798423767,False
32131153,32277083,2022-07,0.3929189145565033,False
32140382,31969809,2022-07,0.3929900527000427,False
32137397,32224751,2022-07,0.3844837546348572,False
32150822,32287512,2022-07,0.39722996950149536,False
32162966,32293363,2022-07,0.4131806492805481,False
32162598,32158364,2022-07,0.42601487040519714,False
32186647,32043433,2022-07,0.33183473348617554,False
32175114,32296326,2022-07,0.33701378107070923,False
32198214,31974420,2022-07,0.2842579185962677,False
32210256,32001742,2022-07,0.3901357054710388,False
32254081,32026898,2022-07,0.34373804926872253,False
32267024,32233221,2022-07,0.4351049065589905,False
32261189,32246361,2022-07,0.6146262884140015,False
32297559,32150169,2022-07,0.4284537434577942,False
32334052,32598603,2022-08,0.4634178876876831,False
32333565,32407873,2022-08,0.26703497767448425,False
32327711,32632533,2022-08,0.4753159284591675,False
32342925,32628124,2022-08,0.46192044019699097,False
32338469,32337520,2022-08,0.3284287452697754,False
32358042,32592422,2022-08,0.3448808193206787,False
32365482,32497564,2022-08,0.5354134440422058,False
32387746,32570176,2022-08,0.3039069175720215,False
32414811,32644878,2022-08,0.33229270577430725,False
32428583,32573523,2022-08,0.44586044549942017,False
32436203,32638456,2022-08,0.3698105812072754,False
32446771,32406422,2022-08,0.487947940826416,False
32471208,32412036,2022-08,0.32311850786209106,False
32480009,32628511,2022-08,0.5638313889503479,False
32495227,32635906,2022-08,0.38552045822143555,False
32534389,32592492,2022-08,0.36768272519111633,False
32532072,32376170,2022-08,0.354949414730072,False
32536384,32507041,2022-08,0.3506411612033844,False
32572770,32335165,2022-08,0.5253161191940308,False
32566672,32579942,2022-08,0.41735950112342834,False
32597400,32420807,2022-08,0.3931281864643097,False
32604021,32553566,2022-08,0.38499152660369873,False
32631673,32395840,2022-08,0.32734665274620056,False
32643877,32343548,2022-08,0.38937097787857056,False
32643564,32652291,2022-08,0.29408711194992065,False
32634074,32578743,2022-08,0.2017621397972107,False
32652484,32660443,2022-08,0.5204737782478333,False
32669306,32606019,2022-08,0.45569688081741333,False
32665587,32575675,2022-08,0.4059510827064514,False
32660957,32453091,2022-08,0.45919424295425415,False
32675996,33029522,2022-09,0.522765576839447,False
32674243,33020694,2022-09,0.3962818384170532,False
32688835,32737513,2022-09,0.35653209686279297,False
32711082,32696230,2022-09,0.31948554515838623,False
32710365,32777909,2022-09,0.4790455102920532,False
32709201,32924403,2022-09,0.42199963331222534,False
32726679,32692012,2022-09,0.35632479190826416,False
32736044,32897962,2022-09,0.3871544599533081,False
32768005,32852425,2022-09,0.33984243869781494,False
32764447,33038614,2022-09,0.35079920291900635,False
32813884,32831673,2022-09,0.5496143102645874,False
32811723,32862597,2022-09,0.38969844579696655,False
32804695,33025446,2022-09,0.35359227657318115,False
32843477,32834812,2022-09,0.4221593737602234,False
32846691,32864036,2022-09,0.5829828977584839,False
32878626,32894344,2022-09,0.3263048529624939,False
32903172,33025189,2022-09,0.320193886756897,False
32900797,32962581,2022-09,0.4546554684638977,False
32900108,32873563,2022-09,0.3388561010360718,False
32907494,32970623,2022-09,0.26264429092407227,False
32927335,32778565,2022-09,0.32095861434936523,False
32926073,32938305,2022-09,0.3694673776626587,False
32924159,32824448,2022-09,0.44350937008857727,False
32953344,32741349,2022-09,0.3330690860748291,False
32949122,32875396,2022-09,0.2647660970687866,False
32993130,32751071,2022-09,0.4310421645641327,False
32992787,32692359,2022-09,0.34454256296157837,False
33005585,32690205,2022-09,0.2767687439918518,False
33003459,32833610,2022-09,0.47762084007263184,False
33038117,32962494,2022-09,0.3924138844013214,False
33055340,33172448,2022-10,0.32035428285598755,False
33070829,33053485,2022-10,0.3740507960319519,False
33070749,33133231,2022-10,0.46821483969688416,False
33069477,33325703,2022-10,0.5317307710647583,False
33082472,33218888,2022-10,0.44684675335884094,False
33090580,33091972,2022-10,0.4670841097831726,False
33110108,33261196,2022-10,0.29332950711250305,False
33125515,33221263,2022-10,0.40307337045669556,False
33129026,33383881,2022-10,0.5610200762748718,False
33143828,33146693,2022-10,0.45279690623283386,False
33140235,33346888,2022-10,0.3403184413909912,False
33151239,33273022,2022-10,0.3168486952781677,False
33168043,33077038,2022-10,0.4851754307746887,False
33176996,33190148,2022-10,0.28899338841438293,False
33239706,33208164,2022-10,0.41762393712997437,False
33242766,33130224,2022-10,0.3981611728668213,False
33261494,33351585,2022-10,0.4303508996963501,False
33278726,33236479,2022-10,0.4274138808250427,False
33278309,33045211,2022-10,0.36741143465042114,False
33291143,33265439,2022-10,0.3393677771091461,False
33283712,33381285,2022-10,0.3417408764362335,False
33306168,33056052,2022-10,0.45329245924949646,False
33321126,33284659,2022-10,0.3846505582332611,False
33336627,33045495,2022-10,0.4723256230354309,False
33336139,33340548,2022-10,0.5288510322570801,False
33324651,33203586,2022-10,0.4010602533817291,False
33377795,33192084,2022-10,0.38798514008522034,False
33369800,33407830,2022-10,0.4764697253704071,False
33393881,33222687,2022-10,0.3953554332256317,False
33402131,33221573,2022-10,0.42421236634254456,False
33429608,33416091,2022-11,0.411611407995224,False
33433583,33734846,2022-11,0.3001929819583893,False
33457063,33532062,2022-11,0.4818154573440552,False
33466255,33449600,2022-11,0.5165143013000488,False
33485544,33540293,2022-11,0.41978996992111206,False
33479367,33562193,2022-11,0.4947998523712158,False
33501670,33561232,2022-11,0.4216104745864868,False
33527207,33753498,2022-11,0.5194390416145325,False
33551131,33666160,2022-11,0.33189457654953003,False
33583057,33482968,2022-11,0.32963770627975464,False
33579365,33526384,2022-11,0.4234505295753479,False
33613892,33528924,2022-11,0.36540770530700684,False
33632610,33483165,2022-11,0.3044692277908325,False
33642661,33543946,2022-11,0.47642892599105835,False
33634570,33709799,2022-11,0.41183698177337646,False
33663486,33703979,2022-11,0.472257137298584,False
33656785,33516422,2022-11,0.25415271520614624,False
33670124,33724337,2022-11,0.3158276379108429,False
33683986,33471913,2022-11,0.2832263708114624,False
33718600,33736245,2022-11,0.5209653377532959,False
33736718,33598593,2022-11,0.4372493028640747,False
33731233,33468314,2022-11,0.3961617946624756,False
33729694,33782010,2022-11,0.35944104194641113,False
33727550,33704056,2022-11,0.525376558303833,False
33757935,33623697,2022-11,0.42304858565330505,False
33763465,33544893,2022-11,0.41462019085884094,False
33780720,33593668,2022-11,0.27470171451568604,False
33780543,33481859,2022-11,0.2867492437362671,False
33779595,33741634,2022-11,0.3769780993461609,False
33795263,33438493,2022-11,0.3061857223510742,False
33842904,33811958,2022-12,0.7487055659294128,False
33857543,34113569,2022-12,0.4192642569541931,False
33855416,33891807,2022-12,0.3392561078071594,False
33854393,33873800,2022-12,0.5210504531860352,False
33850999,34001347,2022-12,0.3439173996448517,False
33871203,34172794,2022-12,0.3795452415943146,False
33867039,33854184,2022-12,0.32841062545776367,False
33866466,33921088,2022-12,0.33891570568084717,False
33860562,34153548,2022-12,0.41820934414863586,False
33885676,34097642,2022-12,0.4724613428115845,False
33885153,34040397,2022-12,0.39650145173072815,False
33892087,34082718,2022-12,0.35875651240348816,False
33913132,34044097,2022-12,0.3792802691459656,False
33937753,34016389,2022-12,0.2685537338256836,False
33932594,33854815,2022-12,0.46486222743988037,False
33942597,34118450,2022-12,0.30682259798049927,False
33957900,33847199,2022-12,0.4703369140625,False
33954129,33948769,2022-12,0.3262045979499817,False
33949257,34087740,2022-12,0.32890456914901733,False
33982683,34019486,2022-12,0.3364185690879822,False
34060820,34037817,2022-12,0.44308775663375854,False
34087037,33814573,2022-12,0.3613474369049072,False
34078222,34174806,2022-12,0.3553054630756378,False
34102363,33820608,2022-12,0.4098869562149048,False
34134407,34085435,2022-12,0.29534614086151123,False
34150261,34001687,2022-12,0.27934226393699646,False
34166193,34186742,2022-12,0.29548877477645874,False
34161954,33884424,2022-12,0.4065997302532196,False
34173757,33843816,2022-12,0.31871411204338074,False
34169051,33877838,2022-12,0.3543688952922821,False
34252645,34525447,2023-01,0.3043489456176758,False
34243709,34309306,2023-01,0.2933231592178345,False
34262047,34519535,2023-01,0.4266470670700073,False
34278243,34415704,2023-01,0.3560445308685303,False
34274755,34516983,2023-01,0.3811013400554657,False
34286911,34358483,2023-01,0.3741021752357483,False
34312248,34412069,2023-01,0.4530194103717804,False
34359119,34420721,2023-01,0.4189321994781494,False
34369110,34367820,2023-01,0.3272677958011627,False
34367824,34370340,2023-01,0.36325138807296753,False
34414281,34378557,2023-01,0.2789088487625122,False
34412196,34405583,2023-01,0.38641834259033203,False
34411187,34575112,2023-01,0.32426217198371887,False
34432385,34218724,2023-01,0.39104920625686646,False
34426421,34532295,2023-01,0.32260411977767944,False
34455555,34456416,2023-01,0.49134448170661926,False
34483030,34291701,2023-01,0.28856176137924194,False
34478503,34593025,2023-01,0.4200873374938965,False
34474043,34549378,2023-01,0.32354339957237244,False
34473783,34451454,2023-01,0.35302191972732544,False
34503723,34424854,2023-01,0.29620450735092163,False
34529340,34592525,2023-01,0.24835538864135742,False
34526741,34486699,2023-01,0.32340824604034424,False
34549402,34533218,2023-01,0.44952279329299927,False
34549233,34378767,2023-01,0.37719669938087463,False
34547358,34300896,2023-01,0.4014842212200165,False
34544744,34287747,2023-01,0.4142506420612335,False
34559057,34267209,2023-01,0.40066587924957275,False
34564179,34528682,2023-01,0.5009374618530273,False
34594216,34336213,2023-01,0.41542720794677734,False
34613598,34660646,2023-02,0.38986098766326904,False
34610858,34762683,2023-02,0.3481198251247406,False
34684062,34674066,2023-02,0.39267897605895996,False
34677552,34783366,2023-02,0.28386804461479187,False
34726115,34912300,2023-02,0.06883721798658371,False
34717866,34690072,2023-02,0.31980830430984497,False
34743263,34905471,2023-02,0.5576940774917603,False
34768195,34779507,2023-02,0.28533515334129333,False
34777646,34717702,2023-02,0.5680365562438965,False
34777109,34619788,2023-02,0.4387814402580261,False
34794148,34813694,2023-02,0.4469488859176636,False
34828023,34802272,2023-02,0.44146034121513367,False
34851243,34772013,2023-02,0.3533552885055542,False
34849311,34817743,2023-02,0.37026047706604004,False
34843137,34843094,2023-02,0.45672106742858887,False
34842482,34815839,2023-02,0.606550931930542,False
34862432,34772954,2023-02,0.42152824997901917,False
34854477,34911442,2023-02,0.27143341302871704,False
34864589,34924247,2023-02,0.46874433755874634,False
34885253,34825565,2023-02,0.33658164739608765,False
34884338,34707727,2023-02,0.49036484956741333,False
34875781,34721286,2023-02,0.3345174789428711,False
34901481,34843063,2023-02,0.4441370666027069,False
34899372,34815474,2023-02,0.38232240080833435,False
34906593,34618613,2023-02,0.3660319745540619,False
34926688,34690969,2023-02,0.390214204788208,False
34950873,34965752,2023-02,0.30980968475341797,False
34972036,34769999,2023-02,0.3475436568260193,False
34972029,34756982,2023-02,0.25603628158569336,False
34964000,34854160,2023-02,0.5911053419113159,False
35082094,35298858,2023-03,0.4491313695907593,False
35076857,35237265,2023-03,0.4845094382762909,False
35089648,35359338,2023-03,0.3682028651237488,False
35089169,35297389,2023-03,0.3132147192955017,False
35154870,34977435,2023-03,0.3938365876674652,False
35154614,35069839,2023-03,0.4158381223678589,False
35154527,35096877,2023-03,0.08309944719076157,False
35161866,35190830,2023-03,0.415580153465271,False
35181433,35050475,2023-03,0.2954733669757843,False
35233534,35094627,2023-03,0.34315717220306396,False
35253088,35345335,2023-03,0.35811883211135864,False
35245626,35105528,2023-03,0.3205718398094177,False
35241212,35319807,2023-03,0.3989391326904297,False
35281527,35347647,2023-03,0.45300471782684326,False
35279155,35201036,2023-03,0.46406856179237366,False
35289044,35120773,2023-03,0.2619047164916992,False
35315542,35122689,2023-03,0.5098475217819214,False
35313171,35371469,2023-03,0.28179895877838135,False
35312609,35379136,2023-03,0.411251425743103,False
35332073,35000680,2023-03,0.4604952335357666,False
35349168,34979058,2023-03,0.4021632671356201,False
35361979,35380028,2023-03,0.4572985768318176,False
35352247,35320638,2023-03,0.43475204706192017,False
35350030,35177257,2023-03,0.3851873278617859,False
35379900,35248977,2023-03,0.41109418869018555,False
35370915,35246253,2023-03,0.5426434278488159,False
35368176,35180940,2023-03,0.4489023983478546,False
35391436,35190971,2023-03,0.3288116753101349,False
35390153,35081292,2023-03,0.28291055560112,False
35381036,35370357,2023-03,0.41122132539749146,False
35412296,35701534,2023-04,0.3245913088321686,False
35432115,35605106,2023-04,0.37295785546302795,False
35444018,35702407,2023-04,0.3651094436645508,False
35437254,35716216,2023-04,0.35657262802124023,False
35436822,35685679,2023-04,0.43771982192993164,False
35470915,35480056,2023-04,0.4753079116344452,False
35487846,35589579,2023-04,0.4433697462081909,False
35484628,35692697,2023-04,0.3241477906703949,False
35483823,35759449,2023-04,0.27714303135871887,False
35481961,35482681,2023-04,0.4192754626274109,False
35505608,35705998,2023-04,0.3918285667896271,False
35502389,35482636,2023-04,0.410882830619812,False
35516887,35450448,2023-04,0.46804705262184143,False
35515676,35542565,2023-04,0.41730770468711853,False
35519229,35626015,2023-04,0.3470956087112427,False
35544851,35634120,2023-04,0.35582423210144043,False
35536303,35571236,2023-04,0.39746883511543274,False
35534211,35432108,2023-04,0.4416661560535431,False
35561520,35549322,2023-04,0.33634087443351746,False
35566145,35755841,2023-04,0.27340084314346313,False
35581031,35537264,2023-04,0.34525591135025024,False
35605323,35467361,2023-04,0.46537989377975464,False
35596166,35514228,2023-04,0.3595501482486725,False
35614401,35737074,2023-04,0.24927787482738495,False
35630449,35602342,2023-04,0.39826369285583496,False
35629050,35588849,2023-04,0.44711804389953613,False
35654401,35490289,2023-04,0.4964756369590759,False
35683360,35581443,2023-04,0.46067380905151367,False
35701572,35502187,2023-04,0.6060394048690796,False
35698541,35441337,2023-04,0.3598102331161499,False
35794010,35893006,2023-05,0.40178748965263367,False
35800210,35785040,2023-05,0.3865354359149933,False
35815810,36034314,2023-05,0.3711948096752167,False
35864698,36055066,2023-05,0.36428844928741455,False
35859344,36009553,2023-05,0.34146201610565186,False
35880700,35806306,2023-05,0.3816109001636505,False
35874375,35782363,2023-05,0.48805153369903564,False
35893939,35826540,2023-05,0.43211013078689575,False
35931753,35943808,2023-05,0.5853543281555176,False
35927571,35897851,2023-05,0.4057590365409851,False
35927228,36098332,2023-05,0.38219478726387024,False
35924997,35958715,2023-05,0.506554126739502,False
35934458,35956484,2023-05,0.5174320936203003,False
35946260,36024503,2023-05,0.3876945674419403,False
35966543,35914013,2023-05,0.4290321469306946,False
35963949,35854263,2023-05,0.44561150670051575,False
36022768,36042126,2023-05,0.4108482599258423,False
36044663,36088359,2023-05,0.45036494731903076,False
36041832,35811879,2023-05,0.37018463015556335,False
36063166,36144674,2023-05,0.4010082483291626,False
36057236,36087007,2023-05,0.30644041299819946,False
36071908,35857631,2023-05,0.3743051290512085,False
36070090,35781959,2023-05,0.33666425943374634,False
36084881,35959073,2023-05,0.3849816918373108,False
36099507,36135683,2023-05,0.4757871627807617,False
36091166,35940506,2023-05,0.4799368381500244,False
36113551,36130166,2023-05,0.2750653028488159,False
36130354,35942707,2023-05,0.37379705905914307,False
36126298,35842133,2023-05,0.3547455370426178,False
36125267,35888853,2023-05,0.48314160108566284,False
36150735,36234404,2023-06,0.3254854083061218,False
36165590,36189980,2023-06,0.39439642429351807,False
36181518,36321139,2023-06,0.3407147526741028,False
36202543,36263105,2023-06,0.49869370460510254,False
36209574,36468383,2023-06,0.41103658080101013,False
36248633,36514936,2023-06,0.32699960470199585,False
36260140,36180051,2023-06,0.6949156522750854,False
36271120,36150274,2023-06,0.3530693054199219,False
36302347,36263298,2023-06,0.4427433907985687,False
36310689,36378731,2023-06,0.42697873711586,False
36310619,36257233,2023-06,0.31803643703460693,False
36329370,36306621,2023-06,0.42066890001296997,False
36342762,36500945,2023-06,0.46002084016799927,False
36360452,36225016,2023-06,0.440938264131546,False
36356547,36246937,2023-06,0.35608795285224915,False
36378941,36316060,2023-06,0.335165411233902,False
36388680,36381358,2023-06,0.34567075967788696,False
36409082,36255546,2023-06,0.3085237145423889,False
36421014,36435698,2023-06,0.34957781434059143,False
36413296,36304143,2023-06,0.2647043466567993,False
36432414,36206908,2023-06,0.42481034994125366,False
36462282,36172461,2023-06,0.44153159856796265,False
36460082,36482191,2023-06,0.3383229374885559,False
36478734,36400368,2023-06,0.33500415086746216,False
36475563,36388919,2023-06,0.36359891295433044,False
36499073,36333321,2023-06,0.5350130796432495,False
36511948,36310218,2023-06,0.33283084630966187,False
36510704,36472637,2023-06,0.4195314347743988,False
36524078,36187466,2023-06,0.39213138818740845,False
36520410,36403014,2023-06,0.46111541986465454,False
36565854,36864547,2023-07,0.45604848861694336,False
36578354,36595152,2023-07,0.4156542718410492,False
36590242,36875958,2023-07,0.34028345346450806,False
36582937,36750743,2023-07,0.35395312309265137,False
36601622,36584656,2023-07,0.3929070234298706,False
36601236,36877112,2023-07,0.3469289541244507,False
36622959,36782314,2023-07,0.44759395718574524,False
36641393,36852971,2023-07,0.46315714716911316,False
36651557,36920423,2023-07,0.388521671295166,False
36679368,36928529,2023-07,0.43703770637512207,False
36674905,36656443,2023-07,0.37233486771583557,False
36697595,36940514,2023-07,0.4877195954322815,False
36708880,36782797,2023-07,0.44354313611984253,False
36743784,36932537,2023-07,0.3535631000995636,False
36772253,36549736,2023-07,0.37481558322906494,False
36767837,36568609,2023-07,0.44370824098587036,False
36767452,36794025,2023-07,0.3865969181060791,False
36806863,36926844,2023-07,0.4842517673969269,False
36802582,36668964,2023-07,0.4928067624568939,False
36799600,36641607,2023-07,0.38050565123558044,False
36841211,36726316,2023-07,0.42514336109161377,False
36869983,36850781,2023-07,0.31033438444137573,False
36864021,36903862,2023-07,0.5905848741531372,False
36900294,36771149,2023-07,0.4954473376274109,False
36896710,36753363,2023-07,0.514456033706665,False
36887412,36777396,2023-07,0.4482402205467224,False
36907614,36775479,2023-07,0.5346460938453674,False
36936302,36708172,2023-07,0.3524966835975647,False
36933512,36682008,2023-07,0.39561909437179565,False
36945816,36901885,2023-07,0.4017981290817261,False
36977096,37108782,2023-08,0.30164289474487305,False
37038494,37194128,2023-08,0.3474642336368561,False
37034951,37248002,2023-08,0.4082162380218506,False
37053601,37282562,2023-08,0.3796880841255188,False
37052979,37245171,2023-08,0.5036311149597168,False
37042779,37167698,2023-08,0.35177135467529297,False
37069387,37330642,2023-08,0.31787043809890747,False
37101515,37034994,2023-08,0.2930746376514435,False
37095542,37133163,2023-08,0.4326108396053314,False
37127003,37248411,2023-08,0.3634999990463257,False
37123572,37023215,2023-08,0.36723893880844116,False
37136898,36991293,2023-08,0.4306735694408417,False
37129690,37173304,2023-08,0.3111118674278259,False
37148240,36999003,2023-08,0.3608444929122925,False
37143794,37108773,2023-08,0.3956185579299927,False
37194944,37301585,2023-08,0.6151400804519653,False
37214735,37060014,2023-08,0.5968729257583618,False
37213492,37155031,2023-08,0.5158342719078064,False
37255280,37030338,2023-08,0.3114835023880005,False
37254038,37149524,2023-08,0.3867616653442383,False
37252095,37250531,2023-08,0.46502822637557983,False
37250821,36975245,2023-08,0.45216071605682373,False
37248494,37074452,2023-08,0.39982038736343384,False
37248061,37052831,2023-08,0.44645875692367554,False
37263231,37327432,2023-08,0.3934774398803711,False
37259753,37073938,2023-08,0.3016884922981262,False
37278189,36987808,2023-08,0.3188464939594269,False
37309563,36996401,2023-08,0.4287042021751404,False
37324705,37062547,2023-08,0.4015424847602844,False
37332974,37221487,2023-08,0.36763879656791687,False
37354577,37385440,2023-09,0.35860803723335266,False
37350123,37479476,2023-09,0.37160634994506836,False
37367017,37421899,2023-09,0.6058588624000549,False
37384797,37400398,2023-09,0.4025799334049225,False
37381296,37642011,2023-09,0.4217225909233093,False
37398812,37662561,2023-09,0.325572669506073,False
37393073,37677810,2023-09,0.33065319061279297,False
37409225,37546530,2023-09,0.38759535551071167,False
37419049,37377926,2023-09,0.29832130670547485,False
37436298,37656002,2023-09,0.4404654800891876,False
37434069,37351716,2023-09,0.4840703308582306,False
37469849,37426107,2023-09,0.5045177340507507,False
37468983,37568564,2023-09,0.37024861574172974,False
37480155,37585869,2023-09,0.36968472599983215,False
37490924,37417055,2023-09,0.40565937757492065,False
37507734,37377529,2023-09,0.4085507392883301,False
37530915,37698604,2023-09,0.5203477144241333,False
37561085,37675465,2023-09,0.4378615617752075,False
37556605,37702095,2023-09,0.45281916856765747,False
37567002,37598770,2023-09,0.506975531578064,False
37591481,37694364,2023-09,0.37218648195266724,False
37588520,37574610,2023-09,0.36872461438179016,False
37579118,37639849,2023-09,0.405325323343277,False
37617863,37501114,2023-09,0.5073317289352417,False
37626326,37392235,2023-09,0.33955147862434387,False
37642712,37716310,2023-09,0.32011207938194275,False
37661755,37495731,2023-09,0.4127696752548218,False
37674097,37698740,2023-09,0.3682571053504944,False
37673409,37499106,2023-09,0.2690618634223938,False
37703051,37540628,2023-09,0.31783580780029297,False
37744912,37766711,2023-10,0.3972603678703308,False
37768979,37875924,2023-10,0.36771160364151,False
37759668,37875723,2023-10,0.49589329957962036,False
37790711,38083579,2023-10,0.3207974135875702,False
37804288,38031839,2023-10,0.5165460705757141,False
37822034,37955147,2023-10,0.31665366888046265,False
37860819,37793635,2023-10,0.2958149313926697,False
37870930,37785442,2023-10,0.3914136588573456,False
37901902,37819566,2023-10,0.31388264894485474,False
37899922,37821557,2023-10,0.424606591463089,False
37915393,37966698,2023-10,0.45796504616737366,False
37911296,37799571,2023-10,0.43295449018478394,False
37932539,37996891,2023-10,0.31789231300354004,False
37927357,37923801,2023-10,0.3265600800514221,False
37960597,38000666,2023-10,0.34282249212265015,False
37959231,37924253,2023-10,0.42041289806365967,False
37955421,37903812,2023-10,0.4719443917274475,False
37963460,38049727,2023-10,0.4399678409099579,False
37974865,37785383,2023-10,0.36536905169487,False
38020109,37985489,2023-10,0.43860924243927,False
38053227,37774366,2023-10,0.3544168770313263,False
38077725,38037338,2023-10,0.36166155338287354,False
38077521,37978060,2023-10,0.33024293184280396,False
38068328,38089014,2023-10,0.3967319130897522,False
38067206,37769962,2023-10,0.45245495438575745,False
38092536,37812259,2023-10,0.43538588285446167,False
38089247,37791002,2023-10,0.23682968318462372,False
38088538,37967126,2023-10,0.27633604407310486,False
38088369,37852640,2023-10,0.37090635299682617,False
38080233,37842100,2023-10,0.49288100004196167,False
38103638,38256478,2023-11,0.37001121044158936,False
38154869,38422807,2023-11,0.5331920981407166,False
38161745,38433990,2023-11,0.29031217098236084,False
38179277,38149472,2023-11,0.3193347454071045,False
38176353,38131848,2023-11,0.35316693782806396,False
38194586,38456299,2023-11,0.4235444664955139,False
38193553,38345087,2023-11,0.3293541371822357,False
38204430,38429915,2023-11,0.4356074631214142,False
38235407,38463731,2023-11,0.4232884645462036,False
38277220,38262837,2023-11,0.39425256848335266,False
38287435,38401212,2023-11,0.3576914668083191,False
38287299,38097031,2023-11,0.3369186818599701,False
38285228,38202703,2023-11,0.37673139572143555,False
38345115,38204511,2023-11,0.40385133028030396,False
38341399,38191319,2023-11,0.32353121042251587,False
38364179,38250731,2023-11,0.5326178073883057,False
38360434,38315757,2023-11,0.5279062986373901,False
38357629,38327882,2023-11,0.33146101236343384,False
38386547,38232378,2023-11,0.4303465187549591,False
38375728,38169665,2023-11,0.3533419966697693,False
38375239,38344196,2023-11,0.37840932607650757,False
38393691,38244927,2023-11,0.36023426055908203,False
38392747,38255692,2023-11,0.4603414535522461,False
38387214,38309770,2023-11,0.4579460322856903,False
38407510,38419263,2023-11,0.2884103059768677,False
38401544,38371808,2023-11,0.33651453256607056,False
38450123,38222277,2023-11,0.4341858923435211,False
38446957,38409049,2023-11,0.41238313913345337,False
38445578,38183798,2023-11,0.33974435925483704,False
38475635,38447705,2023-11,0.4959990978240967,False
38491314,38804502,2023-12,0.40895044803619385,False
38505211,38498109,2023-12,0.23179596662521362,False
38523736,38707475,2023-12,0.319673091173172,False
38530880,38611590,2023-12,0.622747540473938,False
38546307,38743867,2023-12,0.4227725863456726,False
38573609,38744021,2023-12,0.4735652506351471,False
38579170,38681353,2023-12,0.3971099853515625,False
38594521,38594578,2023-12,0.4794641137123108,False
38593616,38570537,2023-12,0.4862496256828308,False
38617762,38737629,2023-12,0.4558559060096741,False
38616888,38483271,2023-12,0.29602015018463135,False
38629963,38728278,2023-12,0.3359334468841553,False
38627619,38747151,2023-12,0.2860993444919586,False
38623175,38641857,2023-12,0.3402700126171112,False
38646123,38559655,2023-12,0.34958088397979736,False
38638373,38804603,2023-12,0.4435281753540039,False
38657389,38759392,2023-12,0.4905681312084198,False
38670358,38523601,2023-12,0.4328951835632324,False
38682095,38497549,2023-12,0.45978397130966187,False
38702141,38603014,2023-12,0.5309122800827026,False
38693120,38528595,2023-12,0.34640005230903625,False
38708938,38536574,2023-12,0.3715532422065735,False
38720471,38822350,2023-12,0.3960155248641968,False
38738648,38614465,2023-12,0.4930635392665863,False
38738096,38663960,2023-12,0.2723813056945801,False
38765027,38634164,2023-12,0.5563471913337708,False
38799778,38613804,2023-12,0.27363985776901245,False
38797487,38680698,2023-12,0.3722270727157593,False
38813150,38698854,2023-12,0.3447059988975525,False
38811704,38822569,2023-12,0.3507820963859558,False
38844324,39098371,2024-01,0.30546265840530396,False
38843862,39084785,2024-01,0.3947901129722595,False
38841302,39154829,2024-01,0.3370104730129242,False
38870249,38917499,2024-01,0.29768621921539307,False
38882726,38898104,2024-01,0.38618117570877075,False
38881839,38903314,2024-01,0.20269283652305603,False
38893456,39200149,2024-01,0.3784084916114807,False
38899865,39007562,2024-01,0.29824936389923096,False
38912259,39094387,2024-01,0.3699522316455841,False
38951652,39200239,2024-01,0.3894622325897217,False
38999929,39043984,2024-01,0.4845476746559143,False
39017607,39030510,2024-01,0.5152418613433838,False
39015301,39206690,2024-01,0.6335796117782593,False
39011010,38978851,2024-01,0.37447619438171387,False
39033569,38939532,2024-01,0.3915223479270935,False
39036276,39176272,2024-01,0.4147074818611145,False
39060790,39060039,2024-01,0.41423481702804565,False
39070975,38918656,2024-01,0.49171313643455505,False
39067615,38844945,2024-01,0.3716146647930145,False
39109481,38838944,2024-01,0.32809823751449585,False
39109304,38964575,2024-01,0.43301647901535034,False
39121521,38966875,2024-01,0.28369125723838806,False
39118534,39113935,2024-01,0.3065517842769623,False
39115148,38880373,2024-01,0.3310413956642151,False
39144366,38976196,2024-01,0.32773205637931824,False
39137502,38870351,2024-01,0.44156599044799805,False
39159527,39031691,2024-01,0.47258615493774414,False
39166038,39001686,2024-01,0.31928813457489014,False
39177059,39020069,2024-01,0.3176661729812622,False
39206731,38856412,2024-01,0.2846793532371521,False
39215384,39499081,2024-02,0.41360318660736084,False
39263664,39263854,2024-02,0.3349221646785736,False
39258361,39547118,2024-02,0.37158310413360596,False
39287616,39480605,2024-02,0.2944600582122803,False
39315986,39385228,2024-02,0.3636436462402344,False
39352153,39308382,2024-02,0.30997368693351746,False
39348902,39331705,2024-02,0.5075442790985107,False
39342877,39407655,2024-02,0.40440571308135986,False
39355944,39342109,2024-02,0.35894501209259033,False
39373567,39541452,2024-02,0.3522796630859375,False
39387850,39241825,2024-02,0.33713391423225403,False
39385635,39331383,2024-02,0.39108091592788696,False
39385172,39504940,2024-02,0.4220655560493469,False
39383498,39499308,2024-02,0.4314166307449341,False
39413215,39526922,2024-02,0.43545788526535034,False
39408158,39383246,2024-02,0.38782861828804016,False
39407525,39446563,2024-02,0.4516940116882324,False
39427778,39252690,2024-02,0.305655837059021,False
39462662,39377342,2024-02,0.36314690113067627,False
39477389,39504258,2024-02,0.32964688539505005,False
39504441,39287983,2024-02,0.3721410632133484,False
39512912,39314153,2024-02,0.4142179489135742,False
39508950,39522770,2024-02,0.5197262763977051,False
39529927,39216110,2024-02,0.3608632981777191,False
39527477,39437211,2024-02,0.5029016137123108,False
39522908,39548076,2024-02,0.3826192319393158,False
39519692,39296505,2024-02,0.3399786949157715,False
39537995,39434417,2024-02,0.4568215310573578,False
39536645,39471317,2024-02,0.4198022484779358,False
39535800,39344815,2024-02,0.3246208429336548,False
39575308,39738894,2024-03,0.3906577527523041,False
39581130,39680187,2024-03,0.4486643075942993,False
39579446,39657088,2024-03,0.3127056956291199,False
39594721,39847592,2024-03,0.3638237714767456,False
39609997,39752051,2024-03,0.24008405208587646,False
39603163,39783910,2024-03,0.5334004759788513,False
39611484,39858144,2024-03,0.28673088550567627,False
39631582,39715448,2024-03,0.3906034231185913,False
39626813,39681907,2024-03,0.4166092276573181,False
39653312,39849071,2024-03,0.6338533759117126,False
39648689,39666993,2024-03,0.4525483548641205,False
39667608,39582030,2024-03,0.527880072593689,False
39680578,39757665,2024-03,0.5136888027191162,False
39677525,39739579,2024-03,0.4901331663131714,False
39697483,39665944,2024-03,0.4180956482887268,False
39706004,39628285,2024-03,0.49148404598236084,False
39699490,39656167,2024-03,0.42299938201904297,False
39733998,39753049,2024-03,0.35335588455200195,False
39744669,39883005,2024-03,0.4531589150428772,False
39771146,39840593,2024-03,0.45551013946533203,False
39797176,39725303,2024-03,0.28216129541397095,False
39826463,39756863,2024-03,0.27596911787986755,False
39823146,39815391,2024-03,0.32021263241767883,False
39842116,39702386,2024-03,0.43165600299835205,False
39840294,39586524,2024-03,0.3182498514652252,False
39849644,39822184,2024-03,0.31144070625305176,False
39847848,39690967,2024-03,0.5359567403793335,False
39869158,39616466,2024-03,0.3994481861591339,False
39873831,39870203,2024-03,0.3532654643058777,False
39873528,39828481,2024-03,0.33869558572769165,False
39895994,39940959,2024-04,0.22425389289855957,False
39906581,40176846,2024-04,0.37157881259918213,False
39922737,40130748,2024-04,0.33460596203804016,False
39912597,39950351,2024-04,0.38720664381980896,False
39925650,40037959,2024-04,0.47439682483673096,False
39944452,39994301,2024-04,0.3183091878890991,False
39952114,39954691,2024-04,0.3243424594402313,False
39962923,40138533,2024-04,0.4285985231399536,False
39974374,39933076,2024-04,0.3757285475730896,False
39971839,40164512,2024-04,0.2843177318572998,False
39978434,39952826,2024-04,0.401914119720459,False
40006006,40138756,2024-04,0.4559406638145447,False
40004879,40215486,2024-04,0.373507022857666,False
40001971,40164199,2024-04,0.22744500637054443,False
40030786,39951459,2024-04,0.3380996882915497,False
40044119,39924086,2024-04,0.4188714921474457,False
40040043,40091379,2024-04,0.37469714879989624,False
40050514,39973599,2024-04,0.44617921113967896,False
40069298,39990004,2024-04,0.3991468548774719,False
40066945,40137441,2024-04,0.42593446373939514,False
40080506,39976713,2024-04,0.3584743142127991,False
40078380,39935597,2024-04,0.4645048975944519,False
40093257,39911616,2024-04,0.5040655732154846,False
40136129,39939738,2024-04,0.33763647079467773,False
40143498,40063014,2024-04,0.6355602741241455,False
40139398,39920644,2024-04,0.3795085847377777,False
40163882,40196879,2024-04,0.4120984375476837,False
40172000,40102942,2024-04,0.3406548798084259,False
40192204,40154024,2024-04,0.47502249479293823,False
40198766,40115083,2024-04,0.549488365650177,False
40252569,40408880,2024-05,0.5692332983016968,False
40248619,40266831,2024-05,0.4552353620529175,False
40248514,40496150,2024-05,0.4774041771888733,False
40273824,40523739,2024-05,0.45517900586128235,False
40280967,40510569,2024-05,0.44467827677726746,False
40302698,40515358,2024-05,0.39482980966567993,False
40311724,40309780,2024-05,0.4024770259857178,False
40323321,40226913,2024-05,0.3527928590774536,False
40325876,40507039,2024-05,0.35501065850257874,False
40348371,40350954,2024-05,0.4530796408653259,False
40341508,40491377,2024-05,0.4648122787475586,False
40363135,40250724,2024-05,0.3926384449005127,False
40383978,40488844,2024-05,0.23296129703521729,False
40392077,40319462,2024-05,0.39682772755622864,False
40405380,40481686,2024-05,0.38695886731147766,False
40433785,40324965,2024-05,0.3242108225822449,False
40431145,40414943,2024-05,0.6031025648117065,False
40426995,40397743,2024-05,0.4188251495361328,False
40425306,40345627,2024-05,0.31062427163124084,False
40448074,40539800,2024-05,0.263538658618927,False
40453882,40226529,2024-05,0.4712598919868469,False
40468518,40529355,2024-05,0.3941202759742737,False
40474716,40231790,2024-05,0.3527032136917114,False
40506582,40434800,2024-05,0.6488096714019775,False
40505099,40378499,2024-05,0.4028358459472656,False
40514438,40306490,2024-05,0.3433041572570801,False
40508278,40482833,2024-05,0.34085047245025635,False
40519410,40345250,2024-05,0.41006413102149963,False
40536860,40518016,2024-05,0.3522301912307739,False
40532659,40443937,2024-05,0.36685922741889954,False
40553818,40835540,2024-06,0.2953915596008301,False
40585655,40744267,2024-06,0.49543091654777527,False
40585039,40697341,2024-06,0.3053648769855499,False
40592789,40551260,2024-06,0.5197994709014893,False
40624213,40782362,2024-06,0.41674304008483887,False
40623629,40699007,2024-06,0.33648377656936646,False
40635959,40566605,2024-06,0.2711085081100464,False
40633666,40665211,2024-06,0.32828041911125183,False
40628804,40704812,2024-06,0.4160804748535156,False
40646820,40588517,2024-06,0.5714477300643921,False
40646534,40643259,2024-06,0.5211356282234192,False
40663175,40814424,2024-06,0.3495890200138092,False
40672843,40737901,2024-06,0.44105827808380127,False
40667102,40789919,2024-06,0.6170953512191772,False
40684176,40690289,2024-06,0.2988266944885254,False
40676634,40766071,2024-06,0.3291425108909607,False
40690898,40585212,2024-06,0.29705482721328735,False
40698990,40549173,2024-06,0.2914468050003052,False
40744379,40740602,2024-06,0.258114218711853,False
40739982,40756176,2024-06,0.38507795333862305,False
40747597,40558982,2024-06,0.37155482172966003,False
40769496,40702617,2024-06,0.35105380415916443,False
40767459,40715449,2024-06,0.19469906389713287,False
40763540,40801523,2024-06,0.2947537302970886,False
40777275,40564345,2024-06,0.2969629764556885,False
40814536,40715657,2024-06,0.4208918809890747,False
40814236,40778965,2024-06,0.5762927532196045,False
40820494,40586998,2024-06,0.385464608669281,False
40832330,40663659,2024-06,0.46256154775619507,False
40837081,40796950,2024-06,0.36659151315689087,False
40844056,40905686,2024-07,0.5691501498222351,False
40843528,40842047,2024-07,0.3731093108654022,False
40843438,40897180,2024-07,0.37250906229019165,False
40869461,41042929,2024-07,0.2983940839767456,False
40877136,40881836,2024-07,0.3850307762622833,False
40891507,41080644,2024-07,0.32215434312820435,False
40891162,41105276,2024-07,0.28878408670425415,False
40899814,40952294,2024-07,0.43144676089286804,False
40898551,41026968,2024-07,0.3362507224082947,False
40929497,40940158,2024-07,0.37424927949905396,False
40928145,41032097,2024-07,0.3420892655849457,False
40941056,41105779,2024-07,0.342289537191391,False
40951614,41063512,2024-07,0.4786366820335388,False
40962829,40898989,2024-07,0.3548288941383362,False
40978731,40937119,2024-07,0.2614077925682068,False
40985609,40890633,2024-07,0.24467873573303223,False
40984456,41042816,2024-07,0.5499302744865417,False
41000859,40905780,2024-07,0.44851890206336975,False
40998008,40844790,2024-07,0.3554125428199768,False
40996248,40935295,2024-07,0.3712523281574249,False
40995540,41002044,2024-07,0.33264392614364624,False
41031824,41046226,2024-07,0.5879701375961304,False
41057030,41059821,2024-07,0.4155656695365906,False
41052934,41086620,2024-07,0.4786103665828705,False
41069909,41069527,2024-07,0.43415310978889465,False
41087608,41025983,2024-07,0.299022376537323,False
41083726,41084338,2024-07,0.39019080996513367,False
41096486,40988076,2024-07,0.35593941807746887,False
41098015,41077841,2024-07,0.3839923143386841,False
41116682,40994898,2024-07,0.3329929709434509,False
41125630,41174712,2024-08,0.2912437915802002,False
41142156,41368835,2024-08,0.3386991620063782,False
41140167,41147109,2024-08,0.47393012046813965,False
41156478,41333384,2024-08,0.39375269412994385,False
41153054,41408293,2024-08,0.36871767044067383,False
41150317,41284409,2024-08,0.34250375628471375,False
41195271,41328794,2024-08,0.4371981918811798,False
41193859,41125145,2024-08,0.3194429278373718,False
41203330,41276633,2024-08,0.5580310821533203,False
41215593,41263843,2024-08,0.3961246907711029,False
41230396,41346244,2024-08,0.3284999132156372,False
41227072,41214860,2024-08,0.41670137643814087,False
41224905,41409006,2024-08,0.3690245747566223,False
41235733,41393005,2024-08,0.35371267795562744,False
41269791,41384118,2024-08,0.3367452919483185,False
41291425,41244423,2024-08,0.45185673236846924,False
41302782,41284322,2024-08,0.5327697992324829,False
41301673,41372833,2024-08,0.36783525347709656,False
41312225,41370020,2024-08,0.4000362753868103,False
41333284,41226958,2024-08,0.32654863595962524,False
41330153,41312381,2024-08,0.33303821086883545,False
41328185,41260127,2024-08,0.47558051347732544,False
41326039,41372482,2024-08,0.2763522267341614,False
41325935,41290899,2024-08,0.432795912027359,False
41343024,41303844,2024-08,0.3110886216163635,False
41353558,41259175,2024-08,0.42097777128219604,False
41368935,41328964,2024-08,0.38113871216773987,False
41383363,41320365,2024-08,0.34400227665901184,False
41390094,41174200,2024-08,0.47154930233955383,False
41399369,41161920,2024-08,0.3093498945236206,False
41413687,41641560,2024-09,0.2982158660888672,False
41440415,41502625,2024-09,0.46248558163642883,False
41447507,41524154,2024-09,0.3366871476173401,False
41445445,41432013,2024-09,0.49473851919174194,False
41453300,41644086,2024-09,0.3184913694858551,False
41452781,41596319,2024-09,0.5337145328521729,False
41461724,41445792,2024-09,0.4257809519767761,False
41482793,41460061,2024-09,0.5490747690200806,False
41482591,41445664,2024-09,0.4408704340457916,False
41489167,41685824,2024-09,0.3017873466014862,False
41487397,41628019,2024-09,0.32529717683792114,False
41527143,41540902,2024-09,0.4193599224090576,False
41550907,41550043,2024-09,0.35296183824539185,False
41547841,41483216,2024-09,0.49025076627731323,False
41573689,41573454,2024-09,0.34681159257888794,False
41579134,41602044,2024-09,0.4636758267879486,False
41602096,41688019,2024-09,0.28420889377593994,False
41614490,41446766,2024-09,0.30744031071662903,False
41614126,41699955,2024-09,0.31832754611968994,False
41631412,41436133,2024-09,0.4448796510696411,False
41627966,41661519,2024-09,0.36356380581855774,False
41639377,41451107,2024-09,0.35168761014938354,False
41637452,41541975,2024-09,0.4656424820423126,False
41645736,41464705,2024-09,0.25211310386657715,False
41663562,41612665,2024-09,0.3960646986961365,False
41661673,41520950,2024-09,0.35274022817611694,False
41653592,41665045,2024-09,0.558693528175354,False
41679459,41523281,2024-09,0.3533220887184143,False
41691622,41632325,2024-09,0.4815056622028351,False
41684116,41475760,2024-09,0.32982420921325684,False
41711913,41955473,2024-10,0.32106077671051025,False
41732634,41914989,2024-10,0.2706007659435272,False
41741742,41843198,2024-10,0.3253290057182312,False
41747863,41733659,2024-10,0.4086381196975708,False
41746856,41860169,2024-10,0.3911973237991333,False
41760510,41771440,2024-10,0.3435004651546478,False
41757010,41963063,2024-10,0.4719521403312683,False
41767648,41937507,2024-10,0.33597108721733093,False
41782683,42010712,2024-10,0.2818203270435333,False
41803457,41712120,2024-10,0.38288649916648865,False
41827043,41833902,2024-10,0.3451746106147766,False
41849907,41987352,2024-10,0.3551977574825287,False
41849735,41960442,2024-10,0.5001825094223022,False
41863392,41774001,2024-10,0.3924172520637512,False
41855366,41713321,2024-10,0.416904091835022,False
41874286,41853944,2024-10,0.2646985650062561,False
41889414,41973591,2024-10,0.30058953166007996,False
41895746,41765734,2024-10,0.38481688499450684,False
41907350,41833198,2024-10,0.3490563631057739,False
41906949,41723288,2024-10,0.4095359444618225,False
41913686,41731720,2024-10,0.47639375925064087,False
41925725,41926554,2024-10,0.2820611000061035,False
41925130,41905477,2024-10,0.3345053195953369,False
41924787,41986500,2024-10,0.4323412775993347,False
41931773,41805009,2024-10,0.352541446685791,False
41947566,41941883,2024-10,0.34512805938720703,False
41979880,41994532,2024-10,0.2633012533187866,False
41999029,41788203,2024-10,0.34411710500717163,False
41997648,41948433,2024-10,0.46347326040267944,False
42009532,41709436,2024-10,0.36665093898773193,False
42028047,42242932,2024-11,0.4326236844062805,False
42027499,42169363,2024-11,0.2693527042865753,False
42035319,42042025,2024-11,0.3845307230949402,False
42074083,42019586,2024-11,0.5541431903839111,False
42072709,42147110,2024-11,0.5533702969551086,False
42091043,42091423,2024-11,0.2951121926307678,False
42095302,42157885,2024-11,0.3806857168674469,False
42094546,42254359,2024-11,0.5601692199707031,False
42097774,42057478,2024-11,0.35047444701194763,False
42103576,42221564,2024-11,0.32695722579956055,False
42118989,42081574,2024-11,0.4403322637081146,False
42115310,42280119,2024-11,0.35097217559814453,False
42128691,42244976,2024-11,0.3774131238460541,False
42123909,42165862,2024-11,0.4092620611190796,False
42160013,42225971,2024-11,0.4792029857635498,False
42159833,42278916,2024-11,0.3610665798187256,False
42156752,42224752,2024-11,0.388320654630661,False
42155909,42156126,2024-11,0.30219194293022156,False
42186903,42208850,2024-11,0.3714093863964081,False
42197741,42168166,2024-11,0.47520753741264343,False
42193663,42223327,2024-11,0.47054505348205566,False
42206666,42254433,2024-11,0.3919452130794525,False
42204939,42257060,2024-11,0.4075680673122406,False
42213412,42025233,2024-11,0.3497418761253357,False
42212650,42228538,2024-11,0.3676721453666687,False
42219754,42108301,2024-11,0.2340966910123825,False
42247368,42078536,2024-11,0.3233983516693115,False
42241743,42229557,2024-11,0.3470396101474762,False
42252806,42247572,2024-11,0.28050532937049866,False
42274489,42178761,2024-11,0.38235437870025635,False
42299593,42461566,2024-12,0.3875036835670471,False
42308682,42352825,2024-12,0.25372999906539917,False
42308303,42357669,2024-12,0.3884434103965759,False
42303552,42465907,2024-12,0.29463648796081543,False
42316729,42295491,2024-12,0.32341912388801575,False
42315500,42485562,2024-12,0.39827555418014526,False
42356443,42559744,2024-12,0.5352336168289185,False
42353948,42465610,2024-12,0.5730075836181641,False
42366481,42343692,2024-12,0.3655478358268738,False
42378519,42304020,2024-12,0.40329045057296753,False
42394391,42390828,2024-12,0.3835522532463074,False
42403161,42503519,2024-12,0.3668617308139801,False
42401227,42547538,2024-12,0.4059726595878601,False
42394692,42358909,2024-12,0.3398159146308899,False
42411608,42427132,2024-12,0.2899753451347351,False
42414912,42448193,2024-12,0.4051780104637146,False
42423282,42393663,2024-12,0.5251164436340332,False
42432494,42334016,2024-12,0.3191578984260559,False
42431361,42291125,2024-12,0.37890753149986267,False
42430296,42401653,2024-12,0.4001159071922302,False
42439456,42363293,2024-12,0.4088136553764343,False
42455992,42400458,2024-12,0.3809804320335388,False
42451848,42350646,2024-12,0.3866327702999115,False
42473321,42368604,2024-12,0.15479101240634918,False
42468214,42330491,2024-12,0.2600560784339905,False
42480706,42385471,2024-12,0.34755489230155945,False
42485938,42378929,2024-12,0.16372540593147278,False
42551660,42534090,2024-12,0.34901338815689087,False
42549123,42443022,2024-12,0.39783573150634766,False
42555320,42405323,2024-12,0.35332292318344116,False
42569938,42806998,2025-01,0.44892293214797974,False
42569913,42853741,2025-01,0.40119194984436035,False
42576647,42852368,2025-01,0.3794592618942261,False
42571608,42779776,2025-01,0.3300146460533142,False
42584860,42598097,2025-01,0.42009276151657104,False
42594810,42826849,2025-01,0.34351441264152527,False
42625095,42680948,2025-01,0.33211588859558105,False
42644015,42824922,2025-01,0.34907516837120056,False
42653744,42824473,2025-01,0.35596850514411926,False
42670619,42738457,2025-01,0.4386822581291199,False
42684057,42684128,2025-01,0.3983120024204254,False
42682821,42567069,2025-01,0.5012844204902649,False
42706347,42759546,2025-01,0.3414454162120819,False
42726584,42782872,2025-01,0.39912354946136475,False
42745002,42584258,2025-01,0.3054434061050415,False
42769623,42748534,2025-01,0.35041797161102295,False
42794776,42673465,2025-01,0.3607408404350281,False
42803248,42606039,2025-01,0.3852251172065735,False
42817713,42672339,2025-01,0.3904569149017334,False
42825097,42613550,2025-01,0.40473881363868713,False
42854525,42676928,2025-01,0.3700273036956787,False
42851607,42811674,2025-01,0.378667414188385,False
42851254,42853362,2025-01,0.4408256709575653,False
42868911,42811184,2025-01,0.3182978332042694,False
42865527,42871371,2025-01,0.5091181397438049,True
42861815,42704160,2025-01,0.41453924775123596,False
42861475,42839650,2025-01,0.3767847418785095,False
42879323,42586042,2025-01,0.4625055193901062,False
42892191,42577076,2025-01,0.23777881264686584,False
42890627,42768072,2025-01,0.2800961136817932,False
42894425,43089238,2025-02,0.4313473105430603,False
42910105,42915435,2025-02,0.43392205238342285,False
42905453,42976698,2025-02,0.31020796298980713,False
42938125,42923870,2025-02,0.33299440145492554,False
42933256,43102414,2025-02,0.4305022656917572,False
42932056,43097544,2025-02,0.3779022693634033,False
42962345,43114803,2025-02,0.3946894705295563,False
42969643,43112703,2025-02,0.4084981679916382,False
43000529,43054069,2025-02,0.24633236229419708,False
43013028,43191696,2025-02,0.3221832513809204,False
43011257,43077833,2025-02,0.3470529317855835,False
43038190,43161188,2025-02,0.5339642763137817,False
43034821,42963501,2025-02,0.375840425491333,False
43054340,43078701,2025-02,0.3836049735546112,False
43057465,42950066,2025-02,0.27897709608078003,False
43055068,42983615,2025-02,0.3563655614852905,False
43071775,42937187,2025-02,0.3664756417274475,False
43067419,42901182,2025-02,0.355058491230011,False
43103549,43074892,2025-02,0.33924248814582825,False
43101774,43201720,2025-02,0.37794578075408936,False
43121383,43167373,2025-02,0.4297618865966797,False
43118512,43116217,2025-02,0.33137571811676025,False
43111889,42979204,2025-02,0.2520162761211395,False
43124902,42920119,2025-02,0.6006339192390442,False
43135382,43209358,2025-02,0.40663817524909973,False
43166249,43021026,2025-02,0.40500810742378235,False
43160731,43059215,2025-02,0.27080774307250977,False
43159219,42925110,2025-02,0.3618374168872833,False
43158995,43064166,2025-02,0.3522511124610901,False
43193018,43143806,2025-02,0.35927456617355347,False
43223684,43432142,2025-03,0.4433972239494324,False
43229245,43389064,2025-03,0.2571854591369629,False
43253211,43340487,2025-03,0.3418944478034973,False
43261650,43497954,2025-03,0.2937130928039551,False
43295692,43489114,2025-03,0.31203317642211914,False
43304436,43260251,2025-03,0.463483989238739,False
43298945,43349901,2025-03,0.393949955701828,False
43322570,43290892,2025-03,0.3592674732208252,False
43318624,43286161,2025-03,0.2987508773803711,False
43333484,43227881,2025-03,0.42881685495376587,False
43345575,43526957,2025-03,0.42585545778274536,False
43358016,43524534,2025-03,0.29988306760787964,False
43352579,43470010,2025-03,0.4290650486946106,False
43390400,43380930,2025-03,0.2845305800437927,False
43414393,43330900,2025-03,0.3067040741443634,False
43427679,43265399,2025-03,0.4753616154193878,False
43425304,43239861,2025-03,0.3510192632675171,False
43422413,43302132,2025-03,0.34182208776474,False
43437184,43458833,2025-03,0.4724962115287781,False
43431675,43517301,2025-03,0.301306813955307,False
43454690,43213819,2025-03,0.5155907869338989,False
43476337,43499045,2025-03,0.3222041130065918,False
43481261,43517828,2025-03,0.566272497177124,False
43496644,43451397,2025-03,0.23826777935028076,False
43492112,43377533,2025-03,0.3229249119758606,False
43492064,43532658,2025-03,0.42777127027511597,False
43518576,43416451,2025-03,0.3020927309989929,False
43514141,43304193,2025-03,0.2944769263267517,False
43538783,43307489,2025-03,0.43496212363243103,False
43537034,43490167,2025-03,0.5181518793106079,False
43560849,43763967,2025-04,0.49942219257354736,False
43587628,43702162,2025-04,0.4374016523361206,False
43594372,43691256,2025-04,0.5458006858825684,False
43603453,43572374,2025-04,0.39640071988105774,False
43608377,43557310,2025-04,0.5170190334320068,False
43626707,43816071,2025-04,0.3439173698425293,False
43644662,43573488,2025-04,0.35998278856277466,False
43641381,43734732,2025-04,0.31444674730300903,False
43658794,43744609,2025-04,0.3662862777709961,False
43653078,43614661,2025-04,0.24064570665359497,False
43678023,43759204,2025-04,0.29944464564323425,False
43708025,43668250,2025-04,0.47384390234947205,False
43723135,43633568,2025-04,0.3520480990409851,False
43732506,43672712,2025-04,0.3907259702682495,False
43752492,43555996,2025-04,0.3487151563167572,False
43752262,43631274,2025-04,0.42401885986328125,False
43750165,43633330,2025-04,0.35295596718788147,False
43758936,43768117,2025-04,0.33390724658966064,False
43758730,43775878,2025-04,0.3357100784778595,False
43773813,43652723,2025-04,0.4509126543998718,False
43770312,43607893,2025-04,0.3572508990764618,False
43790093,43590569,2025-04,0.3058008551597595,False
43805238,43705649,2025-04,0.4333304762840271,False
43811908,43817423,2025-04,0.29722052812576294,False
43824952,43761094,2025-04,0.2418224811553955,False
43835948,43797058,2025-04,0.48763763904571533,False
43833783,43676254,2025-04,0.4436020851135254,False
43827978,43563533,2025-04,0.3375679850578308,False
43851212,43669981,2025-04,0.4608558416366577,False
43840842,43734706,2025-04,0.2147427201271057,False
43882905,43935707,2025-05,0.48010939359664917,False
43881396,43943610,2025-05,0.38067248463630676,False
43879702,44052984,2025-05,0.38455379009246826,False
43885051,43973541,2025-05,0.3295774459838867,False
43897772,43978435,2025-05,0.28398260474205017,False
43897320,44088216,2025-05,0.27121198177337646,False
43896835,43958190,2025-05,0.4219420552253723,False
43905299,43968897,2025-05,0.3095201849937439,False
43912844,43985489,2025-05,0.5148112773895264,False
43931366,44045292,2025-05,0.38368934392929077,False
43955025,44051090,2025-05,0.3980281949043274,False
43975254,43926149,2025-05,0.37479448318481445,False
43972088,44080640,2025-05,0.4051923453807831,False
43993889,44024449,2025-05,0.44457438588142395,False
43991256,43882150,2025-05,0.38610243797302246,False
43990976,43990843,2025-05,0.4515712261199951,False
44008867,43978155,2025-05,0.24183478951454163,False
44011654,43944790,2025-05,0.39358600974082947,False
44044834,43986828,2025-05,0.4553670287132263,False
44037689,44070699,2025-05,0.42772358655929565,False
44048574,43978333,2025-05,0.33085697889328003,False
44064504,44018301,2025-05,0.5402711629867554,False
44060605,43859165,2025-05,0.40263232588768005,False
44082058,43888501,2025-05,0.37111565470695496,False
44081346,44070324,2025-05,0.30115288496017456,False
44118130,43970637,2025-05,0.47284185886383057,False
44116535,44093675,2025-05,0.4319886267185211,False
44125598,44084383,2025-05,0.4053966701030731,False
44139454,44142472,2025-05,0.36050084233283997,False
44132873,43857903,2025-05,0.4082348942756653,False
44157618,44327546,2025-06,0.23665112257003784,False
44157378,44257862,2025-06,0.2892799973487854,False
44183483,44427774,2025-06,0.500032365322113,False
44203732,44315179,2025-06,0.44587066769599915,False
44219279,44378127,2025-06,0.39562585949897766,False
44242737,44386236,2025-06,0.29667869210243225,False
44239481,44256765,2025-06,0.37156397104263306,False
44237769,44345451,2025-06,0.3781120777130127,False
44236849,44230137,2025-06,0.36943623423576355,False
44234592,44252858,2025-06,0.39119428396224976,False
44248417,44383050,2025-06,0.4055742621421814,False
44281958,44404447,2025-06,0.4892188310623169,False
44293988,44313739,2025-06,0.2541172504425049,False
44287833,44384924,2025-06,0.490070641040802,False
44303538,44369064,2025-06,0.5247425436973572,False
44353422,44292116,2025-06,0.3973444104194641,False
44353408,44357625,2025-06,0.3503473103046417,False
44352762,44198901,2025-06,0.44187024235725403,False
44380655,44196393,2025-06,0.34695446491241455,False
44373724,44187642,2025-06,0.6069220304489136,False
44388093,44320772,2025-06,0.4940117299556732,False
44384610,44177446,2025-06,0.5097441673278809,False
44400265,44334605,2025-06,0.37738344073295593,False
44407350,44402508,2025-06,0.2639424502849579,False
44404067,44207249,2025-06,0.3469772934913635,False
44409405,44194469,2025-06,0.29452526569366455,False
44426942,44344624,2025-06,0.31580108404159546,False
44426476,44225953,2025-06,0.3780713379383087,False
44425125,44168201,2025-06,0.33227846026420593,False
44421803,44250206,2025-06,0.34972238540649414,False
44432272,44613361,2025-07,0.3018304705619812,False
44430117,44455124,2025-07,0.3778686225414276,False
44442072,44596275,2025-07,0.4545305669307709,False
44450160,44686726,2025-07,0.5238124132156372,False
44467949,44466888,2025-07,0.2812754809856415,False
44478279,44623207,2025-07,0.45624086260795593,False
44491460,44481939,2025-07,0.3062569499015808,False
44491071,44485342,2025-07,0.2736894190311432,False
44516331,44714636,2025-07,0.3436238765716553,False
44548906,44546265,2025-07,0.36959099769592285,False
44564963,44510320,2025-07,0.37896648049354553,False
44599549,44573409,2025-07,0.36031174659729004,False
44595635,44627443,2025-07,0.284043550491333,False
44608275,44672149,2025-07,0.30465009808540344,False
44625661,44616688,2025-07,0.5197217464447021,False
44622637,44628082,2025-07,0.31685870885849,False
44622382,44574786,2025-07,0.3440166711807251,False
44641669,44490490,2025-07,0.38634514808654785,False
44640477,44712831,2025-07,0.47666439414024353,False
44638307,44610623,2025-07,0.3689616918563843,False
44665070,44731287,2025-07,0.3718716502189636,False
44661912,44634469,2025-07,0.376254141330719,False
44655515,44433218,2025-07,0.5448473691940308,False
44665941,44647512,2025-07,0.36494767665863037,False
44700471,44499063,2025-07,0.36137205362319946,False
44716414,44705960,2025-07,0.4707140326499939,False
44711075,44627185,2025-07,0.366843044757843,False
44727671,44477417,2025-07,0.38271084427833557,False
44736101,44570363,2025-07,0.4242280125617981,False
44745820,44671601,2025-07,0.48829373717308044,False
44760411,44911412,2025-08,0.36995235085487366,False
44755654,44865290,2025-08,0.5583625435829163,False
44765193,44778541,2025-08,0.4096953868865967,False
44780249,44990089,2025-08,0.5125006437301636,False
44795582,44996571,2025-08,0.4513149559497833,False
44815125,44954065,2025-08,0.3994464874267578,False
44808645,44816670,2025-08,0.5657057762145996,False
44827101,44851214,2025-08,0.5469648838043213,False
44822665,44932980,2025-08,0.3584420382976532,False
44840013,44942501,2025-08,0.26936769485473633,False
44837783,44913081,2025-08,0.4079402983188629,False
44835827,44890012,2025-08,0.35604193806648254,False
44848431,44835703,2025-08,0.27904653549194336,False
44843605,44844647,2025-08,0.4331328570842743,False
44891596,44762022,2025-08,0.31745943427085876,False
44901123,44816122,2025-08,0.32823505997657776,False
44921825,45062274,2025-08,0.43519914150238037,False
44935171,44772249,2025-08,0.3529576063156128,False
44942761,44761299,2025-08,0.3890804350376129,False
44940509,44949059,2025-08,0.368091344833374,False
44939902,44758068,2025-08,0.3221346139907837,False
44957454,44787780,2025-08,0.23750650882720947,False
44979107,44934386,2025-08,0.3168337941169739,False
44985207,45053764,2025-08,0.5501188039779663,False
45004728,44881977,2025-08,0.2966209352016449,False
45004617,44944592,2025-08,0.3739437758922577,False
45052784,44813854,2025-08,0.44613564014434814,False
45052421,44934988,2025-08,0.45578932762145996,False
45051188,44906662,2025-08,0.3717690408229828,False
45083635,45005434,2025-08,0.42876559495925903,False
45093090,45396234,2025-09,0.5333486199378967,False
45090093,45417771,2025-09,0.37643200159072876,False
45113251,45426099,2025-09,0.396258145570755,False
45137658,45377641,2025-09,0.40894055366516113,False
45149281,45255400,2025-09,0.37023112177848816,False
45187841,45186044,2025-09,0.4228968620300293,False
45183191,45214955,2025-09,0.29956740140914917,False
45176491,45224246,2025-09,0.3577841520309448,False
45199760,45137373,2025-09,0.3350723683834076,False
45215032,45128055,2025-09,0.5587917566299438,False
45221423,45125370,2025-09,0.3488752841949463,False
45253775,45101127,2025-09,0.4751037061214447,False
45251111,45136411,2025-09,0.31099727749824524,False
45250720,45373008,2025-09,0.45569950342178345,False
45250052,45365730,2025-09,0.37102562189102173,False
45247890,45399106,2025-09,0.37964922189712524,False
45295794,45263230,2025-09,0.3528973162174225,False
45321983,45309512,2025-09,0.3774590492248535,False
45319062,45421564,2025-09,0.46579885482788086,False
45337253,45104082,2025-09,0.3949131965637207,False
45388822,45175628,2025-09,0.35007041692733765,False
45386499,45412946,2025-09,0.3529187738895416,False
45399893,45346968,2025-09,0.3686915338039398,False
45399099,45114175,2025-09,0.520493745803833,False
45398467,45292475,2025-09,0.5276312828063965,False
45396624,45200118,2025-09,0.31309574842453003,False
45392744,45291903,2025-09,0.3641136884689331,False
45418428,45228552,2025-09,0.4497120678424835,False
45426596,45380858,2025-09,0.3680899143218994,False
45423088,45171418,2025-09,0.3666772246360779,False
45443004,45448702,2025-10,0.39558708667755127,False
45453135,45479820,2025-10,0.5092792510986328,False
45465392,45767162,2025-10,0.3775596618652344,False
45464429,45464984,2025-10,0.42589694261550903,False
45483924,45440431,2025-10,0.3163708746433258,False
45504388,45518861,2025-10,0.43817949295043945,False
45504127,45604700,2025-10,0.35672760009765625,False
45500485,45721682,2025-10,0.4237687587738037,False
45540174,45698930,2025-10,0.535633385181427,False
45546069,45610540,2025-10,0.5046574473381042,False
45555709,45657922,2025-10,0.504947304725647,False
45571423,45506268,2025-10,0.29581132531166077,False
45583180,45473861,2025-10,0.3606937527656555,False
45582874,45538963,2025-10,0.2722514867782593,False
45599727,45489625,2025-10,0.23296990990638733,False
45619544,45525336,2025-10,0.38829296827316284,False
45628186,45528141,2025-10,0.26999741792678833,False
45627171,45602884,2025-10,0.2996782064437866,False
45644921,45512388,2025-10,0.2659666836261749,False
45644777,45479103,2025-10,0.5279088020324707,False
45657428,45469437,2025-10,0.5631988644599915,False
45656916,45590681,2025-10,0.4292483627796173,False
45671778,45634095,2025-10,0.31544435024261475,False
45671282,45733030,2025-10,0.26688945293426514,False
45684934,45457670,2025-10,0.24472634494304657,False
45695841,45589327,2025-10,0.3027110695838928,False
45713367,45700663,2025-10,0.3816055655479431,False
45722069,45567877,2025-10,0.2487543821334839,False
45746401,45466588,2025-10,0.3350592851638794,False
45762358,45545220,2025-10,0.36026209592819214,False
45783640,46036908,2025-11,0.5990183353424072,False
45783470,46015095,2025-11,0.37970227003097534,False
45813267,46094589,2025-11,0.279524564743042,False
45836809,45947639,2025-11,0.33694130182266235,False
45835090,45878545,2025-11,0.43692219257354736,False
45830380,46050029,2025-11,0.34583449363708496,False
45845993,46100244,2025-11,0.4074702560901642,False
45845709,46013477,2025-11,0.2683091461658478,False
45861329,45926263,2025-11,0.34917014837265015,False
45860273,45799287,2025-11,0.547114372253418,False
45856883,46068716,2025-11,0.2959762215614319,False
45862802,45891817,2025-11,0.36114978790283203,False
45890186,46095817,2025-11,0.44197607040405273,False
45886131,45957743,2025-11,0.3377634286880493,False
45918732,46072786,2025-11,0.4374092221260071,False
45918638,46035574,2025-11,0.5191285610198975,False
45938815,45782348,2025-11,0.3047497272491455,False
45946498,46061208,2025-11,0.36066657304763794,False
45945242,45942076,2025-11,0.418368399143219,False
45983700,45926469,2025-11,0.3427332937717438,False
45987252,45920020,2025-11,0.3636511266231537,False
46017972,45948792,2025-11,0.35233256220817566,False
46025978,45999256,2025-11,0.43346601724624634,False
46020096,45916037,2025-11,0.436323881149292,False
46038417,45984133,2025-11,0.3456921875476837,False
46037343,46045385,2025-11,0.418903112411499,False
46072838,45804416,2025-11,0.33343830704689026,False
46072002,46082223,2025-11,0.22839361429214478,False
46086771,46077393,2025-11,0.317853182554245,False
46098992,46013935,2025-11,0.3199203610420227,False
46103078,46191993,2025-12,0.3631688356399536,False
46126964,46329375,2025-12,0.4428187608718872,False
46125534,46428398,2025-12,0.31337395310401917,False
46124258,46170309,2025-12,0.22840213775634766,False
46137788,46425769,2025-12,0.3463433086872101,False
46182582,46196896,2025-12,0.3046647012233734,False
46181314,46266312,2025-12,0.29833754897117615,False
46211994,46172498,2025-12,0.36958545446395874,False
46207425,46286407,2025-12,0.5301084518432617,False
46206591,46386878,2025-12,0.4610223174095154,False
46217176,46290320,2025-12,0.3138259947299957,False
46213045,46276019,2025-12,0.3626731336116791,False
46231493,46337984,2025-12,0.2683969736099243,False
46242795,46141849,2025-12,0.30170169472694397,False
46268452,46415488,2025-12,0.3054048717021942,False
46272921,46194302,2025-12,0.438618928194046,False
46294574,46220540,2025-12,0.30178534984588623,False
46292984,46297434,2025-12,0.4135696291923523,False
46289160,46414933,2025-12,0.32988256216049194,False
46289073,46440997,2025-12,0.3403370678424835,False
46302262,46352747,2025-12,0.3642624020576477,False
46309039,46327020,2025-12,0.5904927253723145,False
46328788,46129866,2025-12,0.29487472772598267,False
46342380,46442597,2025-12,0.4266756772994995,False
46394867,46169224,2025-12,0.31299299001693726,False
46390055,46139905,2025-12,0.5180312395095825,False
46409125,46194828,2025-12,0.3417147696018219,False
46424733,46308706,2025-12,0.35500702261924744,False
46449643,46117112,2025-12,0.4971112608909607,False
46444020,46256249,2025-12,0.345939040184021,False
46492601,46794281,2026-01,0.459468275308609,False
46506902,46513173,2026-01,0.5403674244880676,False
46513728,46737957,2026-01,0.3919811248779297,False
46560445,46743908,2026-01,0.331727534532547,False
46551238,46466099,2026-01,0.5292328596115112,False
46579387,46457488,2026-01,0.3568769097328186,False
46595419,46704555,2026-01,0.300723135471344,False
46586766,46840865,2026-01,0.3437838554382324,False
46605587,46580703,2026-01,0.30133068561553955,False
46600839,46705715,2026-01,0.42506143450737,False
46625445,46502709,2026-01,0.3248830735683441,False
46620990,46497989,2026-01,0.33360546827316284,False
46618407,46723183,2026-01,0.30529868602752686,False
46635309,46588837,2026-01,0.4181593060493469,False
46675740,46771779,2026-01,0.2618442177772522,False
46688122,46666777,2026-01,0.5622217059135437,False
46686402,46454413,2026-01,0.40149056911468506,False
46725632,46683519,2026-01,0.37449342012405396,False
46724675,46815136,2026-01,0.5270144939422607,False
46718485,46797865,2026-01,0.3794032335281372,False
46740548,46625766,2026-01,0.45458555221557617,False
46758175,46607969,2026-01,0.3690059185028076,False
46756187,46632039,2026-01,0.4296843409538269,False
46750118,46722285,2026-01,0.35471054911613464,False
46770675,46750485,2026-01,0.3505219519138336,False
46766507,46457912,2026-01,0.36229416728019714,False
46816212,46518536,2026-01,0.4169970750808716,False
46810828,46783017,2026-01,0.6284229755401611,False
46827128,46661936,2026-01,0.38251233100891113,False
46824877,46588905,2026-01,0.5406715869903564,False
46845296,46842884,2026-02,0.5964972972869873,False
46853072,47062496,2026-02,0.4223897457122803,False
46875952,47147183,2026-02,0.7065993547439575,False
46891827,47153941,2026-02,0.45961815118789673,False
46903558,46991394,2026-02,0.4496345520019531,False
46902374,47121442,2026-02,0.2719633877277374,False
46918254,47155526,2026-02,0.5824095010757446,False
46911873,46963887,2026-02,0.623578667640686,False
46934906,46855003,2026-02,0.32217422127723694,False
46959679,46900497,2026-02,0.37769240140914917,False
46954920,46924426,2026-02,0.3606232702732086,False
46980273,46990733,2026-02,0.5030064582824707,False
46993587,46905745,2026-02,0.4945526421070099,False
46990729,46902223,2026-02,0.23451948165893555,False
47006843,46930565,2026-02,0.42996782064437866,False
47004203,47064470,2026-02,0.5553720593452454,False
46997526,47008663,2026-02,0.3854043483734131,False
47026773,46948820,2026-02,0.4477674961090088,False
47041765,47182999,2026-02,0.2836117446422577,False
47037628,47151000,2026-02,0.3994217813014984,False
47036610,47058080,2026-02,0.38305777311325073,False
47060052,46856722,2026-02,0.3945613503456116,False
47111440,46946062,2026-02,0.5015125274658203,False
47129415,46925934,2026-02,0.44848161935806274,False
47143976,47007331,2026-02,0.31497064232826233,False
47134946,47123805,2026-02,0.5015964508056641,False
47134931,46907468,2026-02,0.3887832462787628,False
47160641,46993774,2026-02,0.46686801314353943,False
47181211,46960036,2026-02,0.34896326065063477,False
47174777,47055786,2026-02,0.3272674083709717,False
47209443,47472120,2026-03,0.31424152851104736,False
47222270,47300747,2026-03,0.5868989825248718,False
47221947,47424243,2026-03,0.3330719769001007,False
47217298,47535369,2026-03,0.3347679376602173,False
47216825,47550878,2026-03,0.5779489278793335,False
47239768,47236858,2026-03,0.3543231189250946,False
47252838,47232224,2026-03,0.40009409189224243,False
47242739,47266782,2026-03,0.3830779790878296,False
47241272,47293727,2026-03,0.5641240477561951,False
47298997,47579229,2026-03,0.44279488921165466,False
47322887,47388658,2026-03,0.4128759205341339,False
47322033,47409222,2026-03,0.28499117493629456,False
47332939,47581097,2026-03,0.4587017893791199,False
47381473,47495966,2026-03,0.4378146827220917,False
47380203,47545642,2026-03,0.6200205683708191,False
47407252,47568080,2026-03,0.40116024017333984,False
47435156,47568028,2026-03,0.3554656505584717,False
47464438,47317739,2026-03,0.2466793954372406,False
47492649,47343935,2026-03,0.44342395663261414,False
47516650,47412726,2026-03,0.3213953375816345,False
47513475,47327703,2026-03,0.45640140771865845,False
47535897,47535027,2026-03,0.33687683939933777,False
47535371,47563655,2026-03,0.38690921664237976,False
47558531,47416607,2026-03,0.4167986214160919,False
47557165,47355213,2026-03,0.567634105682373,False
47554773,47300329,2026-03,0.25206810235977173,False
47561819,47387047,2026-03,0.44501715898513794,False
47571064,47245186,2026-03,0.40094876289367676,False
47584304,47265166,2026-03,0.39511266350746155,False
47582984,47508608,2026-03,0.6152702569961548,False
47623053,47915274,2026-04,0.5548272728919983,False
47664836,47675906,2026-04,0.336777925491333,False
47659807,47620933,2026-04,0.37360048294067383,False
47656335,47704285,2026-04,0.3581649661064148,False
47721953,47965108,2026-04,0.43962424993515015,False
47729477,47894638,2026-04,0.49146145582199097,False
47738864,47779730,2026-04,0.3589221239089966,False
47757033,47727974,2026-04,0.33061519265174866,False
47766330,47745261,2026-04,0.31006354093551636,False
47781998,47823460,2026-04,0.33058804273605347,False
47773640,47612775,2026-04,0.3728146255016327,False
47798006,47879386,2026-04,0.38639920949935913,False
47810533,47689319,2026-04,0.49233219027519226,False
47813428,47722913,2026-04,0.34448736906051636,False
47827985,47786700,2026-04,0.3831067681312561,False
47839951,47692043,2026-04,0.4103431701660156,False
47829058,47781950,2026-04,0.438297837972641,False
47854477,47932937,2026-04,0.6632019281387329,False
47878117,47824403,2026-04,0.34371158480644226,False
47894000,47780712,2026-04,0.27778828144073486,False
47892765,47809310,2026-04,0.489968478679657,False
47887683,47730407,2026-04,0.2912076413631439,False
47921724,47757552,2026-04,0.3175732493400574,False
47921079,47890302,2026-04,0.4444032311439514,False
47916410,47767191,2026-04,0.37994879484176636,False
47932028,47924775,2026-04,0.5205684900283813,False
47929961,47828968,2026-04,0.47898465394973755,False
47929510,47629505,2026-04,0.30172789096832275,False
47951582,47956895,2026-04,0.30541640520095825,False
47963163,47864785,2026-04,0.3524695038795471,False
47977694,48319524,2026-05,0.5039150714874268,False
47976856,48225357,2026-05,0.391756534576416,False
47987256,48015397,2026-05,0.3932417631149292,False
47991981,48192882,2026-05,0.2420112043619156,False
48025274,48281367,2026-05,0.23695087432861328,False
48017948,48130679,2026-05,0.2601436376571655,False
48050540,48229319,2026-05,0.4636370837688446,False
48072720,48140730,2026-05,0.4062722325325012,False
48082763,48247876,2026-05,0.3665645718574524,False
48081469,48024358,2026-05,0.343746542930603,False
48127815,48196777,2026-05,0.39653971791267395,False
48140529,48168058,2026-05,0.392320841550827,False
48136981,47999656,2026-05,0.5393229722976685,False
48134429,48235361,2026-05,0.40445780754089355,False
48129561,47978834,2026-05,0.351725697517395,False
48150723,48225596,2026-05,0.3053523302078247,False
48173318,48315440,2026-05,0.2859337329864502,False
48198291,47985750,2026-05,0.37615495920181274,False
48196303,47975763,2026-05,0.3762581944465637,False
48188310,48159282,2026-05,0.4138713479042053,False
48230104,48021420,2026-05,0.4467918872833252,False
48230001,48263284,2026-05,0.3335501253604889,False
48242648,48280636,2026-05,0.3194511830806732,False
48230892,48066169,2026-05,0.4915233254432678,False
48256912,48019025,2026-05,0.5047265291213989,False
48270770,48089091,2026-05,0.3295697569847107,False
48296359,48052537,2026-05,0.3579902648925781,False
48314363,47982512,2026-05,0.32724255323410034,False
48341210,48222318,2026-05,0.38178539276123047,False
48347153,48256597,2026-05,0.4164637327194214,False
48355229,48430212,2026-06,0.3819654881954193,False
48354405,48618226,2026-06,0.38421887159347534,False
48368187,48479947,2026-06,0.5156271457672119,False
48389360,48467705,2026-06,0.15253353118896484,False
48406198,48396004,2026-06,0.3712640702724457,False
48417916,48468766,2026-06,0.4402311146259308,False
48434342,48658971,2026-06,0.3660358190536499,False
48449665,48648779,2026-06,0.32587629556655884,False
48449187,48528779,2026-06,0.4150840640068054,False
48465744,48661911,2026-06,0.3254784345626831,False
48464333,48635112,2026-06,0.5430452823638916,False
48470248,48679608,2026-06,0.3242585361003876,False
48487540,48668199,2026-06,0.42718639969825745,False
48515385,48377250,2026-06,0.4583882689476013,False
48528371,48632652,2026-06,0.3990332782268524,False
48546618,48612844,2026-06,0.38855746388435364,False
48539078,48360137,2026-06,0.3813911974430084,False
48571016,48661415,2026-06,0.38865500688552856,False
48579650,48446428,2026-06,0.16907720267772675,False
48599998,48442503,2026-06,0.3309277892112732,False
48595144,48621645,2026-06,0.26445654034614563,False
48623695,48588206,2026-06,0.475936621427536,False
48630044,48360313,2026-06,0.4682614803314209,False
48628450,48413543,2026-06,0.3182825446128845,False
48649137,48419614,2026-06,0.5103819966316223,False
48646276,48596911,2026-06,0.42897072434425354,False
48692995,48568058,2026-06,0.36088818311691284,False
48689028,48518684,2026-06,0.31042802333831787,False
48710827,48584761,2026-06,0.5283591747283936,False
48705878,48732627,2026-06,0.39092111587524414,False
