,m1_anger,m1_anger,m1_disgust,m1_disgust,m1_fear,m1_fear,m1_joy,m1_joy,m1_neutral,m1_neutral,m1_sadness,m1_sadness,m1_surprise,m1_surprise,m1m_anger,m1m_anger,m1m_disgust,m1m_disgust,m1m_fear,m1m_fear,m1m_joy,m1m_joy,m1m_neutral,m1m_neutral,m1m_sadness,m1m_sadness,m1m_surprise,m1m_surprise,m2_anger,m2_anger,m2_disgust,m2_disgust,m2_fear,m2_fear,m2_joy,m2_joy,m2_neutral,m2_neutral,m2_sadness,m2_sadness,m2_surprise,m2_surprise,m3_anger,m3_anger,m3_disgust,m3_disgust,m3_fear,m3_fear,m3_joy,m3_joy,m3_sadness,m3_sadness,m3_surprise,m3_surprise
group,ai,control,ai,control,ai,control,ai,control,ai,control,ai,control,ai,control,ai,control,ai,control,ai,control,ai,control,ai,control,ai,control,ai,control,ai,control,ai,control,ai,control,ai,control,ai,control,ai,control,ai,control,ai,control,ai,control,ai,control,ai,control,ai,control,ai,control
t,,,,,,,,,,,,,,,,,,,,,,,,,,,,,,,,,,,,,,,,,,,,,,,,,,,,,,
0,0.059222452,0.06594953,0.08038059,0.09554011,0.04066509,0.031446736,0.046634886,0.054326862,0.6164917,0.5938301,0.032287948,0.04258602,0.12431738,0.116320655,0.059892807,0.06594931,0.078812316,0.095540345,0.04263399,0.031446744,0.04801339,0.054327108,0.61232984,0.59383005,0.03305699,0.04258617,0.12526067,0.1163203,0.09323489,0.089737155,0.0035014083,0.005825764,0.005051105,0.004033415,0.20975205,0.21809916,0.45854005,0.45687506,0.032918844,0.04474727,0.17418568,0.16224223,0.009095815753022204,0.01205535499855773,0.006047703182625491,0.007960309943391012,0.01474271735536811,0.01480653753083322,0.016431696911434684,0.013816296882807173,0.01153486354347728,0.012352695147791687,0.009780734313215252,0.009463443461778314
1,0.03215375,0.052381527,0.043525886,0.07767592,0.037234597,0.036005925,0.06884112,0.068069905,0.69036555,0.6046137,0.027814496,0.04199425,0.100064546,0.119258694,0.032798912,0.052375928,0.043581154,0.0776666,0.037926883,0.036006995,0.06921395,0.068043835,0.68720365,0.6046439,0.028259587,0.041997354,0.10101585,0.11926541,0.062603176,0.07744407,0.0026987751,0.0041376,0.0058099567,0.004461444,0.26127958,0.22986118,0.45109865,0.461671,0.030217128,0.044165604,0.17377236,0.1511788,0.007950939125747961,0.011661867897057233,0.005761988417086195,0.0069828276635770185,0.012461387266852328,0.016037112972831637,0.015224042147881601,0.013505571578704688,0.00788693753560684,0.012812849913677125,0.008646388116642461,0.008958842040086526
2,0.048489057,0.06397853,0.09407874,0.11484153,0.040775616,0.037010085,0.05975512,0.056967,0.6343339,0.5835082,0.016235322,0.03493506,0.10633221,0.108759634,0.048751663,0.063980594,0.0937945,0.114838354,0.040404633,0.03701675,0.060015295,0.056970887,0.63438785,0.58340204,0.016382746,0.034938518,0.106263295,0.10885288,0.08964784,0.08623553,0.0034984902,0.0052326214,0.0041707256,0.005376627,0.25783646,0.23244353,0.43198618,0.45998532,0.018557495,0.03486284,0.17571768,0.15580174,0.007857270099331605,0.011315906661076309,0.006563586169503796,0.008282507994049315,0.012656019561567927,0.01628336796208231,0.01428978629655963,0.014128186592041916,0.009839340626846757,0.012919425349546989,0.006879331417272054,0.008462758353932762
3,0.03458825,0.052434564,0.052606348,0.07940817,0.026083725,0.027847962,0.0728052,0.04421737,0.6444673,0.64432895,0.025834223,0.04229433,0.14361496,0.10946864,0.035114393,0.052436117,0.052456576,0.07942438,0.026065456,0.027847683,0.07374369,0.04421806,0.6417698,0.6444602,0.026038755,0.04211133,0.14481129,0.10950225,0.07369917,0.08343108,0.0028904725,0.0051608477,0.0054596593,0.004595627,0.2707996,0.21633391,0.41576096,0.47423646,0.032505907,0.037135568,0.19154899,0.16121194,0.007019233891208569,0.009249792948857197,0.004397183013723574,0.005236474199738741,0.01297931109396812,0.012831520605458654,0.014170593834727015,0.014025580799598184,0.011053958202319667,0.011212084861439266,0.008272598539676325,0.007905344937628131
4,0.036565766,0.05602865,0.048819616,0.10650758,0.041608002,0.02354458,0.04730759,0.05202418,0.6553297,0.62125117,0.03183675,0.03050185,0.13853258,0.11014196,0.03684705,0.056031067,0.04889722,0.106503755,0.04166493,0.023562241,0.047945496,0.052025195,0.653869,0.62120163,0.032213207,0.030495433,0.13856313,0.110180646,0.07231886,0.099190615,0.002388741,0.007137844,0.008359126,0.00381404,0.22909161,0.2203873,0.4814321,0.4688314,0.024153166,0.031457767,0.17428604,0.15550423,0.006739212652824556,0.010730369544784053,0.006207099690813933,0.006713995776603721,0.01155170867101393,0.013478180491195833,0.014108369526946638,0.015134065532084942,0.007681529322863233,0.01082861483826187,0.006291501193416543,0.008294153880106795
5,0.052325174,0.054243628,0.086085506,0.09664299,0.0363402,0.034760226,0.06318213,0.045995113,0.59073615,0.6167835,0.019787509,0.035636667,0.15154329,0.11593788,0.053225335,0.05423752,0.0862233,0.09663638,0.036290657,0.03475935,0.06419105,0.046000857,0.5889932,0.6168492,0.020044936,0.035637844,0.15103155,0.115878895,0.078878686,0.0854197,0.0031668448,0.005819462,0.010142954,0.0038085452,0.24191101,0.19837944,0.45990226,0.484189,0.029298507,0.03434455,0.16519049,0.18226245,0.010883831992488407,0.010385779957531933,0.008006628815647301,0.007073936336841911,0.011695269996591656,0.014609041420264464,0.016197466061218507,0.014115532200757622,0.013554234568692675,0.011382862370657009,0.008825103917896746,0.008006763680361996
6,0.04748579,0.055581845,0.0744389,0.092802376,0.035398964,0.035051133,0.06785572,0.046613988,0.6286927,0.6297598,0.027160354,0.034957558,0.118967585,0.1052333,0.0486813,0.05559703,0.073860705,0.09284503,0.036486577,0.03505141,0.068104364,0.04661302,0.62705046,0.62969726,0.027234703,0.03496302,0.118581854,0.105233185,0.07297018,0.08826407,0.0025988808,0.0044999584,0.00287534,0.005164078,0.24223657,0.21346496,0.45522952,0.48117238,0.028191911,0.037526704,0.17224666,0.16235289,0.00907375850947239,0.010955992635228212,0.005870579055913337,0.006923651396365749,0.014834684727028738,0.016600677728558978,0.01362116002421785,0.013484884956462362,0.010802374002976498,0.012284554496858446,0.007282098440257466,0.008278265525185121
7,0.034822866,0.06553525,0.06738547,0.09880274,0.020055924,0.021119015,0.091501705,0.05719071,0.63532424,0.6007672,0.02415534,0.03758901,0.12675442,0.11899612,0.035449784,0.06554441,0.06747685,0.09879547,0.019820072,0.0211188,0.09253043,0.05720411,0.6334291,0.6007295,0.024250975,0.037590135,0.12704276,0.11901759,0.07504764,0.1097399,0.0022292836,0.0037313313,0.0024131725,0.0034091573,0.28062633,0.20633885,0.41369626,0.4587306,0.027674226,0.041901898,0.18062937,0.16392662,0.006486450214630065,0.011502790734218496,0.00545689750709311,0.008107574274084825,0.008324426137441592,0.016314341916952194,0.017393995260566383,0.015460171287770013,0.010541681299113162,0.013498426291779544,0.007546704528859147,0.007658437331576933
8,0.038367566,0.053826645,0.07502191,0.08352937,0.036966033,0.032372802,0.0673667,0.07459428,0.62502116,0.59653956,0.018855894,0.032498393,0.13840073,0.126639,0.038671143,0.0538302,0.07493823,0.08354127,0.03692515,0.032369696,0.06754198,0.07462757,0.6233399,0.5964325,0.019024035,0.032499224,0.13955955,0.1266995,0.072562836,0.07532973,0.0035152663,0.0029184187,0.011652044,0.0041741896,0.2579892,0.24347818,0.419481,0.4629862,0.022568174,0.032740876,0.19085509,0.15543757,0.010138793888759967,0.009430014160038507,0.006924124491175356,0.007415227084570344,0.013679792465738347,0.013769944936646265,0.018108707986010407,0.015607461181699074,0.01077706646789871,0.012224475949836798,0.008995433061497932,0.009760830804680301
9,0.036976997,0.05982683,0.05647779,0.08624036,0.021984342,0.017652387,0.05339205,0.06960306,0.66206396,0.61506915,0.031190509,0.03593617,0.13791434,0.115672074,0.036940224,0.059830282,0.055927,0.086241394,0.022012629,0.01765246,0.053352274,0.0695416,0.66263926,0.6151336,0.03123093,0.035936184,0.13789767,0.11566449,0.063805394,0.09168802,0.002685517,0.003275609,0.0028050453,0.0015756142,0.2369526,0.22929837,0.46696338,0.4623427,0.03037438,0.038717374,0.17822778,0.15580513,0.006068520395725431,0.010014343080989413,0.004251031338200512,0.006730438860024501,0.010367829585019724,0.012997560020142983,0.0135678561204983,0.01542159345020552,0.010160026753991113,0.013831735589111686,0.008008436733271725,0.007209703381660946
10,0.035687465,0.058142047,0.05717857,0.10180353,0.028657945,0.03258914,0.07396882,0.030096572,0.63322634,0.62323827,0.02769639,0.037386816,0.14358446,0.11674368,0.036603823,0.058043044,0.05795507,0.101796076,0.02852189,0.03263831,0.072106436,0.030105293,0.6338627,0.62251264,0.027810372,0.037387893,0.1431397,0.11751674,0.060820244,0.09521301,0.00448059,0.0042135506,0.004732288,0.0077214465,0.24746713,0.18113558,0.44427317,0.4952442,0.025650108,0.036163732,0.18737234,0.16753396,0.006735043747276497,0.011602281212231605,0.005723686492791725,0.00741382464136558,0.01075987685724597,0.016526129396267346,0.01581468384772418,0.01506732278299965,0.009359615000369744,0.013773259653686412,0.009180691878229442,0.009814540230397748
11,0.047858406,0.06271986,0.07779904,0.110571764,0.042204216,0.038414255,0.056304928,0.049595904,0.6446336,0.5969714,0.022645174,0.034055892,0.10855464,0.10767093,0.048989914,0.06273422,0.077147424,0.110580534,0.043738093,0.038319618,0.057019778,0.049595524,0.6417302,0.5970381,0.023178644,0.034056257,0.10819596,0.10767574,0.09265535,0.09372759,0.0029878851,0.0054064197,0.004692554,0.0043915026,0.20464422,0.21741608,0.4730962,0.47954154,0.028017098,0.03265437,0.1807831,0.15248045,0.009060343771587747,0.010215925341097835,0.005415583979396732,0.006237181289456154,0.014319106517798219,0.014010866288173983,0.01568754097920231,0.015479477263610207,0.010265497128943863,0.011109363091414895,0.008284234612778468,0.008976380882047582
12,0.038347162,0.050281953,0.06110174,0.09578793,0.031415015,0.0364999,0.054455243,0.06144872,0.6568676,0.6215099,0.03289199,0.0360509,0.12492126,0.09842073,0.039295632,0.05028629,0.060951542,0.09579838,0.031945035,0.036500096,0.054711405,0.061451945,0.6547917,0.6214473,0.033472326,0.036053184,0.12483231,0.09846282,0.07067971,0.09741918,0.003857895,0.004412774,0.0039801137,0.0071382867,0.23505402,0.20818205,0.4669723,0.47814742,0.032264844,0.036165517,0.16487502,0.16053285,0.008320651159783869,0.009235947368097323,0.004786725148251513,0.005882870132159134,0.012107000163234597,0.010764248289678738,0.014404487207808408,0.014051690254070317,0.011077497562288307,0.011068975568137497,0.007936070124861182,0.010077215410401765
13,0.051433243,0.06845785,0.073918566,0.091800414,0.0378547,0.03251325,0.0634366,0.04216299,0.61314595,0.6169595,0.022331368,0.034660053,0.13787958,0.11344597,0.052150402,0.06845673,0.07387263,0.091799654,0.03800377,0.032512333,0.06388945,0.042170573,0.6106894,0.61697346,0.022366948,0.034659892,0.1390274,0.11342735,0.075649284,0.08938323,0.003460805,0.0034778956,0.0040702787,0.0046671503,0.23577598,0.2057331,0.45873398,0.48816794,0.027203167,0.03940405,0.17470989,0.1616122,0.00849623550301875,0.011765914158924223,0.004672912029046978,0.006519315349445839,0.013102403484165267,0.014823334042831218,0.015382777910347664,0.014967230862747831,0.011206033301854754,0.01235193083753132,0.00934757119952,0.008480352981934608
14,0.044554766,0.052492373,0.07409395,0.09339394,0.027960248,0.029097883,0.061769657,0.0667999,0.6299341,0.6246258,0.030957436,0.029592212,0.13072985,0.1039979,0.044582736,0.053340692,0.0741234,0.0934105,0.028441941,0.02916462,0.06250692,0.06681138,0.62803775,0.62376124,0.03143273,0.029607583,0.13087453,0.103904,0.0822202,0.09551308,0.0029170923,0.004390509,0.0052629807,0.0058792895,0.24207492,0.25320956,0.4498664,0.44582555,0.03562059,0.03009168,0.16612953,0.1474694,0.009112526979391475,0.009258155409583958,0.006241218092997703,0.00658104884657779,0.013280168183751325,0.012596147432003936,0.016266865350775,0.014375656829395846,0.011468352943805948,0.01020217115586457,0.009257515551408215,0.008370332969609841
15,0.0334374,0.06100849,0.06493331,0.09495417,0.02486161,0.032836936,0.06625059,0.07089534,0.64954084,0.5788587,0.04086888,0.04390142,0.12010736,0.117545,0.033610936,0.06099694,0.06484965,0.09495696,0.025014158,0.032835845,0.06630249,0.070947886,0.64753217,0.57889414,0.041422643,0.043827415,0.12126799,0.11754085,0.071483,0.08672115,0.0034353978,0.004859965,0.0033930142,0.005669506,0.24842863,0.24643245,0.4460412,0.43793383,0.035239205,0.03653074,0.17308432,0.16133143,0.008090834747979777,0.011578284180214782,0.005785908423308476,0.007344494082802229,0.012150840671490993,0.014973478392162924,0.016256076776173044,0.012861025582468755,0.011929095908193667,0.012450907543754405,0.00803429789891006,0.008192087259650902
16,0.043127324,0.04869257,0.060151298,0.080940746,0.030483624,0.029206106,0.054158803,0.065963514,0.65282285,0.6194788,0.030754875,0.03272253,0.12850127,0.122995675,0.04409278,0.04875816,0.060453534,0.08094359,0.030550592,0.02938178,0.054709245,0.0659647,0.6503001,0.6188862,0.030871391,0.03275438,0.12902232,0.12331122,0.077176005,0.09163828,0.0028671345,0.0050385315,0.0029056505,0.0050504194,0.21891864,0.21281706,0.46439233,0.49072066,0.030882737,0.032385956,0.18007977,0.14970645,0.007545377785285011,0.011619615370522326,0.005074831237017646,0.007929477296315164,0.012707143905953585,0.015695012053656386,0.013682586309273397,0.011691738511275198,0.01021139354002805,0.01186157956484158,0.008886961139013053,0.006995666728067866
17,0.053524435,0.050370846,0.0790285,0.09489634,0.037236486,0.034649212,0.05340075,0.03270164,0.6409235,0.6535583,0.026466941,0.0325454,0.109419405,0.10127826,0.0538179,0.050370842,0.07885641,0.09489579,0.037314653,0.034649055,0.05356339,0.032702647,0.6395364,0.6535573,0.026596427,0.03254546,0.11031482,0.10127887,0.08144178,0.08892448,0.0041748076,0.004470347,0.005750399,0.0045412565,0.24380152,0.20662059,0.45572162,0.47697967,0.029044664,0.032610357,0.16619295,0.16999929,0.009819092383211303,0.010761820999113802,0.006491985698494135,0.007660210827092424,0.015233014875291336,0.015137513516393463,0.016011388167881863,0.01480070689461931,0.011626168290016873,0.011832256949433673,0.007832621707068355,0.008288242239909071
18,0.03702029,0.06490315,0.060103066,0.111840166,0.025104975,0.033691715,0.04639857,0.037475634,0.67982626,0.59349185,0.027341574,0.045080125,0.12420528,0.11351733,0.037421927,0.064900875,0.059499376,0.111848615,0.02521585,0.033788014,0.046496496,0.037481263,0.6780867,0.5933973,0.027828244,0.04508362,0.1254514,0.113500275,0.07354915,0.098902136,0.0033437458,0.0058991536,0.0056904284,0.0032265428,0.23938555,0.20300521,0.4708427,0.46486706,0.028045926,0.04855624,0.17548282,0.16178153,0.007756578439559474,0.01234441656887038,0.004462342885744336,0.008245564012405074,0.010364742628021,0.018291495245926603,0.012278223948379649,0.016299912059800123,0.009259074361946893,0.013498827413145731,0.0076732214719892645,0.009989322941084148
19,0.031253934,0.056537107,0.053643294,0.07918413,0.020970836,0.031165954,0.0642182,0.054341473,0.66434216,0.64359164,0.029471204,0.035051223,0.13610035,0.1001285,0.032137793,0.056546763,0.05325596,0.07919123,0.020886749,0.031165604,0.06464233,0.054332424,0.6627418,0.6435247,0.030002391,0.03505471,0.13633299,0.10018461,0.0709855,0.08620919,0.0035150112,0.0033864288,0.0032268062,0.0036078636,0.25113234,0.22103216,0.45503274,0.4663271,0.029316554,0.03786008,0.16678326,0.17164041,0.006470241107924834,0.011806685811100092,0.00463186846254599,0.006619105270892557,0.011117353487996166,0.014661243857609876,0.01553919896755669,0.014564978496923602,0.009958804842121393,0.01114803149389931,0.007719458648917052,0.00914146881017608
20,0.0474577,0.055325393,0.07898911,0.09465039,0.028230013,0.032318335,0.036123462,0.035772424,0.65408504,0.6284288,0.023708085,0.037479006,0.13140662,0.11602564,0.04777779,0.055333905,0.07859691,0.094672695,0.02831468,0.032378934,0.03655666,0.035772987,0.65234303,0.6283761,0.024146728,0.037478,0.13226421,0.11598735,0.075338505,0.08893898,0.0027364516,0.003837711,0.0044920687,0.005010614,0.20063196,0.20134403,0.4918999,0.48153582,0.026577756,0.04207162,0.18141139,0.17200224,0.009145416713031455,0.010858135432444637,0.006104758883398861,0.0063709204819579045,0.013433684071308238,0.015919648304223138,0.014479274108110615,0.014389824417065144,0.010420651123263895,0.012190054626895154,0.008033567935165126,0.0079449810437795
21,0.035927527,0.060706645,0.0657633,0.09687584,0.043319516,0.030073592,0.06580773,0.044719066,0.6235653,0.61821127,0.040988863,0.030429203,0.12462773,0.11898435,0.035933148,0.060693648,0.06586595,0.09686895,0.043129656,0.029981555,0.065279745,0.044693675,0.62360066,0.6182248,0.04127265,0.030429976,0.12491818,0.11910743,0.06958025,0.0942748,0.0034597865,0.003855061,0.007367828,0.0029933238,0.24218377,0.2083088,0.42017457,0.48939842,0.03946191,0.029737791,0.19393685,0.16637698,0.008670311087290598,0.014376245477338916,0.005403669415766968,0.00849475780643151,0.013586749904920604,0.016673383977718573,0.015140738722025772,0.014781322940916768,0.011099867752759776,0.012855418884545803,0.0077506224814800845,0.010008472675564643
22,0.04873698,0.06730532,0.08337158,0.10290104,0.035046317,0.03042535,0.05599883,0.05106022,0.6254354,0.61230254,0.030429754,0.040274832,0.12098116,0.09573069,0.049229305,0.06729043,0.082963996,0.102879524,0.03591706,0.030429944,0.056071043,0.05106586,0.6236131,0.61232275,0.030593535,0.040282987,0.12161193,0.09572849,0.09119537,0.09010314,0.0048197354,0.004709349,0.005066037,0.0048261746,0.2199282,0.19500804,0.4620786,0.49485385,0.027742952,0.0373303,0.17668688,0.15938947,0.010057612583966764,0.011944391606073808,0.0060834333165748515,0.007514111662717102,0.01306378697003393,0.015499034642344965,0.013778140263248778,0.014859521204425224,0.0110388356119693,0.011991130096232469,0.007997154061320837,0.009376134553873768
23,0.035283804,0.06515707,0.05911974,0.09559004,0.034708448,0.033986337,0.057066534,0.046684977,0.657819,0.59964347,0.02585381,0.04599758,0.1301487,0.11294054,0.035918612,0.06515744,0.058695126,0.09559121,0.035692453,0.033986438,0.05754202,0.046688575,0.6539661,0.5996358,0.026599284,0.045997817,0.13158639,0.1129427,0.07667175,0.09310992,0.0033834097,0.0036491088,0.006475701,0.0064792824,0.24579419,0.20991965,0.4459986,0.45995194,0.026727559,0.04290814,0.17710607,0.16436684,0.007172551971663785,0.01273871761966281,0.004415389983623806,0.007533835254194549,0.010896801115854915,0.017035825561936953,0.015545135008287173,0.01230454073386344,0.01048423132850502,0.012941493753673736,0.008773943493611725,0.008031120411536844
24,0.037681203,0.045428764,0.061109412,0.08344072,0.023614876,0.023593647,0.060689367,0.056939583,0.6690461,0.6405117,0.025195662,0.04632094,0.12266335,0.10376468,0.038270757,0.045426734,0.060685255,0.083434656,0.023269387,0.023592133,0.060747284,0.056939624,0.6671163,0.6405104,0.025506556,0.04632173,0.12440444,0.10377477,0.06854889,0.08529386,0.004216176,0.0060747727,0.0037590193,0.003974222,0.23158188,0.22997795,0.47875443,0.46152702,0.026322879,0.03999196,0.18223554,0.15904269,0.007721935163269648,0.00941599292393766,0.005909326118886072,0.006855874093204003,0.012411287946478783,0.013136934064760132,0.013269595163403878,0.01418060430974786,0.010008313641579437,0.012222556244721178,0.008305681685930958,0.008328201813472375
25,0.042807087,0.061543435,0.06399994,0.095080644,0.02400589,0.025985627,0.05607455,0.0635117,0.6699724,0.5872559,0.028791163,0.046858262,0.11434896,0.11976444,0.04337425,0.061620314,0.06399878,0.0952278,0.023978708,0.025953583,0.05688405,0.06372561,0.6680236,0.58671933,0.029110217,0.04689316,0.11463042,0.11986016,0.08318639,0.08761531,0.00248541,0.004903694,0.0066392287,0.0045843534,0.23749475,0.22880758,0.4518462,0.44611934,0.029057095,0.03913193,0.17400481,0.17407103,0.007173812514023195,0.010804286003913435,0.004073967714719138,0.007054043470544428,0.01007592662589696,0.014606989221561673,0.015518429465165299,0.014904559264762685,0.009397181691986178,0.010905461588640848,0.009679539239979025,0.007235602957859204
26,0.04973601,0.060378604,0.08233409,0.09086763,0.031688355,0.03198688,0.052417714,0.061718352,0.6516496,0.5989887,0.021577338,0.03937273,0.11059692,0.11668709,0.05024566,0.060378384,0.082269184,0.090867504,0.031934846,0.031965658,0.052708793,0.06168984,0.650353,0.5990329,0.021611389,0.03936758,0.11087713,0.1166982,0.089526944,0.082598,0.0036076608,0.0032251081,0.0039006623,0.0030833723,0.23953693,0.23017448,0.45001963,0.47218505,0.029369602,0.03905284,0.17378311,0.15769315,0.008051977263265266,0.011293339393148442,0.00729239845828073,0.006267313429758939,0.01250151175145279,0.01372124984968414,0.017116608892767747,0.01542721715166613,0.01190149689146431,0.010027500014821979,0.008787227636452741,0.007333313901568211
27,0.03999931,0.06793647,0.073306896,0.09725079,0.022600273,0.031317603,0.06395254,0.042385545,0.66291755,0.628166,0.029245568,0.033093873,0.10797788,0.09984973,0.041053347,0.06793989,0.0719863,0.09725266,0.022240821,0.031295624,0.06514044,0.042387243,0.6599004,0.62816584,0.030856932,0.033113576,0.10882175,0.099845186,0.08186405,0.09735307,0.0046563493,0.004010995,0.0033979737,0.003594994,0.2431208,0.20372546,0.46107474,0.49871272,0.031019388,0.033456698,0.15799768,0.15362677,0.009567501815011448,0.010577060227722626,0.0055847942737550504,0.007552382103472019,0.013397141356958136,0.015507943626282956,0.014217887664366765,0.013323030506594924,0.0107407822559772,0.01304371141734929,0.007530538803116027,0.008201787128350537
28,0.043082096,0.050136104,0.07353525,0.07934446,0.04200227,0.031053046,0.046954267,0.051160548,0.6248851,0.63177705,0.036307514,0.03935221,0.13323352,0.11717663,0.04349632,0.05014463,0.07347367,0.0793443,0.041974895,0.0309905,0.04768698,0.051209595,0.62219113,0.63176066,0.036768787,0.039354984,0.13440819,0.11719534,0.08236732,0.07431727,0.0039761662,0.0032915552,0.008493613,0.0051144417,0.21358924,0.205243,0.465493,0.49851468,0.03456869,0.03579207,0.1791779,0.16834684,0.00886025178441353,0.008936274291875013,0.006167181521632795,0.007642787853997137,0.013825757797393052,0.014741590220804106,0.014554176978812346,0.015825489909422664,0.012141298357327973,0.013400887978037854,0.007662265001859017,0.009185910693952797
29,0.05219892,0.049345817,0.09390752,0.091145955,0.036090206,0.024536112,0.044925753,0.04983647,0.62686163,0.6236794,0.039178155,0.044475544,0.10683778,0.11698069,0.052574676,0.04934901,0.093863375,0.091146186,0.036517266,0.024534425,0.045150984,0.049828682,0.6252805,0.62370175,0.0393917,0.044476453,0.1072215,0.11696352,0.087326825,0.09025172,0.0059905173,0.004354244,0.005128765,0.0043625687,0.21177182,0.19941084,0.46801138,0.48299775,0.037704747,0.03856099,0.16663793,0.1663447,0.01102455202804589,0.010297138775881643,0.007336325085181753,0.006366577205624684,0.015032436780448116,0.013558337670968531,0.014666342486180796,0.014375568133691263,0.012663290030770371,0.012177360420731403,0.008085993722864771,0.008363791619167326
30,0.04315121,0.057403304,0.07953551,0.09829711,0.042924,0.028405214,0.047463104,0.048689436,0.65655136,0.61992055,0.026558591,0.03368115,0.10381619,0.11360328,0.0438633,0.05741185,0.07938428,0.09827706,0.043308094,0.028410599,0.04803987,0.04907297,0.65483314,0.61952716,0.026573928,0.033684447,0.103997424,0.11361591,0.08225675,0.085991934,0.0038099769,0.004246766,0.0071420423,0.0053622713,0.22101757,0.22101866,0.47530422,0.46242422,0.030010885,0.03747271,0.16884084,0.16937195,0.009742053619218535,0.010018710173846852,0.006613743914744482,0.00599462812554251,0.015107040578826956,0.01311778715800975,0.016097723429347604,0.015580871817128474,0.012521204297237805,0.011740852009709403,0.009419765403696774,0.008216979391138189
31,0.055755958,0.06366924,0.09506774,0.11040161,0.041275434,0.039430156,0.045813855,0.04333534,0.6155838,0.58682424,0.029208286,0.042654615,0.11729497,0.11368481,0.056004107,0.06366927,0.09522236,0.110405214,0.041946895,0.039428994,0.04592641,0.043328255,0.6137448,0.5868377,0.029336011,0.042656235,0.117819466,0.11367436,0.09065528,0.09610042,0.0048066815,0.0033891113,0.010245385,0.0063327276,0.20994149,0.19989707,0.47037512,0.47613668,0.031976126,0.04147336,0.17603107,0.16375896,0.009237925110571076,0.012964659688518803,0.0068686129866452035,0.008286837823139664,0.013948925656528678,0.01597000670069281,0.015766793015346284,0.017087959729254677,0.011953862574562848,0.014029126121210756,0.00828056961421827,0.010085952521376848
32,0.052878078,0.056054555,0.09185225,0.0878071,0.02899715,0.031292908,0.041786976,0.045277856,0.6446083,0.6234689,0.026894836,0.04362038,0.11298241,0.11247831,0.053502902,0.056053076,0.09150073,0.08780723,0.02957886,0.03129345,0.04290158,0.04528765,0.64084077,0.6234199,0.027290676,0.04362332,0.114384465,0.1125154,0.08257911,0.080878675,0.0034249264,0.0041113277,0.0044993153,0.0045813452,0.21808894,0.20732471,0.47528765,0.48427603,0.03283054,0.033419624,0.16518266,0.168617,0.007894336958326696,0.012182881166906795,0.005593637598014794,0.007509655460998163,0.012300051390184431,0.0156325705281787,0.01451739759651686,0.013295624584738793,0.010000134738158327,0.01173304634859768,0.007835220525362034,0.007736414359777015
33,0.040004056,0.053849604,0.06618974,0.08223015,0.0282043,0.032300044,0.051395204,0.04695524,0.6698495,0.6300741,0.023307081,0.03797667,0.121050104,0.11661421,0.040159,0.05386419,0.066279136,0.082226776,0.028269505,0.032296766,0.051514294,0.04722902,0.66956216,0.62977195,0.023501385,0.037984192,0.12071449,0.11662715,0.083876,0.08384091,0.003162829,0.0037513413,0.00339381,0.005579597,0.23610833,0.21298787,0.45449582,0.49147376,0.026380971,0.031509418,0.18476737,0.15829176,0.007721271176492684,0.009833856623443259,0.005183488214435217,0.0059247686950286245,0.01191433975767313,0.014410276981752032,0.013859400127453203,0.015855606915941078,0.009953725889162834,0.011353111251088868,0.007523797218932052,0.008953312212934833
34,0.048058007,0.06009634,0.084438376,0.08632885,0.03085397,0.024403598,0.04087687,0.06312602,0.6536661,0.60147226,0.03107523,0.038261626,0.11103152,0.12631132,0.048588,0.060095105,0.084554635,0.0863241,0.03129996,0.024402006,0.04127073,0.06314168,0.65119797,0.6014906,0.031769942,0.038262427,0.11131874,0.126284,0.083987884,0.09359997,0.0037420858,0.0046059694,0.007323534,0.0023945826,0.21729517,0.22088362,0.45966426,0.46167466,0.030648163,0.034667395,0.17935453,0.1672441,0.008789070337990966,0.01033033093394618,0.005425586988974808,0.006202272053291839,0.013645093268239109,0.013732320426690014,0.01385068644970544,0.014674694255407487,0.011244110947071837,0.01145953315354905,0.007590713999756404,0.009900304988148112
35,0.041302226,0.066648945,0.0814856,0.095981844,0.032497436,0.035280727,0.06391649,0.03484079,0.6178772,0.6136352,0.03348459,0.04417215,0.12943646,0.10944041,0.041876193,0.06664593,0.08166359,0.09572442,0.032671522,0.035530172,0.06511409,0.034845255,0.61612284,0.6135955,0.03373078,0.04418801,0.12882102,0.10947076,0.077690914,0.08653178,0.0038023968,0.0041447966,0.005036842,0.004372073,0.23347464,0.18807648,0.45685303,0.49674192,0.030791236,0.038910244,0.18300933,0.17002226,0.008274292885701104,0.014917721585762708,0.006683726556051071,0.008834255178014661,0.012176713729075597,0.017072681049340142,0.015830085027181362,0.014990753190785787,0.01049051587387149,0.01433184974426648,0.008910068323427155,0.009594743598858134
36,0.048071165,0.04436349,0.07987773,0.098980255,0.033337425,0.020181863,0.0550411,0.035162445,0.63214934,0.6541171,0.033602655,0.02993891,0.11792059,0.117255926,0.048794817,0.044364024,0.07988687,0.09898043,0.033089075,0.02018477,0.056754824,0.03515711,0.62941486,0.6541137,0.034213513,0.029939052,0.11784604,0.11726092,0.086372845,0.09760749,0.0042386246,0.007263238,0.009693937,0.002857259,0.2301994,0.19946016,0.46398482,0.48616853,0.027644748,0.030060524,0.16486666,0.16982423,0.008694670391814036,0.010657906513090098,0.006023890986311364,0.007770505448424757,0.012348186006857081,0.013903667525469085,0.013199928721753872,0.014396540971194726,0.010856824124061063,0.011990595102414126,0.006577922396790253,0.008398631426929185
37,0.053409208,0.0463805,0.08804197,0.076414466,0.030436657,0.03070456,0.049107336,0.06448903,0.6335971,0.6260452,0.02578207,0.03698738,0.1196257,0.118978836,0.054032225,0.046377536,0.08789845,0.07641201,0.030420547,0.030713042,0.049952663,0.06449064,0.6324122,0.626032,0.025443973,0.03699155,0.119839944,0.11898319,0.08458558,0.08543062,0.0032211062,0.003974843,0.006857686,0.00559808,0.22447422,0.23442066,0.4572031,0.46102497,0.027573066,0.03768326,0.18215932,0.1518577,0.009770015358577659,0.01017610318200493,0.006517785422159511,0.007006436776096761,0.01373240256344126,0.015106603056528849,0.016721034167811795,0.01613716630962478,0.013948562309999411,0.012112751996849257,0.010608459329857512,0.008223905833650551
38,0.052012313,0.057750728,0.08574946,0.08473793,0.026700543,0.033153716,0.059542943,0.045998752,0.6262752,0.6276384,0.028465297,0.033863522,0.12125424,0.116856955,0.052920133,0.057756804,0.085367054,0.08473898,0.026715731,0.03315548,0.059640918,0.045671854,0.6247583,0.62788236,0.028475339,0.0339085,0.12212254,0.116886035,0.08190862,0.08808017,0.0036758797,0.0031602844,0.0060894126,0.004172283,0.22988997,0.20334607,0.4620153,0.49050316,0.031090476,0.030672027,0.17595397,0.17318664,0.00996244279304587,0.010862323186207837,0.007313173195260114,0.007098507659181708,0.013633033959864009,0.015433141756526738,0.014399400024250457,0.013384862143427047,0.011508209923206959,0.011538764309497226,0.00917611162325546,0.00780731971423716
39,0.040093616,0.057887547,0.06531999,0.090699054,0.029792238,0.02622393,0.043727763,0.0475973,0.6711287,0.6302785,0.031935707,0.042095724,0.11800204,0.10521791,0.04066618,0.057930764,0.06516572,0.09075924,0.02979777,0.026225042,0.043978963,0.047626346,0.6697496,0.6301245,0.032082237,0.04210533,0.11855957,0.10522879,0.081107095,0.09420266,0.0034519501,0.00445786,0.0046241195,0.0038001558,0.23399614,0.21610673,0.4641564,0.47570303,0.031290695,0.031791765,0.1701432,0.1606102,0.007409006049038929,0.010056972907371765,0.004407270907667575,0.007286510190135823,0.010592868990393028,0.014749445821067924,0.012646257450622573,0.015148407997249945,0.009193174758115815,0.01350569070415859,0.007994228770156176,0.00890991873451518
40,0.05122286,0.05537935,0.07479757,0.08446104,0.02975021,0.025188744,0.056125864,0.054249484,0.6243348,0.62213695,0.02888548,0.040974885,0.13488321,0.11760957,0.052255575,0.05538377,0.07518956,0.0844585,0.03005427,0.025188835,0.05681233,0.054216843,0.61983675,0.62213415,0.029537736,0.04099204,0.13631378,0.11762583,0.091143824,0.090969816,0.0033233005,0.005030442,0.005483849,0.005388178,0.20885313,0.22700164,0.47391126,0.4676707,0.03251295,0.0395335,0.17334783,0.15777314,0.009029662319769857,0.010548702494986338,0.004646704080556732,0.0070625703726600875,0.01183879015392138,0.012998870713780785,0.014047994752939576,0.0146429959369384,0.009648752533693796,0.011206599637502831,0.0074084940725505175,0.00905998344485923
41,0.052335806,0.052061785,0.0810373,0.08743018,0.024053289,0.02544393,0.05661433,0.04944403,0.6482783,0.6343495,0.028215298,0.042518966,0.1094657,0.10875154,0.053296193,0.05205765,0.081022486,0.08734594,0.025081184,0.025527526,0.056765962,0.049461134,0.6453274,0.6342776,0.028491003,0.042529427,0.11001582,0.10880074,0.08157196,0.10345787,0.002915075,0.0050710235,0.004411085,0.003986623,0.22347777,0.21258137,0.4859978,0.46943277,0.027779147,0.043427877,0.16609742,0.14450099,0.011827910499793856,0.008351136423423111,0.007773332352446359,0.005342601780530305,0.018213651916572968,0.011662876197920688,0.015287052269561854,0.012434618215235326,0.012617396690516657,0.010581065770491173,0.00924003878113334,0.007535195369959616
42,0.055205632,0.05665124,0.087674275,0.09093908,0.032886494,0.027553778,0.045399215,0.0592514,0.6472352,0.6023017,0.030705752,0.037477866,0.10089343,0.12582493,0.05594966,0.056659818,0.087433904,0.090959236,0.0331402,0.027625374,0.04539358,0.05926572,0.6456138,0.60214704,0.030872872,0.037501905,0.10159598,0.12584092,0.08620063,0.090972595,0.0048234016,0.003520552,0.0039363024,0.0066182585,0.21734329,0.20644096,0.4793058,0.4839899,0.029607303,0.034727868,0.17619058,0.16172722,0.008440356249265393,0.011854896806643759,0.005252137999416916,0.006635105433352635,0.01227038791098691,0.014395452034770244,0.014471528023422359,0.015234570992991334,0.009821686764382581,0.012795856029939798,0.007962772035757822,0.00897354611659311
43,0.04137356,0.058058146,0.071712464,0.09477231,0.028898004,0.03301317,0.044517636,0.04877341,0.6556958,0.6092558,0.029336575,0.042913016,0.12846598,0.113214195,0.042332012,0.058056805,0.07046189,0.09476967,0.029435879,0.033008266,0.045303416,0.048921604,0.6535486,0.60916424,0.02997104,0.04286559,0.12894718,0.1132138,0.070795916,0.09731227,0.0027821986,0.0045961263,0.0049148165,0.0063769254,0.22727984,0.22586705,0.46697345,0.45307025,0.03025183,0.04258818,0.18231279,0.16577445,0.010519552985081296,0.010602236695425548,0.005985002183935693,0.00647594248494074,0.013254280204046376,0.015415067718701419,0.016605103984065374,0.013803261215720912,0.013738976582252444,0.012567041872959943,0.009178297890826357,0.007354724115587097
44,0.04314191,0.053275324,0.072903365,0.087092586,0.027485745,0.038099702,0.059247207,0.04861857,0.65435266,0.61980957,0.031499576,0.027215566,0.111369535,0.1258887,0.043756388,0.053316396,0.07209418,0.0871427,0.02663282,0.038098518,0.05986098,0.048639845,0.653721,0.6196862,0.03177,0.02723287,0.11216462,0.12588347,0.083651714,0.101191625,0.0046802373,0.0033999293,0.003325901,0.004720434,0.23358238,0.21214339,0.4646908,0.46559155,0.037808027,0.030300675,0.16468014,0.16629583,0.009239209837238105,0.012704423905104716,0.005879942576150697,0.006469725257976203,0.012367997936965237,0.015459177322479067,0.014514450946818217,0.015701447913502222,0.01154543518853968,0.013977533418828925,0.007347196144722923,0.008779824679550224
45,0.046880312,0.057200115,0.079008676,0.07765817,0.025616458,0.034756213,0.06427039,0.054232474,0.6509206,0.6428331,0.022990717,0.0253335,0.11031282,0.1079864,0.047907826,0.057202596,0.0787332,0.077659264,0.025994798,0.034756247,0.06482506,0.054232124,0.64824456,0.6428266,0.023166485,0.025331905,0.111128084,0.107991286,0.08145388,0.08805193,0.003154009,0.0038357782,0.0037091423,0.0033619218,0.23295115,0.2147364,0.45819253,0.48672977,0.02830499,0.027393501,0.17676389,0.15656576,0.00788715259762066,0.010479277451331518,0.005282589466693375,0.006599011071262246,0.010582666601274819,0.014193288216720217,0.014977416350947416,0.013977419847700531,0.009223449730022124,0.011660587128262545,0.007745701959895552,0.007348469794649072
46,0.060517773,0.05783535,0.08886386,0.0869377,0.027113255,0.03568907,0.040723074,0.034366585,0.6288738,0.63836646,0.03093828,0.03682134,0.122969896,0.1099835,0.061146528,0.057855237,0.0886456,0.08694047,0.02733471,0.035689387,0.04192047,0.03437797,0.6259269,0.6383409,0.03129232,0.036821805,0.12373346,0.10997425,0.08892041,0.09453185,0.004053227,0.0035698994,0.006394846,0.0036213608,0.21565786,0.19730332,0.46547022,0.48553333,0.034784727,0.036695454,0.17430054,0.16342099,0.010519060890439594,0.011093111734478077,0.0057870344817290776,0.006310591765855949,0.013377959843794971,0.014331936038855355,0.015559184251241828,0.013065032311961036,0.012164187618742653,0.010391220653067914,0.00833298441294047,0.007800385462575608
47,0.04293487,0.054280296,0.06193097,0.088434175,0.026145196,0.037047185,0.058584195,0.043711472,0.650311,0.6221828,0.025565036,0.043708425,0.13452871,0.110635675,0.043249816,0.0542806,0.061768804,0.08843444,0.025938867,0.037047055,0.058911797,0.043711547,0.6488845,0.62218016,0.026626902,0.043708783,0.13461934,0.11063742,0.07182088,0.087255485,0.0032751325,0.0038391016,0.005420954,0.004450398,0.25412008,0.21056686,0.45048028,0.49232212,0.022269355,0.039389107,0.18155338,0.15224065,0.009162532113579248,0.01030098822708846,0.006606513940356129,0.006867748727625357,0.01278051979551454,0.016543052430324574,0.013383015297797665,0.01505533398971134,0.010732035364646718,0.013403005531132753,0.007912833877305923,0.008008014096395488
48,0.042629164,0.052258678,0.07802155,0.09692654,0.027099118,0.023883268,0.050254963,0.07116496,0.6580073,0.6054339,0.022611832,0.043676462,0.12137609,0.10665619,0.04324315,0.052261442,0.078357965,0.09692343,0.028038494,0.023948211,0.0509405,0.07116387,0.6547187,0.6053879,0.022809403,0.04368071,0.12189177,0.10663442,0.08426182,0.09336351,0.0032245596,0.0039503463,0.0019555136,0.0028480205,0.23122416,0.26425844,0.48769182,0.44142804,0.02489989,0.042634618,0.16831139,0.14085944,0.010289223105489553,0.009340700433740978,0.006502446027505181,0.006826524648032076,0.013220149317579326,0.01210724608052393,0.013622635259048263,0.01752529679391737,0.010740244195035473,0.012642222568454781,0.008736128244593648,0.008784884114417146
49,0.047851503,0.06979853,0.0853011,0.10899957,0.028565465,0.030043846,0.044717528,0.034739066,0.6539082,0.61507976,0.02663166,0.04143649,0.11302451,0.09990268,0.048500456,0.07000214,0.084930435,0.10896627,0.028486446,0.03000504,0.04504997,0.03476837,0.6533115,0.6149571,0.026731474,0.041448798,0.11298974,0.09985232,0.07989346,0.09537168,0.004516334,0.0041577793,0.0055114767,0.005160454,0.22592954,0.19772774,0.46855226,0.48434633,0.029982729,0.0379056,0.17676689,0.16860679,0.008903094578352727,0.01356602503266918,0.005958079814561403,0.008908637678428274,0.013810792113342478,0.017933567663895728,0.013896747696791154,0.013709967024984311,0.010176181855471682,0.015440765908128323,0.007692508356519678,0.007715980733952729
50,0.049394947,0.052802235,0.08958825,0.09753398,0.038505517,0.03076817,0.044416234,0.058488503,0.6460364,0.59285384,0.021823727,0.04194171,0.11023494,0.1256116,0.050642505,0.052802622,0.089410014,0.09753016,0.038654096,0.030767854,0.04518979,0.058489133,0.64260185,0.592851,0.02256477,0.041942835,0.110937014,0.12561645,0.09146514,0.093009084,0.0040625026,0.0054601044,0.004357577,0.004219177,0.2167099,0.2112825,0.47192502,0.4579079,0.028946878,0.042584904,0.17096137,0.17242983,0.010850261005590318,0.008755011667996856,0.0057398555324047525,0.006052804768826035,0.014107467755428316,0.013665760911640451,0.016212638154547494,0.014083430829749612,0.012856400006194006,0.010704376949235506,0.011029739230598813,0.008842892412014492
51,0.054706436,0.06193373,0.09549958,0.09486526,0.020148642,0.030658435,0.05502537,0.059833825,0.62983704,0.6007355,0.024904914,0.03621565,0.11987801,0.11575764,0.055399735,0.061936203,0.095391326,0.09487132,0.02038983,0.030657528,0.05563884,0.059973624,0.6276329,0.60049814,0.02579759,0.036228795,0.11974976,0.11583439,0.09313425,0.094237745,0.0041807457,0.0058282446,0.0028208415,0.006523647,0.23123418,0.21887904,0.45220548,0.4743448,0.029221447,0.037947383,0.17132126,0.15099771,0.009584207487102907,0.011370961488073709,0.006511414989550096,0.006306421274406158,0.013151722773261043,0.01471809487826631,0.014423005486324579,0.016037222421500488,0.011720979618799053,0.011362826106491454,0.0070346555904672045,0.0083734220971494
52,0.03823813,0.070001625,0.07495587,0.08644141,0.022124507,0.030599372,0.05085194,0.03809254,0.6430894,0.631899,0.027123116,0.042240366,0.143617,0.100725666,0.038001955,0.070010275,0.07505049,0.086449854,0.021993004,0.030619707,0.051515125,0.038102183,0.6414365,0.63186675,0.02721629,0.042245205,0.14478664,0.10070605,0.07803824,0.08812663,0.0031322627,0.0047449204,0.0050286925,0.0037727514,0.2333723,0.19876641,0.46359804,0.5016313,0.025962811,0.037353244,0.17254923,0.15443139,0.007247483553246106,0.011384906752736412,0.00557246990393389,0.00760595411164626,0.010084968026471455,0.013397697106416957,0.013455183387769422,0.016145246144022664,0.009536856429420393,0.011672841037611426,0.007969010626841484,0.010249542053020127
53,0.050661586,0.0663905,0.07852371,0.09929505,0.031981748,0.033468477,0.051071834,0.043012377,0.64989436,0.61313874,0.021371216,0.03725832,0.116495505,0.107436515,0.05107361,0.066490956,0.07845854,0.099235244,0.032029234,0.033462804,0.05139763,0.04298978,0.6483413,0.6131532,0.02166444,0.037258945,0.11703525,0.10740906,0.087119356,0.09418842,0.0033951711,0.0035010974,0.0038514715,0.004864612,0.2163314,0.19402605,0.4798373,0.49184144,0.027800225,0.036607955,0.17809731,0.1700657,0.009049311237320492,0.012350032039656546,0.0068163311366054,0.007293297686351103,0.013823367714940644,0.01475822987186899,0.01302517197494353,0.013215606053431868,0.010884007018236896,0.011318302199850272,0.008235956514022749,0.008995423302175941
54,0.032938857,0.05769845,0.06695577,0.09599395,0.030973697,0.037403837,0.05544196,0.04293273,0.643136,0.62570494,0.030520108,0.034503024,0.14003356,0.10576309,0.033530805,0.057723798,0.06719724,0.09602989,0.031214667,0.037404396,0.055455472,0.042930987,0.64185166,0.62565315,0.030658398,0.03450597,0.14009172,0.10575177,0.07876851,0.09301147,0.004527532,0.00393946,0.003011442,0.0060610413,0.21099536,0.20169666,0.4907795,0.49432987,0.034870613,0.031911105,0.1655059,0.15668774,0.008247143532675093,0.011080727666275879,0.005510804531602915,0.007736908875386134,0.011848837589741366,0.01508348444700367,0.01487563252223121,0.014138106206729334,0.01148069056841273,0.013152650470074337,0.009448393398655419,0.007697151324985797
55,0.036605407,0.06833211,0.062458053,0.10798986,0.020916894,0.031230876,0.053519078,0.03704213,0.6865165,0.6158641,0.023335185,0.03734825,0.11664884,0.10219268,0.037442736,0.06834112,0.062116582,0.1079958,0.021635655,0.03122832,0.053698998,0.037041973,0.6839767,0.6158675,0.023465589,0.037350863,0.11766369,0.102174364,0.06695491,0.09989059,0.0025978198,0.003951399,0.0037641046,0.0042131604,0.24383727,0.20127667,0.463965,0.48051313,0.026773028,0.036305033,0.17688195,0.1633901,0.006420141775241127,0.012235341048562628,0.004873149321209127,0.007633261035195211,0.010817257623875,0.01686678784320263,0.01620628344629981,0.01490217233497745,0.008772465380084603,0.013885103327817207,0.011815750482340862,0.008594329897879928
56,0.05264604,0.058004495,0.08763859,0.09267152,0.033837695,0.039700978,0.056545984,0.039145272,0.6264679,0.62650293,0.02370821,0.03524394,0.11915559,0.1087309,0.05321733,0.058007102,0.08759695,0.092677675,0.0342566,0.03970225,0.05700129,0.03905932,0.62392753,0.6265239,0.023841849,0.035260294,0.12015844,0.108769454,0.08188353,0.083895236,0.0046846634,0.0043772436,0.007006389,0.005570607,0.23323569,0.20283414,0.4571289,0.49615735,0.02681291,0.034566026,0.17236584,0.16502215,0.010978966183941589,0.011915486180767716,0.005960297322525386,0.006367216639794024,0.014077561943792569,0.01701939262711541,0.015077258105136826,0.014306158657025888,0.010155402801348667,0.013033709163155426,0.009379723827726278,0.009100659906677433
57,0.051777747,0.06189177,0.08251112,0.10116949,0.03417637,0.03164951,0.05183075,0.03886046,0.62664205,0.6380137,0.03190157,0.03623074,0.12116039,0.092184305,0.052239493,0.06189186,0.08229145,0.10116904,0.034095965,0.031648804,0.0520565,0.038861137,0.6258874,0.63801265,0.032045685,0.036230754,0.12138348,0.092185766,0.08907616,0.0971648,0.00472448,0.00513095,0.0060071126,0.0041611586,0.21733983,0.20558476,0.46014994,0.48762962,0.036741402,0.037634313,0.17043912,0.15481591,0.008240154557525463,0.010547513332244143,0.005556198010899081,0.006584864548427044,0.012179835179000327,0.014655527458545948,0.0142424712108529,0.014655162787586742,0.010529984695046776,0.01253025364669577,0.008302352219561103,0.007127553072013352
58,0.04045516,0.055871744,0.07279408,0.092797354,0.028302096,0.030929988,0.03949875,0.059267506,0.66552603,0.6134204,0.035071705,0.03772864,0.118352205,0.10998432,0.040762074,0.05586666,0.073196694,0.09278389,0.028139066,0.031091686,0.039856162,0.059207145,0.6643934,0.61338073,0.03552656,0.037584044,0.11812601,0.11008583,0.08794746,0.08351979,0.0047104955,0.003732699,0.0039596804,0.005018864,0.19518206,0.23314144,0.48101646,0.46640903,0.03368589,0.03391346,0.18006447,0.15699303,0.010258939903010265,0.010036992937589197,0.008160735772675726,0.007287890787324269,0.013945518860595418,0.013978188431060646,0.017451649853976313,0.014887926073184702,0.012136342495651646,0.010658232469814585,0.01164798475290906,0.008384189078969255
59,0.054935407,0.061000638,0.07801742,0.08498621,0.026368508,0.025917986,0.04316999,0.045762982,0.6415614,0.640674,0.027905285,0.03549048,0.128042,0.10616769,0.05537134,0.061000638,0.077867836,0.08498621,0.026949247,0.025917988,0.044257034,0.045762982,0.6389007,0.640674,0.028107652,0.03549048,0.1285462,0.10616769,0.0868018,0.08609621,0.00301547,0.004587071,0.003069948,0.0047267554,0.21903306,0.22978336,0.46963662,0.47410098,0.03517284,0.034829315,0.17060463,0.15997961,0.009281251359784767,0.009912350004514474,0.0057941459199667535,0.006842063610838296,0.01352223672566723,0.014321224334507388,0.013877694143533025,0.014785674340313528,0.010512998121507699,0.011242157609560686,0.008323165004741303,0.007357496812613555
60,0.056692474,0.05741552,0.093824565,0.093809254,0.021974457,0.03095857,0.039497547,0.045600902,0.65661776,0.6194869,0.02318299,0.033842586,0.10821022,0.11888624,0.057253804,0.05736687,0.09400808,0.09379826,0.021866737,0.030949345,0.039497383,0.04561218,0.6557805,0.6194051,0.023460167,0.033907004,0.10813335,0.11896126,0.10430467,0.08604654,0.0038656483,0.003928954,0.004878063,0.0036927543,0.2200578,0.21448031,0.46255422,0.4711091,0.028280169,0.035233594,0.17410265,0.17158458,0.01057849385078779,0.01128814734712029,0.006680400972738189,0.00736402673266612,0.013387878066829083,0.01610285498834482,0.014407195833581942,0.013503550482775527,0.010756839172922942,0.013780845818775252,0.007396101863042781,0.009234400354784783
61,0.038644638,0.05264489,0.08367648,0.087707244,0.02265892,0.037368767,0.055724952,0.050805237,0.6485833,0.63871413,0.030538399,0.033795245,0.120173275,0.09896449,0.03908548,0.05263056,0.083344385,0.087718144,0.022955896,0.0373575,0.056141444,0.050802436,0.64782625,0.63874304,0.030784884,0.03379264,0.11986164,0.09895565,0.07787226,0.07797289,0.0051172785,0.0053636944,0.0031980965,0.005269458,0.23205784,0.23581265,0.4629664,0.46963754,0.030023772,0.034185953,0.18160644,0.1622973,0.007856907227437608,0.010741715432547259,0.004815415154505755,0.007471833038341953,0.011616591913601081,0.01580452786863123,0.014733891456284232,0.015007188350683863,0.01057247519338915,0.013871047659086417,0.008225748786409897,0.008246111710011378
62,0.04434759,0.04954575,0.05526738,0.07091562,0.02093261,0.0348969,0.061634965,0.053250894,0.661949,0.63509053,0.026050903,0.036305867,0.12981762,0.119994454,0.044776008,0.049549095,0.055370368,0.0709342,0.020912623,0.03489311,0.062042978,0.053249616,0.66101646,0.6350224,0.026205132,0.036307838,0.12967642,0.120043725,0.07695369,0.07602068,0.0028344647,0.0033900288,0.0032540297,0.0047655655,0.22755165,0.22629026,0.47877398,0.49463138,0.02797969,0.029825687,0.17624177,0.1506185,0.007125913580684476,0.01000986922313164,0.005227223396899556,0.006248477393022731,0.012021897485510986,0.015706370204042943,0.012083284990447805,0.013156485539680322,0.00959905556357436,0.011636969993556862,0.006328507889906932,0.009504247844593706
63,0.052444298,0.06096526,0.097299926,0.096295364,0.036774326,0.034996726,0.053432245,0.031980533,0.6342799,0.61473966,0.028177334,0.049048774,0.09759195,0.111973666,0.054293096,0.060967125,0.09582203,0.09630341,0.036933422,0.034997206,0.053956695,0.031975206,0.63127184,0.6147216,0.028696086,0.049048305,0.09902682,0.11198713,0.0990284,0.09522562,0.0061772405,0.0034087978,0.0060020196,0.0030508696,0.2522215,0.17262557,0.44013232,0.49929118,0.041291185,0.0465034,0.1491429,0.17503564,0.009778982720455782,0.010632479943403871,0.006449514419392018,0.008271762493962099,0.01208278359145365,0.017523490734213755,0.017022585014010355,0.013527795096838338,0.01264034301664778,0.014431562568581885,0.010066497406881971,0.009329642164503894
64,0.0391398,0.06428186,0.07427281,0.09741056,0.021814443,0.037928425,0.05163935,0.059621483,0.664005,0.5876008,0.029664211,0.041931357,0.119464435,0.11122547,0.039817154,0.06428696,0.07413001,0.09741405,0.022073764,0.037927575,0.052065328,0.059635177,0.6608164,0.5875826,0.030119186,0.041932594,0.12097812,0.11122107,0.083479576,0.0872635,0.0044294326,0.0035462866,0.0031437562,0.005822208,0.2222558,0.23370425,0.46921435,0.452879,0.033555042,0.039896596,0.1815394,0.15263034,0.0074228211735390326,0.011952552185795919,0.005434123892963372,0.007579528557879628,0.01013544963968622,0.016796260928833517,0.015171003495245387,0.017297289607748092,0.009017626514528594,0.012612257268810528,0.00926463055977712,0.009485046517093702
65,0.042861212,0.058377072,0.0743639,0.09005635,0.0308393,0.031819165,0.04581738,0.05163639,0.65323794,0.6257522,0.033883825,0.039789826,0.11899649,0.10256899,0.0432907,0.05838562,0.074426554,0.090059154,0.03099101,0.03184505,0.04609077,0.051636364,0.6520179,0.6257422,0.034015555,0.039744653,0.11916756,0.10258694,0.08668464,0.090266496,0.0034232237,0.0032107383,0.0053197104,0.00426517,0.21521364,0.23647831,0.47042516,0.4545022,0.03387288,0.04834277,0.18208237,0.14627,0.007987361066911336,0.011160945875875876,0.004313034165302986,0.0071393413714448805,0.010795341919360832,0.014864985637027187,0.015464173932460674,0.013666089839390152,0.011208321019591367,0.012013293769098371,0.00809356960373525,0.008609733580302086
66,0.049402356,0.055448208,0.08631561,0.08466934,0.030565765,0.02499332,0.048751168,0.045937534,0.62677836,0.63029236,0.028989607,0.040428083,0.12919717,0.11823117,0.050275944,0.055488687,0.08688976,0.08467655,0.030793922,0.02499538,0.049055144,0.04593502,0.6235767,0.63022393,0.029066656,0.04043396,0.13034184,0.11824645,0.09147043,0.09457816,0.004184545,0.0044376845,0.0057520065,0.0019495537,0.21823971,0.21284305,0.44533882,0.47915003,0.03415901,0.042920113,0.18446551,0.15569001,0.009131454448978999,0.009829762557980508,0.00561062193262866,0.006359051532247494,0.012278531906735701,0.014272344917439088,0.013331794618956462,0.013925105918096006,0.010312329214976615,0.011572745379114789,0.007094001712484057,0.007762518187329783
67,0.047035173,0.05282347,0.08009274,0.08108718,0.02804242,0.036506888,0.055271517,0.05362847,0.6435621,0.6267783,0.021422671,0.033604402,0.12457341,0.11557129,0.0473077,0.052827712,0.08002874,0.0810843,0.028325314,0.03651939,0.05559503,0.05368503,0.6413508,0.62671304,0.021526461,0.03359638,0.12586594,0.11557413,0.083754525,0.08586376,0.0036246923,0.0040755654,0.004748429,0.005163147,0.22154056,0.21820873,0.46266505,0.47423464,0.030972745,0.034285396,0.17545855,0.16924407,0.00849918286392411,0.01054698324888304,0.005781424766191121,0.0065903078476540295,0.013034724606479692,0.013389158661920302,0.013682329496564331,0.01483214190544832,0.010285718642297948,0.011655630700068757,0.008091625816522426,0.007369653193144736
68,0.044790737,0.054585554,0.06899881,0.078884035,0.017699586,0.029317798,0.047789905,0.04844106,0.6643094,0.6418452,0.031700306,0.042793132,0.12471126,0.10413322,0.046166014,0.05458821,0.06962048,0.0788869,0.01803454,0.029315647,0.04797201,0.04844381,0.6608599,0.6418351,0.031843796,0.042798568,0.1255033,0.104131795,0.07625598,0.07922254,0.0024738363,0.0035749895,0.003179217,0.004183391,0.21609291,0.23336169,0.47964644,0.46892178,0.028831584,0.038818732,0.18351582,0.15521385,0.007270544777793452,0.011947220420066922,0.004538883089985343,0.006584629260555059,0.010780526694087859,0.015292105682249011,0.015195038961930227,0.013162906008322175,0.009382966609755095,0.012065110737339303,0.00894307231690315,0.007754422326797139
69,0.049749043,0.053250488,0.088078834,0.075073935,0.029825404,0.028449003,0.047429394,0.054663345,0.6450742,0.6201141,0.024325779,0.03808069,0.11551738,0.13036847,0.05024515,0.053297076,0.08750996,0.07504875,0.030291026,0.028399633,0.047746304,0.054662015,0.6433851,0.6201812,0.025103774,0.038094927,0.11571866,0.13031635,0.08618938,0.08525692,0.0033537433,0.0035096968,0.00553887,0.0030149866,0.22289586,0.23093627,0.46677518,0.45621356,0.030827045,0.038975194,0.18057351,0.17093217,0.009477604606604245,0.0101295895115835,0.005853183463515728,0.006232123142345901,0.013774894223606997,0.014175017851785095,0.013442275963543051,0.013468742452203244,0.011342962480442143,0.011521116369298071,0.008216830766502106,0.0073220824076404584
70,0.042202853,0.056875434,0.07148125,0.09471333,0.02754537,0.02409704,0.055297516,0.05184119,0.6428554,0.6117345,0.03396999,0.03886197,0.12664758,0.12187653,0.04390914,0.056865074,0.07126735,0.09470428,0.027498692,0.024097037,0.057268888,0.05184262,0.63750935,0.6117589,0.034157243,0.03886085,0.12838928,0.12187128,0.07801384,0.08555959,0.0029057905,0.0057847113,0.0036369634,0.0040191733,0.24583386,0.21778136,0.44845486,0.4755648,0.03428071,0.034191083,0.18579498,0.15865123,0.006780435815742403,0.009889527558917798,0.004741553371767853,0.008065502746156883,0.011416624480221337,0.013845204062165143,0.016267979617189038,0.014800593300386196,0.010808988850673074,0.013509937964476504,0.009469219709816156,0.00847720181998947
71,0.084915765,0.05929855,0.106425926,0.08681596,0.03664422,0.02877951,0.030554343,0.051231764,0.600206,0.60341567,0.038557716,0.035451386,0.10269602,0.13500717,0.085117586,0.05926943,0.106586255,0.086869456,0.036708046,0.028767267,0.030912533,0.051235866,0.5980105,0.6033194,0.039345387,0.035478905,0.1033197,0.13505968,0.10650073,0.08359617,0.004188361,0.004209906,0.0069905156,0.004597807,0.18413407,0.22126403,0.48829713,0.46922675,0.038399644,0.038256075,0.16590677,0.15935616,0.012138888254532812,0.010143964470861494,0.007057149179699774,0.006575568609998289,0.01310020339601324,0.013137935307386904,0.012786059053981308,0.015552375327332894,0.012559531395288598,0.011385970922095034,0.007761342791692369,0.008616229409914347
72,0.05429624,0.07239846,0.081049375,0.09630982,0.024579985,0.031167055,0.06819904,0.05454731,0.61491615,0.5904636,0.03406932,0.04713445,0.12288987,0.10797935,0.054612868,0.07239862,0.08047687,0.09630979,0.02492512,0.031159895,0.06944884,0.054547857,0.6131158,0.5904712,0.034059834,0.04713497,0.1233607,0.10797762,0.08337411,0.090487555,0.0031416188,0.004943042,0.004702675,0.004933195,0.25163785,0.22362302,0.43578467,0.4595392,0.029490616,0.046989232,0.1725124,0.15915504,0.010048083695223536,0.01292109848255471,0.006204230533948498,0.007934034785931557,0.013848725862214688,0.017172600851104787,0.01381318436324109,0.014017786480719262,0.01105480906663978,0.01615375011157762,0.00775610505429348,0.00882459847093769
73,0.042494263,0.058555115,0.07164442,0.09786244,0.03288729,0.025083642,0.057695508,0.057122894,0.6523381,0.6176781,0.029615952,0.03956127,0.11332445,0.10413653,0.04384451,0.058555115,0.07215943,0.09786244,0.032652136,0.02508364,0.05795779,0.057122897,0.64932096,0.6176781,0.030011583,0.039561268,0.114053614,0.10413653,0.089957304,0.08747406,0.0037509287,0.0057556517,0.0074139396,0.0037106227,0.22940944,0.21631756,0.45515957,0.46812373,0.033262536,0.047244735,0.17476353,0.15708028,0.008031986921696228,0.010163133518784315,0.005041689714319239,0.007083743164176741,0.011755158571150365,0.014111545337272205,0.012410379154631408,0.014469178547810334,0.009254802215156345,0.012647631189996051,0.007215889925405769,0.008499271358620792
74,0.049025923,0.04920038,0.07910575,0.08394397,0.021451442,0.0312483,0.045984615,0.048672393,0.65632623,0.6303416,0.029195964,0.036314774,0.11891008,0.12027858,0.05018903,0.049211707,0.079921894,0.08402831,0.021645157,0.031186024,0.046832692,0.048672687,0.65205157,0.63033664,0.02942788,0.036316555,0.11993181,0.120248064,0.08415381,0.085397154,0.0035174573,0.0036872316,0.002894889,0.004232054,0.20224354,0.22272879,0.48478532,0.475884,0.027856369,0.033365037,0.18470319,0.16422252,0.009085526309961681,0.00955669277322112,0.0060387633339153085,0.0065229336021660625,0.01345760111516241,0.015283989390153166,0.014594298687501474,0.013542614326091348,0.010119857725652326,0.01241409309957668,0.009184032050088917,0.007821805761021044
75,0.055768445,0.05368667,0.09274294,0.09243008,0.032898642,0.03181293,0.035358686,0.039285157,0.6356834,0.6199408,0.032153495,0.043901317,0.11539436,0.11894306,0.05625156,0.05369092,0.09271222,0.09238851,0.032783024,0.031812947,0.035236087,0.03928084,0.6353594,0.619946,0.03266923,0.04390478,0.11498846,0.11897599,0.09429581,0.09996307,0.0038049067,0.00568397,0.0038069747,0.0025529992,0.19112948,0.19053674,0.5042834,0.48394287,0.027893456,0.042409275,0.1768158,0.16620328,0.00955205833265815,0.011763544259951979,0.005997933700481142,0.007347707121867853,0.014491741557864665,0.015663214249523424,0.012771739100767874,0.01423051771811324,0.011362928992217162,0.012896766427253355,0.007593394028084385,0.008350114915550854
76,0.0480953,0.04119455,0.079892494,0.07947855,0.032808248,0.028789315,0.051976975,0.062871665,0.62485886,0.63041514,0.033136018,0.032750662,0.12923212,0.124500096,0.04858412,0.041235894,0.0794392,0.07960936,0.033083826,0.028831236,0.05228051,0.062861666,0.6228112,0.6304058,0.033260554,0.032585602,0.13054062,0.12447047,0.08604146,0.0751398,0.0038844962,0.0052192262,0.005556929,0.0043399804,0.22152787,0.23732801,0.45343217,0.46981618,0.036654703,0.029085238,0.18086658,0.16685414,0.01007590950866498,0.009290501094172678,0.006758842789164521,0.0055967588608171045,0.01425680691820969,0.012602469910959094,0.016157611141959363,0.015654203828617708,0.010095799739203454,0.012671858801523047,0.00872964089902642,0.008980857550630713
77,0.045982677,0.064822264,0.08794917,0.09434682,0.02099639,0.041424025,0.054671004,0.03913321,0.6481796,0.6186135,0.031530946,0.03978765,0.11069027,0.1018726,0.04726538,0.06482256,0.08764325,0.09433969,0.021409223,0.04142403,0.05540066,0.03915835,0.6450161,0.6185978,0.0317845,0.039785914,0.111480854,0.10187163,0.08159404,0.09985143,0.003271556,0.0031417306,0.0028500762,0.007826592,0.24055663,0.20434499,0.45259896,0.48644042,0.031239292,0.036974873,0.17115098,0.14816305,0.009149452919362784,0.009902229582358271,0.006220132236235744,0.0064405027058835876,0.013453843669696892,0.014832781644004709,0.012276159817402753,0.011827957236078926,0.010445908132771776,0.011226919402080109,0.0073602855525407,0.00828336330459631
78,0.054992683,0.057206582,0.08984812,0.1086088,0.02664292,0.031203834,0.034929425,0.044919252,0.64989245,0.61205375,0.02734614,0.042642433,0.11634831,0.10336536,0.056037024,0.057199534,0.09046531,0.10858502,0.026434788,0.031203939,0.036755998,0.04491823,0.64596176,0.61208296,0.02730773,0.042646494,0.11703738,0.10336384,0.09673314,0.090192065,0.0044240053,0.006199297,0.008375442,0.0031560245,0.19711469,0.20638071,0.48419914,0.49101368,0.03628569,0.042646717,0.16461195,0.15428996,0.009000977624332157,0.013154716404741428,0.007420984044997771,0.006453047719098107,0.0124018125222254,0.01644475893235015,0.011690937021498128,0.016728646236401728,0.009781766195655895,0.012724127717430925,0.0074818601488839745,0.009314797154851822
79,0.06323448,0.064186536,0.11544246,0.09669832,0.034517955,0.03667634,0.04939548,0.048421644,0.58812666,0.58905876,0.039263967,0.047040675,0.11001898,0.11791773,0.06361979,0.06419319,0.115537114,0.0967145,0.03454275,0.036676884,0.049939394,0.048422925,0.5869421,0.58902377,0.03900282,0.04703826,0.110416085,0.11793048,0.10213257,0.09502082,0.005096948,0.0064918785,0.008284238,0.0042908154,0.22314267,0.21843028,0.44241902,0.46661034,0.037570518,0.042547807,0.17107837,0.15302107,0.010479676363483945,0.013239959898460898,0.007157948092712427,0.007676471363090062,0.01341120138352346,0.016623700431917257,0.016559938760969665,0.015035501560919227,0.013136075343021717,0.013463871213497168,0.009514969052328752,0.010037452425271542
80,0.06094067,0.058589827,0.09896553,0.08622968,0.025854778,0.022398178,0.036088556,0.05181521,0.62706125,0.6343826,0.028944518,0.036147922,0.122144714,0.11043657,0.061970968,0.05866798,0.09906838,0.086247295,0.025644286,0.022392984,0.03691382,0.051771287,0.6246759,0.63426447,0.029219976,0.036156613,0.12250668,0.11049939,0.08527666,0.0800268,0.0037128576,0.0040238975,0.0043111234,0.0024230734,0.19895849,0.22278292,0.48485368,0.49078608,0.032291673,0.031166516,0.1861632,0.14972125,0.010828773303863871,0.01016785224191199,0.006327642896936566,0.0076406343581003336,0.014602190772662697,0.014159706208020902,0.01465714072984187,0.013402521226994384,0.01148611882428952,0.011593636337632038,0.008567028600817067,0.006754950383817019
81,0.041923434,0.06064201,0.08718216,0.115993336,0.02623248,0.03689414,0.0410769,0.042571705,0.6485014,0.59809184,0.025592819,0.03970165,0.12949084,0.10610534,0.042938136,0.06066483,0.08702695,0.11598159,0.026518593,0.036896504,0.041497655,0.04256864,0.64517057,0.5981529,0.025759298,0.039646745,0.13108882,0.10608885,0.09124905,0.08678804,0.0051357066,0.005828396,0.0035628362,0.0047549005,0.20218408,0.20149262,0.46271184,0.47619826,0.03082323,0.041076265,0.19366966,0.16850801,0.007314969701051936,0.010338103915276566,0.004277192957856904,0.007850883668557643,0.011076122828690655,0.015010877306199164,0.01417367280643176,0.012353378385084731,0.009516350839941254,0.012884850069863986,0.00844944039870361,0.008053371218856931
82,0.05535183,0.055784144,0.10050944,0.08739655,0.027364384,0.024278505,0.038988993,0.05194762,0.6392657,0.6411177,0.022130938,0.034763157,0.1163887,0.10471232,0.05609467,0.055836435,0.10066985,0.08751066,0.027305944,0.024257485,0.03938001,0.051972408,0.63625497,0.64082867,0.023418196,0.034812715,0.11687639,0.10478162,0.100887135,0.08406159,0.0050849174,0.0035784119,0.0076963976,0.0032072172,0.20157525,0.21566558,0.47675413,0.48753816,0.023109276,0.0343991,0.17515413,0.15812889,0.0101092945416065,0.011517044385657866,0.007085750069475392,0.007373347567899324,0.01396385899277763,0.013445784352390234,0.014083657605825738,0.01439500964657411,0.009431885503463404,0.01186170666256878,0.00862624350942287,0.00875465127100483
83,0.05067816,0.0664015,0.08087803,0.11608308,0.03456997,0.031252988,0.05180184,0.046842467,0.62421,0.6032169,0.028229574,0.035641577,0.12963249,0.10056147,0.050967213,0.06637918,0.081305616,0.11616429,0.03472837,0.031254444,0.05269218,0.046947744,0.6212338,0.60285914,0.028121646,0.035662893,0.13095117,0.10073231,0.08776274,0.092254266,0.0035434887,0.005617165,0.009001399,0.0046437792,0.20719773,0.2185413,0.4727387,0.48175463,0.029668372,0.032331917,0.17799772,0.1513423,0.00872691592063029,0.010342030166843317,0.005708043491071317,0.007794666618608131,0.013502613102142206,0.014868519392334424,0.014186618120162798,0.015682793273731784,0.010027912239274689,0.012890802608867588,0.009392220683229363,0.008151692687161179
84,0.043469716,0.05962614,0.07777882,0.10448296,0.022504594,0.034876637,0.05204365,0.03698078,0.65460217,0.61885077,0.025619328,0.036109656,0.12398169,0.10907307,0.044429384,0.05966865,0.07731101,0.1044812,0.023237886,0.034906402,0.05334224,0.037070908,0.65140915,0.6187033,0.026305724,0.036114197,0.12396458,0.10905534,0.087310426,0.096402355,0.0035073177,0.0051931352,0.0037496507,0.0051497165,0.22403218,0.19382025,0.45578972,0.4917557,0.033443987,0.03148374,0.1786836,0.16582249,0.00805946553226568,0.013226428791993525,0.00571629283424589,0.008987844825116609,0.013518934018982852,0.01846143459757178,0.013932694949684736,0.014204985820416507,0.010346911881837388,0.014503799707070364,0.00799330913100772,0.009190382389813614
85,0.048019864,0.07159667,0.084155664,0.12644146,0.025481388,0.034624256,0.060984466,0.047943935,0.636462,0.5725639,0.026512958,0.041828874,0.11838369,0.10500092,0.04900913,0.071595676,0.08425599,0.12644647,0.025502905,0.034647014,0.06195674,0.047943577,0.633797,0.5725333,0.026767258,0.04182661,0.11871101,0.10500736,0.08498563,0.10202287,0.0033262724,0.006182141,0.0041808346,0.005324861,0.24705793,0.21652588,0.42497993,0.45531124,0.027422123,0.042976607,0.18193379,0.1488525,0.00881569944717857,0.014362064314370381,0.0045571025756098674,0.009620505959742532,0.01066457042579779,0.01784700346516916,0.016377757479539515,0.015213561772434764,0.01065811801736969,0.01475946132180622,0.00874925390203688,0.008552469588957166
86,0.045900445,0.074115515,0.08394818,0.09262449,0.030128857,0.03473717,0.06420334,0.044801254,0.6145069,0.59145683,0.03144288,0.046554204,0.1298694,0.11571055,0.046653338,0.07410978,0.084155425,0.092574716,0.030151457,0.034736045,0.06626154,0.044800047,0.61011654,0.5915097,0.03206655,0.046550844,0.13059513,0.115718864,0.08161791,0.10257381,0.0054828147,0.004659304,0.004968677,0.005034204,0.24442902,0.19865908,0.4466996,0.4816809,0.032853078,0.047187697,0.16854045,0.15542497,0.009077139788809424,0.011071185925403015,0.0057754175925521295,0.007540011493712581,0.012384678844818848,0.013824796704911928,0.0137970079575457,0.012454281015231139,0.009408625725043229,0.013196024928229211,0.0076886020398219575,0.007386737832135121
87,0.052168347,0.053705227,0.07903229,0.092608616,0.02418138,0.032312613,0.04871613,0.056606043,0.6424951,0.59917176,0.027653813,0.04302461,0.12575288,0.12257112,0.05261182,0.05375707,0.079325624,0.09252824,0.024401464,0.032310925,0.049127437,0.05661414,0.64056915,0.59843963,0.02787675,0.043064285,0.12608777,0.12328568,0.077065475,0.08108661,0.0049423804,0.0034445364,0.0054102107,0.005267307,0.21572943,0.22633609,0.4896006,0.4531718,0.024880933,0.044884264,0.16755983,0.17241976,0.009723309923436643,0.012731648423036174,0.006109280503297673,0.008021258358262564,0.012200630258004946,0.0159361308637671,0.016623727187478614,0.015105947557900339,0.011490708693099686,0.013424575490118077,0.00902548396285876,0.009831665577438645
88,0.04817038,0.059172682,0.08689546,0.09532367,0.030515315,0.03388963,0.057284396,0.03550346,0.62279266,0.63348424,0.03487651,0.031673774,0.11946524,0.11095256,0.048676226,0.059172183,0.08735849,0.095323235,0.030291691,0.03388953,0.057143833,0.035553336,0.62096393,0.6334409,0.035568684,0.031673625,0.11999712,0.11094717,0.084599435,0.09660302,0.0037648566,0.0061635603,0.0040640812,0.007572297,0.21501976,0.21046409,0.4535532,0.48565492,0.03334922,0.02997874,0.18443106,0.15792152,0.00880827196597446,0.011773387428016724,0.006603717298967288,0.007515816790971543,0.013562750212581553,0.015999582281662487,0.017042171673275115,0.014998866129372767,0.011706355853019705,0.013257959590650206,0.00979689386614647,0.009205247681246158
89,0.061238028,0.06504545,0.091378465,0.112867005,0.04158087,0.034755908,0.04892061,0.03397676,0.6135698,0.61790025,0.02478471,0.038875036,0.118527524,0.09657957,0.061932124,0.065087564,0.09225222,0.112839356,0.042136196,0.03480254,0.04990468,0.033976067,0.6090746,0.6177607,0.025059981,0.03887632,0.11964023,0.096657425,0.09101541,0.09392671,0.00420842,0.004067355,0.0077764746,0.0037697016,0.21569401,0.18432558,0.45923075,0.50867075,0.026852002,0.03751079,0.18302566,0.16134515,0.01081645532397816,0.013247474734770148,0.007107893650467279,0.008336988524421472,0.01463689340117002,0.018494370297869673,0.014205220198018209,0.015323283086573705,0.011323882535330421,0.015046841063534041,0.008132815340898193,0.008148856436243124
90,0.057268374,0.06741844,0.086943075,0.09289472,0.031593844,0.03576353,0.061938945,0.04231263,0.6109386,0.6058025,0.030925203,0.043752223,0.12039196,0.112055935,0.057806406,0.067414224,0.08728767,0.092899464,0.031899266,0.035754442,0.06272179,0.04229177,0.6087042,0.6057352,0.030834543,0.04375367,0.12074613,0.11215122,0.08639249,0.085646756,0.0047884337,0.0044400184,0.0042942916,0.0066316114,0.2184411,0.20984653,0.45918274,0.49049413,0.03809617,0.04148272,0.18353444,0.14903603,0.011485239281718181,0.009691827756121695,0.0070795102824028604,0.007128875563233993,0.014170671223956353,0.015413880026659513,0.01634791513124277,0.014590405923164029,0.011896475179828635,0.012837306925425028,0.008372320898032254,0.0076919434757192024
91,0.05359031,0.06342657,0.0902802,0.084208906,0.038728744,0.04026495,0.04609479,0.04997653,0.6061216,0.61326486,0.030551953,0.038239166,0.13463242,0.110619016,0.05469677,0.06344814,0.091178104,0.084217116,0.038871,0.040263798,0.046856053,0.049975995,0.6011557,0.61306083,0.031069264,0.038250998,0.13617313,0.110783085,0.07942283,0.08456136,0.004835265,0.0033370364,0.010209713,0.0053989417,0.22095439,0.21942867,0.4576833,0.4773772,0.03387508,0.032894578,0.17042364,0.1591465,0.011295315731006268,0.009918133456681322,0.008826203048979353,0.006679493440312775,0.013696425891792192,0.01354222757264281,0.01676988178891645,0.013501221607606095,0.012556703813811583,0.013059686585493318,0.010681480700932795,0.009098744527871697
92,0.050292406,0.07988012,0.0778691,0.11017233,0.03705643,0.043386694,0.05386535,0.03396519,0.603886,0.5945724,0.03200069,0.03672981,0.14503002,0.101293445,0.050754867,0.07988981,0.078348905,0.11019348,0.036676247,0.04338692,0.05451682,0.03393997,0.6012633,0.5945734,0.0325854,0.03673245,0.14585443,0.101284,0.07925742,0.10816875,0.00281101,0.004394766,0.00755226,0.005088265,0.23298833,0.18265371,0.45784777,0.5144943,0.03289272,0.033454455,0.16768625,0.14492163,0.010142809209152457,0.012831132136587943,0.0071771528353870885,0.008369778075548645,0.012261449407859512,0.017719996481918226,0.018654994325015186,0.014967150742323644,0.011812969328328995,0.013541401129865285,0.010596059477772314,0.009379126607672069
93,0.0433161,0.050268967,0.07898883,0.08791398,0.023529349,0.03763967,0.04927668,0.046233784,0.656595,0.6163877,0.024968943,0.04699273,0.12332505,0.11456317,0.04359145,0.05026795,0.07958462,0.08791766,0.023758255,0.03765661,0.051012702,0.046232883,0.6523793,0.6163968,0.025345314,0.04692782,0.1243284,0.1146003,0.09269441,0.088056825,0.0033205596,0.0036284623,0.002640842,0.004411283,0.2236802,0.2134089,0.46688166,0.47878942,0.030546224,0.042009745,0.17128678,0.15706903,0.007685034893807171,0.011294887246898708,0.005644329346317095,0.006613752436206456,0.010467485265957335,0.015156233330944359,0.016108863167115812,0.013848228037021751,0.009980331917836425,0.01241802953946011,0.00880955476895687,0.007876577691836355
94,0.050223302,0.062415402,0.078297436,0.08769999,0.03359983,0.02880867,0.055733353,0.06438444,0.61731356,0.60476094,0.033856533,0.03908959,0.13097596,0.11284098,0.050837025,0.062415667,0.07767944,0.08769999,0.033822346,0.028808525,0.05645545,0.06443699,0.6155908,0.6047135,0.034133844,0.039089207,0.13148107,0.112836085,0.0731987,0.08640663,0.0035196883,0.0049677948,0.0050437883,0.0038012587,0.23857704,0.24268219,0.45983058,0.45002642,0.032451402,0.03296466,0.1730229,0.17286547,0.009304325875246107,0.01044145073215777,0.006380275689907178,0.006806492253168968,0.013150836390718663,0.014976143539200345,0.014589980182132893,0.014697869771516893,0.011072572811547575,0.010995599580080421,0.008299186500340151,0.008444469674580419
95,0.06378513,0.0522539,0.08859918,0.09634459,0.040041544,0.03605349,0.03994352,0.04786832,0.61426455,0.6214963,0.03018876,0.033188127,0.123177305,0.11279522,0.06527208,0.05224618,0.090256296,0.09622945,0.040459577,0.03607128,0.04100463,0.04805704,0.6092163,0.62056464,0.030463183,0.033671357,0.123327956,0.11316007,0.087680586,0.08999776,0.0052327816,0.005275094,0.008070373,0.00900134,0.2310159,0.20434457,0.45351464,0.49737093,0.032449994,0.03471073,0.16918719,0.14278722,0.009891996142834415,0.01041553700337461,0.00665090461287352,0.006207489952147596,0.012790773524889899,0.013397770678642272,0.016265620628609766,0.015509826935346305,0.011513361432299725,0.010228406675599279,0.008791222826292636,0.0077941616544300206
96,0.045234177,0.07140315,0.08166168,0.099671155,0.041224692,0.035323948,0.044739332,0.04373409,0.63523024,0.5978829,0.024292704,0.038338654,0.12761718,0.11364605,0.045848187,0.071437694,0.08162437,0.09967964,0.04211143,0.03532517,0.044344302,0.043709997,0.6322415,0.5978201,0.024281599,0.03834044,0.12954861,0.11368698,0.091092885,0.091101006,0.00414343,0.004215085,0.007717334,0.004257739,0.20268048,0.20635934,0.48547098,0.47264817,0.03289795,0.035644367,0.1608838,0.17157567,0.008726549538943671,0.01376131952370725,0.005286943434741134,0.008531203552469065,0.010666013846399827,0.015541015333865009,0.011813479035979086,0.01785497906874864,0.008524734461690348,0.013261529334553677,0.00687136998182454,0.009757386111949895
97,0.05380042,0.06874348,0.08226061,0.113673694,0.033956982,0.03778685,0.058783006,0.043691088,0.6173489,0.59629107,0.031197565,0.040406004,0.122652546,0.099407814,0.054737035,0.06874392,0.08242917,0.113682106,0.034037836,0.037787188,0.060057126,0.043641828,0.6139324,0.5958897,0.03169743,0.04040574,0.12310903,0.09984952,0.07389161,0.10290869,0.005210682,0.0062029483,0.005597084,0.008590127,0.22949852,0.20217612,0.4596039,0.47935084,0.033942223,0.04068783,0.17308673,0.1508582,0.009546567902044625,0.012430129264495703,0.006563379837234572,0.008289242308148254,0.013745855580698296,0.01701253456579165,0.016056569912898316,0.01633420109320782,0.010899825387280829,0.014814597786364772,0.009476279371765291,0.009247391842037041
98,0.04533507,0.063234136,0.0753849,0.11604573,0.03674462,0.042621482,0.04454308,0.04352052,0.63549507,0.5975779,0.030114504,0.041576702,0.13238277,0.09542353,0.046426453,0.06323625,0.076793216,0.11609043,0.03721641,0.042620786,0.044629816,0.04350146,0.6307705,0.59758663,0.0293461,0.04155115,0.13481747,0.09541331,0.073706746,0.09834224,0.0028743623,0.004507983,0.008418579,0.005836275,0.22577365,0.199357,0.47758475,0.49433678,0.029743351,0.03892096,0.16389188,0.14695445,0.008862674397004998,0.013695676503104241,0.0064731427596417855,0.009165040484285139,0.012625627812091289,0.019737133543876028,0.01392006013236793,0.015013721603126853,0.01090436824066143,0.014572958974001906,0.00846936888281654,0.009700642925511455
99,0.059144143,0.048580762,0.08860095,0.08040818,0.036396705,0.025317336,0.036302555,0.074275136,0.63311476,0.6131713,0.029349938,0.033846863,0.11709096,0.124400444,0.06150569,0.048653252,0.08979623,0.080493964,0.036618277,0.0254032,0.03662258,0.074229054,0.6270388,0.6128399,0.029466148,0.033897012,0.11895228,0.12448365,0.09575982,0.089702554,0.005086468,0.0041754567,0.0054359706,0.0035902758,0.1975284,0.22503178,0.48377663,0.47553232,0.03380199,0.035798702,0.16595301,0.1514029,0.010377600342748258,0.008715339498744056,0.007479644775625842,0.005661643980519953,0.01336737029525095,0.013367493541224641,0.014337461645852707,0.014546647195280085,0.010762784674895097,0.010972207387846081,0.007579235759607541,0.008581232060935664
100,0.059538804,0.06277218,0.09578769,0.10689148,0.03583904,0.035391334,0.04851861,0.054254226,0.618752,0.5847852,0.03768177,0.03484493,0.10388211,0.12106063,0.06105817,0.06306255,0.09617911,0.10686418,0.036489625,0.035690315,0.04920402,0.054197438,0.6140835,0.5843636,0.03909467,0.03489315,0.10389092,0.12092878,0.08549098,0.084970064,0.004084801,0.0051405597,0.0069975876,0.0045582796,0.20761615,0.2125967,0.50180674,0.4802139,0.034280103,0.030471142,0.15088001,0.172215,0.011445171156916956,0.009736930987590717,0.007481881450764092,0.007041894843814076,0.015136133746522512,0.013513205075344023,0.014890345751982436,0.015096874777625214,0.011634195290433321,0.011186558215493768,0.008109377080851037,0.008251722436872092
101,0.0610752,0.054845832,0.09701852,0.09206411,0.031722575,0.028293617,0.03408089,0.04732645,0.6164745,0.6351653,0.035979956,0.03536903,0.1236484,0.10693568,0.062901035,0.054863345,0.097165525,0.09206987,0.03231912,0.02828714,0.03532527,0.047330037,0.60865015,0.6351552,0.03804321,0.035358034,0.12559573,0.106936395,0.098355874,0.08532323,0.005180895,0.0037765922,0.0055723623,0.00495298,0.1900155,0.20758578,0.49531382,0.49056798,0.035285227,0.036063205,0.16487132,0.15138587,0.010152321318641352,0.010317455899267126,0.007129763370788812,0.0071108992300388234,0.014273486000381563,0.014361059864666096,0.013529036138993812,0.016107582105569253,0.011502691974459429,0.010938309665417683,0.007830694596938942,0.00912102784755428
102,0.05883445,0.053650234,0.080193706,0.09786137,0.025287561,0.032597736,0.049718298,0.059043296,0.6395364,0.6103984,0.029142885,0.039512396,0.117286764,0.10693658,0.06033695,0.053655174,0.081257425,0.097913094,0.025644885,0.03261322,0.05059455,0.05904172,0.6337131,0.61036944,0.029729424,0.03951564,0.1187236,0.1068917,0.09330518,0.088901974,0.0034757478,0.0052935574,0.005216105,0.0041921847,0.22226933,0.2191698,0.46088353,0.48627004,0.03489226,0.03423441,0.16926308,0.1456645,0.008693945914174927,0.011737020531558189,0.006476563609263371,0.007520249167941484,0.010993787636037405,0.016321039393235696,0.015611421667139865,0.015083554726516622,0.011009730716881905,0.013241053186381134,0.00956543496520263,0.009521566274422712
103,0.059784666,0.06428308,0.098740436,0.11168518,0.028400563,0.036219962,0.034296837,0.04328895,0.62547255,0.58285356,0.03426772,0.045794018,0.1190372,0.115875244,0.06120517,0.064532176,0.099942915,0.11173028,0.028471654,0.036215268,0.03456398,0.04331993,0.6217926,0.5824628,0.03470325,0.045795027,0.11932036,0.11594456,0.092244856,0.09934928,0.005852356,0.0053524086,0.0043899035,0.0071146917,0.18763345,0.20032516,0.48842645,0.46158,0.035959773,0.045044407,0.17342539,0.16966404,0.00927414296586179,0.012276641223153854,0.007536976060384901,0.007157531863504446,0.013195289601553114,0.015899323779913717,0.014090853327505337,0.013381824231956252,0.011289025373036063,0.013686447970992973,0.007859926886855747,0.008319545664747173
104,0.05294714,0.072410345,0.085610695,0.11380435,0.026628496,0.029242849,0.041379757,0.039977975,0.6411522,0.60110486,0.029826248,0.036960088,0.122455455,0.10649955,0.05460574,0.07244872,0.085577846,0.11385828,0.027060892,0.02926096,0.042198233,0.03998888,0.6374421,0.6010888,0.030320384,0.036967218,0.122794755,0.106387146,0.08885862,0.10532602,0.0034204493,0.0056659565,0.002989447,0.002943918,0.20274556,0.19700989,0.4814498,0.48317918,0.033233933,0.03617231,0.17902093,0.15815659,0.008978715660539576,0.011488145594389047,0.005875887071091659,0.007603468438801835,0.012659857861407713,0.014956909012896156,0.014132291596313616,0.013532241907141746,0.010831702504414368,0.012827821170257233,0.007620627751910325,0.007934712067359746
105,0.055205848,0.05206694,0.098597184,0.09135548,0.024300916,0.024923816,0.0418185,0.07076406,0.6050968,0.59917635,0.03594883,0.04099094,0.13903195,0.1207224,0.05655293,0.05209742,0.09935942,0.09138545,0.024762271,0.024932638,0.042510193,0.07090732,0.6007437,0.59871876,0.035870653,0.041019946,0.14020084,0.120938435,0.09340332,0.08724746,0.0042753667,0.00517553,0.003847844,0.0054310905,0.19583482,0.2271743,0.46743792,0.4663829,0.04309552,0.040266965,0.17521775,0.15367474,0.010927014882198303,0.01019017856164168,0.007875233966032218,0.008774114706353751,0.013902986077168203,0.014800522555284672,0.012840662032060399,0.016554025489898445,0.01242956879697622,0.012896415796362764,0.007756509053475912,0.008154463361620505
106,0.055223078,0.06158804,0.0783949,0.08555673,0.035960637,0.03207762,0.041570917,0.0416739,0.63815075,0.61557883,0.032054182,0.03803313,0.11864554,0.12549177,0.0558218,0.061595544,0.08002403,0.08553177,0.03602602,0.032128945,0.042361856,0.0418027,0.6348601,0.6148979,0.032841172,0.038102657,0.11806499,0.1259405,0.0844758,0.083847344,0.0029481216,0.005069994,0.005557917,0.0037154246,0.20857148,0.19133422,0.47557348,0.5054734,0.031706017,0.03390608,0.18074088,0.16805705,0.0109216248055979,0.011645038053111444,0.006425349179306627,0.0066106052935841495,0.016605801963837114,0.01480081205696677,0.014339643246269653,0.013914569941309043,0.012156259899445491,0.01099867315334401,0.008856724995153765,0.008904553097221437
107,0.06985459,0.053482804,0.09859704,0.11366194,0.032767944,0.031985007,0.031979226,0.030374432,0.6379635,0.62890065,0.023157943,0.037924796,0.10567979,0.103670366,0.07140967,0.053658444,0.09901712,0.113784716,0.033051655,0.032006785,0.03239778,0.030306287,0.63373166,0.62825185,0.024456302,0.03807855,0.1059358,0.10391336,0.094046995,0.090920515,0.004677053,0.0064232578,0.004922782,0.004467054,0.18479207,0.18158068,0.48528114,0.51928,0.023853105,0.042168103,0.19317366,0.14520392,0.009520690349792044,0.008980312463760864,0.005695768882431298,0.007439465331562207,0.012600037138956435,0.01424133260703135,0.01310444774112915,0.013264205597731733,0.010469635449919242,0.012180851167360583,0.008420408898542633,0.00687574542854498
108,0.07256329,0.058638155,0.1305389,0.08526636,0.032734934,0.034142822,0.03390231,0.056731395,0.59053844,0.5951596,0.030274907,0.04642104,0.109447196,0.12364059,0.074568845,0.058699317,0.13236158,0.08526037,0.03308067,0.034122255,0.034262322,0.05667429,0.58519554,0.59510016,0.030619629,0.046458352,0.109911405,0.12368526,0.10923091,0.08782487,0.004901542,0.0040716925,0.004812156,0.006571811,0.19673201,0.22663736,0.4812331,0.46106768,0.030475957,0.040959485,0.16531435,0.15435743,0.011737642739899521,0.010035121999157029,0.00817077388158363,0.005900643984777044,0.01420491052016833,0.014203785345117941,0.015255748632699762,0.01746584036935744,0.011489965447945644,0.011549102889498997,0.008499352870933332,0.009544324849115944
109,0.059704866,0.06378722,0.09633184,0.09720551,0.02594284,0.026012754,0.036786906,0.044070445,0.64485717,0.6313512,0.02630609,0.03352212,0.1100703,0.10405078,0.06056866,0.063999735,0.09734565,0.09747665,0.026508367,0.026207922,0.037282985,0.044130832,0.6412836,0.6303717,0.02657979,0.03364271,0.11043097,0.10417047,0.09225754,0.09720915,0.004805501,0.0050955415,0.0033724692,0.0033432986,0.20034826,0.20634255,0.49095547,0.5006754,0.03328999,0.033243824,0.1650861,0.14961879,0.011761290768430605,0.010120660932142972,0.007239332845499261,0.006304787805319169,0.013191084831055314,0.0143560752394817,0.016269543322038917,0.013098517988114223,0.012476318886151395,0.011219320931402287,0.009053869273133706,0.008250245617475982
110,0.057173513,0.06574899,0.100421615,0.10321251,0.029889947,0.023038382,0.0467928,0.051572192,0.6177668,0.61101025,0.02902376,0.037972953,0.11893156,0.1074447,0.058703076,0.06575377,0.099892884,0.10321547,0.030132014,0.023038309,0.046960417,0.05157417,0.61428005,0.6110768,0.029858893,0.037972417,0.12017269,0.107369035,0.09566312,0.10749534,0.005642233,0.0051607443,0.0048363935,0.0022213128,0.21384938,0.19542119,0.46860757,0.47506338,0.035533067,0.041122533,0.16533655,0.16103533,0.01024870757145574,0.01081744103570824,0.006947603052567985,0.0078658776486526,0.014441522126396381,0.01529165518611272,0.01335305019283894,0.013237840921766891,0.010844303383997366,0.01352045470134833,0.007229579345528923,0.008229340386142193
111,0.05366674,0.048858795,0.092517026,0.07614711,0.029957462,0.027015857,0.041793406,0.067418225,0.63330233,0.62634224,0.028006213,0.034215264,0.120756775,0.1200025,0.054706864,0.0489126,0.09307484,0.07623715,0.030384941,0.026824415,0.042122807,0.067439094,0.6289602,0.6262415,0.029623415,0.034129538,0.12112691,0.12021573,0.09357044,0.07820781,0.004086461,0.00493284,0.003815269,0.0041910987,0.19503707,0.2204944,0.48751956,0.49133426,0.026396058,0.028556798,0.17614722,0.16148007,0.008827354821119713,0.01018043049882089,0.005737009327283979,0.00817939031808007,0.011867838324551367,0.013428806342665859,0.013091773558139348,0.01323959305683496,0.00996110285220572,0.012480346619499172,0.00766139923074394,0.008820169370285224
112,0.076302804,0.059003286,0.09486346,0.10439677,0.042306475,0.043183077,0.054431908,0.04199319,0.5929417,0.6009716,0.03216811,0.03552793,0.106985524,0.114924155,0.07835167,0.058908693,0.09543097,0.10434014,0.04276396,0.0431647,0.05567691,0.0420177,0.5855703,0.60095614,0.032990385,0.03553441,0.109215826,0.1150782,0.09938362,0.09006908,0.005332197,0.0046762666,0.0063481373,0.00865349,0.20368597,0.19536027,0.47490418,0.5021385,0.039524525,0.034462936,0.15692236,0.14542866,0.0112499935959706,0.013144612488218296,0.0073449832649970445,0.008104849182035263,0.01624741924524051,0.01700535381966565,0.014667166646085406,0.012952991711172349,0.012191096588001491,0.013496213932311483,0.008538538393542995,0.008800171583255603
113,0.063521124,0.05853897,0.0989658,0.09562062,0.032404173,0.023876876,0.045693908,0.05229201,0.6188168,0.6118623,0.025298825,0.031376336,0.115299426,0.12643285,0.06536238,0.058611143,0.099493705,0.095569916,0.03340046,0.02385371,0.046777118,0.052242476,0.6131303,0.6117669,0.025613423,0.03135761,0.116222665,0.12659821,0.105155215,0.08827867,0.00635582,0.004087997,0.0053651487,0.0020682346,0.19509876,0.18652529,0.48077863,0.5045437,0.03031635,0.029584378,0.16507739,0.17078249,0.008945863581532567,0.010146378054656914,0.006709732356206577,0.00697479129792641,0.01187719193546183,0.0155665531651789,0.012799637833592154,0.0121683379257019,0.010669483251102077,0.011081207548549929,0.006721415347218301,0.007647430717626222
114,0.05857362,0.047548294,0.09166264,0.083019376,0.037328854,0.029227758,0.029397313,0.05163428,0.64871436,0.6524746,0.030933063,0.041406944,0.10339009,0.094688766,0.060174182,0.047617745,0.09194411,0.08334811,0.037446044,0.029210705,0.030722884,0.051803768,0.6445564,0.6518334,0.031755388,0.041454535,0.10340102,0.09473173,0.10371979,0.08526296,0.0035811698,0.0038878152,0.0073339613,0.00548566,0.17675233,0.21896246,0.51340264,0.48704752,0.035181418,0.035055958,0.15847218,0.14563291,0.00994825119650179,0.00957871070596668,0.007103570776886377,0.0065343965666446405,0.013385756872901297,0.013723750310944366,0.012596543435702788,0.01315223598173145,0.011826005166348113,0.011487581416236637,0.007082566167283862,0.007081803618005365
115,0.06043626,0.0690768,0.101360425,0.09588932,0.030823788,0.04001896,0.036568243,0.059263587,0.6344246,0.5841394,0.025247207,0.036576346,0.111139424,0.1150356,0.061809983,0.06907675,0.10258231,0.09555851,0.031039288,0.040047362,0.03667724,0.059303317,0.63082033,0.5840402,0.02555256,0.036630616,0.11151828,0.11534318,0.10012266,0.10340378,0.0057116244,0.0056204274,0.0035076323,0.005167217,0.18938766,0.19072881,0.50399566,0.48941308,0.030885745,0.037683576,0.16881855,0.15796863,0.010018482082028124,0.012356047480594386,0.006997047061290183,0.008075391747088734,0.013849001263991417,0.016674344385650734,0.012768792043796244,0.014213999439549886,0.011073179222269457,0.011756632584183387,0.00761858621186468,0.008896541673500055
116,0.06558787,0.0618413,0.09264709,0.08629596,0.028533312,0.026644034,0.052803207,0.0597747,0.6236825,0.6178338,0.027754039,0.040320493,0.10899202,0.10728972,0.06772013,0.061852098,0.09358156,0.08620482,0.029419988,0.026535703,0.05448863,0.059768006,0.6170475,0.6178056,0.02808213,0.04036504,0.109660044,0.10746869,0.09049532,0.082394645,0.004149431,0.004931864,0.0043889484,0.0032974444,0.2087974,0.21119979,0.4853627,0.47928685,0.0341684,0.037990686,0.16031931,0.16911781,0.008717376577719736,0.011455854978674239,0.006135507141144228,0.00797117825698258,0.011902292192878477,0.015604119851334466,0.015077705007693017,0.01497648717251421,0.009848717685046476,0.014333044638853206,0.00799029741350467,0.00838137673328529
117,0.062278472,0.055369396,0.10636298,0.08236038,0.027281012,0.023844078,0.048218768,0.058870196,0.6129026,0.63380283,0.028576221,0.037007555,0.11437996,0.1087456,0.06354542,0.05543952,0.10702955,0.082362846,0.027125772,0.023888279,0.049738344,0.05924539,0.60767746,0.63330966,0.029178424,0.037128914,0.11570499,0.108625405,0.098619826,0.07125723,0.0068895407,0.0034089163,0.003737747,0.0040805438,0.2106652,0.21072131,0.48412094,0.5091958,0.030557305,0.030578425,0.15466474,0.15690106,0.011422774757700047,0.010411031703848541,0.008033762046023088,0.007258890501356332,0.01342864928857068,0.01498312348769288,0.01551817767769703,0.014030130606412243,0.01243250583561656,0.010970934271336002,0.00900068207771598,0.009823589137076351
118,0.05926288,0.04583385,0.099769086,0.08508547,0.028443346,0.03013398,0.036591377,0.053093236,0.6315953,0.63095367,0.03040589,0.034198478,0.1139321,0.12070133,0.06015462,0.04594436,0.09971658,0.085196435,0.028683431,0.030259877,0.037637252,0.053037472,0.6284737,0.63066334,0.031091595,0.03422438,0.11424281,0.12067418,0.09670404,0.07812781,0.0062251817,0.0044235424,0.004669728,0.002826212,0.20251009,0.21648929,0.48364338,0.49356788,0.03398665,0.035195597,0.16218224,0.16230156,0.009351551924017683,0.009421900588869127,0.006813748990629972,0.006553116280448332,0.01216785588558673,0.014417419246118418,0.012615580004369813,0.012969820938351745,0.010727808059724708,0.011122626928513804,0.007234751657913004,0.008921058484007338
119,0.05361011,0.05096689,0.09248474,0.10076139,0.025045073,0.026561514,0.059153665,0.046528846,0.62626594,0.6253506,0.029506506,0.038190544,0.113933995,0.111640215,0.054072503,0.051028572,0.09351747,0.10087035,0.0251803,0.026558578,0.060079377,0.046910387,0.6217151,0.62470675,0.030108845,0.03824479,0.115326345,0.11168058,0.09050972,0.09693558,0.0058343965,0.006382453,0.003426907,0.004112617,0.21418162,0.20486881,0.4767654,0.47424036,0.02923449,0.038103968,0.1666038,0.17290412,0.009438405896309133,0.012051751920428956,0.007011879940712136,0.007846976301147215,0.01252766385173707,0.015497090566255802,0.015593133019009596,0.01540057594012359,0.01170316225389181,0.013264454810258291,0.00875226446329499,0.00880616123721136
120,0.057256997,0.06754209,0.10028083,0.099119574,0.026865354,0.03618031,0.038628954,0.048489805,0.62627155,0.6002941,0.03347658,0.039774425,0.117219776,0.1085997,0.058980215,0.06761028,0.10066175,0.098988235,0.026736967,0.036277182,0.039504744,0.0484903,0.6221376,0.6000246,0.033797204,0.039950997,0.11818152,0.10865845,0.10110329,0.098733604,0.0036191598,0.0057657417,0.0035294935,0.00737503,0.1910975,0.1884598,0.48400488,0.5016886,0.034642138,0.038569458,0.16640536,0.15088373,0.009499227989554576,0.013436013368719704,0.006593797903725582,0.008613742441369688,0.012217385761605271,0.017266616387595825,0.013706839811372738,0.014122058322589795,0.00990221852826453,0.012993653424487273,0.0072834051295913495,0.009084588586857746
121,0.064167276,0.06402063,0.10908147,0.09688124,0.026385944,0.035366245,0.03578834,0.05080692,0.6163038,0.61102575,0.03608575,0.04363525,0.11218743,0.098263934,0.06629017,0.06398862,0.10879188,0.09702342,0.026806807,0.035612218,0.036688294,0.050742786,0.6111103,0.6107823,0.036637913,0.043687083,0.1136746,0.098163545,0.098462254,0.0902738,0.0039411895,0.0044988333,0.0055149132,0.0059333127,0.2106744,0.21084978,0.4746516,0.4709349,0.04079001,0.038557023,0.15696217,0.1637262,0.011210108823320622,0.011717302276289436,0.006803733586826009,0.008447000705888497,0.01348994284930006,0.01724750373669895,0.015916013384587348,0.014056947680808195,0.011491725583171904,0.013337242618400755,0.00885551667398921,0.008606680745029708
122,0.06611385,0.05169143,0.09563271,0.08745138,0.03351778,0.028986871,0.043585908,0.056023937,0.61871594,0.60674626,0.03027729,0.038214628,0.11215651,0.1308855,0.06767516,0.052486856,0.09625639,0.08674563,0.034740776,0.028913727,0.04360861,0.056108467,0.6149462,0.6057536,0.030133009,0.038266927,0.11263989,0.13172479,0.1033372,0.07845675,0.0039875526,0.004202842,0.0059833196,0.0042857635,0.20279945,0.22924496,0.4888634,0.4889547,0.03147064,0.035459258,0.15412726,0.1481675,0.010343876715296749,0.011615853603243565,0.006881779236029793,0.007793180309586403,0.01370600165493164,0.014566321119899143,0.012535964411734211,0.012539029718902295,0.01127317262664243,0.013077082524152104,0.008129883348055748,0.00939197749691851
123,0.059430808,0.06083773,0.085707,0.09028393,0.020531332,0.03422687,0.040935848,0.055988397,0.6356195,0.6155162,0.037432615,0.032713123,0.120342866,0.11043379,0.060565658,0.061017103,0.08639781,0.09042208,0.020574909,0.034258727,0.041260425,0.056310568,0.63172877,0.61496115,0.038036846,0.03269432,0.121435575,0.11033603,0.09759745,0.091164865,0.006222604,0.0056374758,0.0024837225,0.0034223045,0.20836999,0.24166223,0.47098443,0.4533311,0.035842728,0.0373278,0.17133906,0.15587534,0.010159281164065358,0.011100141740935566,0.0076189255890145,0.007053111462952487,0.013168746344088671,0.013869524249544223,0.014350833189204314,0.013030493382533887,0.011957498836988236,0.011419444519607807,0.008501403378451488,0.00846427770992756
124,0.05592538,0.055373035,0.094494276,0.09452789,0.03002798,0.022176817,0.052419502,0.05158731,0.6241212,0.6154603,0.025770448,0.040938903,0.11724118,0.11993573,0.05699181,0.05576928,0.09385442,0.094695926,0.029992335,0.022202853,0.052954394,0.05151794,0.6216057,0.6150496,0.026253311,0.041028596,0.118348,0.1197358,0.0942328,0.09448582,0.0045464574,0.003710189,0.0058577303,0.0040808795,0.22133088,0.19626173,0.47668785,0.49032578,0.026377507,0.03769954,0.15837927,0.15985057,0.009944342736128056,0.00970212761201906,0.007392500170829979,0.006019121995544124,0.013016890092849606,0.011846180722490881,0.013261035530767726,0.014163802545725482,0.009859317361338667,0.010380411068469009,0.007747750790495354,0.007317026455480921
125,0.057934027,0.0642394,0.10528814,0.10718835,0.029862855,0.03245151,0.03346571,0.03493122,0.6371946,0.6245002,0.025963755,0.038718846,0.11029095,0.09797048,0.06061614,0.064338975,0.10600006,0.107243896,0.030427396,0.032313842,0.03451937,0.035349175,0.63103694,0.6240974,0.026550699,0.038481914,0.11084937,0.09817481,0.10614261,0.10335918,0.0040601953,0.0052951723,0.005492441,0.0028524962,0.20317186,0.18291682,0.48093024,0.51925504,0.034865826,0.037274472,0.15472913,0.14041598,0.011067176440484324,0.011190100293686783,0.006652781069664497,0.008103640360385252,0.014028514150470578,0.016230939376559197,0.01332995228164636,0.012523812805041914,0.0130023270710521,0.01361681851443356,0.008117965373619968,0.00930737284095593
126,0.06642419,0.05856358,0.1032056,0.10336226,0.026336053,0.033485614,0.04784195,0.056469213,0.5943499,0.6032127,0.036988027,0.040774792,0.12485425,0.104131825,0.06854718,0.058613542,0.103524104,0.10370685,0.02625183,0.033466592,0.048453066,0.0567035,0.58976,0.6020207,0.037715763,0.041067705,0.12574802,0.104421124,0.090876065,0.08230007,0.0048248474,0.004241103,0.0037137282,0.0050644786,0.22858837,0.22058469,0.44924897,0.47464788,0.03722711,0.03608884,0.17208697,0.16543739,0.009884367083377118,0.011079216010137196,0.007538929728353555,0.007160400438608101,0.013893278561561377,0.014928204031212214,0.01502663227630165,0.015148286600781906,0.01159982112588627,0.012620541615225765,0.00946457582421745,0.009154090824770048
127,0.057838168,0.06091586,0.10146268,0.092144005,0.027083946,0.026103474,0.047469668,0.055772807,0.6169821,0.6286535,0.034462493,0.032875754,0.114700936,0.103534564,0.059328444,0.06094585,0.10238056,0.092030786,0.027226074,0.026280101,0.048727702,0.055773087,0.6115323,0.62811536,0.034405306,0.033108026,0.11639968,0.10374677,0.104973994,0.08852512,0.004524281,0.0033284721,0.0055666114,0.004166069,0.22030601,0.22131777,0.44831485,0.49100906,0.039862044,0.034680977,0.16515484,0.14664768,0.011541010129045372,0.010253445216159444,0.007684549191595052,0.007637608439426167,0.014878118357280134,0.014034496243911133,0.014753437494302373,0.014511252445106811,0.011449741457257587,0.011524804609521301,0.009424283868339822,0.008487410193529105
128,0.06367748,0.048685394,0.095615804,0.08716457,0.0279805,0.022549216,0.03381983,0.051815644,0.6311292,0.6298117,0.03351773,0.040138327,0.114259444,0.1198352,0.06515111,0.048770852,0.09643231,0.08718274,0.028355097,0.022562757,0.034783777,0.051884733,0.6256772,0.6293135,0.034374285,0.040331017,0.115226194,0.119954385,0.1080759,0.08800691,0.0042207246,0.0052438704,0.006680862,0.0026591641,0.18186945,0.20436098,0.4995143,0.48566625,0.03275211,0.039190724,0.16299574,0.16357082,0.012082687702223677,0.009870049377423981,0.008382519298591802,0.007011130293249135,0.015680361170146526,0.014123663466799908,0.016014245370570838,0.012198615374856007,0.012075647188740615,0.011570582183250955,0.009985818552225375,0.007495541501560492
129,0.06160128,0.056861397,0.101526976,0.097519726,0.025478154,0.027838802,0.046276223,0.0641513,0.6265602,0.60619503,0.02767529,0.03552832,0.11088187,0.11190541,0.062941395,0.05710378,0.10259136,0.09794869,0.025895756,0.027824273,0.046915427,0.06416342,0.62137115,0.6057287,0.02848508,0.03555518,0.11179984,0.11167599,0.10322902,0.074170105,0.0058948766,0.0044393055,0.004313957,0.0032588546,0.1974002,0.22109771,0.49161905,0.48074457,0.030206678,0.034356806,0.15623297,0.16470304,0.010554080470353671,0.008895898809625366,0.006470626642763586,0.006977397857666677,0.011999084607080806,0.013729746920727813,0.01430358438448593,0.014132423210004276,0.011216116048411596,0.011169464098830727,0.007950299170873839,0.007933521401044634
130,0.07451547,0.0704252,0.1120899,0.11244396,0.026902445,0.026900226,0.035327382,0.048355196,0.6080177,0.5991245,0.031865872,0.039515883,0.11128125,0.10323504,0.07526765,0.07046621,0.1124032,0.11236766,0.02727331,0.026923655,0.036500238,0.048584618,0.6037207,0.5989113,0.032290366,0.03955911,0.1125445,0.103187494,0.105098575,0.09128237,0.0057320064,0.0040732548,0.0038688418,0.0037756527,0.19481702,0.21195911,0.48107523,0.48369092,0.035136364,0.039078858,0.1649684,0.16081691,0.01096450677889024,0.012133297111122016,0.007759964637782856,0.008380461076792124,0.013639786257145316,0.01651335916094753,0.013719056875072307,0.011990575397540146,0.011972931723301907,0.013086585840793988,0.008136180020330444,0.008178607542892609
131,0.062454432,0.055910468,0.09790212,0.09606118,0.030757168,0.020720705,0.04578828,0.05245,0.6142715,0.60136265,0.034055866,0.041610923,0.11477061,0.13188405,0.063824326,0.05604147,0.098611094,0.09615229,0.030955374,0.020710962,0.045821127,0.052192338,0.6106022,0.6014166,0.034203622,0.041730247,0.11598225,0.1317561,0.09710254,0.08891084,0.0035529213,0.0048034554,0.0060698576,0.003166026,0.20545276,0.19803235,0.47854716,0.48542514,0.034886394,0.034187153,0.16043268,0.16583455,0.010485249354006135,0.009702115656361279,0.007373122288602806,0.008314688454135861,0.013043119168558914,0.013998122195991164,0.013437919933880327,0.013714287035560874,0.01080453035445084,0.012683149572211968,0.008402063311602714,0.008310068496294594
132,0.063916,0.06524753,0.09621285,0.09551758,0.045179144,0.027938992,0.030147318,0.056795985,0.62196773,0.5887699,0.03796539,0.043463796,0.10461158,0.12226621,0.06569669,0.06532482,0.09674801,0.09512029,0.046253994,0.0277993,0.031535786,0.056894295,0.6168342,0.5882658,0.037558563,0.044177577,0.10537272,0.122417934,0.09817844,0.102048434,0.0046797893,0.004776937,0.006292136,0.005269869,0.18850724,0.20286535,0.48662537,0.47417432,0.039548963,0.04234955,0.16506332,0.14835899,0.012031591036717637,0.011965579784825106,0.007424805677095722,0.008112947186418626,0.015412677919403957,0.014323552298463212,0.013966900450925893,0.013537456213981532,0.012991892717552769,0.011108214341289594,0.00849208808964767,0.00949762847624431
133,0.06303603,0.06883839,0.09131491,0.111291625,0.03305048,0.044513293,0.048965357,0.060427383,0.59937745,0.5687453,0.041266475,0.03715673,0.12298932,0.10902731,0.06382895,0.06947604,0.09127093,0.11089779,0.033062235,0.045148842,0.050893128,0.061019205,0.5962231,0.5656583,0.04133278,0.03787972,0.12338885,0.109920114,0.09785835,0.09248845,0.0057483446,0.0066087227,0.0048636254,0.0068014823,0.19732408,0.2375396,0.47762924,0.44023088,0.03803733,0.037585054,0.16335474,0.16079944,0.012839335014308095,0.010802328623316761,0.00923540609878631,0.007276266114543117,0.015720282429972355,0.015072223335961577,0.013768743604201465,0.015926082002267743,0.012459723028833865,0.014227438146784744,0.008459981489792765,0.00841613320173261
134,0.05982456,0.060063332,0.08845312,0.09620875,0.030257989,0.025091603,0.030490026,0.051093455,0.640786,0.6265983,0.03693382,0.03258587,0.11325446,0.10835869,0.06054707,0.060575124,0.088427156,0.09629784,0.030637445,0.025143795,0.03165532,0.05130899,0.6381803,0.62541085,0.03667408,0.03271183,0.11387864,0.108551614,0.08784377,0.095250465,0.0045246,0.0051877503,0.0062623583,0.0037651656,0.17900056,0.21128862,0.517681,0.4849927,0.035888735,0.03212731,0.16688019,0.15936099,0.010889015354681217,0.010285601085731497,0.00697052336196129,0.007247970629183076,0.013235638101362806,0.015145723577799098,0.012275487558508432,0.013695161908001645,0.01146119565723352,0.011560873852199843,0.0081357521929452,0.010039185193525658
135,0.06775299,0.06066586,0.0996291,0.08479387,0.026016068,0.02888879,0.04105421,0.06538269,0.618946,0.6129784,0.032303266,0.031114388,0.114298336,0.11617599,0.069753334,0.060988735,0.10034557,0.08554105,0.026740087,0.028944274,0.04162059,0.065357186,0.61257285,0.61164,0.032724917,0.03117212,0.11624268,0.11635666,0.08937796,0.083795585,0.0052040704,0.004474388,0.0045099617,0.0037029162,0.19582847,0.23595317,0.5033131,0.47023797,0.03039667,0.03249854,0.15614596,0.15117942,0.011646283733921278,0.00955041579519729,0.006480928105162657,0.00758006568672482,0.014581045534553388,0.014544297537535429,0.014039601885056062,0.015243738149202152,0.011276647005383967,0.011336439091356962,0.007937671656822328,0.009683055842291469
136,0.07754263,0.08029275,0.11862314,0.10561421,0.030259093,0.03211089,0.041122194,0.035913967,0.5976733,0.60017604,0.034462325,0.038087025,0.10031736,0.10780512,0.07893785,0.0804001,0.11888649,0.10560374,0.030623838,0.03220222,0.04198062,0.0359621,0.5934488,0.5993287,0.035259515,0.038372748,0.10086287,0.10813038,0.10697479,0.11162285,0.0064035095,0.0061391774,0.0056077694,0.0054626837,0.19336723,0.18179631,0.4865332,0.4982612,0.038488273,0.03902582,0.14810859,0.15085873,0.011860132366396482,0.012983416583558047,0.008753170148765478,0.008146685991718854,0.015525572012429639,0.015069062486598379,0.014963813401392767,0.01304252255174095,0.01490310801910094,0.0134176227047311,0.008448757541724573,0.008497308142633067
137,0.07092438,0.07485967,0.0992373,0.10966328,0.031447295,0.030135939,0.050865833,0.04161326,0.5825891,0.5979544,0.04383032,0.03500441,0.12110578,0.11076909,0.07296101,0.07513388,0.10010645,0.10979381,0.03152738,0.030119535,0.050830297,0.04160325,0.5776256,0.59724087,0.044540763,0.035052676,0.12240857,0.11105601,0.10056638,0.09463192,0.005419463,0.006742682,0.007278495,0.003960806,0.20483206,0.19143301,0.4589856,0.4941165,0.04446128,0.03186656,0.16155927,0.16144872,0.011380393402150385,0.014646979869012016,0.007593043018308212,0.008326343409114092,0.014312433068307909,0.016116188630917436,0.016185185979278486,0.014906731418102712,0.010784316462280322,0.013027721470011298,0.010143025537787346,0.009428863317466831
